{"epoch": 0, "_timestamp": 1703505026.208944, "loss": 0.030919497832655907, "root_mean_squared_error": 0.17894922196865082, "mean_absolute_percentage_error": 47746.828125, "mean_absolute_error": 0.12489281594753265, "val_loss": 0.013528292998671532, "val_root_mean_squared_error": 0.11631119251251221, "val_mean_absolute_percentage_error": 215926.078125, "val_mean_absolute_error": 0.09848543256521225, "_runtime": 3.700010061264038, "_step": 1, "best_val_loss": 0.013528292998671532, "best_epoch": 0, "Final MSE": 0.040015093982219696, "Final RMSE": 0.20003771781921387, "Final MAPE": 293374.59375, "Final MAE": 0.1396251618862152, "Total Training Time": 1.569805383682251, "Average Time per Epoch": 1.470776081085205, "_wandb": {"runtime": 1}}