{"epoch": 0, "_timestamp": 1703812085.771866, "loss": 0.00455368822440505, "root_mean_squared_error": 0.07329916954040527, "mean_absolute_percentage_error": 32668.12890625, "mean_absolute_error": 0.04544972628355026, "val_loss": 0.00890488550066948, "val_root_mean_squared_error": 0.09436570107936859, "val_mean_absolute_percentage_error": 55334.875, "val_mean_absolute_error": 0.061470482498407364, "_runtime": 6.246774196624756, "_step": 1, "best_val_loss": 0.00890488550066948, "best_epoch": 0, "Final MSE": 0.011374657973647118, "Final RMSE": 0.10665204375982285, "Final MAPE": 141706.46875, "Final MAE": 0.07229193300008774, "Total Training Time": 4.581600666046143, "Average Time per Epoch": 4.370547533035278, "_wandb": {"runtime": 4}}