{"epoch": 31, "_timestamp": 1703905034.962841, "loss": 0.008881798945367336, "root_mean_squared_error": 0.09424329549074173, "mean_absolute_percentage_error": 34402.2109375, "mean_absolute_error": 0.06200144439935684, "val_loss": 0.014644242823123932, "val_root_mean_squared_error": 0.12101340293884277, "val_mean_absolute_percentage_error": 25276.615234375, "val_mean_absolute_error": 0.07606203109025955, "_runtime": 90.63011312484741, "_step": 32, "best_val_loss": 0.014534641057252884, "best_epoch": 21, "Final MSE": 0.02475517801940441, "Final RMSE": 0.15733778476715088, "Final MAPE": 38285.12109375, "Final MAE": 0.10811397433280945, "Total Training Time": 88.51994848251343, "Average Time per Epoch": 2.7592814788222313, "_wandb": {"runtime": 89}}