{"epoch": 10, "_timestamp": 1703547720.3920846, "loss": 0.003946245647966862, "root_mean_squared_error": 0.06281915307044983, "mean_absolute_percentage_error": 59835.38671875, "mean_absolute_error": 0.03333139419555664, "val_loss": 0.011996384710073471, "val_root_mean_squared_error": 0.10952800512313843, "val_mean_absolute_percentage_error": 13696.537109375, "val_mean_absolute_error": 0.06970736384391785, "_runtime": 25.481738567352295, "_step": 11, "best_val_loss": 0.011143462732434273, "best_epoch": 0, "Final MSE": 0.015090030618011951, "Final RMSE": 0.1228414848446846, "Final MAPE": 1312.55029296875, "Final MAE": 0.08473584055900574, "Total Training Time": 23.431329250335693, "Average Time per Epoch": 2.114653847434304, "_wandb": {"runtime": 24}}