{"epoch": 18, "_timestamp": 1703302625.9275732, "loss": 0.006028422620147467, "root_mean_squared_error": 0.07764291763305664, "mean_absolute_percentage_error": 19746.98046875, "mean_absolute_error": 0.05432592332363129, "val_loss": 0.0063756490126252174, "val_root_mean_squared_error": 0.07984766364097595, "val_mean_absolute_percentage_error": 75766.0546875, "val_mean_absolute_error": 0.06366507709026337, "_runtime": 61.16794419288635, "_step": 19, "best_val_loss": 0.005247052758932114, "best_epoch": 8, "Final MSE": 0.019457466900348663, "Final RMSE": 0.1394900232553482, "Final MAPE": 292869.96875, "Final MAE": 0.11470665782690048, "Total Training Time": 58.713273763656616, "Average Time per Epoch": 3.077593201085141, "_wandb": {"runtime": 59}}