{"epoch": 33, "_timestamp": 1703330101.0186203, "loss": 0.007866482250392437, "root_mean_squared_error": 0.08869319409132004, "mean_absolute_percentage_error": 5185623.0, "mean_absolute_error": 0.04982132837176323, "val_loss": 0.008577008731663227, "val_root_mean_squared_error": 0.0926121398806572, "val_mean_absolute_percentage_error": 7652214.0, "val_mean_absolute_error": 0.052550673484802246, "_runtime": 81.25565934181213, "_step": 34, "best_val_loss": 0.007601114455610514, "best_epoch": 23, "Final MSE": 0.009378889575600624, "Final RMSE": 0.09684466570615768, "Final MAPE": 11039674.0, "Final MAE": 0.05673617869615555, "Total Training Time": 79.49366641044617, "Average Time per Epoch": 2.331842569743886, "_wandb": {"runtime": 80}}