{"epoch": 21, "_timestamp": 1702648288.7704792, "loss": 0.007969106547534466, "root_mean_squared_error": 0.08926985412836075, "mean_absolute_percentage_error": 69891.3828125, "mean_absolute_error": 0.06017012894153595, "val_loss": 0.011792967095971107, "val_root_mean_squared_error": 0.10859543085098267, "val_mean_absolute_percentage_error": 102043.171875, "val_mean_absolute_error": 0.08110437542200089, "_runtime": 123.47013425827026, "_step": 22, "best_val_loss": 0.0107923224568367, "best_epoch": 11, "Final MSE": 0.020988864824175835, "Final RMSE": 0.14487534761428833, "Final MAPE": 35622.2890625, "Final MAE": 0.10579369217157364, "Total Training Time": 121.76615381240845, "Average Time per Epoch": 5.518144683404402, "_wandb": {"runtime": 122}}