{"epoch": 13, "_timestamp": 1703802127.4445505, "loss": 0.02213989943265915, "root_mean_squared_error": 0.14879482984542847, "mean_absolute_percentage_error": 64994.421875, "mean_absolute_error": 0.10244092345237732, "val_loss": 0.027223384007811546, "val_root_mean_squared_error": 0.16499510407447815, "val_mean_absolute_percentage_error": 94293.5546875, "val_mean_absolute_error": 0.11115766316652298, "_runtime": 30.50857949256897, "_step": 14, "best_val_loss": 0.02720796689391136, "best_epoch": 3, "Final MSE": 0.03322210535407066, "Final RMSE": 0.18226931989192963, "Final MAPE": 233205.578125, "Final MAE": 0.12117663770914078, "Total Training Time": 28.070748567581177, "Average Time per Epoch": 1.991253341947283, "_wandb": {"runtime": 28}}