{"epoch": 0, "_timestamp": 1703549014.3480308, "loss": 0.007717661559581757, "root_mean_squared_error": 0.09746760129928589, "mean_absolute_percentage_error": 113500.1171875, "mean_absolute_error": 0.06368334591388702, "val_loss": 0.010110463947057724, "val_root_mean_squared_error": 0.10055080056190491, "val_mean_absolute_percentage_error": 31602.6640625, "val_mean_absolute_error": 0.06987658143043518, "_runtime": 11.363560914993286, "_step": 1, "best_val_loss": 0.010110463947057724, "best_epoch": 0, "Final MSE": 0.021759364753961563, "Final RMSE": 0.1475105583667755, "Final MAPE": 287010.15625, "Final MAE": 0.08848275989294052, "Total Training Time": 4.536560773849487, "Average Time per Epoch": 4.3872950077056885, "_wandb": {"runtime": 4}}