{"epoch": 12, "_timestamp": 1703671045.7681699, "loss": 0.0071320864371955395, "root_mean_squared_error": 0.08445168286561966, "mean_absolute_percentage_error": 4642456.5, "mean_absolute_error": 0.0460396446287632, "val_loss": 0.014131835661828518, "val_root_mean_squared_error": 0.11887739598751068, "val_mean_absolute_percentage_error": 6722663.0, "val_mean_absolute_error": 0.06705380231142044, "_runtime": 37.554640769958496, "_step": 13, "best_val_loss": 0.009954945184290409, "best_epoch": 2, "Final MSE": 0.013335703872144222, "Final RMSE": 0.11548031866550446, "Final MAPE": 7771869.5, "Final MAE": 0.060024503618478775, "Total Training Time": 32.218379974365234, "Average Time per Epoch": 2.4648411457355204, "_wandb": {"runtime": 32}}