{"epoch": 22, "_timestamp": 1703148437.0758524, "loss": 0.00413245614618063, "root_mean_squared_error": 0.06428418308496475, "mean_absolute_percentage_error": 17162.5859375, "mean_absolute_error": 0.041169170290231705, "val_loss": 0.010626505129039288, "val_root_mean_squared_error": 0.10308494418859482, "val_mean_absolute_percentage_error": 55094.53125, "val_mean_absolute_error": 0.06734507530927658, "_runtime": 20.946338415145874, "_step": 23, "best_val_loss": 0.009527373127639294, "best_epoch": 12, "Final MSE": 0.016598910093307495, "Final RMSE": 0.1288367509841919, "Final MAPE": 152950.375, "Final MAE": 0.0889211893081665, "Total Training Time": 18.7835054397583, "Average Time per Epoch": 0.8106833748195482, "_wandb": {"runtime": 19}}