{"epoch": 25, "_timestamp": 1703457452.553744, "loss": 0.0070789712481200695, "root_mean_squared_error": 0.08413662016391754, "mean_absolute_percentage_error": 8502110.0, "mean_absolute_error": 0.0483260378241539, "val_loss": 0.012788217514753342, "val_root_mean_squared_error": 0.11308500170707703, "val_mean_absolute_percentage_error": 16150662.0, "val_mean_absolute_error": 0.06951922178268433, "_runtime": 67.99755716323853, "_step": 26, "best_val_loss": 0.012425577268004417, "best_epoch": 15, "Final MSE": 0.012251361273229122, "Final RMSE": 0.11068587005138397, "Final MAPE": 14210218.0, "Final MAE": 0.06218324974179268, "Total Training Time": 65.51563572883606, "Average Time per Epoch": 2.5111631888609667, "_wandb": {"runtime": 66}}