{"epoch": 0, "_timestamp": 1703741579.2556617, "loss": 0.008690263144671917, "root_mean_squared_error": 0.09392430633306503, "mean_absolute_percentage_error": 10719973.0, "mean_absolute_error": 0.057450734078884125, "val_loss": 0.010068831965327263, "val_root_mean_squared_error": 0.10034357011318207, "val_mean_absolute_percentage_error": 11407079.0, "val_mean_absolute_error": 0.059980358928442, "_runtime": 3.8307077884674072, "_step": 1, "best_val_loss": 0.010068831965327263, "best_epoch": 0, "Final MSE": 0.009420011192560196, "Final RMSE": 0.09705673903226852, "Final MAPE": 15738901.0, "Final MAE": 0.06139888986945152, "Total Training Time": 1.9051730632781982, "Average Time per Epoch": 1.7883591651916504, "_wandb": {"runtime": 2}}