{"epoch": 11, "_timestamp": 1703726159.6314383, "loss": 0.00705718295648694, "root_mean_squared_error": 0.08400703966617584, "mean_absolute_percentage_error": 8454373.0, "mean_absolute_error": 0.04886915534734726, "val_loss": 0.007245487999171019, "val_root_mean_squared_error": 0.08512043207883835, "val_mean_absolute_percentage_error": 16182711.0, "val_mean_absolute_error": 0.05689338222146034, "_runtime": 27.632957220077515, "_step": 12, "best_val_loss": 0.006362435407936573, "best_epoch": 1, "Final MSE": 0.00791201088577509, "Final RMSE": 0.08894948661327362, "Final MAPE": 19345340.0, "Final MAE": 0.05725488066673279, "Total Training Time": 26.0821475982666, "Average Time per Epoch": 2.159916877746582, "_wandb": {"runtime": 26}}