{"epoch": 20, "_timestamp": 1705586767.874609, "loss": 0.004345293156802654, "root_mean_squared_error": 0.06591884046792984, "mean_absolute_percentage_error": 54366.7734375, "mean_absolute_error": 0.03495745733380318, "val_loss": 0.012077062390744686, "val_root_mean_squared_error": 0.10989569127559662, "val_mean_absolute_percentage_error": 4055.97314453125, "val_mean_absolute_error": 0.06804076582193375, "_runtime": 58.445460081100464, "_step": 21, "best_val_loss": 0.011426984332501888, "best_epoch": 10, "Final MSE": 0.014997294172644615, "Final RMSE": 0.12246344238519669, "Final MAPE": 14745.2890625, "Final MAE": 0.081843301653862, "Total Training Time": 53.34962344169617, "Average Time per Epoch": 2.5302433854057673, "_wandb": {"runtime": 53}}