{"epoch": 0, "_timestamp": 1703764560.7966514, "loss": 0.02051832340657711, "root_mean_squared_error": 0.15225441753864288, "mean_absolute_percentage_error": 707681.4375, "mean_absolute_error": 0.1102997288107872, "val_loss": 0.029177701100707054, "val_root_mean_squared_error": 0.17081479728221893, "val_mean_absolute_percentage_error": 180956.28125, "val_mean_absolute_error": 0.11108189821243286, "_runtime": 3.442906379699707, "_step": 1, "best_val_loss": 0.029177701100707054, "best_epoch": 0, "Final MSE": 0.03300293907523155, "Final RMSE": 0.18166710436344147, "Final MAPE": 184572.75, "Final MAE": 0.14275500178337097, "Total Training Time": 1.5257127285003662, "Average Time per Epoch": 1.4288134574890137, "_wandb": {"runtime": 1}}