{"epoch": 34, "_timestamp": 1703442929.5946782, "loss": 0.00889413058757782, "root_mean_squared_error": 0.09430869668722153, "mean_absolute_percentage_error": 9860088.0, "mean_absolute_error": 0.056925829499959946, "val_loss": 0.008859025314450264, "val_root_mean_squared_error": 0.09412239491939545, "val_mean_absolute_percentage_error": 9166999.0, "val_mean_absolute_error": 0.05535409599542618, "_runtime": 44.498656272888184, "_step": 35, "best_val_loss": 0.008386053144931793, "best_epoch": 24, "Final MSE": 0.012056511826813221, "Final RMSE": 0.10980214923620224, "Final MAPE": 17420620.0, "Final MAE": 0.07265688478946686, "Total Training Time": 42.275779008865356, "Average Time per Epoch": 1.202850559779576, "_wandb": {"runtime": 42}}