{"epoch": 13, "_timestamp": 1703638301.2902775, "loss": 0.005792847368866205, "root_mean_squared_error": 0.07611075788736343, "mean_absolute_percentage_error": 16024.828125, "mean_absolute_error": 0.053034909069538116, "val_loss": 0.00553167425096035, "val_root_mean_squared_error": 0.0743752270936966, "val_mean_absolute_percentage_error": 53473.2578125, "val_mean_absolute_error": 0.05607360228896141, "_runtime": 30.138782501220703, "_step": 14, "best_val_loss": 0.005335190333425999, "best_epoch": 3, "Final MSE": 0.018468283116817474, "Final RMSE": 0.13589806854724884, "Final MAPE": 182334.671875, "Final MAE": 0.10689111799001694, "Total Training Time": 27.700710773468018, "Average Time per Epoch": 1.966863019125802, "_wandb": {"runtime": 28}}