{"epoch": 42, "_timestamp": 1703336328.9012463, "loss": 0.007631387561559677, "root_mean_squared_error": 0.08735781162977219, "mean_absolute_percentage_error": 5392430.5, "mean_absolute_error": 0.04773688688874245, "val_loss": 0.010248408652842045, "val_root_mean_squared_error": 0.10123442113399506, "val_mean_absolute_percentage_error": 8942793.0, "val_mean_absolute_error": 0.05822791904211044, "_runtime": 100.28289532661438, "_step": 43, "best_val_loss": 0.009477196261286736, "best_epoch": 32, "Final MSE": 0.013505899347364902, "Final RMSE": 0.11621488630771637, "Final MAPE": 12151554.0, "Final MAE": 0.06569385528564453, "Total Training Time": 97.61675977706909, "Average Time per Epoch": 2.265203209810479, "_wandb": {"runtime": 98}}