{"epoch": 20, "_timestamp": 1703916102.5297816, "loss": 0.003996738698333502, "root_mean_squared_error": 0.06321976333856583, "mean_absolute_percentage_error": 12455.271484375, "mean_absolute_error": 0.04041067510843277, "val_loss": 0.009725756011903286, "val_root_mean_squared_error": 0.098619244992733, "val_mean_absolute_percentage_error": 55688.8984375, "val_mean_absolute_error": 0.0644228607416153, "_runtime": 84.27353167533875, "_step": 21, "best_val_loss": 0.009221090003848076, "best_epoch": 10, "Final MSE": 0.013387121260166168, "Final RMSE": 0.11570272594690323, "Final MAPE": 126965.71875, "Final MAE": 0.07932236790657043, "Total Training Time": 82.04567313194275, "Average Time per Epoch": 3.8925338132040843, "_wandb": {"runtime": 82}}