{"epoch": 0, "_timestamp": 1703746272.4544036, "loss": 0.009508789516985416, "root_mean_squared_error": 0.10052941739559174, "mean_absolute_percentage_error": 9736803.0, "mean_absolute_error": 0.05801699310541153, "val_loss": 0.015622804872691631, "val_root_mean_squared_error": 0.12499121576547623, "val_mean_absolute_percentage_error": 9604664.0, "val_mean_absolute_error": 0.06770209968090057, "_runtime": 3.870558738708496, "_step": 1, "best_val_loss": 0.015622804872691631, "best_epoch": 0, "Final MSE": 0.016306864097714424, "Final RMSE": 0.12769833207130432, "Final MAPE": 14468470.0, "Final MAE": 0.07358267903327942, "Total Training Time": 2.710106372833252, "Average Time per Epoch": 2.552701234817505, "_wandb": {"runtime": 2}}