{"epoch": 21, "_timestamp": 1703286656.2176833, "loss": 0.006931897718459368, "root_mean_squared_error": 0.0832580178976059, "mean_absolute_percentage_error": 14107.36328125, "mean_absolute_error": 0.052866723388433456, "val_loss": 0.01656104438006878, "val_root_mean_squared_error": 0.1286897212266922, "val_mean_absolute_percentage_error": 30438.396484375, "val_mean_absolute_error": 0.08166490495204926, "_runtime": 31.02196431159973, "_step": 22, "best_val_loss": 0.01607978157699108, "best_epoch": 11, "Final MSE": 0.018011806532740593, "Final RMSE": 0.1342080682516098, "Final MAPE": 225591.484375, "Final MAE": 0.09474343061447144, "Total Training Time": 28.639179229736328, "Average Time per Epoch": 1.2940507910468362, "_wandb": {"runtime": 29}}