{"epoch": 27, "_timestamp": 1705623733.2233253, "loss": 0.0030815741047263145, "root_mean_squared_error": 0.05551192909479141, "mean_absolute_percentage_error": 6101.35498046875, "mean_absolute_error": 0.026840901002287865, "val_loss": 0.004982341546565294, "val_root_mean_squared_error": 0.0705857053399086, "val_mean_absolute_percentage_error": 61246.75, "val_mean_absolute_error": 0.04391032084822655, "_runtime": 60.66040825843811, "_step": 28, "best_val_loss": 0.003853818867355585, "best_epoch": 17, "Final MSE": 0.005632953252643347, "Final RMSE": 0.07505300641059875, "Final MAPE": 77888.890625, "Final MAE": 0.05309072881937027, "Total Training Time": 58.05825066566467, "Average Time per Epoch": 2.0662005288260326, "_wandb": {"runtime": 58}}