{"epoch": 27, "_timestamp": 1703302493.6237018, "loss": 0.005795452743768692, "root_mean_squared_error": 0.07612787187099457, "mean_absolute_percentage_error": 18230.5859375, "mean_absolute_error": 0.05297618359327316, "val_loss": 0.005928237456828356, "val_root_mean_squared_error": 0.07699504494667053, "val_mean_absolute_percentage_error": 60810.0, "val_mean_absolute_error": 0.05944826081395149, "_runtime": 90.04764175415039, "_step": 28, "best_val_loss": 0.005404618103057146, "best_epoch": 17, "Final MSE": 0.01967322826385498, "Final RMSE": 0.14026129245758057, "Final MAPE": 308525.4375, "Final MAE": 0.11600203067064285, "Total Training Time": 87.57761597633362, "Average Time per Epoch": 3.1185435312134877, "_wandb": {"runtime": 88}}