{"epoch": 21, "_timestamp": 1705616826.1744163, "loss": 0.005150743760168552, "root_mean_squared_error": 0.07176867872476578, "mean_absolute_percentage_error": 60072.66015625, "mean_absolute_error": 0.03396864980459213, "val_loss": 0.006142159458249807, "val_root_mean_squared_error": 0.07837192714214325, "val_mean_absolute_percentage_error": 90452.9375, "val_mean_absolute_error": 0.04582187905907631, "_runtime": 20.265984296798706, "_step": 22, "best_val_loss": 0.005857747048139572, "best_epoch": 11, "Final MSE": 0.013150881044566631, "Final RMSE": 0.11467728763818741, "Final MAPE": 290298.125, "Final MAE": 0.0656830221414566, "Total Training Time": 17.000133752822876, "Average Time per Epoch": 0.7667902708053589, "_wandb": {"runtime": 17}}