{"epoch": 17, "_timestamp": 1703841132.4489796, "loss": 0.013589298352599144, "root_mean_squared_error": 0.11657314747571945, "mean_absolute_percentage_error": 204976.796875, "mean_absolute_error": 0.08068718016147614, "val_loss": 0.019119592383503914, "val_root_mean_squared_error": 0.13827361166477203, "val_mean_absolute_percentage_error": 43099.22265625, "val_mean_absolute_error": 0.09476590156555176, "_runtime": 45.55187964439392, "_step": 18, "best_val_loss": 0.016829751431941986, "best_epoch": 7, "Final MSE": 0.024024758487939835, "Final RMSE": 0.15499922633171082, "Final MAPE": 328916.1875, "Final MAE": 0.09938689321279526, "Total Training Time": 43.71515965461731, "Average Time per Epoch": 2.415213558408949, "_wandb": {"runtime": 44}}