{"epoch": 0, "_timestamp": 1703560276.9246876, "loss": 0.005157771520316601, "root_mean_squared_error": 0.07828862220048904, "mean_absolute_percentage_error": 82181.65625, "mean_absolute_error": 0.04397253692150116, "val_loss": 0.007947931997478008, "val_root_mean_squared_error": 0.08915117383003235, "val_mean_absolute_percentage_error": 46320.81640625, "val_mean_absolute_error": 0.050293467938899994, "_runtime": 3.7544796466827393, "_step": 1, "best_val_loss": 0.007947931997478008, "best_epoch": 0, "Final MSE": 0.012551193125545979, "Final RMSE": 0.11203210800886154, "Final MAPE": 65675.03125, "Final MAE": 0.07080922275781631, "Total Training Time": 1.911534070968628, "Average Time per Epoch": 1.799534559249878, "_wandb": {"runtime": 2}}