{"epoch": 31, "_timestamp": 1703880120.637937, "loss": 0.007420721929520369, "root_mean_squared_error": 0.0861436128616333, "mean_absolute_percentage_error": 14230.923828125, "mean_absolute_error": 0.059776656329631805, "val_loss": 0.020307645201683044, "val_root_mean_squared_error": 0.14250490069389343, "val_mean_absolute_percentage_error": 256664.875, "val_mean_absolute_error": 0.1150144562125206, "_runtime": 202.28759098052979, "_step": 32, "best_val_loss": 0.018713582307100296, "best_epoch": 21, "Final MSE": 0.02041899971663952, "Final RMSE": 0.14289507269859314, "Final MAPE": 128322.0390625, "Final MAE": 0.11165173351764679, "Total Training Time": 200.14211559295654, "Average Time per Epoch": 6.240726314485073, "_wandb": {"runtime": 200}}