{"epoch": 55, "_timestamp": 1705643959.9481802, "loss": 0.005069951992481947, "root_mean_squared_error": 0.07120359688997269, "mean_absolute_percentage_error": 34425.2109375, "mean_absolute_error": 0.044757891446352005, "val_loss": 0.008257685229182243, "val_root_mean_squared_error": 0.09087180346250534, "val_mean_absolute_percentage_error": 57865.59375, "val_mean_absolute_error": 0.053701251745224, "_runtime": 178.84740114212036, "_step": 56, "best_val_loss": 0.007616518065333366, "best_epoch": 45, "Final MSE": 0.010060753673315048, "Final RMSE": 0.10030330717563629, "Final MAPE": 183865.921875, "Final MAE": 0.05886035040020943, "Total Training Time": 176.48730444908142, "Average Time per Epoch": 3.1460098709378923, "_wandb": {"runtime": 176}}