{"epoch": 0, "_timestamp": 1703556532.2585378, "loss": 0.005954189226031303, "root_mean_squared_error": 0.0774449035525322, "mean_absolute_percentage_error": 59313.8046875, "mean_absolute_error": 0.03968945890665054, "val_loss": 0.008674264885485172, "val_root_mean_squared_error": 0.09313573688268661, "val_mean_absolute_percentage_error": 16324.2900390625, "val_mean_absolute_error": 0.043164853006601334, "_runtime": 6.26080584526062, "_step": 1, "best_val_loss": 0.008674264885485172, "best_epoch": 0, "Final MSE": 0.01366308145225048, "Final RMSE": 0.11688918620347977, "Final MAPE": 100355.421875, "Final MAE": 0.0581197589635849, "Total Training Time": 4.557084321975708, "Average Time per Epoch": 4.3620452880859375, "_wandb": {"runtime": 4}}