{"epoch": 28, "_timestamp": 1703339891.734299, "loss": 0.009245668537914753, "root_mean_squared_error": 0.09615439921617508, "mean_absolute_percentage_error": 8673699.0, "mean_absolute_error": 0.052596934139728546, "val_loss": 0.014191738329827785, "val_root_mean_squared_error": 0.11912908405065536, "val_mean_absolute_percentage_error": 8103234.0, "val_mean_absolute_error": 0.06141938269138336, "_runtime": 69.84815096855164, "_step": 29, "best_val_loss": 0.012837559916079044, "best_epoch": 18, "Final MSE": 0.011835183016955853, "Final RMSE": 0.10878963023424149, "Final MAPE": 12370378.0, "Final MAE": 0.051809921860694885, "Total Training Time": 67.2443459033966, "Average Time per Epoch": 2.312048714736412, "_wandb": {"runtime": 67}}