{"epoch": 27, "_timestamp": 1705597728.2144918, "loss": 0.005322486627846956, "root_mean_squared_error": 0.07295537739992142, "mean_absolute_percentage_error": 10867.859375, "mean_absolute_error": 0.04638673737645149, "val_loss": 0.01619664765894413, "val_root_mean_squared_error": 0.1272660493850708, "val_mean_absolute_percentage_error": 50919.34765625, "val_mean_absolute_error": 0.08934877812862396, "_runtime": 106.4917619228363, "_step": 28, "best_val_loss": 0.01534280925989151, "best_epoch": 17, "Final MSE": 0.01960095576941967, "Final RMSE": 0.14000341296195984, "Final MAPE": 111741.265625, "Final MAE": 0.10157442837953568, "Total Training Time": 105.09313941001892, "Average Time per Epoch": 3.7429444875035967, "_wandb": {"runtime": 105}}