{"epoch": 23, "_timestamp": 1703174653.3289647, "loss": 0.00367025937885046, "root_mean_squared_error": 0.060582663863897324, "mean_absolute_percentage_error": 252876.265625, "mean_absolute_error": 0.033869799226522446, "val_loss": 0.006986815016716719, "val_root_mean_squared_error": 0.0835871696472168, "val_mean_absolute_percentage_error": 31.094844818115234, "val_mean_absolute_error": 0.04342613369226456, "_runtime": 78.08374071121216, "_step": 24, "best_val_loss": 0.006268530618399382, "best_epoch": 13, "Final MSE": 0.0074995639733970165, "Final RMSE": 0.08660002052783966, "Final MAPE": 182741.359375, "Final MAE": 0.05424023047089577, "Total Training Time": 75.72710275650024, "Average Time per Epoch": 3.1442516346772513, "_wandb": {"runtime": 76}}