{"epoch": 0, "_timestamp": 1703815016.3058767, "loss": 0.022715993225574493, "root_mean_squared_error": 0.1487927883863449, "mean_absolute_percentage_error": 158826.046875, "mean_absolute_error": 0.0920814797282219, "val_loss": 0.015782007947564125, "val_root_mean_squared_error": 0.12562645971775055, "val_mean_absolute_percentage_error": 15489.54296875, "val_mean_absolute_error": 0.07591179758310318, "_runtime": 3.738248825073242, "_step": 1, "best_val_loss": 0.015782007947564125, "best_epoch": 0, "Final MSE": 0.017727984115481377, "Final RMSE": 0.1331464797258377, "Final MAPE": 490288.53125, "Final MAE": 0.08475501835346222, "Total Training Time": 1.8172430992126465, "Average Time per Epoch": 1.7061281204223633, "_wandb": {"runtime": 2}}