{"epoch": 0, "_timestamp": 1703715534.9475257, "loss": 0.046792928129434586, "root_mean_squared_error": 0.22516795992851257, "mean_absolute_percentage_error": 54643308.0, "mean_absolute_error": 0.1564372032880783, "val_loss": 0.08888474106788635, "val_root_mean_squared_error": 0.2981354296207428, "val_mean_absolute_percentage_error": 14418654.0, "val_mean_absolute_error": 0.1587548851966858, "_runtime": 52.84666872024536, "_step": 1, "best_val_loss": 0.08888474106788635, "best_epoch": 0, "Final MSE": 0.07261145859956741, "Final RMSE": 0.2694651484489441, "Final MAPE": 45488880.0, "Final MAE": 0.15832123160362244, "Total Training Time": 51.74875736236572, "Average Time per Epoch": 49.270408153533936, "_wandb": {"runtime": 51}}