{"epoch": 0, "_timestamp": 1703647963.8153968, "loss": 0.008457276038825512, "root_mean_squared_error": 0.0968046709895134, "mean_absolute_percentage_error": 25563.388671875, "mean_absolute_error": 0.05625257268548012, "val_loss": 0.007858721539378166, "val_root_mean_squared_error": 0.08864942938089371, "val_mean_absolute_percentage_error": 8445.46484375, "val_mean_absolute_error": 0.05598367005586624, "_runtime": 6.442677736282349, "_step": 1, "best_val_loss": 0.007858721539378166, "best_epoch": 0, "Final MSE": 0.015560708940029144, "Final RMSE": 0.12474256753921509, "Final MAPE": 120293.328125, "Final MAE": 0.07888847589492798, "Total Training Time": 4.673469066619873, "Average Time per Epoch": 4.47946834564209, "_wandb": {"runtime": 4}}