{"epoch": 0, "_timestamp": 1703657314.1447392, "loss": 0.004939453676342964, "root_mean_squared_error": 0.07331912219524384, "mean_absolute_percentage_error": 24785.548828125, "mean_absolute_error": 0.04828636348247528, "val_loss": 0.006760920863598585, "val_root_mean_squared_error": 0.08222481608390808, "val_mean_absolute_percentage_error": 79033.75, "val_mean_absolute_error": 0.053612999618053436, "_runtime": 4.621838092803955, "_step": 1, "best_val_loss": 0.006760920863598585, "best_epoch": 0, "Final MSE": 0.008503769524395466, "Final RMSE": 0.0922158882021904, "Final MAPE": 106393.625, "Final MAE": 0.059767946600914, "Total Training Time": 2.758117437362671, "Average Time per Epoch": 2.608105421066284, "_wandb": {"runtime": 3}}