{"epoch": 40, "_timestamp": 1703186588.4294648, "loss": 0.008295062929391861, "root_mean_squared_error": 0.09107723832130432, "mean_absolute_percentage_error": 12495.244140625, "mean_absolute_error": 0.05352960526943207, "val_loss": 0.014923353679478168, "val_root_mean_squared_error": 0.12216117978096008, "val_mean_absolute_percentage_error": 68402.4453125, "val_mean_absolute_error": 0.07433069497346878, "_runtime": 101.42528176307678, "_step": 41, "best_val_loss": 0.01290582213550806, "best_epoch": 30, "Final MSE": 0.029955053701996803, "Final RMSE": 0.17307528853416443, "Final MAPE": 109414.1796875, "Final MAE": 0.11837687343358994, "Total Training Time": 98.55180406570435, "Average Time per Epoch": 2.398336113953009, "_wandb": {"runtime": 99}}