{"epoch": 33, "_timestamp": 1703442976.5345988, "loss": 0.008608776144683361, "root_mean_squared_error": 0.09278348833322525, "mean_absolute_percentage_error": 10208804.0, "mean_absolute_error": 0.05617695301771164, "val_loss": 0.00979123916476965, "val_root_mean_squared_error": 0.09895069152116776, "val_mean_absolute_percentage_error": 9952206.0, "val_mean_absolute_error": 0.05872092396020889, "_runtime": 44.02112674713135, "_step": 34, "best_val_loss": 0.00958424061536789, "best_epoch": 23, "Final MSE": 0.009516803547739983, "Final RMSE": 0.09755410254001617, "Final MAPE": 16481647.0, "Final MAE": 0.06397201120853424, "Total Training Time": 41.67392182350159, "Average Time per Epoch": 1.220379822394427, "_wandb": {"runtime": 42}}