{"epoch": 18, "_timestamp": 1703645495.678037, "loss": 0.0036800489760935307, "root_mean_squared_error": 0.06066340580582619, "mean_absolute_percentage_error": 13523.60546875, "mean_absolute_error": 0.03933628648519516, "val_loss": 0.007503489498049021, "val_root_mean_squared_error": 0.0866226851940155, "val_mean_absolute_percentage_error": 72834.03125, "val_mean_absolute_error": 0.056872494518756866, "_runtime": 50.22290086746216, "_step": 19, "best_val_loss": 0.006809726823121309, "best_epoch": 8, "Final MSE": 0.00902620144188404, "Final RMSE": 0.09500632435083389, "Final MAPE": 166974.203125, "Final MAE": 0.06318856030702591, "Total Training Time": 47.87059760093689, "Average Time per Epoch": 2.508068461167185, "_wandb": {"runtime": 48}}