{"epoch": 0, "_timestamp": 1703819458.4591591, "loss": 0.0076942769810557365, "root_mean_squared_error": 0.0951598584651947, "mean_absolute_percentage_error": 24352.36328125, "mean_absolute_error": 0.05258539691567421, "val_loss": 0.009509569965302944, "val_root_mean_squared_error": 0.09751702100038528, "val_mean_absolute_percentage_error": 182738.421875, "val_mean_absolute_error": 0.05804393067955971, "_runtime": 3.73905611038208, "_step": 1, "best_val_loss": 0.009509569965302944, "best_epoch": 0, "Final MSE": 0.008600704371929169, "Final RMSE": 0.09273998439311981, "Final MAPE": 199284.625, "Final MAE": 0.05956092104315758, "Total Training Time": 2.604358196258545, "Average Time per Epoch": 2.4487617015838623, "_wandb": {"runtime": 2}}