{"epoch": 14, "_timestamp": 1703593697.621512, "loss": 0.010742368176579475, "root_mean_squared_error": 0.10364540666341782, "mean_absolute_percentage_error": 34667.74609375, "mean_absolute_error": 0.054973214864730835, "val_loss": 0.009102712385356426, "val_root_mean_squared_error": 0.095408134162426, "val_mean_absolute_percentage_error": 112990.46875, "val_mean_absolute_error": 0.057515762746334076, "_runtime": 14.005210876464844, "_step": 15, "best_val_loss": 0.009014184586703777, "best_epoch": 4, "Final MSE": 0.0138473492115736, "Final RMSE": 0.11767476797103882, "Final MAPE": 230782.296875, "Final MAE": 0.08496619760990143, "Total Training Time": 11.87871766090393, "Average Time per Epoch": 0.7836219469706217, "_wandb": {"runtime": 12}}