{"epoch": 0, "_timestamp": 1703728467.3387628, "loss": 0.007154867053031921, "root_mean_squared_error": 0.08692047744989395, "mean_absolute_percentage_error": 8942551.0, "mean_absolute_error": 0.051045678555965424, "val_loss": 0.011752249673008919, "val_root_mean_squared_error": 0.10840779542922974, "val_mean_absolute_percentage_error": 10465599.0, "val_mean_absolute_error": 0.06543001532554626, "_runtime": 11.109312772750854, "_step": 1, "best_val_loss": 0.011752249673008919, "best_epoch": 0, "Final MSE": 0.01013231836259365, "Final RMSE": 0.10065941512584686, "Final MAPE": 16612678.0, "Final MAE": 0.061362508684396744, "Total Training Time": 4.54546046257019, "Average Time per Epoch": 4.391135215759277, "_wandb": {"runtime": 4}}