{"epoch": 0, "_timestamp": 1703673834.0373547, "loss": 0.009056535549461842, "root_mean_squared_error": 0.0958177000284195, "mean_absolute_percentage_error": 4637535.5, "mean_absolute_error": 0.05118498206138611, "val_loss": 0.014060262590646744, "val_root_mean_squared_error": 0.11857597529888153, "val_mean_absolute_percentage_error": 3133446.5, "val_mean_absolute_error": 0.05456526577472687, "_runtime": 7.37009072303772, "_step": 1, "best_val_loss": 0.014060262590646744, "best_epoch": 0, "Final MSE": 0.016899051144719124, "Final RMSE": 0.12999634444713593, "Final MAPE": 5109960.0, "Final MAE": 0.05531315132975578, "Total Training Time": 6.220862865447998, "Average Time per Epoch": 6.037255764007568, "_wandb": {"runtime": 6}}