{"epoch": 19, "_timestamp": 1703743732.9173667, "loss": 0.008987626060843468, "root_mean_squared_error": 0.094803087413311, "mean_absolute_percentage_error": 9432700.0, "mean_absolute_error": 0.05651111900806427, "val_loss": 0.012336162850260735, "val_root_mean_squared_error": 0.11106827855110168, "val_mean_absolute_percentage_error": 15704787.0, "val_mean_absolute_error": 0.0670459046959877, "_runtime": 31.97763180732727, "_step": 20, "best_val_loss": 0.010922785848379135, "best_epoch": 9, "Final MSE": 0.01648787036538124, "Final RMSE": 0.1284051090478897, "Final MAPE": 23724122.0, "Final MAE": 0.07606086134910583, "Total Training Time": 29.251317024230957, "Average Time per Epoch": 1.4530463933944702, "_wandb": {"runtime": 29}}