{"epoch": 0, "_timestamp": 1703736631.4746866, "loss": 0.008095692843198776, "root_mean_squared_error": 0.09057832509279251, "mean_absolute_percentage_error": 9650634.0, "mean_absolute_error": 0.05356213077902794, "val_loss": 0.009721416980028152, "val_root_mean_squared_error": 0.09859724342823029, "val_mean_absolute_percentage_error": 13554183.0, "val_mean_absolute_error": 0.05993711203336716, "_runtime": 6.73411750793457, "_step": 1, "best_val_loss": 0.009721416980028152, "best_epoch": 0, "Final MSE": 0.009052200242877007, "Final RMSE": 0.09514304995536804, "Final MAPE": 15215010.0, "Final MAE": 0.05804483965039253, "Total Training Time": 5.037574291229248, "Average Time per Epoch": 4.829673767089844, "_wandb": {"runtime": 5}}