{"epoch": 0, "_timestamp": 1703811988.59445, "loss": 0.011291216127574444, "root_mean_squared_error": 0.1146494522690773, "mean_absolute_percentage_error": 22576.552734375, "mean_absolute_error": 0.06906630843877792, "val_loss": 0.014878558926284313, "val_root_mean_squared_error": 0.12197770178318024, "val_mean_absolute_percentage_error": 26831.671875, "val_mean_absolute_error": 0.07413740456104279, "_runtime": 6.380565881729126, "_step": 1, "best_val_loss": 0.014878558926284313, "best_epoch": 0, "Final MSE": 0.025130199268460274, "Final RMSE": 0.15852507948875427, "Final MAPE": 135269.828125, "Final MAE": 0.1116306260228157, "Total Training Time": 4.639001846313477, "Average Time per Epoch": 4.444788932800293, "_wandb": {"runtime": 4}}