{"epoch": 0, "_timestamp": 1703760773.5563302, "loss": 0.016986653208732605, "root_mean_squared_error": 0.13300015032291412, "mean_absolute_percentage_error": 316529.28125, "mean_absolute_error": 0.08300494402647018, "val_loss": 0.009450589306652546, "val_root_mean_squared_error": 0.09721413999795914, "val_mean_absolute_percentage_error": 321146.875, "val_mean_absolute_error": 0.05740702897310257, "_runtime": 7.3297951221466064, "_step": 1, "best_val_loss": 0.009450589306652546, "best_epoch": 0, "Final MSE": 0.022776953876018524, "Final RMSE": 0.15092036128044128, "Final MAPE": 34459.30859375, "Final MAE": 0.08915800601243973, "Total Training Time": 6.095492124557495, "Average Time per Epoch": 5.9507668018341064, "_wandb": {"runtime": 6}}