{"epoch": 11, "_timestamp": 1703130612.976668, "loss": 0.021309589967131615, "root_mean_squared_error": 0.14597804844379425, "mean_absolute_percentage_error": 5222.5546875, "mean_absolute_error": 0.09596450626850128, "val_loss": 0.020611345767974854, "val_root_mean_squared_error": 0.14356651902198792, "val_mean_absolute_percentage_error": 216516.0625, "val_mean_absolute_error": 0.11973646283149719, "_runtime": 89.4914698600769, "_step": 12, "best_val_loss": 0.011778987012803555, "best_epoch": 1, "Final MSE": 0.04209674894809723, "Final RMSE": 0.20517492294311523, "Final MAPE": 150781.515625, "Final MAE": 0.14518730342388153, "Total Training Time": 87.11788702011108, "Average Time per Epoch": 7.222656508286794, "_wandb": {"runtime": 87}}