{"epoch": 0, "_timestamp": 1703761395.0422645, "loss": 0.010489174164831638, "root_mean_squared_error": 0.11646866798400879, "mean_absolute_percentage_error": 143552.6875, "mean_absolute_error": 0.0744064599275589, "val_loss": 0.017954811453819275, "val_root_mean_squared_error": 0.13399556279182434, "val_mean_absolute_percentage_error": 259918.921875, "val_mean_absolute_error": 0.07699679583311081, "_runtime": 7.350011348724365, "_step": 1, "best_val_loss": 0.017954811453819275, "best_epoch": 0, "Final MSE": 0.037453554570674896, "Final RMSE": 0.19352920353412628, "Final MAPE": 220977.96875, "Final MAE": 0.14553534984588623, "Total Training Time": 6.1258745193481445, "Average Time per Epoch": 5.9609599113464355, "_wandb": {"runtime": 6}}