{"epoch": 0, "_timestamp": 1703648875.7760613, "loss": 0.004664260894060135, "root_mean_squared_error": 0.07117676734924316, "mean_absolute_percentage_error": 25823.802734375, "mean_absolute_error": 0.04641488939523697, "val_loss": 0.007039018906652927, "val_root_mean_squared_error": 0.0838988646864891, "val_mean_absolute_percentage_error": 33777.703125, "val_mean_absolute_error": 0.05002009868621826, "_runtime": 6.553946256637573, "_step": 1, "best_val_loss": 0.007039018906652927, "best_epoch": 0, "Final MSE": 0.009000822901725769, "Final RMSE": 0.09487266838550568, "Final MAPE": 54149.65234375, "Final MAE": 0.056802235543727875, "Total Training Time": 4.860173225402832, "Average Time per Epoch": 4.659130334854126, "_wandb": {"runtime": 5}}