{"epoch": 21, "_timestamp": 1703504076.71663, "loss": 0.020266087725758553, "root_mean_squared_error": 0.14235900342464447, "mean_absolute_percentage_error": 25719.560546875, "mean_absolute_error": 0.10828275978565216, "val_loss": 0.031706277281045914, "val_root_mean_squared_error": 0.1780625432729721, "val_mean_absolute_percentage_error": 87839.9765625, "val_mean_absolute_error": 0.1388576775789261, "_runtime": 18.326930046081543, "_step": 22, "best_val_loss": 0.03170305863022804, "best_epoch": 11, "Final MSE": 0.027744414284825325, "Final RMSE": 0.16656656563282013, "Final MAPE": 178647.96875, "Final MAE": 0.133291095495224, "Total Training Time": 16.2230863571167, "Average Time per Epoch": 0.7313665043223988, "_wandb": {"runtime": 16}}