{"epoch": 23, "_timestamp": 1705581832.959116, "loss": 0.009729945100843906, "root_mean_squared_error": 0.09864048659801483, "mean_absolute_percentage_error": 27444.021484375, "mean_absolute_error": 0.06665638834238052, "val_loss": 0.01609894633293152, "val_root_mean_squared_error": 0.12688162922859192, "val_mean_absolute_percentage_error": 57335.19140625, "val_mean_absolute_error": 0.08176269382238388, "_runtime": 34.16774797439575, "_step": 24, "best_val_loss": 0.015376724302768707, "best_epoch": 13, "Final MSE": 0.02792508713901043, "Final RMSE": 0.16710801422595978, "Final MAPE": 23026.310546875, "Final MAE": 0.11389866471290588, "Total Training Time": 31.93202805519104, "Average Time per Epoch": 1.3232809801896412, "_wandb": {"runtime": 32}}