{"epoch": 19, "_timestamp": 1703561054.4208505, "loss": 0.004645172972232103, "root_mean_squared_error": 0.06815550476312637, "mean_absolute_percentage_error": 7663.03173828125, "mean_absolute_error": 0.03803174942731857, "val_loss": 0.00907572265714407, "val_root_mean_squared_error": 0.09526658803224564, "val_mean_absolute_percentage_error": 42874.37109375, "val_mean_absolute_error": 0.06082148849964142, "_runtime": 29.897757530212402, "_step": 20, "best_val_loss": 0.008119109086692333, "best_epoch": 9, "Final MSE": 0.010292130522429943, "Final RMSE": 0.10145013779401779, "Final MAPE": 53673.26953125, "Final MAE": 0.07288781553506851, "Total Training Time": 28.469963550567627, "Average Time per Epoch": 1.4147703647613525, "_wandb": {"runtime": 28}}