{"epoch": 50, "_timestamp": 1705615358.2759051, "loss": 0.006793288514018059, "root_mean_squared_error": 0.08242140710353851, "mean_absolute_percentage_error": 15770.6708984375, "mean_absolute_error": 0.053874216973781586, "val_loss": 0.01133030652999878, "val_root_mean_squared_error": 0.10644391179084778, "val_mean_absolute_percentage_error": 72440.1796875, "val_mean_absolute_error": 0.0692354366183281, "_runtime": 39.89495921134949, "_step": 51, "best_val_loss": 0.010986794717609882, "best_epoch": 40, "Final MSE": 0.020001495257019997, "Final RMSE": 0.14142663776874542, "Final MAPE": 67664.359375, "Final MAE": 0.09402521699666977, "Total Training Time": 37.58103942871094, "Average Time per Epoch": 0.7335572523229262, "_wandb": {"runtime": 38}}