{"epoch": 0, "_timestamp": 1703536285.6168628, "loss": 0.005809298250824213, "root_mean_squared_error": 0.09202124178409576, "mean_absolute_percentage_error": 22360.056640625, "mean_absolute_error": 0.050682906061410904, "val_loss": 0.014764583669602871, "val_root_mean_squared_error": 0.1215096041560173, "val_mean_absolute_percentage_error": 120423.765625, "val_mean_absolute_error": 0.07226759940385818, "_runtime": 17.12947177886963, "_step": 1, "best_val_loss": 0.014764583669602871, "best_epoch": 0, "Final MSE": 0.026463160291314125, "Final RMSE": 0.16267500817775726, "Final MAPE": 53082.3125, "Final MAE": 0.08443931490182877, "Total Training Time": 15.727155447006226, "Average Time per Epoch": 15.11215853691101, "_wandb": {"runtime": 15}}