{"epoch": 16, "_timestamp": 1703920175.6932628, "loss": 0.00543345557525754, "root_mean_squared_error": 0.07371197640895844, "mean_absolute_percentage_error": 8680.6728515625, "mean_absolute_error": 0.033503711223602295, "val_loss": 0.01028373185545206, "val_root_mean_squared_error": 0.10140873491764069, "val_mean_absolute_percentage_error": 72156.0703125, "val_mean_absolute_error": 0.0638246238231659, "_runtime": 61.8529589176178, "_step": 17, "best_val_loss": 0.009988381527364254, "best_epoch": 6, "Final MSE": 0.012243082746863365, "Final RMSE": 0.11064846813678741, "Final MAPE": 167784.96875, "Final MAE": 0.06695839017629623, "Total Training Time": 60.37040615081787, "Average Time per Epoch": 3.535275599535774, "_wandb": {"runtime": 60}}