{"epoch": 44, "_timestamp": 1703672424.505137, "loss": 0.007447164040058851, "root_mean_squared_error": 0.08629695326089859, "mean_absolute_percentage_error": 4083956.0, "mean_absolute_error": 0.04650815203785896, "val_loss": 0.016755083575844765, "val_root_mean_squared_error": 0.12944142520427704, "val_mean_absolute_percentage_error": 4954398.0, "val_mean_absolute_error": 0.06825436651706696, "_runtime": 105.99947595596313, "_step": 45, "best_val_loss": 0.012979986146092415, "best_epoch": 34, "Final MSE": 0.02000434696674347, "Final RMSE": 0.14143672585487366, "Final MAPE": 7518365.0, "Final MAE": 0.06901424378156662, "Total Training Time": 104.26196122169495, "Average Time per Epoch": 2.3111465083228215, "_wandb": {"runtime": 104}}