{"epoch": 0, "_timestamp": 1703764340.031533, "loss": 0.029693124815821648, "root_mean_squared_error": 0.1693672239780426, "mean_absolute_percentage_error": 176377.921875, "mean_absolute_error": 0.10745464265346527, "val_loss": 0.020242346450686455, "val_root_mean_squared_error": 0.1422755867242813, "val_mean_absolute_percentage_error": 53772.0625, "val_mean_absolute_error": 0.10042661428451538, "_runtime": 3.4678680896759033, "_step": 1, "best_val_loss": 0.020242346450686455, "best_epoch": 0, "Final MSE": 0.021449632942676544, "Final RMSE": 0.14645695686340332, "Final MAPE": 320645.625, "Final MAE": 0.10486506670713425, "Total Training Time": 1.534353256225586, "Average Time per Epoch": 1.4292173385620117, "_wandb": {"runtime": 1}}