{"epoch": 0, "_timestamp": 1703656954.8618965, "loss": 0.013119873590767384, "root_mean_squared_error": 0.11416205018758774, "mean_absolute_percentage_error": 49232.24609375, "mean_absolute_error": 0.07617716491222382, "val_loss": 0.017365621402859688, "val_root_mean_squared_error": 0.13177868723869324, "val_mean_absolute_percentage_error": 143052.46875, "val_mean_absolute_error": 0.09087639302015305, "_runtime": 4.595748424530029, "_step": 1, "best_val_loss": 0.017365621402859688, "best_epoch": 0, "Final MSE": 0.02008785679936409, "Final RMSE": 0.1417316347360611, "Final MAPE": 98286.40625, "Final MAE": 0.10037130862474442, "Total Training Time": 2.7624552249908447, "Average Time per Epoch": 2.6094114780426025, "_wandb": {"runtime": 2}}