{"epoch": 16, "_timestamp": 1703645364.284523, "loss": 0.007860797457396984, "root_mean_squared_error": 0.08866114169359207, "mean_absolute_percentage_error": 10167.69140625, "mean_absolute_error": 0.051994241774082184, "val_loss": 0.01256368588656187, "val_root_mean_squared_error": 0.11208784580230713, "val_mean_absolute_percentage_error": 73133.1796875, "val_mean_absolute_error": 0.07014189660549164, "_runtime": 54.06876802444458, "_step": 17, "best_val_loss": 0.012410945259034634, "best_epoch": 6, "Final MSE": 0.022946378216147423, "Final RMSE": 0.15148061513900757, "Final MAPE": 75139.2578125, "Final MAE": 0.10917314141988754, "Total Training Time": 43.51264429092407, "Average Time per Epoch": 2.5468608070822323, "_wandb": {"runtime": 43}}