{"epoch": 25, "_timestamp": 1705642904.9774516, "loss": 0.004973889794200659, "root_mean_squared_error": 0.07052581012248993, "mean_absolute_percentage_error": 9087.2431640625, "mean_absolute_error": 0.045250553637742996, "val_loss": 0.012356352061033249, "val_root_mean_squared_error": 0.11115913093090057, "val_mean_absolute_percentage_error": 64665.1328125, "val_mean_absolute_error": 0.07033827900886536, "_runtime": 86.74202466011047, "_step": 26, "best_val_loss": 0.011578486301004887, "best_epoch": 15, "Final MSE": 0.008552337065339088, "Final RMSE": 0.09247884899377823, "Final MAPE": 52497.1953125, "Final MAE": 0.06443871557712555, "Total Training Time": 84.38363337516785, "Average Time per Epoch": 3.2351541244066677, "_wandb": {"runtime": 84}}