{"epoch": 48, "_timestamp": 1703550795.3976367, "loss": 0.002900660503655672, "root_mean_squared_error": 0.05385778099298477, "mean_absolute_percentage_error": 5838.34228515625, "mean_absolute_error": 0.025441642850637436, "val_loss": 0.004991429392248392, "val_root_mean_squared_error": 0.07065004855394363, "val_mean_absolute_percentage_error": 42589.5546875, "val_mean_absolute_error": 0.036217957735061646, "_runtime": 115.58928966522217, "_step": 49, "best_val_loss": 0.004545742180198431, "best_epoch": 38, "Final MSE": 0.00582293514162302, "Final RMSE": 0.07630816102027893, "Final MAPE": 5763.00634765625, "Final MAE": 0.04322471097111702, "Total Training Time": 113.1814534664154, "Average Time per Epoch": 2.304382007949206, "_wandb": {"runtime": 113}}