{"epoch": 19, "_timestamp": 1705632407.0856702, "loss": 0.006257648114115, "root_mean_squared_error": 0.07910529524087906, "mean_absolute_percentage_error": 42519.15625, "mean_absolute_error": 0.04833272472023964, "val_loss": 0.007653229869902134, "val_root_mean_squared_error": 0.0874827429652214, "val_mean_absolute_percentage_error": 40208.25, "val_mean_absolute_error": 0.05014496296644211, "_runtime": 56.35795211791992, "_step": 20, "best_val_loss": 0.006927724927663803, "best_epoch": 9, "Final MSE": 0.017984941601753235, "Final RMSE": 0.13410794734954834, "Final MAPE": 75258.875, "Final MAE": 0.08640822768211365, "Total Training Time": 53.856364011764526, "Average Time per Epoch": 2.6816376209259034, "_wandb": {"runtime": 54}}