{"epoch": 13, "_timestamp": 1703561147.854802, "loss": 0.011026592925190926, "root_mean_squared_error": 0.1050075814127922, "mean_absolute_percentage_error": 7356.080078125, "mean_absolute_error": 0.060488201677799225, "val_loss": 0.009411492384970188, "val_root_mean_squared_error": 0.09701284766197205, "val_mean_absolute_percentage_error": 80292.59375, "val_mean_absolute_error": 0.06888501346111298, "_runtime": 22.66943383216858, "_step": 14, "best_val_loss": 0.008546554483473301, "best_epoch": 3, "Final MSE": 0.016638413071632385, "Final RMSE": 0.12898997962474823, "Final MAPE": 33462.1328125, "Final MAE": 0.087141253054142, "Total Training Time": 20.44012212753296, "Average Time per Epoch": 1.4482933282852173, "_wandb": {"runtime": 20}}