{"epoch": 17, "_timestamp": 1703444323.1859639, "loss": 0.009202854707837105, "root_mean_squared_error": 0.0959315076470375, "mean_absolute_percentage_error": 9892735.0, "mean_absolute_error": 0.0563754141330719, "val_loss": 0.02060580998659134, "val_root_mean_squared_error": 0.14354723691940308, "val_mean_absolute_percentage_error": 11477074.0, "val_mean_absolute_error": 0.08033997565507889, "_runtime": 25.05277991294861, "_step": 18, "best_val_loss": 0.01620318740606308, "best_epoch": 7, "Final MSE": 0.02010176330804825, "Final RMSE": 0.14178068935871124, "Final MAPE": 16336654.0, "Final MAE": 0.08026032894849777, "Total Training Time": 22.743982791900635, "Average Time per Epoch": 1.254998803138733, "_wandb": {"runtime": 23}}