{"epoch": 0, "_timestamp": 1703789593.6263938, "loss": 0.01683756895363331, "root_mean_squared_error": 0.13405437767505646, "mean_absolute_percentage_error": 643233.9375, "mean_absolute_error": 0.09690750390291214, "val_loss": 0.02892197296023369, "val_root_mean_squared_error": 0.17006461322307587, "val_mean_absolute_percentage_error": 279426.90625, "val_mean_absolute_error": 0.11232705414295197, "_runtime": 47.1586709022522, "_step": 1, "best_val_loss": 0.02892197296023369, "best_epoch": 0, "Final MSE": 0.030486367642879486, "Final RMSE": 0.17460346221923828, "Final MAPE": 251965.078125, "Final MAE": 0.13636334240436554, "Total Training Time": 45.868566274642944, "Average Time per Epoch": 43.774494647979736, "_wandb": {"runtime": 46}}