{"epoch": 35, "_timestamp": 1703391528.9313247, "loss": 0.009290735237300396, "root_mean_squared_error": 0.09638845920562744, "mean_absolute_percentage_error": 5216938.0, "mean_absolute_error": 0.05453537404537201, "val_loss": 0.02173635922372341, "val_root_mean_squared_error": 0.14743255078792572, "val_mean_absolute_percentage_error": 9005654.0, "val_mean_absolute_error": 0.0835956558585167, "_runtime": 717.8341026306152, "_step": 36, "best_val_loss": 0.01807377114892006, "best_epoch": 25, "Final MSE": 0.021877776831388474, "Final RMSE": 0.14791138470172882, "Final MAPE": 15643547.0, "Final MAE": 0.08550111204385757, "Total Training Time": 715.4197692871094, "Average Time per Epoch": 19.84051979912652, "_wandb": {"runtime": 716}}