{"epoch": 15, "_timestamp": 1703345451.4656844, "loss": 0.08165143430233002, "root_mean_squared_error": 0.28574714064598083, "mean_absolute_percentage_error": 98133592.0, "mean_absolute_error": 0.2349614053964615, "val_loss": 0.07290169596672058, "val_root_mean_squared_error": 0.27000316977500916, "val_mean_absolute_percentage_error": 111123560.0, "val_mean_absolute_error": 0.2265480011701584, "_runtime": 14.165468454360962, "_step": 16, "best_val_loss": 0.0720173642039299, "best_epoch": 5, "Final MSE": 0.07538557052612305, "Final RMSE": 0.27456435561180115, "Final MAPE": 124080360.0, "Final MAE": 0.2268165498971939, "Total Training Time": 11.676047563552856, "Average Time per Epoch": 0.7224437594413757, "_wandb": {"runtime": 11}}