{"epoch": 20, "_timestamp": 1703672083.049599, "loss": 0.00732881436124444, "root_mean_squared_error": 0.08560849726200104, "mean_absolute_percentage_error": 3153356.5, "mean_absolute_error": 0.0465199239552021, "val_loss": 0.011245757341384888, "val_root_mean_squared_error": 0.10604601353406906, "val_mean_absolute_percentage_error": 2869562.25, "val_mean_absolute_error": 0.05621710792183876, "_runtime": 51.96230483055115, "_step": 21, "best_val_loss": 0.008677198551595211, "best_epoch": 10, "Final MSE": 0.015035034157335758, "Final RMSE": 0.12261743098497391, "Final MAPE": 4309843.0, "Final MAE": 0.0628138855099678, "Total Training Time": 49.6419939994812, "Average Time per Epoch": 2.3554178306034634, "_wandb": {"runtime": 50}}