{"epoch": 20, "_timestamp": 1703344992.5424678, "loss": 0.06818722188472748, "root_mean_squared_error": 0.2611267566680908, "mean_absolute_percentage_error": 84833664.0, "mean_absolute_error": 0.20964710414409637, "val_loss": 0.06708835810422897, "val_root_mean_squared_error": 0.25901421904563904, "val_mean_absolute_percentage_error": 99830184.0, "val_mean_absolute_error": 0.2115183025598526, "_runtime": 17.544407844543457, "_step": 21, "best_val_loss": 0.0666089802980423, "best_epoch": 10, "Final MSE": 0.0697261244058609, "Final RMSE": 0.2640570402145386, "Final MAPE": 110269816.0, "Final MAE": 0.21507801115512848, "Total Training Time": 15.386627912521362, "Average Time per Epoch": 0.7265064375741142, "_wandb": {"runtime": 15}}