{"epoch": 44, "_timestamp": 1703637747.7531261, "loss": 0.003450721502304077, "root_mean_squared_error": 0.05874284356832504, "mean_absolute_percentage_error": 12931.208984375, "mean_absolute_error": 0.0405217781662941, "val_loss": 0.007144796662032604, "val_root_mean_squared_error": 0.0845268964767456, "val_mean_absolute_percentage_error": 28740.36328125, "val_mean_absolute_error": 0.05810083821415901, "_runtime": 86.29466104507446, "_step": 45, "best_val_loss": 0.006401935126632452, "best_epoch": 34, "Final MSE": 0.006812829524278641, "Final RMSE": 0.082539863884449, "Final MAPE": 35548.8984375, "Final MAE": 0.05873279273509979, "Total Training Time": 83.76707792282104, "Average Time per Epoch": 1.856829251183404, "_wandb": {"runtime": 84}}