{"epoch": 0, "_timestamp": 1703592736.3843837, "loss": 0.013946284539997578, "root_mean_squared_error": 0.12243446707725525, "mean_absolute_percentage_error": 32472.4609375, "mean_absolute_error": 0.0816071406006813, "val_loss": 0.015316836535930634, "val_root_mean_squared_error": 0.12376120686531067, "val_mean_absolute_percentage_error": 57876.0234375, "val_mean_absolute_error": 0.07217887789011002, "_runtime": 7.737966775894165, "_step": 1, "best_val_loss": 0.015316836535930634, "best_epoch": 0, "Final MSE": 0.019772706553339958, "Final RMSE": 0.14061546325683594, "Final MAPE": 111516.234375, "Final MAE": 0.08860007673501968, "Total Training Time": 6.435122489929199, "Average Time per Epoch": 6.24608850479126, "_wandb": {"runtime": 6}}