{"epoch": 11, "_timestamp": 1703098064.2221768, "loss": 0.011899912729859352, "root_mean_squared_error": 0.10908673703670502, "mean_absolute_percentage_error": 61476.3046875, "mean_absolute_error": 0.06282612681388855, "val_loss": 0.029841244220733643, "val_root_mean_squared_error": 0.17274616658687592, "val_mean_absolute_percentage_error": 49637.3203125, "val_mean_absolute_error": 0.1173480674624443, "_runtime": 11.807869672775269, "_step": 12, "best_val_loss": 0.026632240042090416, "best_epoch": 1, "Final MSE": 0.04108497500419617, "Final RMSE": 0.20269426703453064, "Final MAPE": 95809.734375, "Final MAE": 0.13429012894630432, "Total Training Time": 9.577104091644287, "Average Time per Epoch": 0.787761926651001, "_wandb": {"runtime": 9}}