{"epoch": 0, "_timestamp": 1703674221.0317225, "loss": 0.008657049387693405, "root_mean_squared_error": 0.09332931786775589, "mean_absolute_percentage_error": 5199154.0, "mean_absolute_error": 0.04914192855358124, "val_loss": 0.01928764209151268, "val_root_mean_squared_error": 0.1388799548149109, "val_mean_absolute_percentage_error": 10093836.0, "val_mean_absolute_error": 0.07180307805538177, "_runtime": 7.272010564804077, "_step": 1, "best_val_loss": 0.01928764209151268, "best_epoch": 0, "Final MSE": 0.009036652743816376, "Final RMSE": 0.09506130963563919, "Final MAPE": 11558241.0, "Final MAE": 0.046292368322610855, "Total Training Time": 6.120032072067261, "Average Time per Epoch": 5.970863342285156, "_wandb": {"runtime": 6}}