{"epoch": 13, "_timestamp": 1703299995.2225244, "loss": 0.011799244210124016, "root_mean_squared_error": 0.10862432420253754, "mean_absolute_percentage_error": 15256.1943359375, "mean_absolute_error": 0.06875424832105637, "val_loss": 0.00886609684675932, "val_root_mean_squared_error": 0.09415995329618454, "val_mean_absolute_percentage_error": 71481.875, "val_mean_absolute_error": 0.07073967903852463, "_runtime": 42.78658747673035, "_step": 14, "best_val_loss": 0.0076171583496034145, "best_epoch": 3, "Final MSE": 0.01615978218615055, "Final RMSE": 0.12712113559246063, "Final MAPE": 188803.0625, "Final MAE": 0.08527091890573502, "Total Training Time": 40.235970973968506, "Average Time per Epoch": 2.857911671910967, "_wandb": {"runtime": 40}}