{"epoch/loss": 0.01053212396800518, "epoch/mean_absolute_percentage_error": 62847.50390625, "epoch/mean_absolute_error": 0.07032498717308044, "epoch/val_loss": 0.0170854851603508, "epoch/val_mean_absolute_percentage_error": 81051.1015625, "epoch/val_mean_absolute_error": 0.09075260907411575, "epoch/epoch": 36, "epoch/learning_rate": 0.0010000000474974513, "_timestamp": 1700578252.2946746, "_runtime": 47.44258260726929, "_step": 36, "_wandb": {"runtime": 47}}