{"epoch": 19, "_timestamp": 1703896260.1017802, "loss": 0.003936439286917448, "root_mean_squared_error": 0.06274104863405228, "mean_absolute_percentage_error": 11363.955078125, "mean_absolute_error": 0.03461054712533951, "val_loss": 0.011547942645847797, "val_root_mean_squared_error": 0.1074613556265831, "val_mean_absolute_percentage_error": 133109.9375, "val_mean_absolute_error": 0.06252556294202805, "_runtime": 26.439845085144043, "_step": 20, "best_val_loss": 0.010255513712763786, "best_epoch": 9, "Final MSE": 0.01893932931125164, "Final RMSE": 0.1376202404499054, "Final MAPE": 66864.3125, "Final MAE": 0.07698545604944229, "Total Training Time": 25.073697566986084, "Average Time per Epoch": 1.2465436458587646, "_wandb": {"runtime": 25}}