{"epoch": 0, "_timestamp": 1703505839.747774, "loss": 0.02311861142516136, "root_mean_squared_error": 0.16959354281425476, "mean_absolute_percentage_error": 54147.796875, "mean_absolute_error": 0.12869806587696075, "val_loss": 0.03347376734018326, "val_root_mean_squared_error": 0.18295837938785553, "val_mean_absolute_percentage_error": 104144.1015625, "val_mean_absolute_error": 0.13814358413219452, "_runtime": 3.6889309883117676, "_step": 1, "best_val_loss": 0.03347376734018326, "best_epoch": 0, "Final MSE": 0.0737004354596138, "Final RMSE": 0.27147823572158813, "Final MAPE": 212097.84375, "Final MAE": 0.21962207555770874, "Total Training Time": 1.5870633125305176, "Average Time per Epoch": 1.485062599182129, "_wandb": {"runtime": 1}}