{"epoch": 0, "_timestamp": 1703560771.200797, "loss": 0.00887879729270935, "root_mean_squared_error": 0.09651429951190948, "mean_absolute_percentage_error": 13733.8662109375, "mean_absolute_error": 0.06338123232126236, "val_loss": 0.015132460743188858, "val_root_mean_squared_error": 0.12301407009363174, "val_mean_absolute_percentage_error": 36267.3671875, "val_mean_absolute_error": 0.08559189736843109, "_runtime": 3.779884099960327, "_step": 1, "best_val_loss": 0.015132460743188858, "best_epoch": 0, "Final MSE": 0.012662051245570183, "Final RMSE": 0.11252578347921371, "Final MAPE": 67396.421875, "Final MAE": 0.08021216094493866, "Total Training Time": 1.9293973445892334, "Average Time per Epoch": 1.818394422531128, "_wandb": {"runtime": 2}}