{"epoch": 14, "_timestamp": 1703094968.268329, "loss": 0.013143864460289478, "root_mean_squared_error": 0.11464669555425644, "mean_absolute_percentage_error": 5934.15966796875, "mean_absolute_error": 0.06717034429311752, "val_loss": 0.009897983632981777, "val_root_mean_squared_error": 0.09948860853910446, "val_mean_absolute_percentage_error": 247062.53125, "val_mean_absolute_error": 0.06303884088993073, "_runtime": 41.304358959198, "_step": 15, "best_val_loss": 0.007349278312176466, "best_epoch": 4, "Final MSE": 0.04091586545109749, "Final RMSE": 0.20227670669555664, "Final MAPE": 210480.515625, "Final MAE": 0.12797854840755463, "Total Training Time": 38.47103762626648, "Average Time per Epoch": 2.5528019110361737, "_wandb": {"runtime": 39}}