{"epoch": 34, "_timestamp": 1703119664.1398673, "loss": 0.008137362077832222, "root_mean_squared_error": 0.09020733088254929, "mean_absolute_percentage_error": 25952.23046875, "mean_absolute_error": 0.06320198625326157, "val_loss": 0.019828010350465775, "val_root_mean_squared_error": 0.1408119648694992, "val_mean_absolute_percentage_error": 78553.2578125, "val_mean_absolute_error": 0.10646776109933853, "_runtime": 241.58949041366577, "_step": 35, "best_val_loss": 0.018414614722132683, "best_epoch": 24, "Final MSE": 0.031988393515348434, "Final RMSE": 0.17885299026966095, "Final MAPE": 106666.1015625, "Final MAE": 0.13339242339134216, "Total Training Time": 239.18411707878113, "Average Time per Epoch": 6.819895097187588, "_wandb": {"runtime": 239}}