{"epoch": 12, "_timestamp": 1705581495.3219645, "loss": 0.0037499412428587675, "root_mean_squared_error": 0.06123676523566246, "mean_absolute_percentage_error": 237997.015625, "mean_absolute_error": 0.03433617949485779, "val_loss": 0.006626805290579796, "val_root_mean_squared_error": 0.08140519261360168, "val_mean_absolute_percentage_error": 38.25373840332031, "val_mean_absolute_error": 0.04567227512598038, "_runtime": 19.564579486846924, "_step": 13, "best_val_loss": 0.006251083686947823, "best_epoch": 2, "Final MSE": 0.008694110438227654, "Final RMSE": 0.09324221312999725, "Final MAPE": 175059.65625, "Final MAE": 0.06747524440288544, "Total Training Time": 17.310884714126587, "Average Time per Epoch": 1.3194691034463735, "_wandb": {"runtime": 17}}