{"epoch": 24, "_timestamp": 1703924545.9497113, "loss": 0.004773435182869434, "root_mean_squared_error": 0.06909005343914032, "mean_absolute_percentage_error": 63563.96484375, "mean_absolute_error": 0.033288877457380295, "val_loss": 0.006132194772362709, "val_root_mean_squared_error": 0.07830832898616791, "val_mean_absolute_percentage_error": 80779.9609375, "val_mean_absolute_error": 0.0499383881688118, "_runtime": 107.89715433120728, "_step": 25, "best_val_loss": 0.005769988987594843, "best_epoch": 14, "Final MSE": 0.013923958875238895, "Final RMSE": 0.11799982935190201, "Final MAPE": 174964.078125, "Final MAE": 0.0732223242521286, "Total Training Time": 105.56625652313232, "Average Time per Epoch": 4.211209316253662, "_wandb": {"runtime": 106}}