{"epoch": 25, "_timestamp": 1703653828.0720608, "loss": 0.003889747429639101, "root_mean_squared_error": 0.06236783787608147, "mean_absolute_percentage_error": 22541.54296875, "mean_absolute_error": 0.040637318044900894, "val_loss": 0.007485754322260618, "val_root_mean_squared_error": 0.086520254611969, "val_mean_absolute_percentage_error": 115906.40625, "val_mean_absolute_error": 0.057926926761865616, "_runtime": 39.98487186431885, "_step": 26, "best_val_loss": 0.006940376479178667, "best_epoch": 15, "Final MSE": 0.010646937415003777, "Final RMSE": 0.10318399965763092, "Final MAPE": 255736.25, "Final MAE": 0.07550054788589478, "Total Training Time": 37.69137096405029, "Average Time per Epoch": 1.4426826880528376, "_wandb": {"runtime": 38}}