{"epoch": 48, "_timestamp": 1703330908.0081277, "loss": 0.0071723684668540955, "root_mean_squared_error": 0.08468983322381973, "mean_absolute_percentage_error": 4210711.0, "mean_absolute_error": 0.04535239562392235, "val_loss": 0.014836200512945652, "val_root_mean_squared_error": 0.12180393934249878, "val_mean_absolute_percentage_error": 5920479.0, "val_mean_absolute_error": 0.06458444148302078, "_runtime": 114.18886971473694, "_step": 49, "best_val_loss": 0.012959386222064495, "best_epoch": 38, "Final MSE": 0.015193745493888855, "Final RMSE": 0.1232629120349884, "Final MAPE": 7818577.0, "Final MAE": 0.06247460097074509, "Total Training Time": 111.04306721687317, "Average Time per Epoch": 2.261756497986463, "_wandb": {"runtime": 112}}