{"epoch": 0, "_timestamp": 1703501785.265017, "loss": 0.003978066612035036, "root_mean_squared_error": 0.06485303491353989, "mean_absolute_percentage_error": 11509.2265625, "mean_absolute_error": 0.03084949590265751, "val_loss": 0.0038685263134539127, "val_root_mean_squared_error": 0.062197476625442505, "val_mean_absolute_percentage_error": 56916.31640625, "val_mean_absolute_error": 0.03639405965805054, "_runtime": 7.4774861335754395, "_step": 1, "best_val_loss": 0.0038685263134539127, "best_epoch": 0, "Final MSE": 0.00500923627987504, "Final RMSE": 0.07077595591545105, "Final MAPE": 47889.4453125, "Final MAE": 0.0410594716668129, "Total Training Time": 6.247645378112793, "Average Time per Epoch": 6.090644359588623, "_wandb": {"runtime": 6}}