{"epoch": 34, "_timestamp": 1703349081.0298383, "loss": 0.009953074157238007, "root_mean_squared_error": 0.09976509213447571, "mean_absolute_percentage_error": 8614520.0, "mean_absolute_error": 0.059281010180711746, "val_loss": 0.028629373759031296, "val_root_mean_squared_error": 0.16920216381549835, "val_mean_absolute_percentage_error": 24994902.0, "val_mean_absolute_error": 0.10559892654418945, "_runtime": 172.42251634597778, "_step": 35, "best_val_loss": 0.02641928195953369, "best_epoch": 24, "Final MSE": 0.030117196962237358, "Final RMSE": 0.1735430657863617, "Final MAPE": 40993584.0, "Final MAE": 0.11432240158319473, "Total Training Time": 170.3445589542389, "Average Time per Epoch": 4.8560872077941895, "_wandb": {"runtime": 170}}