{"epoch": 0, "_timestamp": 1703505512.4031792, "loss": 0.010449363850057125, "root_mean_squared_error": 0.10603027790784836, "mean_absolute_percentage_error": 122101.296875, "mean_absolute_error": 0.05055055767297745, "val_loss": 0.007354159373790026, "val_root_mean_squared_error": 0.08575639873743057, "val_mean_absolute_percentage_error": 133661.65625, "val_mean_absolute_error": 0.053112566471099854, "_runtime": 3.5640270709991455, "_step": 1, "best_val_loss": 0.007354159373790026, "best_epoch": 0, "Final MSE": 0.016886502504348755, "Final RMSE": 0.12994807958602905, "Final MAPE": 362761.53125, "Final MAE": 0.07409293204545975, "Total Training Time": 1.54756498336792, "Average Time per Epoch": 1.4480500221252441, "_wandb": {"runtime": 1}}