{"epoch": 43, "_timestamp": 1705603853.1715298, "loss": 0.006600039545446634, "root_mean_squared_error": 0.08124062418937683, "mean_absolute_percentage_error": 28459.04296875, "mean_absolute_error": 0.052449073642492294, "val_loss": 0.009664135985076427, "val_root_mean_squared_error": 0.0983063355088234, "val_mean_absolute_percentage_error": 21008.8203125, "val_mean_absolute_error": 0.07037000358104706, "_runtime": 151.10784077644348, "_step": 44, "best_val_loss": 0.009167749434709549, "best_epoch": 33, "Final MSE": 0.015354160219430923, "Final RMSE": 0.12391190230846405, "Final MAPE": 88798.953125, "Final MAE": 0.08505338430404663, "Total Training Time": 148.78180122375488, "Average Time per Epoch": 3.374283644286069, "_wandb": {"runtime": 149}}