{"epoch": 0, "_timestamp": 1703622331.5393412, "loss": 0.011099222116172314, "root_mean_squared_error": 0.11515726149082184, "mean_absolute_percentage_error": 62713.296875, "mean_absolute_error": 0.07884552329778671, "val_loss": 0.019049467518925667, "val_root_mean_squared_error": 0.13801981508731842, "val_mean_absolute_percentage_error": 155647.71875, "val_mean_absolute_error": 0.10522788017988205, "_runtime": 41.04893231391907, "_step": 1, "best_val_loss": 0.019049467518925667, "best_epoch": 0, "Final MSE": 0.027356406673789024, "Final RMSE": 0.16539771854877472, "Final MAPE": 327092.75, "Final MAE": 0.1222718358039856, "Total Training Time": 37.43035912513733, "Average Time per Epoch": 35.7161602973938, "_wandb": {"runtime": 37}}