{"epoch": 34, "_timestamp": 1703286309.2588573, "loss": 0.005963115952908993, "root_mean_squared_error": 0.07722121477127075, "mean_absolute_percentage_error": 7622.279296875, "mean_absolute_error": 0.04847819358110428, "val_loss": 0.008213939145207405, "val_root_mean_squared_error": 0.09063078463077545, "val_mean_absolute_percentage_error": 111019.96875, "val_mean_absolute_error": 0.0651596412062645, "_runtime": 47.00587725639343, "_step": 35, "best_val_loss": 0.006963146384805441, "best_epoch": 24, "Final MSE": 0.012165271677076817, "Final RMSE": 0.11029629409313202, "Final MAPE": 79601.140625, "Final MAE": 0.08348634093999863, "Total Training Time": 44.63438415527344, "Average Time per Epoch": 1.2699644020625522, "_wandb": {"runtime": 45}}