{"epoch": 22, "_timestamp": 1703174223.7102373, "loss": 0.005814029835164547, "root_mean_squared_error": 0.07624978572130203, "mean_absolute_percentage_error": 95760.6015625, "mean_absolute_error": 0.043566957116127014, "val_loss": 0.006610232405364513, "val_root_mean_squared_error": 0.08130333572626114, "val_mean_absolute_percentage_error": 23058.775390625, "val_mean_absolute_error": 0.052974883466959, "_runtime": 76.31397819519043, "_step": 23, "best_val_loss": 0.0065186466090381145, "best_epoch": 12, "Final MSE": 0.011994455009698868, "Final RMSE": 0.10951919853687286, "Final MAPE": 455592.125, "Final MAE": 0.07595833390951157, "Total Training Time": 73.92808294296265, "Average Time per Epoch": 3.2024446984995967, "_wandb": {"runtime": 74}}