{"epoch": 11, "_timestamp": 1703802500.8201056, "loss": 0.004519582260400057, "root_mean_squared_error": 0.06722784042358398, "mean_absolute_percentage_error": 51431.43359375, "mean_absolute_error": 0.03332866355776787, "val_loss": 0.005689995363354683, "val_root_mean_squared_error": 0.07543205469846725, "val_mean_absolute_percentage_error": 66772.7578125, "val_mean_absolute_error": 0.03766631335020065, "_runtime": 28.323383569717407, "_step": 12, "best_val_loss": 0.0055765616707503796, "best_epoch": 1, "Final MSE": 0.016094563528895378, "Final RMSE": 0.12686434388160706, "Final MAPE": 102809.4453125, "Final MAE": 0.06955700367689133, "Total Training Time": 24.215712308883667, "Average Time per Epoch": 2.0006727377573648, "_wandb": {"runtime": 24}}