{"epoch": 0, "_timestamp": 1703504884.5908608, "loss": 0.01045036781579256, "root_mean_squared_error": 0.10467042028903961, "mean_absolute_percentage_error": 128885.65625, "mean_absolute_error": 0.06600911170244217, "val_loss": 0.008209853433072567, "val_root_mean_squared_error": 0.09060824662446976, "val_mean_absolute_percentage_error": 50695.36328125, "val_mean_absolute_error": 0.06898391991853714, "_runtime": 3.7395007610321045, "_step": 1, "best_val_loss": 0.008209853433072567, "best_epoch": 0, "Final MSE": 0.014502591453492641, "Final RMSE": 0.120426706969738, "Final MAPE": 718409.1875, "Final MAE": 0.08484040945768356, "Total Training Time": 1.547536849975586, "Average Time per Epoch": 1.4475083351135254, "_wandb": {"runtime": 1}}