{"epoch": 20, "_timestamp": 1705586120.877414, "loss": 0.005564862862229347, "root_mean_squared_error": 0.07459800690412521, "mean_absolute_percentage_error": 14761.728515625, "mean_absolute_error": 0.04825843498110771, "val_loss": 0.01576332189142704, "val_root_mean_squared_error": 0.12555207312107086, "val_mean_absolute_percentage_error": 34932.18359375, "val_mean_absolute_error": 0.0780903697013855, "_runtime": 55.43058896064758, "_step": 21, "best_val_loss": 0.015474611893296242, "best_epoch": 10, "Final MSE": 0.019693544134497643, "Final RMSE": 0.14033368229866028, "Final MAPE": 35249.19921875, "Final MAE": 0.09058528393507004, "Total Training Time": 53.629151821136475, "Average Time per Epoch": 2.541650170371646, "_wandb": {"runtime": 54}}