{"epoch": 63, "_timestamp": 1703085499.4252772, "loss": 0.007386647630482912, "root_mean_squared_error": 0.08594560623168945, "mean_absolute_percentage_error": 127630.40625, "mean_absolute_error": 0.05818767473101616, "val_loss": 0.00936032086610794, "val_root_mean_squared_error": 0.09674875438213348, "val_mean_absolute_percentage_error": 43252.671875, "val_mean_absolute_error": 0.06201954558491707, "_runtime": 170.5319173336029, "_step": 64, "best_val_loss": 0.00898232962936163, "best_epoch": 53, "Final MSE": 0.022911397740244865, "Final RMSE": 0.15136511623859406, "Final MAPE": 301656.78125, "Final MAE": 0.08443581312894821, "Total Training Time": 167.61625981330872, "Average Time per Epoch": 2.614339780062437, "_wandb": {"runtime": 168}}