{"epoch": 15, "_timestamp": 1703654839.6257956, "loss": 0.008208525367081165, "root_mean_squared_error": 0.09060091525316238, "mean_absolute_percentage_error": 7054.88720703125, "mean_absolute_error": 0.05402592569589615, "val_loss": 0.014649244025349617, "val_root_mean_squared_error": 0.12103406339883804, "val_mean_absolute_percentage_error": 61529.1328125, "val_mean_absolute_error": 0.07289517670869827, "_runtime": 44.306973695755005, "_step": 16, "best_val_loss": 0.01268045324832201, "best_epoch": 5, "Final MSE": 0.02569601871073246, "Final RMSE": 0.16029977798461914, "Final MAPE": 32807.13671875, "Final MAE": 0.11061412841081619, "Total Training Time": 24.10619330406189, "Average Time per Epoch": 1.4961996376514435, "_wandb": {"runtime": 24}}