{"epoch": 37, "_timestamp": 1703108789.0530193, "loss": 0.005875764414668083, "root_mean_squared_error": 0.07665353268384933, "mean_absolute_percentage_error": 77166.3359375, "mean_absolute_error": 0.044996846467256546, "val_loss": 0.03038809634745121, "val_root_mean_squared_error": 0.17432181537151337, "val_mean_absolute_percentage_error": 22986.740234375, "val_mean_absolute_error": 0.11678728461265564, "_runtime": 438.9910283088684, "_step": 38, "best_val_loss": 0.024330107495188713, "best_epoch": 27, "Final MSE": 0.04881654307246208, "Final RMSE": 0.22094465792179108, "Final MAPE": 152403.34375, "Final MAE": 0.15656523406505585, "Total Training Time": 436.43144965171814, "Average Time per Epoch": 11.466080119735317, "_wandb": {"runtime": 437}}