{"epoch": 51, "_timestamp": 1703765481.411434, "loss": 0.01327992882579565, "root_mean_squared_error": 0.11523857712745667, "mean_absolute_percentage_error": 87805.0625, "mean_absolute_error": 0.06517951935529709, "val_loss": 0.023829353973269463, "val_root_mean_squared_error": 0.154367595911026, "val_mean_absolute_percentage_error": 25215.7890625, "val_mean_absolute_error": 0.0645885169506073, "_runtime": 317.2652099132538, "_step": 52, "best_val_loss": 0.02093583531677723, "best_epoch": 41, "Final MSE": 0.04369068518280983, "Final RMSE": 0.20902316272258759, "Final MAPE": 314292.78125, "Final MAE": 0.1172923892736435, "Total Training Time": 315.814626455307, "Average Time per Epoch": 6.063515493502984, "_wandb": {"runtime": 316}}