{"epoch": 16, "_timestamp": 1703286684.935769, "loss": 0.0071861925534904, "root_mean_squared_error": 0.08477141708135605, "mean_absolute_percentage_error": 12741.15234375, "mean_absolute_error": 0.05316596478223801, "val_loss": 0.019051499664783478, "val_root_mean_squared_error": 0.13802717626094818, "val_mean_absolute_percentage_error": 39451.62890625, "val_mean_absolute_error": 0.08258088678121567, "_runtime": 24.733882188796997, "_step": 17, "best_val_loss": 0.01701354794204235, "best_epoch": 6, "Final MSE": 0.022443294525146484, "Final RMSE": 0.14981086552143097, "Final MAPE": 306579.46875, "Final MAE": 0.10552999377250671, "Total Training Time": 22.54506230354309, "Average Time per Epoch": 1.3166503766003776, "_wandb": {"runtime": 22}}