{"epoch": 14, "_timestamp": 1703645882.8885045, "loss": 0.004270392935723066, "root_mean_squared_error": 0.06534824520349503, "mean_absolute_percentage_error": 17682.2734375, "mean_absolute_error": 0.04576205089688301, "val_loss": 0.009554761461913586, "val_root_mean_squared_error": 0.09774845838546753, "val_mean_absolute_percentage_error": 74293.59375, "val_mean_absolute_error": 0.07855601608753204, "_runtime": 40.954896450042725, "_step": 15, "best_val_loss": 0.007796312216669321, "best_epoch": 4, "Final MSE": 0.012974556535482407, "Final RMSE": 0.11390591412782669, "Final MAPE": 223621.625, "Final MAE": 0.08908435702323914, "Total Training Time": 38.8390371799469, "Average Time per Epoch": 2.5748692830403646, "_wandb": {"runtime": 39}}