{"epoch": 35, "_timestamp": 1705620149.689129, "loss": 0.007080886512994766, "root_mean_squared_error": 0.08414800465106964, "mean_absolute_percentage_error": 28901.564453125, "mean_absolute_error": 0.05433417111635208, "val_loss": 0.010253326036036015, "val_root_mean_squared_error": 0.10125871002674103, "val_mean_absolute_percentage_error": 48499.7578125, "val_mean_absolute_error": 0.07480475306510925, "_runtime": 49.9247031211853, "_step": 36, "best_val_loss": 0.009308934211730957, "best_epoch": 25, "Final MSE": 0.01628129556775093, "Final RMSE": 0.12759818136692047, "Final MAPE": 108409.6953125, "Final MAE": 0.09119881689548492, "Total Training Time": 44.78298497200012, "Average Time per Epoch": 1.2388150956895616, "_wandb": {"runtime": 45}}