{"epoch": 35, "_timestamp": 1703908838.9191506, "loss": 0.0052825636230409145, "root_mean_squared_error": 0.0726812481880188, "mean_absolute_percentage_error": 28421.724609375, "mean_absolute_error": 0.04552138224244118, "val_loss": 0.00823969766497612, "val_root_mean_squared_error": 0.09077277779579163, "val_mean_absolute_percentage_error": 31029.46484375, "val_mean_absolute_error": 0.05370957776904106, "_runtime": 100.26117968559265, "_step": 36, "best_val_loss": 0.007709929719567299, "best_epoch": 25, "Final MSE": 0.01022401824593544, "Final RMSE": 0.10111388564109802, "Final MAPE": 96531.953125, "Final MAE": 0.06016463041305542, "Total Training Time": 98.69237661361694, "Average Time per Epoch": 2.7343664699130588, "_wandb": {"runtime": 99}}