{"epoch": 39, "_timestamp": 1703892167.2408006, "loss": 0.0067418767139315605, "root_mean_squared_error": 0.08210892975330353, "mean_absolute_percentage_error": 16307.8125, "mean_absolute_error": 0.05407773330807686, "val_loss": 0.011915164068341255, "val_root_mean_squared_error": 0.10915660113096237, "val_mean_absolute_percentage_error": 62075.87890625, "val_mean_absolute_error": 0.07635188847780228, "_runtime": 32.24919772148132, "_step": 40, "best_val_loss": 0.011633213609457016, "best_epoch": 29, "Final MSE": 0.02027769945561886, "Final RMSE": 0.14239978790283203, "Final MAPE": 109261.2265625, "Final MAE": 0.10076800733804703, "Total Training Time": 30.00724744796753, "Average Time per Epoch": 0.7456766307353974, "_wandb": {"runtime": 30}}