{"epoch": 16, "_timestamp": 1703099561.933571, "loss": 0.015076871030032635, "root_mean_squared_error": 0.12278792262077332, "mean_absolute_percentage_error": 14671.1484375, "mean_absolute_error": 0.07289779931306839, "val_loss": 0.009635190479457378, "val_root_mean_squared_error": 0.09815900027751923, "val_mean_absolute_percentage_error": 92521.7421875, "val_mean_absolute_error": 0.07311214506626129, "_runtime": 36.979225158691406, "_step": 17, "best_val_loss": 0.009098110720515251, "best_epoch": 6, "Final MSE": 0.021786214783787727, "Final RMSE": 0.14760152995586395, "Final MAPE": 92591.28125, "Final MAE": 0.09781339764595032, "Total Training Time": 13.198325872421265, "Average Time per Epoch": 0.7689446000491872, "_wandb": {"runtime": 13}}