{"epoch": 20, "_timestamp": 1705579925.7849376, "loss": 0.00467950152233243, "root_mean_squared_error": 0.06840687990188599, "mean_absolute_percentage_error": 8970.1845703125, "mean_absolute_error": 0.037791334092617035, "val_loss": 0.008916527032852173, "val_root_mean_squared_error": 0.09442736208438873, "val_mean_absolute_percentage_error": 26065.404296875, "val_mean_absolute_error": 0.05859357863664627, "_runtime": 29.413987636566162, "_step": 21, "best_val_loss": 0.008123581297695637, "best_epoch": 10, "Final MSE": 0.010293243452906609, "Final RMSE": 0.10145562142133713, "Final MAPE": 32820.84765625, "Final MAE": 0.07305717468261719, "Total Training Time": 26.985080003738403, "Average Time per Epoch": 1.276924042474656, "_wandb": {"runtime": 27}}