{"epoch": 0, "_timestamp": 1703787261.4773521, "loss": 0.013929488137364388, "root_mean_squared_error": 0.12922269105911255, "mean_absolute_percentage_error": 103291.1953125, "mean_absolute_error": 0.07423591613769531, "val_loss": 0.010938768275082111, "val_root_mean_squared_error": 0.1045885682106018, "val_mean_absolute_percentage_error": 42748.25390625, "val_mean_absolute_error": 0.07196581363677979, "_runtime": 38.63755226135254, "_step": 1, "best_val_loss": 0.010938768275082111, "best_epoch": 0, "Final MSE": 0.022686675190925598, "Final RMSE": 0.1506209671497345, "Final MAPE": 130007.53125, "Final MAE": 0.10163114964962006, "Total Training Time": 37.283021450042725, "Average Time per Epoch": 35.592768907547, "_wandb": {"runtime": 37}}