{"epoch": 0, "_timestamp": 1703760901.134287, "loss": 0.00958771351724863, "root_mean_squared_error": 0.10717028379440308, "mean_absolute_percentage_error": 98493.34375, "mean_absolute_error": 0.07186006009578705, "val_loss": 0.008824318647384644, "val_root_mean_squared_error": 0.09393784403800964, "val_mean_absolute_percentage_error": 26187.220703125, "val_mean_absolute_error": 0.059396885335445404, "_runtime": 7.405686140060425, "_step": 1, "best_val_loss": 0.008824318647384644, "best_epoch": 0, "Final MSE": 0.025128819048404694, "Final RMSE": 0.15852072834968567, "Final MAPE": 303368.5, "Final MAE": 0.11081033200025558, "Total Training Time": 6.254333734512329, "Average Time per Epoch": 6.068799018859863, "_wandb": {"runtime": 6}}