{"epoch": 25, "_timestamp": 1703925325.7461734, "loss": 0.005564343184232712, "root_mean_squared_error": 0.07459452748298645, "mean_absolute_percentage_error": 134398.421875, "mean_absolute_error": 0.04588616266846657, "val_loss": 0.012415379285812378, "val_root_mean_squared_error": 0.11142431944608688, "val_mean_absolute_percentage_error": 473762.96875, "val_mean_absolute_error": 0.0686270147562027, "_runtime": 105.05212545394897, "_step": 26, "best_val_loss": 0.011469127610325813, "best_epoch": 15, "Final MSE": 0.02769460901618004, "Final RMSE": 0.1664169728755951, "Final MAPE": 647881.5625, "Final MAE": 0.11513514816761017, "Total Training Time": 102.6623044013977, "Average Time per Epoch": 3.9363698959350586, "_wandb": {"runtime": 103}}