{"epoch": 0, "_timestamp": 1703502383.7734444, "loss": 0.005381444469094276, "root_mean_squared_error": 0.07962555438280106, "mean_absolute_percentage_error": 100342.75, "mean_absolute_error": 0.038747258484363556, "val_loss": 0.005932585336267948, "val_root_mean_squared_error": 0.07702327519655228, "val_mean_absolute_percentage_error": 108965.1328125, "val_mean_absolute_error": 0.04655313491821289, "_runtime": 7.392281532287598, "_step": 1, "best_val_loss": 0.005932585336267948, "best_epoch": 0, "Final MSE": 0.012959528714418411, "Final RMSE": 0.11383992433547974, "Final MAPE": 263247.125, "Final MAE": 0.06546539068222046, "Total Training Time": 6.260657787322998, "Average Time per Epoch": 6.10261607170105, "_wandb": {"runtime": 6}}