{"epoch": 67, "_timestamp": 1703843310.2253017, "loss": 0.007978635840117931, "root_mean_squared_error": 0.08932320773601532, "mean_absolute_percentage_error": 14955.2587890625, "mean_absolute_error": 0.05726439133286476, "val_loss": 0.013022713363170624, "val_root_mean_squared_error": 0.1141171008348465, "val_mean_absolute_percentage_error": 30437.099609375, "val_mean_absolute_error": 0.08002490550279617, "_runtime": 155.43718576431274, "_step": 68, "best_val_loss": 0.012046798132359982, "best_epoch": 57, "Final MSE": 0.02224740758538246, "Final RMSE": 0.1491556465625763, "Final MAPE": 123175.640625, "Final MAE": 0.10347727686166763, "Total Training Time": 152.88156914710999, "Average Time per Epoch": 2.243387930533465, "_wandb": {"runtime": 153}}