{"epoch": 41, "_timestamp": 1703908611.1582751, "loss": 0.006817978341132402, "root_mean_squared_error": 0.08257105201482773, "mean_absolute_percentage_error": 32223.015625, "mean_absolute_error": 0.04571032524108887, "val_loss": 0.012917017564177513, "val_root_mean_squared_error": 0.11365305632352829, "val_mean_absolute_percentage_error": 511484.875, "val_mean_absolute_error": 0.061886925250291824, "_runtime": 116.57952809333801, "_step": 42, "best_val_loss": 0.012744398787617683, "best_epoch": 31, "Final MSE": 0.019812311977148056, "Final RMSE": 0.14075621962547302, "Final MAPE": 57684.40625, "Final MAE": 0.09097302705049515, "Total Training Time": 114.11112332344055, "Average Time per Epoch": 2.7118854579471408, "_wandb": {"runtime": 114}}