{"epoch": 24, "_timestamp": 1702645991.273064, "loss": 0.008772976696491241, "root_mean_squared_error": 0.09366416931152344, "mean_absolute_percentage_error": 26065.126953125, "mean_absolute_error": 0.05439132824540138, "val_loss": 0.010397052392363548, "val_root_mean_squared_error": 0.10196593403816223, "val_mean_absolute_percentage_error": 30633186.0, "val_mean_absolute_error": 0.07195659726858139, "_runtime": 59.99385595321655, "_step": 25, "best_val_loss": 0.008582940325140953, "best_epoch": 14, "Final MSE": 0.016237108036875725, "Final RMSE": 0.1274249106645584, "Final MAPE": 55916.7265625, "Final MAE": 0.07673849910497665, "Total Training Time": 57.81713581085205, "Average Time per Epoch": 2.3021520614624023, "_wandb": {"runtime": 58}}