{"epoch": 17, "_timestamp": 1703762919.2642555, "loss": 0.01506043504923582, "root_mean_squared_error": 0.12272097170352936, "mean_absolute_percentage_error": 13238.404296875, "mean_absolute_error": 0.0730510726571083, "val_loss": 0.00974924024194479, "val_root_mean_squared_error": 0.09873823821544647, "val_mean_absolute_percentage_error": 93545.9921875, "val_mean_absolute_error": 0.07430621981620789, "_runtime": 15.432511568069458, "_step": 18, "best_val_loss": 0.00935928151011467, "best_epoch": 7, "Final MSE": 0.021782027557492256, "Final RMSE": 0.1475873589515686, "Final MAPE": 94657.2734375, "Final MAE": 0.09818629175424576, "Total Training Time": 13.295002222061157, "Average Time per Epoch": 0.7305318514506022, "_wandb": {"runtime": 13}}