{"epoch": 32, "_timestamp": 1703848165.2856948, "loss": 0.00926071498543024, "root_mean_squared_error": 0.09623260796070099, "mean_absolute_percentage_error": 33660.546875, "mean_absolute_error": 0.06339732557535172, "val_loss": 0.016049852594733238, "val_root_mean_squared_error": 0.12668801844120026, "val_mean_absolute_percentage_error": 52834.41015625, "val_mean_absolute_error": 0.08319882303476334, "_runtime": 80.06395387649536, "_step": 33, "best_val_loss": 0.015755726024508476, "best_epoch": 22, "Final MSE": 0.028774933889508247, "Final RMSE": 0.16963176429271698, "Final MAPE": 115454.3515625, "Final MAE": 0.12409905344247818, "Total Training Time": 78.38729286193848, "Average Time per Epoch": 2.3688742753231162, "_wandb": {"runtime": 79}}