{"epoch": 13, "_timestamp": 1703196887.641565, "loss": 0.023243596777319908, "root_mean_squared_error": 0.15245851874351501, "mean_absolute_percentage_error": 96286.9765625, "mean_absolute_error": 0.11792436987161636, "val_loss": 0.023465046659111977, "val_root_mean_squared_error": 0.15318304300308228, "val_mean_absolute_percentage_error": 166159.734375, "val_mean_absolute_error": 0.10816829651594162, "_runtime": 13.546176195144653, "_step": 14, "best_val_loss": 0.023318154737353325, "best_epoch": 3, "Final MSE": 0.05380580946803093, "Final RMSE": 0.23196081817150116, "Final MAPE": 338867.09375, "Final MAE": 0.19263283908367157, "Total Training Time": 11.350748777389526, "Average Time per Epoch": 0.8019098384039742, "_wandb": {"runtime": 11}}