{"epoch": 0, "_timestamp": 1703710770.6630478, "loss": 0.03089459426701069, "root_mean_squared_error": 0.18508169054985046, "mean_absolute_percentage_error": 36002932.0, "mean_absolute_error": 0.121639184653759, "val_loss": 0.04057314246892929, "val_root_mean_squared_error": 0.20142775774002075, "val_mean_absolute_percentage_error": 31359132.0, "val_mean_absolute_error": 0.1273236870765686, "_runtime": 28.604103803634644, "_step": 1, "best_val_loss": 0.04057314246892929, "best_epoch": 0, "Final MSE": 0.055243127048015594, "Final RMSE": 0.23503856360912323, "Final MAPE": 41656544.0, "Final MAE": 0.14476877450942993, "Total Training Time": 27.364116191864014, "Average Time per Epoch": 26.17706871032715, "_wandb": {"runtime": 27}}