{"epoch": 0, "_timestamp": 1703502922.685949, "loss": 0.009080768562853336, "root_mean_squared_error": 0.10771024972200394, "mean_absolute_percentage_error": 51185.15625, "mean_absolute_error": 0.07140786945819855, "val_loss": 0.01719813607633114, "val_root_mean_squared_error": 0.13114166259765625, "val_mean_absolute_percentage_error": 61720.328125, "val_mean_absolute_error": 0.09064226597547531, "_runtime": 7.829859018325806, "_step": 1, "best_val_loss": 0.01719813607633114, "best_epoch": 0, "Final MSE": 0.02998022362589836, "Final RMSE": 0.17314797639846802, "Final MAPE": 159326.265625, "Final MAE": 0.13186857104301453, "Total Training Time": 6.617042064666748, "Average Time per Epoch": 6.424011945724487, "_wandb": {"runtime": 6}}