{"epoch": 20, "_timestamp": 1703453423.7449377, "loss": 0.007454741280525923, "root_mean_squared_error": 0.08634084463119507, "mean_absolute_percentage_error": 8398921.0, "mean_absolute_error": 0.05047674849629402, "val_loss": 0.009299423545598984, "val_root_mean_squared_error": 0.09643352031707764, "val_mean_absolute_percentage_error": 25539724.0, "val_mean_absolute_error": 0.07220184803009033, "_runtime": 58.052326679229736, "_step": 21, "best_val_loss": 0.008567742072045803, "best_epoch": 10, "Final MSE": 0.008902172558009624, "Final RMSE": 0.09435132145881653, "Final MAPE": 23538050.0, "Final MAE": 0.06435369700193405, "Total Training Time": 55.493762493133545, "Average Time per Epoch": 2.6318275701432, "_wandb": {"runtime": 56}}