{"epoch": 0, "_timestamp": 1703814887.5551662, "loss": 0.008996647782623768, "root_mean_squared_error": 0.1023591160774231, "mean_absolute_percentage_error": 91758.953125, "mean_absolute_error": 0.06827617436647415, "val_loss": 0.006936533376574516, "val_root_mean_squared_error": 0.083285853266716, "val_mean_absolute_percentage_error": 53069.62890625, "val_mean_absolute_error": 0.05801653116941452, "_runtime": 3.6411001682281494, "_step": 1, "best_val_loss": 0.006936533376574516, "best_epoch": 0, "Final MSE": 0.020075852051377296, "Final RMSE": 0.14168928563594818, "Final MAPE": 269375.1875, "Final MAE": 0.10326258838176727, "Total Training Time": 1.836700201034546, "Average Time per Epoch": 1.7158477306365967, "_wandb": {"runtime": 2}}