{"epoch": 48, "_timestamp": 1703153535.8290942, "loss": 0.0076151154935359955, "root_mean_squared_error": 0.08726462721824646, "mean_absolute_percentage_error": 10556.05859375, "mean_absolute_error": 0.05796528980135918, "val_loss": 0.014251052401959896, "val_root_mean_squared_error": 0.11937776952981949, "val_mean_absolute_percentage_error": 18281.00390625, "val_mean_absolute_error": 0.08126262575387955, "_runtime": 64.7473452091217, "_step": 49, "best_val_loss": 0.01281414832919836, "best_epoch": 38, "Final MSE": 0.013276206329464912, "Final RMSE": 0.11522242426872253, "Final MAPE": 19799.66796875, "Final MAE": 0.07613790035247803, "Total Training Time": 61.37141466140747, "Average Time per Epoch": 1.2482738835471017, "_wandb": {"runtime": 61}}