{"epoch": 39, "_timestamp": 1703526404.4522443, "loss": 0.00893048569560051, "root_mean_squared_error": 0.09450124949216843, "mean_absolute_percentage_error": 1926.578857421875, "mean_absolute_error": 0.06391597539186478, "val_loss": 0.027012323960661888, "val_root_mean_squared_error": 0.16435426473617554, "val_mean_absolute_percentage_error": 36987.52734375, "val_mean_absolute_error": 0.11124256998300552, "_runtime": 395.2831132411957, "_step": 40, "best_val_loss": 0.02585267648100853, "best_epoch": 29, "Final MSE": 0.024929216131567955, "Final RMSE": 0.15788988769054413, "Final MAPE": 58174.5859375, "Final MAE": 0.1095757931470871, "Total Training Time": 392.526638507843, "Average Time per Epoch": 9.797267830371856, "_wandb": {"runtime": 393}}