{"epoch": 26, "_timestamp": 1703586213.690651, "loss": 0.00983608327805996, "root_mean_squared_error": 0.0991770327091217, "mean_absolute_percentage_error": 10765.4853515625, "mean_absolute_error": 0.05757564306259155, "val_loss": 0.008619562722742558, "val_root_mean_squared_error": 0.09284160286188126, "val_mean_absolute_percentage_error": 7843.97998046875, "val_mean_absolute_error": 0.06042741239070892, "_runtime": 67.6487238407135, "_step": 27, "best_val_loss": 0.007952474988996983, "best_epoch": 16, "Final MSE": 0.017039498314261436, "Final RMSE": 0.13053542375564575, "Final MAPE": 76373.609375, "Final MAE": 0.08481740206480026, "Total Training Time": 65.62724161148071, "Average Time per Epoch": 2.4232372884397155, "_wandb": {"runtime": 66}}