{"epoch": 29, "_timestamp": 1705581179.011214, "loss": 0.006004577036947012, "root_mean_squared_error": 0.0774892047047615, "mean_absolute_percentage_error": 107069.8359375, "mean_absolute_error": 0.043150898069143295, "val_loss": 0.006116819102317095, "val_root_mean_squared_error": 0.07821009308099747, "val_mean_absolute_percentage_error": 30710.916015625, "val_mean_absolute_error": 0.05211169272661209, "_runtime": 40.86337995529175, "_step": 30, "best_val_loss": 0.005311224609613419, "best_epoch": 19, "Final MSE": 0.0108543261885643, "Final RMSE": 0.1041840985417366, "Final MAPE": 437185.65625, "Final MAE": 0.07008904218673706, "Total Training Time": 38.639270305633545, "Average Time per Epoch": 1.2818467299143472, "_wandb": {"runtime": 39}}