{"epoch": 14, "_timestamp": 1703149170.2079673, "loss": 0.007473615929484367, "root_mean_squared_error": 0.08645007759332657, "mean_absolute_percentage_error": 36641.6953125, "mean_absolute_error": 0.055652011185884476, "val_loss": 0.010057536885142326, "val_root_mean_squared_error": 0.10028727352619171, "val_mean_absolute_percentage_error": 28682.796875, "val_mean_absolute_error": 0.07658369094133377, "_runtime": 14.637268304824829, "_step": 15, "best_val_loss": 0.009255979210138321, "best_epoch": 4, "Final MSE": 0.015267975628376007, "Final RMSE": 0.12356364727020264, "Final MAPE": 158796.1875, "Final MAE": 0.09078836441040039, "Total Training Time": 12.351337194442749, "Average Time per Epoch": 0.8151734828948974, "_wandb": {"runtime": 12}}