{"epoch": 30, "_timestamp": 1703159521.9094496, "loss": 0.004466556012630463, "root_mean_squared_error": 0.0668322965502739, "mean_absolute_percentage_error": 6562.111328125, "mean_absolute_error": 0.036605000495910645, "val_loss": 0.00811415258795023, "val_root_mean_squared_error": 0.09007859230041504, "val_mean_absolute_percentage_error": 29992.873046875, "val_mean_absolute_error": 0.05532315745949745, "_runtime": 69.88894367218018, "_step": 31, "best_val_loss": 0.007631727959960699, "best_epoch": 20, "Final MSE": 0.008795436471700668, "Final RMSE": 0.09378398954868317, "Final MAPE": 57688.54296875, "Final MAE": 0.06115546450018883, "Total Training Time": 67.41767740249634, "Average Time per Epoch": 2.167738322288759, "_wandb": {"runtime": 67}}