{"epoch": 0, "_timestamp": 1703627000.410199, "loss": 0.010179652832448483, "root_mean_squared_error": 0.10515379905700684, "mean_absolute_percentage_error": 54278.7265625, "mean_absolute_error": 0.07743702083826065, "val_loss": 0.013728439807891846, "val_root_mean_squared_error": 0.11716842651367188, "val_mean_absolute_percentage_error": 128467.5625, "val_mean_absolute_error": 0.08864421397447586, "_runtime": 44.61322593688965, "_step": 1, "best_val_loss": 0.013728439807891846, "best_epoch": 0, "Final MSE": 0.016450241208076477, "Final RMSE": 0.12825849652290344, "Final MAPE": 263737.9375, "Final MAE": 0.09578560292720795, "Total Training Time": 43.26104545593262, "Average Time per Epoch": 41.23006796836853, "_wandb": {"runtime": 43}}