{"epoch": 0, "_timestamp": 1703536121.8839118, "loss": 0.008352633565664291, "root_mean_squared_error": 0.09830270707607269, "mean_absolute_percentage_error": 103997.8828125, "mean_absolute_error": 0.0538325160741806, "val_loss": 0.011326228268444538, "val_root_mean_squared_error": 0.10642475634813309, "val_mean_absolute_percentage_error": 31552.958984375, "val_mean_absolute_error": 0.053776320070028305, "_runtime": 20.393125772476196, "_step": 1, "best_val_loss": 0.011326228268444538, "best_epoch": 0, "Final MSE": 0.018956484273076057, "Final RMSE": 0.13768254220485687, "Final MAPE": 195388.671875, "Final MAE": 0.07135415822267532, "Total Training Time": 18.882801294326782, "Average Time per Epoch": 18.1145076751709, "_wandb": {"runtime": 19}}