{"epoch": 0, "_timestamp": 1703762250.9224298, "loss": 0.006826454773545265, "root_mean_squared_error": 0.09207561612129211, "mean_absolute_percentage_error": 30713.4375, "mean_absolute_error": 0.05980033800005913, "val_loss": 0.01244909968227148, "val_root_mean_squared_error": 0.11157553642988205, "val_mean_absolute_percentage_error": 41718.24609375, "val_mean_absolute_error": 0.0707872211933136, "_runtime": 7.32613468170166, "_step": 1, "best_val_loss": 0.01244909968227148, "best_epoch": 0, "Final MSE": 0.020804928615689278, "Final RMSE": 0.144239142537117, "Final MAPE": 96163.0, "Final MAE": 0.10096016526222229, "Total Training Time": 6.181289911270142, "Average Time per Epoch": 6.00890851020813, "_wandb": {"runtime": 6}}