{"epoch": 52, "_timestamp": 1703445630.8626726, "loss": 0.007821427658200264, "root_mean_squared_error": 0.08843883872032166, "mean_absolute_percentage_error": 10065409.0, "mean_absolute_error": 0.05242113769054413, "val_loss": 0.010595850646495819, "val_root_mean_squared_error": 0.10293614864349365, "val_mean_absolute_percentage_error": 11653606.0, "val_mean_absolute_error": 0.05966953560709953, "_runtime": 67.62145757675171, "_step": 53, "best_val_loss": 0.0104855727404356, "best_epoch": 42, "Final MSE": 0.013921789824962616, "Final RMSE": 0.1179906353354454, "Final MAPE": 19813430.0, "Final MAE": 0.07037176191806793, "Total Training Time": 65.34732747077942, "Average Time per Epoch": 1.2290811268788464, "_wandb": {"runtime": 65}}