{"epoch": 16, "_timestamp": 1703676355.0267265, "loss": 0.06269381195306778, "root_mean_squared_error": 0.2503872811794281, "mean_absolute_percentage_error": 79137920.0, "mean_absolute_error": 0.20015446841716766, "val_loss": 0.06344278901815414, "val_root_mean_squared_error": 0.2518784999847412, "val_mean_absolute_percentage_error": 85541280.0, "val_mean_absolute_error": 0.20057085156440735, "_runtime": 14.519713401794434, "_step": 17, "best_val_loss": 0.06342095881700516, "best_epoch": 6, "Final MSE": 0.062207452952861786, "Final RMSE": 0.24941422045230865, "Final MAPE": 94829792.0, "Final MAE": 0.1972682774066925, "Total Training Time": 12.413054704666138, "Average Time per Epoch": 0.7228009981267592, "_wandb": {"runtime": 12}}