{"epoch": 19, "_timestamp": 1703635208.4605978, "loss": 0.01173049584031105, "root_mean_squared_error": 0.10830741375684738, "mean_absolute_percentage_error": 16179.5458984375, "mean_absolute_error": 0.06892216205596924, "val_loss": 0.008028610609471798, "val_root_mean_squared_error": 0.0896025151014328, "val_mean_absolute_percentage_error": 75490.3671875, "val_mean_absolute_error": 0.06476809084415436, "_runtime": 41.035499811172485, "_step": 20, "best_val_loss": 0.007880643010139465, "best_epoch": 9, "Final MSE": 0.016191251575946808, "Final RMSE": 0.12724484503269196, "Final MAPE": 187052.328125, "Final MAE": 0.08368965983390808, "Total Training Time": 38.55626940727234, "Average Time per Epoch": 1.9190738677978516, "_wandb": {"runtime": 39}}