{"epoch": 15, "_timestamp": 1705579017.153596, "loss": 0.014758802019059658, "root_mean_squared_error": 0.12148580700159073, "mean_absolute_percentage_error": 16253.1640625, "mean_absolute_error": 0.07515253871679306, "val_loss": 0.010317308828234673, "val_root_mean_squared_error": 0.10157415270805359, "val_mean_absolute_percentage_error": 24670.0859375, "val_mean_absolute_error": 0.06448686122894287, "_runtime": 23.147153854370117, "_step": 16, "best_val_loss": 0.008744936436414719, "best_epoch": 5, "Final MSE": 0.0162581205368042, "Final RMSE": 0.12750732898712158, "Final MAPE": 118736.3046875, "Final MAE": 0.08480201661586761, "Total Training Time": 20.929445505142212, "Average Time per Epoch": 1.2979838252067566, "_wandb": {"runtime": 21}}