{"epoch": 19, "_timestamp": 1703116519.3448071, "loss": 0.006006065756082535, "root_mean_squared_error": 0.07749880850315094, "mean_absolute_percentage_error": 34289.4453125, "mean_absolute_error": 0.04831043258309364, "val_loss": 0.015493244864046574, "val_root_mean_squared_error": 0.12447186559438705, "val_mean_absolute_percentage_error": 85642.6953125, "val_mean_absolute_error": 0.07430083304643631, "_runtime": 226.99659609794617, "_step": 20, "best_val_loss": 0.013313871808350086, "best_epoch": 9, "Final MSE": 0.029102686792612076, "Final RMSE": 0.17059509456157684, "Final MAPE": 52382.7578125, "Final MAE": 0.09437938779592514, "Total Training Time": 224.60146951675415, "Average Time per Epoch": 11.1969646692276, "_wandb": {"runtime": 225}}