{"epoch": 29, "_timestamp": 1703281327.340214, "loss": 0.010885118506848812, "root_mean_squared_error": 0.10433176904916763, "mean_absolute_percentage_error": 16593.841796875, "mean_absolute_error": 0.06336034089326859, "val_loss": 0.01329990103840828, "val_root_mean_squared_error": 0.1153251975774765, "val_mean_absolute_percentage_error": 47778.12109375, "val_mean_absolute_error": 0.07416025549173355, "_runtime": 26.015368938446045, "_step": 30, "best_val_loss": 0.013066231273114681, "best_epoch": 19, "Final MSE": 0.018097374588251114, "Final RMSE": 0.13452647626399994, "Final MAPE": 165064.0625, "Final MAE": 0.09385911375284195, "Total Training Time": 23.49875831604004, "Average Time per Epoch": 0.7784863789876302, "_wandb": {"runtime": 24}}