{"epoch": 51, "_timestamp": 1703426993.0989947, "loss": 0.01055220514535904, "root_mean_squared_error": 0.10272392630577087, "mean_absolute_percentage_error": 8748029.0, "mean_absolute_error": 0.060465458780527115, "val_loss": 0.02687065117061138, "val_root_mean_squared_error": 0.16392269730567932, "val_mean_absolute_percentage_error": 18604260.0, "val_mean_absolute_error": 0.09194918721914291, "_runtime": 1264.5876858234406, "_step": 52, "best_val_loss": 0.024413850158452988, "best_epoch": 41, "Final MSE": 0.02824392169713974, "Final RMSE": 0.16805927455425262, "Final MAPE": 26669124.0, "Final MAE": 0.09361398220062256, "Total Training Time": 1262.2337267398834, "Average Time per Epoch": 24.245219129782456, "_wandb": {"runtime": 1262}}