{"epoch": 17, "_timestamp": 1703285282.465807, "loss": 0.01260615885257721, "root_mean_squared_error": 0.11227715015411377, "mean_absolute_percentage_error": 31738.701171875, "mean_absolute_error": 0.07407709211111069, "val_loss": 0.017250757664442062, "val_root_mean_squared_error": 0.13134214282035828, "val_mean_absolute_percentage_error": 13979.5693359375, "val_mean_absolute_error": 0.07571348547935486, "_runtime": 25.747204065322876, "_step": 18, "best_val_loss": 0.015132823027670383, "best_epoch": 7, "Final MSE": 0.01992877386510372, "Final RMSE": 0.14116930961608887, "Final MAPE": 68567.4375, "Final MAE": 0.08403999358415604, "Total Training Time": 23.438361883163452, "Average Time per Epoch": 1.2934104866451688, "_wandb": {"runtime": 23}}