{"epoch": 0, "_timestamp": 1703556169.9105306, "loss": 0.011348286643624306, "root_mean_squared_error": 0.10954836010932922, "mean_absolute_percentage_error": 23458.12890625, "mean_absolute_error": 0.06606051325798035, "val_loss": 0.008579601533710957, "val_root_mean_squared_error": 0.09262613952159882, "val_mean_absolute_percentage_error": 72541.2421875, "val_mean_absolute_error": 0.06699860841035843, "_runtime": 6.32511568069458, "_step": 1, "best_val_loss": 0.008579601533710957, "best_epoch": 0, "Final MSE": 0.015444321557879448, "Final RMSE": 0.12427518516778946, "Final MAPE": 33048.8203125, "Final MAE": 0.08352439850568771, "Total Training Time": 4.574578762054443, "Average Time per Epoch": 4.378532886505127, "_wandb": {"runtime": 4}}