{"epoch": 18, "_timestamp": 1703099869.5159342, "loss": 0.030971627682447433, "root_mean_squared_error": 0.17598752677440643, "mean_absolute_percentage_error": 18972.044921875, "mean_absolute_error": 0.1241096630692482, "val_loss": 0.012694788165390491, "val_root_mean_squared_error": 0.11267117410898209, "val_mean_absolute_percentage_error": 204667.390625, "val_mean_absolute_error": 0.09290951490402222, "_runtime": 16.89512014389038, "_step": 19, "best_val_loss": 0.010704771615564823, "best_epoch": 8, "Final MSE": 0.039953820407390594, "Final RMSE": 0.19988450407981873, "Final MAPE": 278273.34375, "Final MAE": 0.13573867082595825, "Total Training Time": 14.655616044998169, "Average Time per Epoch": 0.7644531977804083, "_wandb": {"runtime": 14}}