{"epoch": 0, "_timestamp": 1703535988.4918826, "loss": 0.006201833486557007, "root_mean_squared_error": 0.0783129632472992, "mean_absolute_percentage_error": 12412.935546875, "mean_absolute_error": 0.04098755493760109, "val_loss": 0.0042956615798175335, "val_root_mean_squared_error": 0.06554129719734192, "val_mean_absolute_percentage_error": 52192.98046875, "val_mean_absolute_error": 0.03938111662864685, "_runtime": 20.241190671920776, "_step": 1, "best_val_loss": 0.0042956615798175335, "best_epoch": 0, "Final MSE": 0.005723713897168636, "Final RMSE": 0.07565522938966751, "Final MAPE": 65270.84375, "Final MAE": 0.04109480232000351, "Total Training Time": 18.873611211776733, "Average Time per Epoch": 18.088944673538208, "_wandb": {"runtime": 19}}