{"epoch": 47, "_timestamp": 1703290079.6680624, "loss": 0.005884020123630762, "root_mean_squared_error": 0.07670736312866211, "mean_absolute_percentage_error": 10616.8095703125, "mean_absolute_error": 0.045321986079216, "val_loss": 0.011104537174105644, "val_root_mean_squared_error": 0.10537806898355484, "val_mean_absolute_percentage_error": 16012.79296875, "val_mean_absolute_error": 0.06135857477784157, "_runtime": 64.12743353843689, "_step": 48, "best_val_loss": 0.010410810820758343, "best_epoch": 37, "Final MSE": 0.018232066184282303, "Final RMSE": 0.13502617180347443, "Final MAPE": 37051.515625, "Final MAE": 0.0900348573923111, "Total Training Time": 61.84604525566101, "Average Time per Epoch": 1.2842896431684494, "_wandb": {"runtime": 62}}