{"epoch": 16, "_timestamp": 1703444942.4077537, "loss": 0.009248947724699974, "root_mean_squared_error": 0.09617144614458084, "mean_absolute_percentage_error": 9317840.0, "mean_absolute_error": 0.059190358966588974, "val_loss": 0.010729682631790638, "val_root_mean_squared_error": 0.1035841777920723, "val_mean_absolute_percentage_error": 17454830.0, "val_mean_absolute_error": 0.06872693449258804, "_runtime": 23.39396071434021, "_step": 17, "best_val_loss": 0.010271035134792328, "best_epoch": 6, "Final MSE": 0.01228417083621025, "Final RMSE": 0.11083398014307022, "Final MAPE": 15610445.0, "Final MAE": 0.07051195949316025, "Total Training Time": 21.21302628517151, "Average Time per Epoch": 1.2387051161597757, "_wandb": {"runtime": 21}}