{"epoch": 0, "_timestamp": 1703656614.5373046, "loss": 0.008299611508846283, "root_mean_squared_error": 0.09054737538099289, "mean_absolute_percentage_error": 14214.9638671875, "mean_absolute_error": 0.05272138491272926, "val_loss": 0.007661249954253435, "val_root_mean_squared_error": 0.08752856403589249, "val_mean_absolute_percentage_error": 31531.88671875, "val_mean_absolute_error": 0.04571886360645294, "_runtime": 4.501100540161133, "_step": 1, "best_val_loss": 0.007661249954253435, "best_epoch": 0, "Final MSE": 0.006968964822590351, "Final RMSE": 0.08348032832145691, "Final MAPE": 19573.71484375, "Final MAE": 0.044654399156570435, "Total Training Time": 2.734762668609619, "Average Time per Epoch": 2.5847394466400146, "_wandb": {"runtime": 2}}