{"epoch": 21, "_timestamp": 1703745568.458883, "loss": 0.008482619188725948, "root_mean_squared_error": 0.09210113435983658, "mean_absolute_percentage_error": 7857885.0, "mean_absolute_error": 0.054086536169052124, "val_loss": 0.007701388094574213, "val_root_mean_squared_error": 0.08775755017995834, "val_mean_absolute_percentage_error": 7361548.0, "val_mean_absolute_error": 0.05080727860331535, "_runtime": 33.288761138916016, "_step": 22, "best_val_loss": 0.007457193918526173, "best_epoch": 11, "Final MSE": 0.009497751481831074, "Final RMSE": 0.09745641052722931, "Final MAPE": 15341906.0, "Final MAE": 0.05853869393467903, "Total Training Time": 31.888978958129883, "Average Time per Epoch": 1.44159396128221, "_wandb": {"runtime": 32}}