{"epoch": 0, "_timestamp": 1703786318.387851, "loss": 0.014429464004933834, "root_mean_squared_error": 0.12361808121204376, "mean_absolute_percentage_error": 22699.498046875, "mean_absolute_error": 0.0743785873055458, "val_loss": 0.00876918900758028, "val_root_mean_squared_error": 0.09364394843578339, "val_mean_absolute_percentage_error": 50167.58203125, "val_mean_absolute_error": 0.054903969168663025, "_runtime": 30.69132900238037, "_step": 1, "best_val_loss": 0.00876918900758028, "best_epoch": 0, "Final MSE": 0.02179391123354435, "Final RMSE": 0.14762760698795319, "Final MAPE": 71212.015625, "Final MAE": 0.09573374688625336, "Total Training Time": 29.27195930480957, "Average Time per Epoch": 27.9866783618927, "_wandb": {"runtime": 29}}