{"epoch": 20, "_timestamp": 1703458038.026421, "loss": 0.008059329353272915, "root_mean_squared_error": 0.0897737666964531, "mean_absolute_percentage_error": 9880304.0, "mean_absolute_error": 0.0532187856733799, "val_loss": 0.012228842824697495, "val_root_mean_squared_error": 0.11058409512042999, "val_mean_absolute_percentage_error": 24589814.0, "val_mean_absolute_error": 0.07554613053798676, "_runtime": 55.435681104660034, "_step": 21, "best_val_loss": 0.011325257830321789, "best_epoch": 10, "Final MSE": 0.012139055877923965, "Final RMSE": 0.11017738282680511, "Final MAPE": 31618132.0, "Final MAE": 0.07960186898708344, "Total Training Time": 52.95381140708923, "Average Time per Epoch": 2.5111965906052363, "_wandb": {"runtime": 53}}