{"epoch": 0, "_timestamp": 1703592373.605763, "loss": 0.008543872274458408, "root_mean_squared_error": 0.09637157618999481, "mean_absolute_percentage_error": 29047.16796875, "mean_absolute_error": 0.05625881627202034, "val_loss": 0.008376655168831348, "val_root_mean_squared_error": 0.09152407199144363, "val_mean_absolute_percentage_error": 84601.8203125, "val_mean_absolute_error": 0.06356903165578842, "_runtime": 7.684785842895508, "_step": 1, "best_val_loss": 0.008376655168831348, "best_epoch": 0, "Final MSE": 0.013831853866577148, "Final RMSE": 0.11760890483856201, "Final MAPE": 93184.5390625, "Final MAE": 0.0861625075340271, "Total Training Time": 6.322813987731934, "Average Time per Epoch": 6.1638123989105225, "_wandb": {"runtime": 6}}