{"epoch": 12, "_timestamp": 1703818611.8861442, "loss": 0.005968563258647919, "root_mean_squared_error": 0.07725647836923599, "mean_absolute_percentage_error": 122465.046875, "mean_absolute_error": 0.04781341180205345, "val_loss": 0.012530011124908924, "val_root_mean_squared_error": 0.11193753033876419, "val_mean_absolute_percentage_error": 719159.125, "val_mean_absolute_error": 0.07350520044565201, "_runtime": 20.268566131591797, "_step": 13, "best_val_loss": 0.011214260943233967, "best_epoch": 2, "Final MSE": 0.02546139433979988, "Final RMSE": 0.159566268324852, "Final MAPE": 633549.375, "Final MAE": 0.11514874547719955, "Total Training Time": 18.91249132156372, "Average Time per Epoch": 1.444357230113103, "_wandb": {"runtime": 19}}