{"epoch": 0, "_timestamp": 1703652210.1670601, "loss": 0.013241752982139587, "root_mean_squared_error": 0.1177733987569809, "mean_absolute_percentage_error": 40261.703125, "mean_absolute_error": 0.07761510461568832, "val_loss": 0.014787212945520878, "val_root_mean_squared_error": 0.12160268425941467, "val_mean_absolute_percentage_error": 79740.8046875, "val_mean_absolute_error": 0.0776633620262146, "_runtime": 4.722629070281982, "_step": 1, "best_val_loss": 0.014787212945520878, "best_epoch": 0, "Final MSE": 0.017811574041843414, "Final RMSE": 0.13346001505851746, "Final MAPE": 133575.375, "Final MAE": 0.08656254410743713, "Total Training Time": 1.9098434448242188, "Average Time per Epoch": 1.7998807430267334, "_wandb": {"runtime": 2}}