{"epoch": 0, "_timestamp": 1703713592.503282, "loss": 0.022222867235541344, "root_mean_squared_error": 0.15374122560024261, "mean_absolute_percentage_error": 27001356.0, "mean_absolute_error": 0.09979218989610672, "val_loss": 0.02831658162176609, "val_root_mean_squared_error": 0.16827531158924103, "val_mean_absolute_percentage_error": 47350152.0, "val_mean_absolute_error": 0.12426375597715378, "_runtime": 43.097923040390015, "_step": 1, "best_val_loss": 0.02831658162176609, "best_epoch": 0, "Final MSE": 0.04013872146606445, "Final RMSE": 0.20034649968147278, "Final MAPE": 37344040.0, "Final MAE": 0.13015945255756378, "Total Training Time": 41.860926389694214, "Average Time per Epoch": 39.944141149520874, "_wandb": {"runtime": 42}}