{"epoch": 29, "_timestamp": 1703155358.444167, "loss": 0.0103042246773839, "root_mean_squared_error": 0.10150972753763199, "mean_absolute_percentage_error": 409194.59375, "mean_absolute_error": 0.06976044178009033, "val_loss": 0.019653432071208954, "val_root_mean_squared_error": 0.1401907056570053, "val_mean_absolute_percentage_error": 61324.64453125, "val_mean_absolute_error": 0.0908801257610321, "_runtime": 40.93477487564087, "_step": 30, "best_val_loss": 0.018616385757923126, "best_epoch": 19, "Final MSE": 0.015931712463498116, "Final RMSE": 0.12622088193893433, "Final MAPE": 55104.61328125, "Final MAE": 0.0956326276063919, "Total Training Time": 38.66734504699707, "Average Time per Epoch": 1.2830570220947266, "_wandb": {"runtime": 39}}