{"epoch": 41, "_timestamp": 1703642706.3147175, "loss": 0.0035202212166041136, "root_mean_squared_error": 0.05933145061135292, "mean_absolute_percentage_error": 16055.5869140625, "mean_absolute_error": 0.032081253826618195, "val_loss": 0.005354500375688076, "val_root_mean_squared_error": 0.07317445427179337, "val_mean_absolute_percentage_error": 30598.5234375, "val_mean_absolute_error": 0.045620352029800415, "_runtime": 100.70885753631592, "_step": 42, "best_val_loss": 0.0049089547246694565, "best_epoch": 31, "Final MSE": 0.013144816271960735, "Final RMSE": 0.11465084552764893, "Final MAPE": 80980.0390625, "Final MAE": 0.06620065122842789, "Total Training Time": 98.4221396446228, "Average Time per Epoch": 2.3375445150193714, "_wandb": {"runtime": 98}}