{"epoch": 0, "_timestamp": 1703502547.1230175, "loss": 0.008897168561816216, "root_mean_squared_error": 0.0972006767988205, "mean_absolute_percentage_error": 12511.7431640625, "mean_absolute_error": 0.06449943035840988, "val_loss": 0.01579444296658039, "val_root_mean_squared_error": 0.12567594647407532, "val_mean_absolute_percentage_error": 25902.962890625, "val_mean_absolute_error": 0.08298273384571075, "_runtime": 7.565631628036499, "_step": 1, "best_val_loss": 0.01579444296658039, "best_epoch": 0, "Final MSE": 0.013610877096652985, "Final RMSE": 0.11666566133499146, "Final MAPE": 32111.548828125, "Final MAE": 0.07595252990722656, "Total Training Time": 6.303436994552612, "Average Time per Epoch": 6.147437572479248, "_wandb": {"runtime": 6}}