{"epoch": 0, "_timestamp": 1703740881.0310762, "loss": 0.009139474481344223, "root_mean_squared_error": 0.09862081706523895, "mean_absolute_percentage_error": 11586857.0, "mean_absolute_error": 0.06010381504893303, "val_loss": 0.012119854800403118, "val_root_mean_squared_error": 0.1100902110338211, "val_mean_absolute_percentage_error": 13372599.0, "val_mean_absolute_error": 0.06761108338832855, "_runtime": 3.1130261421203613, "_step": 1, "best_val_loss": 0.012119854800403118, "best_epoch": 0, "Final MSE": 0.012945069000124931, "Final RMSE": 0.11377640068531036, "Final MAPE": 18550546.0, "Final MAE": 0.06980673223733902, "Total Training Time": 1.88523530960083, "Average Time per Epoch": 1.7771828174591064, "_wandb": {"runtime": 2}}