{"epoch": 0, "_timestamp": 1703592050.1207108, "loss": 0.0075686234049499035, "root_mean_squared_error": 0.09338584542274475, "mean_absolute_percentage_error": 16467.728515625, "mean_absolute_error": 0.06272219121456146, "val_loss": 0.01119795348495245, "val_root_mean_squared_error": 0.10582038015127182, "val_mean_absolute_percentage_error": 38607.69140625, "val_mean_absolute_error": 0.07433342933654785, "_runtime": 7.449903964996338, "_step": 1, "best_val_loss": 0.01119795348495245, "best_epoch": 0, "Final MSE": 0.017421428114175797, "Final RMSE": 0.1319902539253235, "Final MAPE": 81178.3515625, "Final MAE": 0.09267526119947433, "Total Training Time": 6.33352255821228, "Average Time per Epoch": 6.172520160675049, "_wandb": {"runtime": 6}}