{"epoch": 0, "_timestamp": 1703674165.605904, "loss": 0.008592721074819565, "root_mean_squared_error": 0.09444409608840942, "mean_absolute_percentage_error": 5359855.0, "mean_absolute_error": 0.051507312804460526, "val_loss": 0.011427491903305054, "val_root_mean_squared_error": 0.1068994477391243, "val_mean_absolute_percentage_error": 3124522.0, "val_mean_absolute_error": 0.05607638880610466, "_runtime": 7.335153102874756, "_step": 1, "best_val_loss": 0.011427491903305054, "best_epoch": 0, "Final MSE": 0.012163250707089901, "Final RMSE": 0.1102871298789978, "Final MAPE": 5444817.0, "Final MAE": 0.05705847963690758, "Total Training Time": 6.185983419418335, "Average Time per Epoch": 6.026424407958984, "_wandb": {"runtime": 6}}