{"epoch": 26, "_timestamp": 1703854357.9516296, "loss": 0.020364781841635704, "root_mean_squared_error": 0.14270521700382233, "mean_absolute_percentage_error": 25415.478515625, "mean_absolute_error": 0.10871411114931107, "val_loss": 0.03175099566578865, "val_root_mean_squared_error": 0.17818811535835266, "val_mean_absolute_percentage_error": 83299.5078125, "val_mean_absolute_error": 0.13668686151504517, "_runtime": 21.28414273262024, "_step": 27, "best_val_loss": 0.031678490340709686, "best_epoch": 16, "Final MSE": 0.02762855961918831, "Final RMSE": 0.16621838510036469, "Final MAPE": 168708.25, "Final MAE": 0.13092252612113953, "Total Training Time": 19.221843242645264, "Average Time per Epoch": 0.7071234826688413, "_wandb": {"runtime": 19}}