{"epoch/loss": 0.010598292574286461, "epoch/root_mean_squared_error": 0.10294800996780396, "epoch/mean_absolute_percentage_error": 67484.1640625, "epoch/mean_absolute_error": 0.07041943073272705, "epoch/val_loss": 0.01645052246749401, "epoch/val_root_mean_squared_error": 0.1282595843076706, "epoch/val_mean_absolute_percentage_error": 52434.11328125, "epoch/val_mean_absolute_error": 0.0881740003824234, "epoch/epoch": 31, "epoch/learning_rate": 0.0010000000474974513, "_timestamp": 1700575745.1756883, "_runtime": 217.77256226539612, "_step": 31, "_wandb": {"runtime": 43}}