{"epoch": 14, "_timestamp": 1703546843.5611038, "loss": 0.006037234794348478, "root_mean_squared_error": 0.07769964635372162, "mean_absolute_percentage_error": 34315.125, "mean_absolute_error": 0.04676087573170662, "val_loss": 0.007017391733825207, "val_root_mean_squared_error": 0.08376987278461456, "val_mean_absolute_percentage_error": 27215.861328125, "val_mean_absolute_error": 0.05319574102759361, "_runtime": 32.79103374481201, "_step": 15, "best_val_loss": 0.006687402259558439, "best_epoch": 4, "Final MSE": 0.016555072739720345, "Final RMSE": 0.12866652011871338, "Final MAPE": 98344.609375, "Final MAE": 0.08869756013154984, "Total Training Time": 30.491239547729492, "Average Time per Epoch": 2.021576484044393, "_wandb": {"runtime": 30}}