{"epoch": 10, "_timestamp": 1703800945.5910842, "loss": 0.010872062295675278, "root_mean_squared_error": 0.10426918417215347, "mean_absolute_percentage_error": 7661.79931640625, "mean_absolute_error": 0.06034686416387558, "val_loss": 0.008503535762429237, "val_root_mean_squared_error": 0.09221462160348892, "val_mean_absolute_percentage_error": 71284.6796875, "val_mean_absolute_error": 0.055268123745918274, "_runtime": 23.802886247634888, "_step": 11, "best_val_loss": 0.008211870677769184, "best_epoch": 0, "Final MSE": 0.015596812590956688, "Final RMSE": 0.12488719820976257, "Final MAPE": 32765.431640625, "Final MAE": 0.0778070017695427, "Total Training Time": 22.239871978759766, "Average Time per Epoch": 2.0058643601157446, "_wandb": {"runtime": 22}}