{"epoch": 0, "_timestamp": 1703651769.4253466, "loss": 0.006532278377562761, "root_mean_squared_error": 0.09062543511390686, "mean_absolute_percentage_error": 40596.17578125, "mean_absolute_error": 0.06336245685815811, "val_loss": 0.005835175048559904, "val_root_mean_squared_error": 0.07638831436634064, "val_mean_absolute_percentage_error": 52203.15234375, "val_mean_absolute_error": 0.05763547495007515, "_runtime": 3.73856258392334, "_step": 1, "best_val_loss": 0.005835175048559904, "best_epoch": 0, "Final MSE": 0.020128503441810608, "Final RMSE": 0.14187495410442352, "Final MAPE": 214732.625, "Final MAE": 0.11275296658277512, "Total Training Time": 1.8599483966827393, "Average Time per Epoch": 1.7509303092956543, "_wandb": {"runtime": 2}}