{"epoch": 46, "_timestamp": 1703725420.1802955, "loss": 0.006956062279641628, "root_mean_squared_error": 0.08340301364660263, "mean_absolute_percentage_error": 7951671.0, "mean_absolute_error": 0.04817937687039375, "val_loss": 0.011454754509031773, "val_root_mean_squared_error": 0.10702688992023468, "val_mean_absolute_percentage_error": 9918134.0, "val_mean_absolute_error": 0.0640195682644844, "_runtime": 91.88852739334106, "_step": 47, "best_val_loss": 0.010232395492494106, "best_epoch": 36, "Final MSE": 0.011188002303242683, "Final RMSE": 0.10577335208654404, "Final MAPE": 16614511.0, "Final MAE": 0.06500895321369171, "Total Training Time": 88.54566311836243, "Average Time per Epoch": 1.878785214525588, "_wandb": {"runtime": 89}}