{"epoch": 0, "_timestamp": 1703648117.952945, "loss": 0.0033389923628419638, "root_mean_squared_error": 0.0665307566523552, "mean_absolute_percentage_error": 9330.6171875, "mean_absolute_error": 0.03909429535269737, "val_loss": 0.010669492185115814, "val_root_mean_squared_error": 0.10329323261976242, "val_mean_absolute_percentage_error": 12574.64453125, "val_mean_absolute_error": 0.07902894169092178, "_runtime": 6.394536972045898, "_step": 1, "best_val_loss": 0.010669492185115814, "best_epoch": 0, "Final MSE": 0.013049089349806309, "Final RMSE": 0.1142326071858406, "Final MAPE": 14623.05078125, "Final MAE": 0.06887577474117279, "Total Training Time": 4.538423538208008, "Average Time per Epoch": 4.349388599395752, "_wandb": {"runtime": 4}}