{"epoch": 26, "_timestamp": 1703335983.793251, "loss": 0.00793814193457365, "root_mean_squared_error": 0.08909624814987183, "mean_absolute_percentage_error": 6038029.0, "mean_absolute_error": 0.04972703754901886, "val_loss": 0.011253297328948975, "val_root_mean_squared_error": 0.10608156025409698, "val_mean_absolute_percentage_error": 6868023.5, "val_mean_absolute_error": 0.0590822696685791, "_runtime": 68.38509106636047, "_step": 27, "best_val_loss": 0.010236650705337524, "best_epoch": 16, "Final MSE": 0.01518565509468317, "Final RMSE": 0.12323009222745895, "Final MAPE": 11660008.0, "Final MAE": 0.06941885501146317, "Total Training Time": 63.54588174819946, "Average Time per Epoch": 2.346201366848416, "_wandb": {"runtime": 66}}