{"epoch": 35, "_timestamp": 1703744298.9380922, "loss": 0.006742364261299372, "root_mean_squared_error": 0.0821119025349617, "mean_absolute_percentage_error": 7936450.0, "mean_absolute_error": 0.048296261578798294, "val_loss": 0.007421725895255804, "val_root_mean_squared_error": 0.0861494392156601, "val_mean_absolute_percentage_error": 7534103.5, "val_mean_absolute_error": 0.0506192147731781, "_runtime": 54.07616114616394, "_step": 36, "best_val_loss": 0.006493843626230955, "best_epoch": 25, "Final MSE": 0.008169339969754219, "Final RMSE": 0.09038440138101578, "Final MAPE": 11543592.0, "Final MAE": 0.0545806884765625, "Total Training Time": 51.760032415390015, "Average Time per Epoch": 1.4329924782117207, "_wandb": {"runtime": 52}}