{"epoch": 24, "_timestamp": 1703636502.046083, "loss": 0.006960628554224968, "root_mean_squared_error": 0.08343037962913513, "mean_absolute_percentage_error": 10081.705078125, "mean_absolute_error": 0.05231967568397522, "val_loss": 0.01873670518398285, "val_root_mean_squared_error": 0.13688208162784576, "val_mean_absolute_percentage_error": 22598.763671875, "val_mean_absolute_error": 0.08521900326013565, "_runtime": 49.25788497924805, "_step": 25, "best_val_loss": 0.01822245493531227, "best_epoch": 14, "Final MSE": 0.02108331397175789, "Final RMSE": 0.1452009379863739, "Final MAPE": 268796.84375, "Final MAE": 0.103870689868927, "Total Training Time": 47.21465301513672, "Average Time per Epoch": 1.8815878009796143, "_wandb": {"runtime": 47}}