{"epoch": 0, "_timestamp": 1703737568.8755574, "loss": 0.007499765604734421, "root_mean_squared_error": 0.08892833441495895, "mean_absolute_percentage_error": 8345847.0, "mean_absolute_error": 0.05119140446186066, "val_loss": 0.01025389228016138, "val_root_mean_squared_error": 0.10126150399446487, "val_mean_absolute_percentage_error": 7704404.5, "val_mean_absolute_error": 0.05538218468427658, "_runtime": 6.672027349472046, "_step": 1, "best_val_loss": 0.01025389228016138, "best_epoch": 0, "Final MSE": 0.009583999402821064, "Final RMSE": 0.09789790213108063, "Final MAPE": 13492835.0, "Final MAE": 0.05757679417729378, "Total Training Time": 4.985638618469238, "Average Time per Epoch": 4.7636942863464355, "_wandb": {"runtime": 5}}