{"epoch": 0, "_timestamp": 1703819544.541505, "loss": 0.004377102479338646, "root_mean_squared_error": 0.07786931097507477, "mean_absolute_percentage_error": 16628.51171875, "mean_absolute_error": 0.043482761830091476, "val_loss": 0.011649547144770622, "val_root_mean_squared_error": 0.10793306678533554, "val_mean_absolute_percentage_error": 88791.65625, "val_mean_absolute_error": 0.06215823441743851, "_runtime": 4.486464023590088, "_step": 1, "best_val_loss": 0.011649547144770622, "best_epoch": 0, "Final MSE": 0.019100381061434746, "Final RMSE": 0.13820412755012512, "Final MAPE": 13211.8525390625, "Final MAE": 0.07441018521785736, "Total Training Time": 2.6096842288970947, "Average Time per Epoch": 2.466336727142334, "_wandb": {"runtime": 2}}