{"epoch": 13, "_timestamp": 1703818662.535763, "loss": 0.010095612145960331, "root_mean_squared_error": 0.10047692060470581, "mean_absolute_percentage_error": 469607.46875, "mean_absolute_error": 0.06847627460956573, "val_loss": 0.01594463363289833, "val_root_mean_squared_error": 0.1262720674276352, "val_mean_absolute_percentage_error": 100919.3203125, "val_mean_absolute_error": 0.08387149125337601, "_runtime": 22.393335103988647, "_step": 14, "best_val_loss": 0.015318246558308601, "best_epoch": 3, "Final MSE": 0.013754173181951046, "Final RMSE": 0.11727818846702576, "Final MAPE": 47235.3828125, "Final MAE": 0.09199071675539017, "Total Training Time": 20.33592391014099, "Average Time per Epoch": 1.4417435611997331, "_wandb": {"runtime": 20}}