{"epoch": 12, "_timestamp": 1705634561.8281865, "loss": 0.0038133037742227316, "root_mean_squared_error": 0.06175195425748825, "mean_absolute_percentage_error": 6593.837890625, "mean_absolute_error": 0.028851591050624847, "val_loss": 0.007908961735665798, "val_root_mean_squared_error": 0.0889323428273201, "val_mean_absolute_percentage_error": 62145.78515625, "val_mean_absolute_error": 0.0632023885846138, "_runtime": 41.4219274520874, "_step": 13, "best_val_loss": 0.005367081146687269, "best_epoch": 2, "Final MSE": 0.010338012129068375, "Final RMSE": 0.10167601704597473, "Final MAPE": 60807.5390625, "Final MAE": 0.07440336793661118, "Total Training Time": 39.027843713760376, "Average Time per Epoch": 2.984252196091872, "_wandb": {"runtime": 39}}