{"epoch": 0, "_timestamp": 1703673579.529661, "loss": 0.008045499213039875, "root_mean_squared_error": 0.09096728265285492, "mean_absolute_percentage_error": 5567526.5, "mean_absolute_error": 0.05040295794606209, "val_loss": 0.010970856063067913, "val_root_mean_squared_error": 0.10474185645580292, "val_mean_absolute_percentage_error": 5717321.5, "val_mean_absolute_error": 0.05610889568924904, "_runtime": 7.355162858963013, "_step": 1, "best_val_loss": 0.010970856063067913, "best_epoch": 0, "Final MSE": 0.009897882118821144, "Final RMSE": 0.09948810189962387, "Final MAPE": 8771181.0, "Final MAE": 0.055107492953538895, "Total Training Time": 6.140315055847168, "Average Time per Epoch": 5.996126651763916, "_wandb": {"runtime": 6}}