{"epoch": 0, "_timestamp": 1703803960.8656678, "loss": 0.022523261606693268, "root_mean_squared_error": 0.14815643429756165, "mean_absolute_percentage_error": 149914.09375, "mean_absolute_error": 0.09125149995088577, "val_loss": 0.01623901166021824, "val_root_mean_squared_error": 0.12743237614631653, "val_mean_absolute_percentage_error": 989.731689453125, "val_mean_absolute_error": 0.0716964602470398, "_runtime": 10.311230897903442, "_step": 1, "best_val_loss": 0.01623901166021824, "best_epoch": 0, "Final MSE": 0.017897550016641617, "Final RMSE": 0.13378173112869263, "Final MAPE": 362566.34375, "Final MAE": 0.08297564834356308, "Total Training Time": 4.444011926651001, "Average Time per Epoch": 4.293462514877319, "_wandb": {"runtime": 4}}