{"epoch": 20, "_timestamp": 1703653287.0715513, "loss": 0.004116452764719725, "root_mean_squared_error": 0.0641595870256424, "mean_absolute_percentage_error": 12011.8779296875, "mean_absolute_error": 0.03577052801847458, "val_loss": 0.006451645400375128, "val_root_mean_squared_error": 0.08032213151454926, "val_mean_absolute_percentage_error": 81622.34375, "val_mean_absolute_error": 0.05673309043049812, "_runtime": 33.26169538497925, "_step": 21, "best_val_loss": 0.005495833232998848, "best_epoch": 10, "Final MSE": 0.01518002524971962, "Final RMSE": 0.12320724874734879, "Final MAPE": 245014.453125, "Final MAE": 0.07226838171482086, "Total Training Time": 30.945910930633545, "Average Time per Epoch": 1.4654235385713124, "_wandb": {"runtime": 31}}