{"epoch": 0, "_timestamp": 1703621462.6600163, "loss": 0.011925436556339264, "root_mean_squared_error": 0.11318691074848175, "mean_absolute_percentage_error": 58703.6328125, "mean_absolute_error": 0.06799329817295074, "val_loss": 0.008044539019465446, "val_root_mean_squared_error": 0.08969135582447052, "val_mean_absolute_percentage_error": 94062.1796875, "val_mean_absolute_error": 0.05341595783829689, "_runtime": 33.01130938529968, "_step": 1, "best_val_loss": 0.008044539019465446, "best_epoch": 0, "Final MSE": 0.018921438604593277, "Final RMSE": 0.13755522668361664, "Final MAPE": 157292.328125, "Final MAE": 0.09025605767965317, "Total Training Time": 31.574333429336548, "Average Time per Epoch": 30.155381202697754, "_wandb": {"runtime": 31}}