{"epoch": 0, "_timestamp": 1703740633.8629804, "loss": 0.008814940229058266, "root_mean_squared_error": 0.09437295794487, "mean_absolute_percentage_error": 10598790.0, "mean_absolute_error": 0.05714979022741318, "val_loss": 0.011913951486349106, "val_root_mean_squared_error": 0.10915105044841766, "val_mean_absolute_percentage_error": 9832299.0, "val_mean_absolute_error": 0.06448342651128769, "_runtime": 3.163079261779785, "_step": 1, "best_val_loss": 0.011913951486349106, "best_epoch": 0, "Final MSE": 0.009180782362818718, "Final RMSE": 0.09581639617681503, "Final MAPE": 13307149.0, "Final MAE": 0.059238601475954056, "Total Training Time": 1.9116029739379883, "Average Time per Epoch": 1.789574384689331, "_wandb": {"runtime": 2}}