{"epoch": 0, "_timestamp": 1703505313.4196532, "loss": 0.0074158841744065285, "root_mean_squared_error": 0.0965203195810318, "mean_absolute_percentage_error": 60869.8359375, "mean_absolute_error": 0.048233356326818466, "val_loss": 0.013364036567509174, "val_root_mean_squared_error": 0.11560292541980743, "val_mean_absolute_percentage_error": 127572.3203125, "val_mean_absolute_error": 0.06050952151417732, "_runtime": 3.602891206741333, "_step": 1, "best_val_loss": 0.013364036567509174, "best_epoch": 0, "Final MSE": 0.02252219244837761, "Final RMSE": 0.15007396042346954, "Final MAPE": 86668.3046875, "Final MAE": 0.07597461342811584, "Total Training Time": 1.587803602218628, "Average Time per Epoch": 1.4848008155822754, "_wandb": {"runtime": 1}}