{"epoch": 13, "_timestamp": 1703894036.0590875, "loss": 0.01283176802098751, "root_mean_squared_error": 0.1132773905992508, "mean_absolute_percentage_error": 180416.25, "mean_absolute_error": 0.07945052534341812, "val_loss": 0.01730155758559704, "val_root_mean_squared_error": 0.1315353810787201, "val_mean_absolute_percentage_error": 17621.259765625, "val_mean_absolute_error": 0.08884498476982117, "_runtime": 19.992761611938477, "_step": 14, "best_val_loss": 0.015747932717204094, "best_epoch": 3, "Final MSE": 0.02103276737034321, "Final RMSE": 0.1450267881155014, "Final MAPE": 221556.703125, "Final MAE": 0.09815637767314911, "Total Training Time": 17.74185085296631, "Average Time per Epoch": 1.258126139640808, "_wandb": {"runtime": 18}}