{"epoch": 15, "_timestamp": 1703500546.2455938, "loss": 0.014424275606870651, "root_mean_squared_error": 0.12010110914707184, "mean_absolute_percentage_error": 11994.6806640625, "mean_absolute_error": 0.07118111848831177, "val_loss": 0.01040805783122778, "val_root_mean_squared_error": 0.10201989114284515, "val_mean_absolute_percentage_error": 51618.83984375, "val_mean_absolute_error": 0.07440837472677231, "_runtime": 40.641626834869385, "_step": 16, "best_val_loss": 0.008413164876401424, "best_epoch": 5, "Final MSE": 0.018431147560477257, "Final RMSE": 0.13576136529445648, "Final MAPE": 117111.046875, "Final MAE": 0.09399974346160889, "Total Training Time": 38.628690242767334, "Average Time per Epoch": 2.403325617313385, "_wandb": {"runtime": 39}}