{"epoch": 19, "_timestamp": 1703154467.317918, "loss": 0.006863148417323828, "root_mean_squared_error": 0.08284412324428558, "mean_absolute_percentage_error": 10405.4130859375, "mean_absolute_error": 0.054426759481430054, "val_loss": 0.012476736679673195, "val_root_mean_squared_error": 0.11169931292533875, "val_mean_absolute_percentage_error": 63327.5546875, "val_mean_absolute_error": 0.0802445337176323, "_runtime": 28.19417405128479, "_step": 20, "best_val_loss": 0.012116714380681515, "best_epoch": 9, "Final MSE": 0.020585855469107628, "Final RMSE": 0.14347772300243378, "Final MAPE": 38386.52734375, "Final MAE": 0.10450292378664017, "Total Training Time": 25.962278366088867, "Average Time per Epoch": 1.289848506450653, "_wandb": {"runtime": 26}}