{"epoch": 14, "_timestamp": 1703644434.031912, "loss": 0.010591251775622368, "root_mean_squared_error": 0.10291380435228348, "mean_absolute_percentage_error": 7597.24267578125, "mean_absolute_error": 0.0600094199180603, "val_loss": 0.007039089221507311, "val_root_mean_squared_error": 0.08389928191900253, "val_mean_absolute_percentage_error": 72.20840454101562, "val_mean_absolute_error": 0.05038618668913841, "_runtime": 41.21566700935364, "_step": 15, "best_val_loss": 0.0064324853010475636, "best_epoch": 4, "Final MSE": 0.031183501705527306, "Final RMSE": 0.1765885055065155, "Final MAPE": 203327.46875, "Final MAE": 0.11343084275722504, "Total Training Time": 38.91785216331482, "Average Time per Epoch": 2.580389372507731, "_wandb": {"runtime": 39}}