{"epoch": 27, "_timestamp": 1703682534.1078966, "loss": 0.016535772010684013, "root_mean_squared_error": 0.12859149277210236, "mean_absolute_percentage_error": 19199490.0, "mean_absolute_error": 0.08311351388692856, "val_loss": 0.08165890723466873, "val_root_mean_squared_error": 0.28576022386550903, "val_mean_absolute_percentage_error": 31410038.0, "val_mean_absolute_error": 0.17385071516036987, "_runtime": 191.47955465316772, "_step": 28, "best_val_loss": 0.06735915690660477, "best_epoch": 17, "Final MSE": 0.07864949107170105, "Final RMSE": 0.2804451584815979, "Final MAPE": 38356168.0, "Final MAE": 0.16276445984840393, "Total Training Time": 189.99778151512146, "Average Time per Epoch": 6.769145122596195, "_wandb": {"runtime": 190}}