{"epoch": 22, "_timestamp": 1703290012.6423593, "loss": 0.006440209690481424, "root_mean_squared_error": 0.08025091886520386, "mean_absolute_percentage_error": 12079.9072265625, "mean_absolute_error": 0.046772945672273636, "val_loss": 0.012470416724681854, "val_root_mean_squared_error": 0.11167102307081223, "val_mean_absolute_percentage_error": 5357.501953125, "val_mean_absolute_error": 0.06265635788440704, "_runtime": 32.465593338012695, "_step": 23, "best_val_loss": 0.01146941538900137, "best_epoch": 12, "Final MSE": 0.024526357650756836, "Final RMSE": 0.1566089391708374, "Final MAPE": 24282.671875, "Final MAE": 0.10541533678770065, "Total Training Time": 30.2113516330719, "Average Time per Epoch": 1.3063372218090554, "_wandb": {"runtime": 30}}