{"epoch": 12, "_timestamp": 1703897764.9905806, "loss": 0.01134339440613985, "root_mean_squared_error": 0.1065053716301918, "mean_absolute_percentage_error": 586362.3125, "mean_absolute_error": 0.07282483577728271, "val_loss": 0.027194717898964882, "val_root_mean_squared_error": 0.16490821540355682, "val_mean_absolute_percentage_error": 10218.3193359375, "val_mean_absolute_error": 0.11291074752807617, "_runtime": 19.383598566055298, "_step": 13, "best_val_loss": 0.019795771688222885, "best_epoch": 2, "Final MSE": 0.024359315633773804, "Final RMSE": 0.15607471764087677, "Final MAPE": 63436.3671875, "Final MAE": 0.11967472732067108, "Total Training Time": 17.124106645584106, "Average Time per Epoch": 1.3050192869626558, "_wandb": {"runtime": 17}}