{"epoch": 13, "_timestamp": 1703182512.2862754, "loss": 0.014406167902052402, "root_mean_squared_error": 0.12002569437026978, "mean_absolute_percentage_error": 24137.494140625, "mean_absolute_error": 0.0810701996088028, "val_loss": 0.0163569413125515, "val_root_mean_squared_error": 0.12789425253868103, "val_mean_absolute_percentage_error": 60820.76953125, "val_mean_absolute_error": 0.07421597838401794, "_runtime": 38.31416845321655, "_step": 14, "best_val_loss": 0.015257341787219048, "best_epoch": 3, "Final MSE": 0.019620677456259727, "Final RMSE": 0.14007383584976196, "Final MAPE": 111653.96875, "Final MAE": 0.08107656985521317, "Total Training Time": 35.70621871948242, "Average Time per Epoch": 2.5372972318104337, "_wandb": {"runtime": 36}}