{"epoch": 18, "_timestamp": 1703899832.201169, "loss": 0.015431102365255356, "root_mean_squared_error": 0.12422198802232742, "mean_absolute_percentage_error": 1033.1781005859375, "mean_absolute_error": 0.08159492909908295, "val_loss": 0.020918624475598335, "val_root_mean_squared_error": 0.1446327269077301, "val_mean_absolute_percentage_error": 160918.578125, "val_mean_absolute_error": 0.0893857404589653, "_runtime": 42.04718208312988, "_step": 19, "best_val_loss": 0.02030947618186474, "best_epoch": 8, "Final MSE": 0.02637334167957306, "Final RMSE": 0.16239871084690094, "Final MAPE": 359474.90625, "Final MAE": 0.10831133276224136, "Total Training Time": 40.58443999290466, "Average Time per Epoch": 2.127240042937429, "_wandb": {"runtime": 41}}