{"epoch": 26, "_timestamp": 1703597204.7286305, "loss": 0.01475028321146965, "root_mean_squared_error": 0.1214507445693016, "mean_absolute_percentage_error": 40421.82421875, "mean_absolute_error": 0.08101440966129303, "val_loss": 0.009010382927954197, "val_root_mean_squared_error": 0.09492303431034088, "val_mean_absolute_percentage_error": 108551.6640625, "val_mean_absolute_error": 0.059659961611032486, "_runtime": 154.2703366279602, "_step": 27, "best_val_loss": 0.008993364870548248, "best_epoch": 16, "Final MSE": 0.021655213087797165, "Final RMSE": 0.14715710282325745, "Final MAPE": 184474.015625, "Final MAE": 0.08843208849430084, "Total Training Time": 151.83622908592224, "Average Time per Epoch": 5.608475490852639, "_wandb": {"runtime": 152}}