{"epoch": 38, "_timestamp": 1703439763.3739805, "loss": 0.00823389645665884, "root_mean_squared_error": 0.09074082225561142, "mean_absolute_percentage_error": 10652799.0, "mean_absolute_error": 0.05628930777311325, "val_loss": 0.011252610012888908, "val_root_mean_squared_error": 0.10607831925153732, "val_mean_absolute_percentage_error": 15144712.0, "val_mean_absolute_error": 0.06797242909669876, "_runtime": 31.15065860748291, "_step": 39, "best_val_loss": 0.010213537141680717, "best_epoch": 28, "Final MSE": 0.012745232321321964, "Final RMSE": 0.11289478093385696, "Final MAPE": 21449348.0, "Final MAE": 0.07443932443857193, "Total Training Time": 28.998591899871826, "Average Time per Epoch": 0.7396045587001703, "_wandb": {"runtime": 29}}