{"epoch": 13, "_timestamp": 1703679170.900497, "loss": 0.017932966351509094, "root_mean_squared_error": 0.1339140236377716, "mean_absolute_percentage_error": 16012355.0, "mean_absolute_error": 0.08276346325874329, "val_loss": 0.05160560831427574, "val_root_mean_squared_error": 0.22716867923736572, "val_mean_absolute_percentage_error": 52571728.0, "val_mean_absolute_error": 0.1435130536556244, "_runtime": 74.32704997062683, "_step": 14, "best_val_loss": 0.04566953703761101, "best_epoch": 3, "Final MSE": 0.049270644783973694, "Final RMSE": 0.22196991741657257, "Final MAPE": 71364104.0, "Final MAE": 0.1519680917263031, "Total Training Time": 72.82963919639587, "Average Time per Epoch": 5.1748369591576715, "_wandb": {"runtime": 73}}