{"epoch": 10, "_timestamp": 1703656218.2170646, "loss": 0.004274565260857344, "root_mean_squared_error": 0.06538015604019165, "mean_absolute_percentage_error": 25988.798828125, "mean_absolute_error": 0.045680515468120575, "val_loss": 0.006339850835502148, "val_root_mean_squared_error": 0.07962317764759064, "val_mean_absolute_percentage_error": 75010.0234375, "val_mean_absolute_error": 0.053403545171022415, "_runtime": 19.102001667022705, "_step": 11, "best_val_loss": 0.006105393171310425, "best_epoch": 0, "Final MSE": 0.011872919276356697, "Final RMSE": 0.10896292328834534, "Final MAPE": 156879.84375, "Final MAE": 0.07674212753772736, "Total Training Time": 16.995046138763428, "Average Time per Epoch": 1.5306396701119163, "_wandb": {"runtime": 17}}