{"epoch": 16, "_timestamp": 1703873046.9891434, "loss": 0.026510318741202354, "root_mean_squared_error": 0.16281989216804504, "mean_absolute_percentage_error": 50041.359375, "mean_absolute_error": 0.11329545080661774, "val_loss": 0.033042922616004944, "val_root_mean_squared_error": 0.18177711963653564, "val_mean_absolute_percentage_error": 183450.984375, "val_mean_absolute_error": 0.1435999572277069, "_runtime": 193.50722432136536, "_step": 17, "best_val_loss": 0.030790219083428383, "best_epoch": 6, "Final MSE": 0.03835022822022438, "Final RMSE": 0.19583214819431305, "Final MAPE": 330543.65625, "Final MAE": 0.13333401083946228, "Total Training Time": 191.91409015655518, "Average Time per Epoch": 11.248509042403278, "_wandb": {"runtime": 192}}