{"epoch": 0, "_timestamp": 1703677605.344725, "loss": 0.06769175082445145, "root_mean_squared_error": 0.257313072681427, "mean_absolute_percentage_error": 84764312.0, "mean_absolute_error": 0.20656223595142365, "val_loss": 0.056094709783792496, "val_root_mean_squared_error": 0.23684318363666534, "val_mean_absolute_percentage_error": 99111456.0, "val_mean_absolute_error": 0.19968938827514648, "_runtime": 3.5124847888946533, "_step": 1, "best_val_loss": 0.056094709783792496, "best_epoch": 0, "Final MSE": 0.05669919773936272, "Final RMSE": 0.23811592161655426, "Final MAPE": 107754136.0, "Final MAE": 0.20021088421344757, "Total Training Time": 1.5560760498046875, "Average Time per Epoch": 1.4634113311767578, "_wandb": {"runtime": 1}}