{"epoch": 14, "_timestamp": 1703611198.409974, "loss": 0.010222376324236393, "root_mean_squared_error": 0.10110576450824738, "mean_absolute_percentage_error": 52371.0859375, "mean_absolute_error": 0.06097547709941864, "val_loss": 0.011612988077104092, "val_root_mean_squared_error": 0.10776357352733612, "val_mean_absolute_percentage_error": 120294.3125, "val_mean_absolute_error": 0.0877285972237587, "_runtime": 243.80688905715942, "_step": 15, "best_val_loss": 0.008007322438061237, "best_epoch": 4, "Final MSE": 0.02223438210785389, "Final RMSE": 0.14911197125911713, "Final MAPE": 194550.75, "Final MAE": 0.11876984685659409, "Total Training Time": 241.29683542251587, "Average Time per Epoch": 16.02503736813863, "_wandb": {"runtime": 241}}