{"epoch": 17, "_timestamp": 1703723410.7697134, "loss": 0.008009092882275581, "root_mean_squared_error": 0.0894935354590416, "mean_absolute_percentage_error": 9913097.0, "mean_absolute_error": 0.05345464125275612, "val_loss": 0.019808128476142883, "val_root_mean_squared_error": 0.14074134826660156, "val_mean_absolute_percentage_error": 11407058.0, "val_mean_absolute_error": 0.08192087709903717, "_runtime": 38.37996745109558, "_step": 18, "best_val_loss": 0.012235005386173725, "best_epoch": 7, "Final MSE": 0.015381686389446259, "Final RMSE": 0.12402292340993881, "Final MAPE": 18594138.0, "Final MAE": 0.07462767511606216, "Total Training Time": 36.031381607055664, "Average Time per Epoch": 1.9918946557574801, "_wandb": {"runtime": 36}}