{"epoch": 21, "_timestamp": 1703724925.1906958, "loss": 0.0077389925718307495, "root_mean_squared_error": 0.08797154575586319, "mean_absolute_percentage_error": 8073523.5, "mean_absolute_error": 0.050717152655124664, "val_loss": 0.011250268667936325, "val_root_mean_squared_error": 0.10606728494167328, "val_mean_absolute_percentage_error": 9781863.0, "val_mean_absolute_error": 0.06260260939598083, "_runtime": 44.13918876647949, "_step": 22, "best_val_loss": 0.010581091977655888, "best_epoch": 11, "Final MSE": 0.010245205834507942, "Final RMSE": 0.10121860355138779, "Final MAPE": 13391696.0, "Final MAE": 0.060895249247550964, "Total Training Time": 42.640908002853394, "Average Time per Epoch": 1.9317639632658525, "_wandb": {"runtime": 43}}