{"epoch": 0, "_timestamp": 1703657218.244551, "loss": 0.005651730112731457, "root_mean_squared_error": 0.07507696747779846, "mean_absolute_percentage_error": 31309.828125, "mean_absolute_error": 0.05408203601837158, "val_loss": 0.006504669785499573, "val_root_mean_squared_error": 0.08065153658390045, "val_mean_absolute_percentage_error": 99732.7421875, "val_mean_absolute_error": 0.05681971088051796, "_runtime": 4.536375045776367, "_step": 1, "best_val_loss": 0.006504669785499573, "best_epoch": 0, "Final MSE": 0.00561636034399271, "Final RMSE": 0.07494238018989563, "Final MAPE": 181396.921875, "Final MAE": 0.05522383749485016, "Total Training Time": 2.7460379600524902, "Average Time per Epoch": 2.59501314163208, "_wandb": {"runtime": 2}}