{"epoch": 28, "_timestamp": 1703234776.8640876, "loss": 0.01152769848704338, "root_mean_squared_error": 0.1073671206831932, "mean_absolute_percentage_error": 20662.845703125, "mean_absolute_error": 0.06531054526567459, "val_loss": 0.031881287693977356, "val_root_mean_squared_error": 0.17855331301689148, "val_mean_absolute_percentage_error": 89608.8984375, "val_mean_absolute_error": 0.11343589425086975, "_runtime": 195.5015025138855, "_step": 29, "best_val_loss": 0.023580579087138176, "best_epoch": 18, "Final MSE": 0.03280721604824066, "Final RMSE": 0.1811276227235794, "Final MAPE": 145069.28125, "Final MAE": 0.11727391183376312, "Total Training Time": 193.16399836540222, "Average Time per Epoch": 6.645034091225986, "_wandb": {"runtime": 193}}