{"epoch": 11, "_timestamp": 1703803164.9704852, "loss": 0.00874265655875206, "root_mean_squared_error": 0.09350217133760452, "mean_absolute_percentage_error": 34498.66796875, "mean_absolute_error": 0.061305638402700424, "val_loss": 0.0157337449491024, "val_root_mean_squared_error": 0.12543421983718872, "val_mean_absolute_percentage_error": 31432.388671875, "val_mean_absolute_error": 0.08325023204088211, "_runtime": 25.753305196762085, "_step": 12, "best_val_loss": 0.014681663364171982, "best_epoch": 1, "Final MSE": 0.026112552732229233, "Final RMSE": 0.16159379482269287, "Final MAPE": 48820.265625, "Final MAE": 0.11291972547769547, "Total Training Time": 24.28815269470215, "Average Time per Epoch": 2.0078264276186624, "_wandb": {"runtime": 24}}