{"epoch": 11, "_timestamp": 1703810811.7386396, "loss": 0.007063935976475477, "root_mean_squared_error": 0.08404722809791565, "mean_absolute_percentage_error": 92870.1015625, "mean_absolute_error": 0.053162962198257446, "val_loss": 0.024633007124066353, "val_root_mean_squared_error": 0.15694905817508698, "val_mean_absolute_percentage_error": 20815.2109375, "val_mean_absolute_error": 0.09431349486112595, "_runtime": 32.74704170227051, "_step": 12, "best_val_loss": 0.02283308655023575, "best_epoch": 1, "Final MSE": 0.029177207499742508, "Final RMSE": 0.17081336677074432, "Final MAPE": 11969.0244140625, "Final MAE": 0.11879145354032516, "Total Training Time": 28.794813871383667, "Average Time per Epoch": 2.383760174115499, "_wandb": {"runtime": 29}}