{"epoch": 46, "_timestamp": 1705628659.1721692, "loss": 0.006675023585557938, "root_mean_squared_error": 0.08170081675052643, "mean_absolute_percentage_error": 44204.01171875, "mean_absolute_error": 0.05278901755809784, "val_loss": 0.00963555183261633, "val_root_mean_squared_error": 0.09816084802150726, "val_mean_absolute_percentage_error": 22734.15234375, "val_mean_absolute_error": 0.06671616435050964, "_runtime": 112.78942823410034, "_step": 47, "best_val_loss": 0.00917177926748991, "best_epoch": 36, "Final MSE": 0.014841262251138687, "Final RMSE": 0.1218247190117836, "Final MAPE": 91335.609375, "Final MAE": 0.08207215368747711, "Total Training Time": 110.25817656517029, "Average Time per Epoch": 2.3406516186734465, "_wandb": {"runtime": 110}}