{"epoch": 17, "_timestamp": 1703346692.622406, "loss": 0.06673997640609741, "root_mean_squared_error": 0.25834086537361145, "mean_absolute_percentage_error": 89788528.0, "mean_absolute_error": 0.20952482521533966, "val_loss": 0.07349901646375656, "val_root_mean_squared_error": 0.271107017993927, "val_mean_absolute_percentage_error": 89727592.0, "val_mean_absolute_error": 0.21581105887889862, "_runtime": 15.243542909622192, "_step": 18, "best_val_loss": 0.07334770262241364, "best_epoch": 7, "Final MSE": 0.07536284625530243, "Final RMSE": 0.27452296018600464, "Final MAPE": 98444680.0, "Final MAE": 0.21234560012817383, "Total Training Time": 12.989805221557617, "Average Time per Epoch": 0.7147008313073052, "_wandb": {"runtime": 13}}