{"epoch": 0, "_timestamp": 1703819342.6273193, "loss": 0.009351948276162148, "root_mean_squared_error": 0.1177753359079361, "mean_absolute_percentage_error": 114619.9375, "mean_absolute_error": 0.0768398717045784, "val_loss": 0.009992627426981926, "val_root_mean_squared_error": 0.09996312856674194, "val_mean_absolute_percentage_error": 51951.91015625, "val_mean_absolute_error": 0.07719736546278, "_runtime": 4.435983419418335, "_step": 1, "best_val_loss": 0.009992627426981926, "best_epoch": 0, "Final MSE": 0.02125691995024681, "Final RMSE": 0.14579753577709198, "Final MAPE": 266032.625, "Final MAE": 0.10818611830472946, "Total Training Time": 2.6077399253845215, "Average Time per Epoch": 2.4690635204315186, "_wandb": {"runtime": 2}}