{"epoch": 13, "_timestamp": 1703916955.1049247, "loss": 0.013279889710247517, "root_mean_squared_error": 0.11523840576410294, "mean_absolute_percentage_error": 115716.7890625, "mean_absolute_error": 0.06498079746961594, "val_loss": 0.017732491716742516, "val_root_mean_squared_error": 0.13316340744495392, "val_mean_absolute_percentage_error": 29117.00390625, "val_mean_absolute_error": 0.07838298380374908, "_runtime": 58.11526274681091, "_step": 14, "best_val_loss": 0.015208489261567593, "best_epoch": 3, "Final MSE": 0.025792932137846947, "Final RMSE": 0.16060177981853485, "Final MAPE": 296362.5625, "Final MAE": 0.10246744751930237, "Total Training Time": 56.6985878944397, "Average Time per Epoch": 4.02804206098829, "_wandb": {"runtime": 57}}