{"epoch": 27, "_timestamp": 1703315395.9373486, "loss": 0.003896219888702035, "root_mean_squared_error": 0.06241970881819725, "mean_absolute_percentage_error": 14484.2294921875, "mean_absolute_error": 0.04436379298567772, "val_loss": 0.0071182046085596085, "val_root_mean_squared_error": 0.08436945080757141, "val_mean_absolute_percentage_error": 97130.7890625, "val_mean_absolute_error": 0.060203369706869125, "_runtime": 107.42594456672668, "_step": 28, "best_val_loss": 0.0061161997728049755, "best_epoch": 17, "Final MSE": 0.005964953918009996, "Final RMSE": 0.07723311334848404, "Final MAPE": 117634.171875, "Final MAE": 0.06057967618107796, "Total Training Time": 105.0137312412262, "Average Time per Epoch": 3.7398464339120046, "_wandb": {"runtime": 105}}