{"epoch": 14, "_timestamp": 1705623291.8382318, "loss": 0.004756420850753784, "root_mean_squared_error": 0.0689668133854866, "mean_absolute_percentage_error": 113012.90625, "mean_absolute_error": 0.03731635957956314, "val_loss": 0.008053959347307682, "val_root_mean_squared_error": 0.08974385261535645, "val_mean_absolute_percentage_error": 31832.13671875, "val_mean_absolute_error": 0.04946045204997063, "_runtime": 34.664257764816284, "_step": 15, "best_val_loss": 0.007714662700891495, "best_epoch": 4, "Final MSE": 0.012711639516055584, "Final RMSE": 0.11274590343236923, "Final MAPE": 96194.3203125, "Final MAE": 0.06981681287288666, "Total Training Time": 32.14531683921814, "Average Time per Epoch": 2.13090238571167, "_wandb": {"runtime": 32}}