{"epoch": 0, "_timestamp": 1703648341.0135045, "loss": 0.006092251278460026, "root_mean_squared_error": 0.08192803710699081, "mean_absolute_percentage_error": 40992.484375, "mean_absolute_error": 0.06037679314613342, "val_loss": 0.007209670264273882, "val_root_mean_squared_error": 0.08490977436304092, "val_mean_absolute_percentage_error": 85062.3984375, "val_mean_absolute_error": 0.061193060129880905, "_runtime": 6.360859394073486, "_step": 1, "best_val_loss": 0.007209670264273882, "best_epoch": 0, "Final MSE": 0.01084880717098713, "Final RMSE": 0.10415760427713394, "Final MAPE": 225785.625, "Final MAE": 0.07752584666013718, "Total Training Time": 4.574912071228027, "Average Time per Epoch": 4.386370897293091, "_wandb": {"runtime": 4}}