{"epoch": 31, "_timestamp": 1703225481.0051944, "loss": 0.007201953791081905, "root_mean_squared_error": 0.08486432582139969, "mean_absolute_percentage_error": 17561.98046875, "mean_absolute_error": 0.053695198148489, "val_loss": 0.038903411477804184, "val_root_mean_squared_error": 0.1972394734621048, "val_mean_absolute_percentage_error": 116731.9921875, "val_mean_absolute_error": 0.16932736337184906, "_runtime": 266.84535932540894, "_step": 32, "best_val_loss": 0.02326355315744877, "best_epoch": 21, "Final MSE": 0.039364222437143326, "Final RMSE": 0.1984041929244995, "Final MAPE": 128096.2265625, "Final MAE": 0.16287028789520264, "Total Training Time": 264.35298204421997, "Average Time per Epoch": 8.24401307106018, "_wandb": {"runtime": 264}}