{"epoch": 24, "_timestamp": 1703164169.9990892, "loss": 0.005438158288598061, "root_mean_squared_error": 0.07374387234449387, "mean_absolute_percentage_error": 11035.0791015625, "mean_absolute_error": 0.03346116095781326, "val_loss": 0.010320919565856457, "val_root_mean_squared_error": 0.10159192979335785, "val_mean_absolute_percentage_error": 71357.3046875, "val_mean_absolute_error": 0.0655144453048706, "_runtime": 64.71242022514343, "_step": 25, "best_val_loss": 0.009774579666554928, "best_epoch": 14, "Final MSE": 0.01289154589176178, "Final RMSE": 0.11354093998670578, "Final MAPE": 279177.03125, "Final MAE": 0.07030011713504791, "Total Training Time": 62.3120813369751, "Average Time per Epoch": 2.4834587287902834, "_wandb": {"runtime": 62}}