{"epoch": 39, "_timestamp": 1703147689.0890775, "loss": 0.0052681188099086285, "root_mean_squared_error": 0.07258180528879166, "mean_absolute_percentage_error": 9427.5283203125, "mean_absolute_error": 0.0468069352209568, "val_loss": 0.01616097055375576, "val_root_mean_squared_error": 0.1271257996559143, "val_mean_absolute_percentage_error": 53878.83984375, "val_mean_absolute_error": 0.0824476107954979, "_runtime": 34.28091645240784, "_step": 40, "best_val_loss": 0.015198495239019394, "best_epoch": 29, "Final MSE": 0.020894112065434456, "Final RMSE": 0.1445479542016983, "Final MAPE": 104751.734375, "Final MAE": 0.09836267679929733, "Total Training Time": 32.02652382850647, "Average Time per Epoch": 0.7966630220413208, "_wandb": {"runtime": 32}}