{"epoch": 0, "_timestamp": 1703536755.510179, "loss": 0.009209518320858479, "root_mean_squared_error": 0.10867246240377426, "mean_absolute_percentage_error": 145645.65625, "mean_absolute_error": 0.06682027876377106, "val_loss": 0.008363543078303337, "val_root_mean_squared_error": 0.09145241230726242, "val_mean_absolute_percentage_error": 683504.5, "val_mean_absolute_error": 0.07311999052762985, "_runtime": 22.1202609539032, "_step": 1, "best_val_loss": 0.008363543078303337, "best_epoch": 0, "Final MSE": 0.030827688053250313, "Final RMSE": 0.17557814717292786, "Final MAPE": 369199.125, "Final MAE": 0.1383058726787567, "Total Training Time": 20.81241798400879, "Average Time per Epoch": 19.93452548980713, "_wandb": {"runtime": 21}}