{"epoch": 20, "_timestamp": 1703552764.759016, "loss": 0.010293541476130486, "root_mean_squared_error": 0.10145708918571472, "mean_absolute_percentage_error": 8023.7646484375, "mean_absolute_error": 0.05779685825109482, "val_loss": 0.008850766345858574, "val_root_mean_squared_error": 0.09407851099967957, "val_mean_absolute_percentage_error": 87870.390625, "val_mean_absolute_error": 0.06741338223218918, "_runtime": 55.62459707260132, "_step": 21, "best_val_loss": 0.008100933395326138, "best_epoch": 10, "Final MSE": 0.016768258064985275, "Final RMSE": 0.12949231266975403, "Final MAPE": 45297.72265625, "Final MAE": 0.09076305478811264, "Total Training Time": 53.27520751953125, "Average Time per Epoch": 2.525914396558489, "_wandb": {"runtime": 53}}