{"epoch": 21, "_timestamp": 1703853593.2369173, "loss": 0.014930212870240211, "root_mean_squared_error": 0.12218925356864929, "mean_absolute_percentage_error": 79024.3046875, "mean_absolute_error": 0.07315678149461746, "val_loss": 0.012691969983279705, "val_root_mean_squared_error": 0.11265864968299866, "val_mean_absolute_percentage_error": 57265.13671875, "val_mean_absolute_error": 0.08801322430372238, "_runtime": 17.666484355926514, "_step": 22, "best_val_loss": 0.010741998441517353, "best_epoch": 11, "Final MSE": 0.023687142878770828, "Final RMSE": 0.15390627086162567, "Final MAPE": 110887.984375, "Final MAE": 0.10558640211820602, "Total Training Time": 16.458629369735718, "Average Time per Epoch": 0.7410252094268799, "_wandb": {"runtime": 16}}