{"epoch": 0, "_timestamp": 1703717434.0925436, "loss": 0.05590832978487015, "root_mean_squared_error": 0.23899294435977936, "mean_absolute_percentage_error": 60502436.0, "mean_absolute_error": 0.17368026077747345, "val_loss": 0.06403959542512894, "val_root_mean_squared_error": 0.2530604600906372, "val_mean_absolute_percentage_error": 135819824.0, "val_mean_absolute_error": 0.22951850295066833, "_runtime": 62.712663650512695, "_step": 1, "best_val_loss": 0.06403959542512894, "best_epoch": 0, "Final MSE": 0.060706231743097305, "Final RMSE": 0.2463863492012024, "Final MAPE": 129027848.0, "Final MAE": 0.21768148243427277, "Total Training Time": 58.328852891922, "Average Time per Epoch": 55.468677282333374, "_wandb": {"runtime": 58}}