{"epoch": 23, "_timestamp": 1703919112.24169, "loss": 0.02187011018395424, "root_mean_squared_error": 0.14788545668125153, "mean_absolute_percentage_error": 56464.46875, "mean_absolute_error": 0.10209503769874573, "val_loss": 0.027339983731508255, "val_root_mean_squared_error": 0.16534806787967682, "val_mean_absolute_percentage_error": 105317.765625, "val_mean_absolute_error": 0.115854412317276, "_runtime": 85.8432149887085, "_step": 24, "best_val_loss": 0.026852251961827278, "best_epoch": 13, "Final MSE": 0.03232024610042572, "Final RMSE": 0.1797783225774765, "Final MAPE": 205009.5625, "Final MAE": 0.11977647244930267, "Total Training Time": 83.53509378433228, "Average Time per Epoch": 3.4687127073605857, "_wandb": {"runtime": 83}}