{"epoch": 12, "_timestamp": 1703089226.8806095, "loss": 0.007104190532118082, "root_mean_squared_error": 0.08428636193275452, "mean_absolute_percentage_error": 8395.1328125, "mean_absolute_error": 0.04798207804560661, "val_loss": 0.017427552491426468, "val_root_mean_squared_error": 0.1320134550333023, "val_mean_absolute_percentage_error": 25315.248046875, "val_mean_absolute_error": 0.08115777373313904, "_runtime": 36.60493540763855, "_step": 13, "best_val_loss": 0.015496490523219109, "best_epoch": 2, "Final MSE": 0.021808205172419548, "Final RMSE": 0.147676020860672, "Final MAPE": 14904.6826171875, "Final MAE": 0.09429710358381271, "Total Training Time": 33.89073395729065, "Average Time per Epoch": 2.5931326059194713, "_wandb": {"runtime": 34}}