{"epoch": 0, "_timestamp": 1703640682.6672807, "loss": 0.013038979843258858, "root_mean_squared_error": 0.11696715652942657, "mean_absolute_percentage_error": 40950.7421875, "mean_absolute_error": 0.07641346752643585, "val_loss": 0.015018795616924763, "val_root_mean_squared_error": 0.12255119532346725, "val_mean_absolute_percentage_error": 46214.640625, "val_mean_absolute_error": 0.07337310910224915, "_runtime": 12.117305755615234, "_step": 1, "best_val_loss": 0.015018795616924763, "best_epoch": 0, "Final MSE": 0.018518544733524323, "Final RMSE": 0.13608285784721375, "Final MAPE": 152090.5, "Final MAE": 0.08931481838226318, "Total Training Time": 4.520697593688965, "Average Time per Epoch": 4.373692512512207, "_wandb": {"runtime": 4}}