{"epoch": 24, "_timestamp": 1703559291.9996753, "loss": 0.005757768638432026, "root_mean_squared_error": 0.07587996125221252, "mean_absolute_percentage_error": 113593.1875, "mean_absolute_error": 0.04283528029918671, "val_loss": 0.007566001266241074, "val_root_mean_squared_error": 0.08698276430368423, "val_mean_absolute_percentage_error": 41386.33203125, "val_mean_absolute_error": 0.06351292878389359, "_runtime": 24.68441915512085, "_step": 25, "best_val_loss": 0.005647614598274231, "best_epoch": 14, "Final MSE": 0.013331103138625622, "Final RMSE": 0.11546039581298828, "Final MAPE": 625085.125, "Final MAE": 0.08838474750518799, "Total Training Time": 22.40445351600647, "Average Time per Epoch": 0.8905777168273926, "_wandb": {"runtime": 22}}