{"epoch": 21, "_timestamp": 1703724370.1157, "loss": 0.008523698896169662, "root_mean_squared_error": 0.09232387691736221, "mean_absolute_percentage_error": 10270617.0, "mean_absolute_error": 0.055793292820453644, "val_loss": 0.010796983726322651, "val_root_mean_squared_error": 0.10390853881835938, "val_mean_absolute_percentage_error": 30174398.0, "val_mean_absolute_error": 0.07569847255945206, "_runtime": 44.94141411781311, "_step": 22, "best_val_loss": 0.009830055758357048, "best_epoch": 11, "Final MSE": 0.009804977104067802, "Final RMSE": 0.0990200862288475, "Final MAPE": 34343512.0, "Final MAE": 0.07561405003070831, "Total Training Time": 43.36954474449158, "Average Time per Epoch": 1.9645741094242444, "_wandb": {"runtime": 43}}