{"epoch": 12, "_timestamp": 1703222860.8949196, "loss": 0.01635347120463848, "root_mean_squared_error": 0.12788069248199463, "mean_absolute_percentage_error": 60762.21484375, "mean_absolute_error": 0.09674251824617386, "val_loss": 0.025149665772914886, "val_root_mean_squared_error": 0.15858645737171173, "val_mean_absolute_percentage_error": 103471.9140625, "val_mean_absolute_error": 0.10748986899852753, "_runtime": 176.03029656410217, "_step": 13, "best_val_loss": 0.021198511123657227, "best_epoch": 2, "Final MSE": 0.05270855873823166, "Final RMSE": 0.22958344221115112, "Final MAPE": 225759.84375, "Final MAE": 0.19268503785133362, "Total Training Time": 173.61442756652832, "Average Time per Epoch": 13.296370047789354, "_wandb": {"runtime": 174}}