{"epoch": 55, "_timestamp": 1703846540.5991323, "loss": 0.003604736877605319, "root_mean_squared_error": 0.0600394606590271, "mean_absolute_percentage_error": 13843.85546875, "mean_absolute_error": 0.03276370093226433, "val_loss": 0.01060123834758997, "val_root_mean_squared_error": 0.10296231508255005, "val_mean_absolute_percentage_error": 73688.96875, "val_mean_absolute_error": 0.059095073491334915, "_runtime": 128.7736554145813, "_step": 56, "best_val_loss": 0.010338552296161652, "best_epoch": 45, "Final MSE": 0.019897425547242165, "Final RMSE": 0.14105823636054993, "Final MAPE": 21521.96875, "Final MAE": 0.07704604417085648, "Total Training Time": 126.206946849823, "Average Time per Epoch": 2.2472847614969527, "_wandb": {"runtime": 126}}