{"epoch": 0, "_timestamp": 1703595484.8784268, "loss": 0.01264343224465847, "root_mean_squared_error": 0.11587002128362656, "mean_absolute_percentage_error": 67817.984375, "mean_absolute_error": 0.06974216550588608, "val_loss": 0.008470175787806511, "val_root_mean_squared_error": 0.09203355759382248, "val_mean_absolute_percentage_error": 92763.4296875, "val_mean_absolute_error": 0.06189770624041557, "_runtime": 3.5802078247070312, "_step": 1, "best_val_loss": 0.008470175787806511, "best_epoch": 0, "Final MSE": 0.019040381535887718, "Final RMSE": 0.1379868984222412, "Final MAPE": 188997.9375, "Final MAE": 0.09906261414289474, "Total Training Time": 1.5909595489501953, "Average Time per Epoch": 1.4849576950073242, "_wandb": {"runtime": 1}}