{"epoch": 61, "_timestamp": 1703160212.649186, "loss": 0.004881607368588448, "root_mean_squared_error": 0.06986849755048752, "mean_absolute_percentage_error": 47552.26171875, "mean_absolute_error": 0.03625574707984924, "val_loss": 0.007832610048353672, "val_root_mean_squared_error": 0.08850203454494476, "val_mean_absolute_percentage_error": 24358.25390625, "val_mean_absolute_error": 0.042750682681798935, "_runtime": 133.5674068927765, "_step": 62, "best_val_loss": 0.007786982227116823, "best_epoch": 51, "Final MSE": 0.013333315029740334, "Final RMSE": 0.11546997725963593, "Final MAPE": 90886.7421875, "Final MAE": 0.058338463306427, "Total Training Time": 130.97534203529358, "Average Time per Epoch": 2.1083196555414507, "_wandb": {"runtime": 131}}