{"epoch": 35, "_timestamp": 1705616364.7332559, "loss": 0.005155949853360653, "root_mean_squared_error": 0.071804940700531, "mean_absolute_percentage_error": 7674.255859375, "mean_absolute_error": 0.04604647308588028, "val_loss": 0.012698495760560036, "val_root_mean_squared_error": 0.1126876026391983, "val_mean_absolute_percentage_error": 190312.671875, "val_mean_absolute_error": 0.08429469168186188, "_runtime": 29.505440950393677, "_step": 36, "best_val_loss": 0.011363754980266094, "best_epoch": 25, "Final MSE": 0.00957015436142683, "Final RMSE": 0.09782716631889343, "Final MAPE": 92505.1484375, "Final MAE": 0.07432786375284195, "Total Training Time": 27.251988649368286, "Average Time per Epoch": 0.7527173890007867, "_wandb": {"runtime": 27}}