{"epoch": 18, "_timestamp": 1703763014.6798804, "loss": 0.014894867315888405, "root_mean_squared_error": 0.12204452604055405, "mean_absolute_percentage_error": 79569.375, "mean_absolute_error": 0.07338272780179977, "val_loss": 0.01128443330526352, "val_root_mean_squared_error": 0.10622821003198624, "val_mean_absolute_percentage_error": 45581.953125, "val_mean_absolute_error": 0.07375003397464752, "_runtime": 16.0524582862854, "_step": 19, "best_val_loss": 0.010800369083881378, "best_epoch": 8, "Final MSE": 0.025087587535381317, "Final RMSE": 0.15839062631130219, "Final MAPE": 91907.40625, "Final MAE": 0.10461771488189697, "Total Training Time": 14.011638641357422, "Average Time per Epoch": 0.731596407137419, "_wandb": {"runtime": 14}}