{"epoch": 13, "_timestamp": 1703650419.5501273, "loss": 0.004762277938425541, "root_mean_squared_error": 0.06900925934314728, "mean_absolute_percentage_error": 11236.587890625, "mean_absolute_error": 0.04482004791498184, "val_loss": 0.008568868041038513, "val_root_mean_squared_error": 0.09256818145513535, "val_mean_absolute_percentage_error": 118651.59375, "val_mean_absolute_error": 0.057499099522829056, "_runtime": 15.01641035079956, "_step": 14, "best_val_loss": 0.008240272291004658, "best_epoch": 3, "Final MSE": 0.018178734928369522, "Final RMSE": 0.13482853770256042, "Final MAPE": 128841.1328125, "Final MAE": 0.09128890186548233, "Total Training Time": 12.72100830078125, "Average Time per Epoch": 0.8994347027369908, "_wandb": {"runtime": 13}}