{"epoch": 0, "_timestamp": 1703560198.8343964, "loss": 0.006400681100785732, "root_mean_squared_error": 0.08806175738573074, "mean_absolute_percentage_error": 63467.390625, "mean_absolute_error": 0.052680350840091705, "val_loss": 0.007769978605210781, "val_root_mean_squared_error": 0.08814748376607895, "val_mean_absolute_percentage_error": 29957.87109375, "val_mean_absolute_error": 0.05927521362900734, "_runtime": 3.874345302581787, "_step": 1, "best_val_loss": 0.007769978605210781, "best_epoch": 0, "Final MSE": 0.016339192166924477, "Final RMSE": 0.1278248429298401, "Final MAPE": 173782.359375, "Final MAE": 0.08763828128576279, "Total Training Time": 1.9124748706817627, "Average Time per Epoch": 1.8044497966766357, "_wandb": {"runtime": 2}}