{"epoch": 0, "_timestamp": 1703596050.991416, "loss": 0.009123400785028934, "root_mean_squared_error": 0.0992249846458435, "mean_absolute_percentage_error": 68006.6875, "mean_absolute_error": 0.04955732449889183, "val_loss": 0.006694724317640066, "val_root_mean_squared_error": 0.08182127773761749, "val_mean_absolute_percentage_error": 89714.484375, "val_mean_absolute_error": 0.049956850707530975, "_runtime": 3.548961877822876, "_step": 1, "best_val_loss": 0.006694724317640066, "best_epoch": 0, "Final MSE": 0.014954718761146069, "Final RMSE": 0.12228947877883911, "Final MAPE": 365519.8125, "Final MAE": 0.070817731320858, "Total Training Time": 1.6054410934448242, "Average Time per Epoch": 1.5004193782806396, "_wandb": {"runtime": 1}}