{"epoch": 12, "_timestamp": 1703545496.6827054, "loss": 0.004671274684369564, "root_mean_squared_error": 0.06834672391414642, "mean_absolute_percentage_error": 106739.3671875, "mean_absolute_error": 0.0361521877348423, "val_loss": 0.00856183934956789, "val_root_mean_squared_error": 0.09253020584583282, "val_mean_absolute_percentage_error": 37508.5703125, "val_mean_absolute_error": 0.058110322803258896, "_runtime": 29.310380458831787, "_step": 13, "best_val_loss": 0.008035032078623772, "best_epoch": 2, "Final MSE": 0.013492973521351814, "Final RMSE": 0.11615926027297974, "Final MAPE": 108443.5859375, "Final MAE": 0.07829049229621887, "Total Training Time": 27.30148482322693, "Average Time per Epoch": 2.086387744316688, "_wandb": {"runtime": 27}}