{"epoch": 1, "_timestamp": 1702911543.9023364, "loss": 0.006372812204062939, "root_mean_squared_error": 0.07982989400625229, "mean_absolute_percentage_error": 146202.234375, "mean_absolute_error": 0.04912024736404419, "val_loss": 0.01137180533260107, "val_root_mean_squared_error": 0.10663866996765137, "val_mean_absolute_percentage_error": 80234.703125, "val_mean_absolute_error": 0.06040439382195473, "_runtime": 21.66231346130371, "_step": 2, "best_val_loss": 0.01137180533260107, "best_epoch": 1, "Final MSE": 0.009125987999141216, "Final RMSE": 0.09553004056215286, "Final MAPE": 108107.890625, "Final MAE": 0.05579386651515961, "Total Training Time": 18.75275182723999, "Average Time per Epoch": 9.179374694824219, "_wandb": {"runtime": 19}}