{"epoch": 0, "_timestamp": 1703505378.3640544, "loss": 0.010918420739471912, "root_mean_squared_error": 0.11783405393362045, "mean_absolute_percentage_error": 106486.84375, "mean_absolute_error": 0.0697186216711998, "val_loss": 0.00680714612826705, "val_root_mean_squared_error": 0.08250544220209122, "val_mean_absolute_percentage_error": 730985.625, "val_mean_absolute_error": 0.05793235823512077, "_runtime": 3.659351348876953, "_step": 1, "best_val_loss": 0.00680714612826705, "best_epoch": 0, "Final MSE": 0.0356915257871151, "Final RMSE": 0.18892203271389008, "Final MAPE": 175700.984375, "Final MAE": 0.11881474405527115, "Total Training Time": 1.5956268310546875, "Average Time per Epoch": 1.4915952682495117, "_wandb": {"runtime": 1}}