{"epoch": 10, "_timestamp": 1703195537.0701358, "loss": 0.021674221381545067, "root_mean_squared_error": 0.14722168445587158, "mean_absolute_percentage_error": 30666.390625, "mean_absolute_error": 0.0842205286026001, "val_loss": 0.02651245705783367, "val_root_mean_squared_error": 0.16282647848129272, "val_mean_absolute_percentage_error": 106308.0625, "val_mean_absolute_error": 0.08424428850412369, "_runtime": 11.02468991279602, "_step": 11, "best_val_loss": 0.026447370648384094, "best_epoch": 0, "Final MSE": 0.028470665216445923, "Final RMSE": 0.16873250901699066, "Final MAPE": 213936.125, "Final MAE": 0.09551837295293808, "Total Training Time": 8.90610408782959, "Average Time per Epoch": 0.7989144758744673, "_wandb": {"runtime": 9}}