{"epoch": 0, "_timestamp": 1703741383.6642823, "loss": 0.006914908066391945, "root_mean_squared_error": 0.08814974129199982, "mean_absolute_percentage_error": 8993913.0, "mean_absolute_error": 0.05204557254910469, "val_loss": 0.006750714965164661, "val_root_mean_squared_error": 0.08216273784637451, "val_mean_absolute_percentage_error": 9839023.0, "val_mean_absolute_error": 0.052248530089855194, "_runtime": 3.7932112216949463, "_step": 1, "best_val_loss": 0.006750714965164661, "best_epoch": 0, "Final MSE": 0.007775112520903349, "Final RMSE": 0.08817660063505173, "Final MAPE": 13917970.0, "Final MAE": 0.056695546954870224, "Total Training Time": 1.8789141178131104, "Average Time per Epoch": 1.7682085037231445, "_wandb": {"runtime": 2}}