{"epoch": 20, "_timestamp": 1703809172.598238, "loss": 0.006737528834491968, "root_mean_squared_error": 0.08208245038986206, "mean_absolute_percentage_error": 41529.40234375, "mean_absolute_error": 0.04462062940001488, "val_loss": 0.01314716786146164, "val_root_mean_squared_error": 0.11466109752655029, "val_mean_absolute_percentage_error": 567467.3125, "val_mean_absolute_error": 0.07089303433895111, "_runtime": 52.68623399734497, "_step": 21, "best_val_loss": 0.012954819947481155, "best_epoch": 10, "Final MSE": 0.01737211085855961, "Final RMSE": 0.13180330395698547, "Final MAPE": 65329.17578125, "Final MAE": 0.08725284785032272, "Total Training Time": 51.26624011993408, "Average Time per Epoch": 2.431069476263864, "_wandb": {"runtime": 51}}