{"epoch": 42, "_timestamp": 1703182108.6127057, "loss": 0.00657145120203495, "root_mean_squared_error": 0.08106448501348495, "mean_absolute_percentage_error": 15957.4609375, "mean_absolute_error": 0.06036509945988655, "val_loss": 0.009363449178636074, "val_root_mean_squared_error": 0.09676491469144821, "val_mean_absolute_percentage_error": 102438.3046875, "val_mean_absolute_error": 0.071004718542099, "_runtime": 104.75622463226318, "_step": 43, "best_val_loss": 0.008239471353590488, "best_epoch": 32, "Final MSE": 0.01116883009672165, "Final RMSE": 0.10568268597126007, "Final MAPE": 220415.46875, "Final MAE": 0.07867900282144547, "Total Training Time": 102.3561601638794, "Average Time per Epoch": 2.3752816388773366, "_wandb": {"runtime": 103}}