{"epoch": 0, "_timestamp": 1703746950.2071633, "loss": 0.008318311534821987, "root_mean_squared_error": 0.09264928847551346, "mean_absolute_percentage_error": 8373019.5, "mean_absolute_error": 0.05404108762741089, "val_loss": 0.006438776850700378, "val_root_mean_squared_error": 0.08024198561906815, "val_mean_absolute_percentage_error": 7528757.5, "val_mean_absolute_error": 0.047249455004930496, "_runtime": 4.659975290298462, "_step": 1, "best_val_loss": 0.006438776850700378, "best_epoch": 0, "Final MSE": 0.010328033939003944, "Final RMSE": 0.1016269326210022, "Final MAPE": 11364736.0, "Final MAE": 0.060705821961164474, "Total Training Time": 2.727321147918701, "Average Time per Epoch": 2.584824800491333, "_wandb": {"runtime": 3}}