{"epoch": 0, "_timestamp": 1703729622.6989632, "loss": 0.007101394236087799, "root_mean_squared_error": 0.08491931855678558, "mean_absolute_percentage_error": 8437664.0, "mean_absolute_error": 0.04936797171831131, "val_loss": 0.006340268533676863, "val_root_mean_squared_error": 0.07962580025196075, "val_mean_absolute_percentage_error": 11764894.0, "val_mean_absolute_error": 0.04818272963166237, "_runtime": 13.120812177658081, "_step": 1, "best_val_loss": 0.006340268533676863, "best_epoch": 0, "Final MSE": 0.0076292515732347965, "Final RMSE": 0.08734558522701263, "Final MAPE": 15534494.0, "Final MAE": 0.052181798964738846, "Total Training Time": 4.52593994140625, "Average Time per Epoch": 4.359415292739868, "_wandb": {"runtime": 4}}