{"epoch": 29, "_timestamp": 1703676337.9902232, "loss": 0.06897354871034622, "root_mean_squared_error": 0.2626282572746277, "mean_absolute_percentage_error": 78620912.0, "mean_absolute_error": 0.20343010127544403, "val_loss": 0.07527584582567215, "val_root_mean_squared_error": 0.2743644416332245, "val_mean_absolute_percentage_error": 83156888.0, "val_mean_absolute_error": 0.20939026772975922, "_runtime": 22.390010118484497, "_step": 30, "best_val_loss": 0.07521568238735199, "best_epoch": 19, "Final MSE": 0.07672671228647232, "Final RMSE": 0.27699586749076843, "Final MAPE": 89155992.0, "Final MAE": 0.20713232457637787, "Total Training Time": 21.125686168670654, "Average Time per Epoch": 0.7010468085606892, "_wandb": {"runtime": 21}}