{"epoch": 0, "_timestamp": 1703786388.2495732, "loss": 0.014320503920316696, "root_mean_squared_error": 0.1232864037156105, "mean_absolute_percentage_error": 20627.841796875, "mean_absolute_error": 0.07391717284917831, "val_loss": 0.008905663155019283, "val_root_mean_squared_error": 0.09436982125043869, "val_mean_absolute_percentage_error": 66997.7421875, "val_mean_absolute_error": 0.06172611564397812, "_runtime": 31.537439346313477, "_step": 1, "best_val_loss": 0.008905663155019283, "best_epoch": 0, "Final MSE": 0.02164078876376152, "Final RMSE": 0.1471080780029297, "Final MAPE": 80598.90625, "Final MAE": 0.09722951054573059, "Total Training Time": 30.04657745361328, "Average Time per Epoch": 28.71150302886963, "_wandb": {"runtime": 30}}