{"epoch": 0, "_timestamp": 1703548710.4813828, "loss": 0.0038396676536649466, "root_mean_squared_error": 0.06603626161813736, "mean_absolute_percentage_error": 217316.578125, "mean_absolute_error": 0.03788188472390175, "val_loss": 0.006731993984431028, "val_root_mean_squared_error": 0.08204872906208038, "val_mean_absolute_percentage_error": 30.195817947387695, "val_mean_absolute_error": 0.042180754244327545, "_runtime": 10.702257871627808, "_step": 1, "best_val_loss": 0.006731993984431028, "best_epoch": 0, "Final MSE": 0.007504996843636036, "Final RMSE": 0.08663138747215271, "Final MAPE": 205363.734375, "Final MAE": 0.051991742104291916, "Total Training Time": 4.584315776824951, "Average Time per Epoch": 4.431151390075684, "_wandb": {"runtime": 4}}