{"epoch": 0, "_timestamp": 1703677753.8328753, "loss": 0.06894534081220627, "root_mean_squared_error": 0.2654081881046295, "mean_absolute_percentage_error": 82704736.0, "mean_absolute_error": 0.20623525977134705, "val_loss": 0.07521835714578629, "val_root_mean_squared_error": 0.27425968647003174, "val_mean_absolute_percentage_error": 87500120.0, "val_mean_absolute_error": 0.21309109032154083, "_runtime": 2.7031192779541016, "_step": 1, "best_val_loss": 0.07521835714578629, "best_epoch": 0, "Final MSE": 0.0769096240401268, "Final RMSE": 0.277325838804245, "Final MAPE": 93803992.0, "Final MAE": 0.21140077710151672, "Total Training Time": 1.5476255416870117, "Average Time per Epoch": 1.4538650512695312, "_wandb": {"runtime": 1}}