{"epoch": 10, "_timestamp": 1703856859.9755468, "loss": 0.022756673395633698, "root_mean_squared_error": 0.15085315704345703, "mean_absolute_percentage_error": 274640.8125, "mean_absolute_error": 0.1127159371972084, "val_loss": 0.0734349861741066, "val_root_mean_squared_error": 0.27098891139030457, "val_mean_absolute_percentage_error": 8682.0126953125, "val_mean_absolute_error": 0.1915798783302307, "_runtime": 62.232088804244995, "_step": 11, "best_val_loss": 0.040521327406167984, "best_epoch": 0, "Final MSE": 0.05916145443916321, "Final RMSE": 0.24323128163814545, "Final MAPE": 16061.9951171875, "Final MAE": 0.1555929183959961, "Total Training Time": 60.714749574661255, "Average Time per Epoch": 5.486431858756325, "_wandb": {"runtime": 61}}