{"epoch": 21, "_timestamp": 1703439704.6651661, "loss": 0.0085297841578722, "root_mean_squared_error": 0.09235683083534241, "mean_absolute_percentage_error": 8775554.0, "mean_absolute_error": 0.05686428025364876, "val_loss": 0.010912049561738968, "val_root_mean_squared_error": 0.10446075350046158, "val_mean_absolute_percentage_error": 12145870.0, "val_mean_absolute_error": 0.0655316710472107, "_runtime": 18.920509099960327, "_step": 22, "best_val_loss": 0.009444553405046463, "best_epoch": 11, "Final MSE": 0.011914919130504131, "Final RMSE": 0.10915548354387283, "Final MAPE": 18687460.0, "Final MAE": 0.07396838068962097, "Total Training Time": 16.73169994354248, "Average Time per Epoch": 0.7545701373707164, "_wandb": {"runtime": 17}}