{"epoch": 31, "_timestamp": 1703296611.0139115, "loss": 0.007675518281757832, "root_mean_squared_error": 0.08761003613471985, "mean_absolute_percentage_error": 28259.669921875, "mean_absolute_error": 0.04929976537823677, "val_loss": 0.00874397810548544, "val_root_mean_squared_error": 0.093509241938591, "val_mean_absolute_percentage_error": 54683.015625, "val_mean_absolute_error": 0.06628364324569702, "_runtime": 84.28000044822693, "_step": 32, "best_val_loss": 0.008090061135590076, "best_epoch": 21, "Final MSE": 0.01375528983771801, "Final RMSE": 0.11728294938802719, "Final MAPE": 144443.515625, "Final MAE": 0.08348958939313889, "Total Training Time": 81.39315390586853, "Average Time per Epoch": 2.536148503422737, "_wandb": {"runtime": 81}}