{"epoch": 0, "_timestamp": 1702915825.6214128, "loss": 0.00530135678127408, "root_mean_squared_error": 0.07281041890382767, "mean_absolute_percentage_error": 4654.86865234375, "mean_absolute_error": 0.04345105215907097, "val_loss": 0.005135769955813885, "val_root_mean_squared_error": 0.07166428864002228, "val_mean_absolute_percentage_error": 9390.3896484375, "val_mean_absolute_error": 0.04371149465441704, "_runtime": 14.260400772094727, "_step": 1, "best_val_loss": 0.005135769955813885, "best_epoch": 0, "Final MSE": 0.012912468053400517, "Final RMSE": 0.11363304406404495, "Final MAPE": 48626.2265625, "Final MAE": 0.0689244344830513, "Total Training Time": 11.618156433105469, "Average Time per Epoch": 11.23506760597229, "_wandb": {"runtime": 13}}