{"epoch": 15, "_timestamp": 1703504470.3166072, "loss": 0.007422254886478186, "root_mean_squared_error": 0.08615250885486603, "mean_absolute_percentage_error": 60358.88671875, "mean_absolute_error": 0.044876083731651306, "val_loss": 0.013181421905755997, "val_root_mean_squared_error": 0.11481037735939026, "val_mean_absolute_percentage_error": 139440.0625, "val_mean_absolute_error": 0.0626797005534172, "_runtime": 14.213665246963501, "_step": 16, "best_val_loss": 0.013175459578633308, "best_epoch": 5, "Final MSE": 0.022139452397823334, "Final RMSE": 0.1487933248281479, "Final MAPE": 94769.8984375, "Final MAE": 0.0790618509054184, "Total Training Time": 11.95119333267212, "Average Time per Epoch": 0.7392616420984268, "_wandb": {"runtime": 12}}