{"epoch": 27, "_timestamp": 1703590410.704188, "loss": 0.006231733597815037, "root_mean_squared_error": 0.07894133031368256, "mean_absolute_percentage_error": 13932.49609375, "mean_absolute_error": 0.04469321295619011, "val_loss": 0.010493355803191662, "val_root_mean_squared_error": 0.1024370789527893, "val_mean_absolute_percentage_error": 22197.123046875, "val_mean_absolute_error": 0.05144241824746132, "_runtime": 70.7048020362854, "_step": 28, "best_val_loss": 0.00810400303453207, "best_epoch": 17, "Final MSE": 0.01166960783302784, "Final RMSE": 0.10802596062421799, "Final MAPE": 607.6051635742188, "Final MAE": 0.05780211091041565, "Total Training Time": 68.15908098220825, "Average Time per Epoch": 2.4272170066833496, "_wandb": {"runtime": 68}}