{"epoch": 15, "_timestamp": 1703810144.2989855, "loss": 0.0054385485127568245, "root_mean_squared_error": 0.07374651730060577, "mean_absolute_percentage_error": 127673.4296875, "mean_absolute_error": 0.045440733432769775, "val_loss": 0.011415845714509487, "val_root_mean_squared_error": 0.106844961643219, "val_mean_absolute_percentage_error": 546513.5, "val_mean_absolute_error": 0.062276434153318405, "_runtime": 41.456451416015625, "_step": 16, "best_val_loss": 0.011086290702223778, "best_epoch": 5, "Final MSE": 0.024396788328886032, "Final RMSE": 0.15619471669197083, "Final MAPE": 548400.5, "Final MAE": 0.10962784290313721, "Total Training Time": 40.11688685417175, "Average Time per Epoch": 2.4943807274103165, "_wandb": {"runtime": 40}}