{"epoch": 0, "_timestamp": 1703760578.022055, "loss": 0.01616755500435829, "root_mean_squared_error": 0.12805701792240143, "mean_absolute_percentage_error": 116835.046875, "mean_absolute_error": 0.07423064112663269, "val_loss": 0.017993731424212456, "val_root_mean_squared_error": 0.1341407150030136, "val_mean_absolute_percentage_error": 52006.0234375, "val_mean_absolute_error": 0.09286042302846909, "_runtime": 7.509519815444946, "_step": 1, "best_val_loss": 0.017993731424212456, "best_epoch": 0, "Final MSE": 0.028654294088482857, "Final RMSE": 0.16927579045295715, "Final MAPE": 546700.25, "Final MAE": 0.11582614481449127, "Total Training Time": 6.145575761795044, "Average Time per Epoch": 5.995347738265991, "_wandb": {"runtime": 6}}