{"epoch": 33, "_timestamp": 1703594712.2590148, "loss": 0.023179760202765465, "root_mean_squared_error": 0.15224900841712952, "mean_absolute_percentage_error": 94937.125, "mean_absolute_error": 0.11767978966236115, "val_loss": 0.023464612662792206, "val_root_mean_squared_error": 0.15318161249160767, "val_mean_absolute_percentage_error": 167191.078125, "val_mean_absolute_error": 0.10871347784996033, "_runtime": 28.169688940048218, "_step": 34, "best_val_loss": 0.023422349244356155, "best_epoch": 23, "Final MSE": 0.05353880673646927, "Final RMSE": 0.2313845455646515, "Final MAPE": 340635.75, "Final MAE": 0.19286112487316132, "Total Training Time": 25.960137128829956, "Average Time per Epoch": 0.7590034779380349, "_wandb": {"runtime": 26}}