{"epoch": 15, "_timestamp": 1703351874.749599, "loss": 0.012218507938086987, "root_mean_squared_error": 0.11053735762834549, "mean_absolute_percentage_error": 14440413.0, "mean_absolute_error": 0.07040870189666748, "val_loss": 0.051542673259973526, "val_root_mean_squared_error": 0.22703011333942413, "val_mean_absolute_percentage_error": 43561672.0, "val_mean_absolute_error": 0.14610467851161957, "_runtime": 169.47759795188904, "_step": 16, "best_val_loss": 0.04467865452170372, "best_epoch": 5, "Final MSE": 0.06644804775714874, "Final RMSE": 0.2577751874923706, "Final MAPE": 75491696.0, "Final MAE": 0.17651872336864471, "Total Training Time": 167.07782435417175, "Average Time per Epoch": 10.403684332966805, "_wandb": {"runtime": 167}}