{"epoch": 36, "_timestamp": 1703152667.2892, "loss": 0.006421404425054789, "root_mean_squared_error": 0.08013366907835007, "mean_absolute_percentage_error": 8453.8427734375, "mean_absolute_error": 0.0454009585082531, "val_loss": 0.012030434794723988, "val_root_mean_squared_error": 0.10968334227800369, "val_mean_absolute_percentage_error": 44296.7421875, "val_mean_absolute_error": 0.059649016708135605, "_runtime": 49.29136109352112, "_step": 37, "best_val_loss": 0.011454124934971333, "best_epoch": 26, "Final MSE": 0.014728892594575882, "Final RMSE": 0.12136264890432358, "Final MAPE": 33478.12890625, "Final MAE": 0.08670061826705933, "Total Training Time": 47.01847839355469, "Average Time per Epoch": 1.26566084011181, "_wandb": {"runtime": 47}}