{"epoch": 45, "_timestamp": 1705591409.5885658, "loss": 0.005219461861997843, "root_mean_squared_error": 0.07224584370851517, "mean_absolute_percentage_error": 8572.4267578125, "mean_absolute_error": 0.03298168629407883, "val_loss": 0.009884403087198734, "val_root_mean_squared_error": 0.09942033886909485, "val_mean_absolute_percentage_error": 64283.71875, "val_mean_absolute_error": 0.05998457968235016, "_runtime": 124.16053080558777, "_step": 46, "best_val_loss": 0.009677072055637836, "best_epoch": 35, "Final MSE": 0.013052012771368027, "Final RMSE": 0.11424540728330612, "Final MAPE": 160680.984375, "Final MAE": 0.06822187453508377, "Total Training Time": 121.80119919776917, "Average Time per Epoch": 2.642048892767533, "_wandb": {"runtime": 122}}