{"epoch": 35, "_timestamp": 1703258148.4387085, "loss": 0.005734393373131752, "root_mean_squared_error": 0.07572577893733978, "mean_absolute_percentage_error": 24845.9375, "mean_absolute_error": 0.052564069628715515, "val_loss": 0.014631601050496101, "val_root_mean_squared_error": 0.12096115201711655, "val_mean_absolute_percentage_error": 112025.140625, "val_mean_absolute_error": 0.09400519728660583, "_runtime": 505.4310064315796, "_step": 36, "best_val_loss": 0.012743247672915459, "best_epoch": 25, "Final MSE": 0.015136138536036015, "Final RMSE": 0.12302901595830917, "Final MAPE": 172509.703125, "Final MAE": 0.09179170429706573, "Total Training Time": 503.04086804389954, "Average Time per Epoch": 13.94970119661755, "_wandb": {"runtime": 503}}