{"epoch": 15, "_timestamp": 1703646435.4591017, "loss": 0.015216125175356865, "root_mean_squared_error": 0.12335366010665894, "mean_absolute_percentage_error": 5449.05712890625, "mean_absolute_error": 0.07816001027822495, "val_loss": 0.015326093882322311, "val_root_mean_squared_error": 0.12379860132932663, "val_mean_absolute_percentage_error": 3404.99072265625, "val_mean_absolute_error": 0.09019813686609268, "_runtime": 45.297040700912476, "_step": 16, "best_val_loss": 0.013454619795084, "best_epoch": 5, "Final MSE": 0.023063570261001587, "Final RMSE": 0.15186694264411926, "Final MAPE": 35147.4140625, "Final MAE": 0.11429373174905777, "Total Training Time": 42.90414595603943, "Average Time per Epoch": 2.667566016316414, "_wandb": {"runtime": 43}}