{"epoch": 0, "_timestamp": 1703651871.3805285, "loss": 0.007604973390698433, "root_mean_squared_error": 0.09221835434436798, "mean_absolute_percentage_error": 30580.58203125, "mean_absolute_error": 0.05297312140464783, "val_loss": 0.007564782630652189, "val_root_mean_squared_error": 0.08697576075792313, "val_mean_absolute_percentage_error": 20167.689453125, "val_mean_absolute_error": 0.04578225314617157, "_runtime": 3.706590414047241, "_step": 1, "best_val_loss": 0.007564782630652189, "best_epoch": 0, "Final MSE": 0.006999050732702017, "Final RMSE": 0.08366032689809799, "Final MAPE": 51720.96875, "Final MAE": 0.05375713109970093, "Total Training Time": 1.8555538654327393, "Average Time per Epoch": 1.747551679611206, "_wandb": {"runtime": 2}}