{"epoch": 35, "_timestamp": 1703642944.9253857, "loss": 0.006295562721788883, "root_mean_squared_error": 0.07934458553791046, "mean_absolute_percentage_error": 11191.859375, "mean_absolute_error": 0.058731935918331146, "val_loss": 0.007146146148443222, "val_root_mean_squared_error": 0.08453488349914551, "val_mean_absolute_percentage_error": 68287.4140625, "val_mean_absolute_error": 0.0623764730989933, "_runtime": 87.31518173217773, "_step": 36, "best_val_loss": 0.0070780073292553425, "best_epoch": 25, "Final MSE": 0.010799361392855644, "Final RMSE": 0.10391997545957565, "Final MAPE": 221255.1875, "Final MAE": 0.07988471537828445, "Total Training Time": 85.17146825790405, "Average Time per Epoch": 2.3588227033615112, "_wandb": {"runtime": 85}}