{"epoch": 14, "_timestamp": 1703202612.882595, "loss": 0.010762320831418037, "root_mean_squared_error": 0.1037416085600853, "mean_absolute_percentage_error": 22534.546875, "mean_absolute_error": 0.07380937784910202, "val_loss": 0.02094399556517601, "val_root_mean_squared_error": 0.1447204053401947, "val_mean_absolute_percentage_error": 57722.62109375, "val_mean_absolute_error": 0.09653342515230179, "_runtime": 101.54891514778137, "_step": 15, "best_val_loss": 0.018752623349428177, "best_epoch": 4, "Final MSE": 0.030314868316054344, "Final RMSE": 0.17411164939403534, "Final MAPE": 301045.625, "Final MAE": 0.12324368208646774, "Total Training Time": 99.13920998573303, "Average Time per Epoch": 6.580946811040243, "_wandb": {"runtime": 99}}