{"epoch": 15, "_timestamp": 1703562487.94456, "loss": 0.00733170984312892, "root_mean_squared_error": 0.08562540262937546, "mean_absolute_percentage_error": 42752.70703125, "mean_absolute_error": 0.05552515760064125, "val_loss": 0.009057142771780491, "val_root_mean_squared_error": 0.09516902267932892, "val_mean_absolute_percentage_error": 12629.873046875, "val_mean_absolute_error": 0.06253796815872192, "_runtime": 26.095953941345215, "_step": 16, "best_val_loss": 0.009000229649245739, "best_epoch": 5, "Final MSE": 0.014856871217489243, "Final RMSE": 0.12188876420259476, "Final MAPE": 107714.5546875, "Final MAE": 0.08377876877784729, "Total Training Time": 23.811323881149292, "Average Time per Epoch": 1.4772823005914688, "_wandb": {"runtime": 24}}