{"epoch": 42, "_timestamp": 1703315196.2060282, "loss": 0.01063604187220335, "root_mean_squared_error": 0.10313118994235992, "mean_absolute_percentage_error": 1222.3775634765625, "mean_absolute_error": 0.06456537544727325, "val_loss": 0.007395428605377674, "val_root_mean_squared_error": 0.08599667996168137, "val_mean_absolute_percentage_error": 49164.0, "val_mean_absolute_error": 0.05453326180577278, "_runtime": 162.82446432113647, "_step": 43, "best_val_loss": 0.007178517058491707, "best_epoch": 32, "Final MSE": 0.016056472435593605, "Final RMSE": 0.12671414017677307, "Final MAPE": 53608.7734375, "Final MAE": 0.07382845878601074, "Total Training Time": 160.39901900291443, "Average Time per Epoch": 3.7227675138517866, "_wandb": {"runtime": 160}}