{"epoch": 33, "_timestamp": 1703449912.3511848, "loss": 0.007452149875462055, "root_mean_squared_error": 0.08632583916187286, "mean_absolute_percentage_error": 10005995.0, "mean_absolute_error": 0.0515543557703495, "val_loss": 0.011727006174623966, "val_root_mean_squared_error": 0.10829130560159683, "val_mean_absolute_percentage_error": 14908213.0, "val_mean_absolute_error": 0.0671294629573822, "_runtime": 74.53843092918396, "_step": 34, "best_val_loss": 0.011422084644436836, "best_epoch": 23, "Final MSE": 0.009599694982171059, "Final RMSE": 0.09797803312540054, "Final MAPE": 27413574.0, "Final MAE": 0.06985341757535934, "Total Training Time": 72.03268694877625, "Average Time per Epoch": 2.1123264396891877, "_wandb": {"runtime": 72}}