{"epoch": 19, "_timestamp": 1703643178.3298821, "loss": 0.011563546024262905, "root_mean_squared_error": 0.10753393173217773, "mean_absolute_percentage_error": 15655.1591796875, "mean_absolute_error": 0.06502603739500046, "val_loss": 0.014803128316998482, "val_root_mean_squared_error": 0.12166810780763626, "val_mean_absolute_percentage_error": 61394.45703125, "val_mean_absolute_error": 0.08734459429979324, "_runtime": 50.36919808387756, "_step": 20, "best_val_loss": 0.014208143576979637, "best_epoch": 9, "Final MSE": 0.0178684089332819, "Final RMSE": 0.1336727738380432, "Final MAPE": 136716.0625, "Final MAE": 0.09364106506109238, "Total Training Time": 48.2452917098999, "Average Time per Epoch": 2.4012643814086916, "_wandb": {"runtime": 48}}