{"epoch": 0, "_timestamp": 1703787344.9350445, "loss": 0.014060781337320805, "root_mean_squared_error": 0.1229066476225853, "mean_absolute_percentage_error": 101793.1796875, "mean_absolute_error": 0.0712425708770752, "val_loss": 0.010197035036981106, "val_root_mean_squared_error": 0.10098037123680115, "val_mean_absolute_percentage_error": 33029.61328125, "val_mean_absolute_error": 0.0559990219771862, "_runtime": 38.00181555747986, "_step": 1, "best_val_loss": 0.010197035036981106, "best_epoch": 0, "Final MSE": 0.02470557577908039, "Final RMSE": 0.1571800708770752, "Final MAPE": 95042.09375, "Final MAE": 0.10113014280796051, "Total Training Time": 36.75683641433716, "Average Time per Epoch": 35.05812382698059, "_wandb": {"runtime": 36}}