{"epoch": 16, "_timestamp": 1703754040.0039048, "loss": 0.013360552489757538, "root_mean_squared_error": 0.11558785289525986, "mean_absolute_percentage_error": 3438.422607421875, "mean_absolute_error": 0.06944527477025986, "val_loss": 0.010964817367494106, "val_root_mean_squared_error": 0.10471302270889282, "val_mean_absolute_percentage_error": 190755.9375, "val_mean_absolute_error": 0.06691097468137741, "_runtime": 42.39264178276062, "_step": 17, "best_val_loss": 0.007984274998307228, "best_epoch": 6, "Final MSE": 0.04394664242863655, "Final RMSE": 0.20963454246520996, "Final MAPE": 264444.6875, "Final MAE": 0.1441996842622757, "Total Training Time": 40.69896984100342, "Average Time per Epoch": 2.382490073933321, "_wandb": {"runtime": 41}}