{"epoch": 0, "_timestamp": 1703737391.9739082, "loss": 0.007592763751745224, "root_mean_squared_error": 0.08884230256080627, "mean_absolute_percentage_error": 6891537.5, "mean_absolute_error": 0.05117281898856163, "val_loss": 0.00882619060575962, "val_root_mean_squared_error": 0.09394780546426773, "val_mean_absolute_percentage_error": 6530824.5, "val_mean_absolute_error": 0.051378365606069565, "_runtime": 6.523209095001221, "_step": 1, "best_val_loss": 0.00882619060575962, "best_epoch": 0, "Final MSE": 0.01178823783993721, "Final RMSE": 0.10857365280389786, "Final MAPE": 13813611.0, "Final MAE": 0.06549164652824402, "Total Training Time": 4.772336006164551, "Average Time per Epoch": 4.570242881774902, "_wandb": {"runtime": 5}}