{"epoch": 0, "_timestamp": 1703505246.9754713, "loss": 0.0042503830045461655, "root_mean_squared_error": 0.08776170015335083, "mean_absolute_percentage_error": 209671.453125, "mean_absolute_error": 0.04489600658416748, "val_loss": 0.007939350791275501, "val_root_mean_squared_error": 0.08910303562879562, "val_mean_absolute_percentage_error": 34.89864730834961, "val_mean_absolute_error": 0.04811027646064758, "_runtime": 3.6189863681793213, "_step": 1, "best_val_loss": 0.007939350791275501, "best_epoch": 0, "Final MSE": 0.008485198952257633, "Final RMSE": 0.0921151414513588, "Final MAPE": 301816.3125, "Final MAE": 0.05735383555293083, "Total Training Time": 1.5655720233917236, "Average Time per Epoch": 1.465536117553711, "_wandb": {"runtime": 1}}