{"epoch": 20, "_timestamp": 1703159574.3606713, "loss": 0.004376123659312725, "root_mean_squared_error": 0.06615227460861206, "mean_absolute_percentage_error": 79059.9140625, "mean_absolute_error": 0.03470856696367264, "val_loss": 0.012056906707584858, "val_root_mean_squared_error": 0.1098039448261261, "val_mean_absolute_percentage_error": 8567.021484375, "val_mean_absolute_error": 0.06693936884403229, "_runtime": 48.52047419548035, "_step": 21, "best_val_loss": 0.011497771367430687, "best_epoch": 10, "Final MSE": 0.015331958420574665, "Final RMSE": 0.12382228672504425, "Final MAPE": 42781.41015625, "Final MAE": 0.08077345043420792, "Total Training Time": 46.05420207977295, "Average Time per Epoch": 2.1837007999420166, "_wandb": {"runtime": 46}}