{"epoch": 0, "_timestamp": 1703741566.038177, "loss": 0.009127739816904068, "root_mean_squared_error": 0.09539441019296646, "mean_absolute_percentage_error": 10385860.0, "mean_absolute_error": 0.05805106833577156, "val_loss": 0.009507711045444012, "val_root_mean_squared_error": 0.09750749170780182, "val_mean_absolute_percentage_error": 9435486.0, "val_mean_absolute_error": 0.05686230584979057, "_runtime": 3.9042909145355225, "_step": 1, "best_val_loss": 0.009507711045444012, "best_epoch": 0, "Final MSE": 0.010067244060337543, "Final RMSE": 0.10033565759658813, "Final MAPE": 13735379.0, "Final MAE": 0.06213407963514328, "Total Training Time": 1.8894999027252197, "Average Time per Epoch": 1.79392671585083, "_wandb": {"runtime": 2}}