{"epoch": 0, "_timestamp": 1703819482.5693202, "loss": 0.00786895863711834, "root_mean_squared_error": 0.08882090449333191, "mean_absolute_percentage_error": 24085.142578125, "mean_absolute_error": 0.0481141097843647, "val_loss": 0.00959272775799036, "val_root_mean_squared_error": 0.09794247150421143, "val_mean_absolute_percentage_error": 209404.734375, "val_mean_absolute_error": 0.05848931521177292, "_runtime": 4.431768178939819, "_step": 1, "best_val_loss": 0.00959272775799036, "best_epoch": 0, "Final MSE": 0.008706659078598022, "Final RMSE": 0.09330947697162628, "Final MAPE": 194610.640625, "Final MAE": 0.06079520657658577, "Total Training Time": 2.6056084632873535, "Average Time per Epoch": 2.462089776992798, "_wandb": {"runtime": 2}}