{"epoch": 32, "_timestamp": 1703199109.3365133, "loss": 0.014951798133552074, "root_mean_squared_error": 0.12227754294872284, "mean_absolute_percentage_error": 27102.12109375, "mean_absolute_error": 0.08498408645391464, "val_loss": 0.019622957333922386, "val_root_mean_squared_error": 0.1400819718837738, "val_mean_absolute_percentage_error": 38450.59765625, "val_mean_absolute_error": 0.08670738339424133, "_runtime": 186.8351423740387, "_step": 33, "best_val_loss": 0.01680302433669567, "best_epoch": 22, "Final MSE": 0.025317111983895302, "Final RMSE": 0.15911352634429932, "Final MAPE": 107340.765625, "Final MAE": 0.10318368673324585, "Total Training Time": 184.4243128299713, "Average Time per Epoch": 5.576251716324777, "_wandb": {"runtime": 184}}