{"epoch": 35, "_timestamp": 1703152757.540668, "loss": 0.006405423860996962, "root_mean_squared_error": 0.08003389090299606, "mean_absolute_percentage_error": 7203.6484375, "mean_absolute_error": 0.04549290984869003, "val_loss": 0.013617131859064102, "val_root_mean_squared_error": 0.11669246852397919, "val_mean_absolute_percentage_error": 37986.70703125, "val_mean_absolute_error": 0.0639730840921402, "_runtime": 48.02329897880554, "_step": 36, "best_val_loss": 0.011579982005059719, "best_epoch": 25, "Final MSE": 0.016070490702986717, "Final RMSE": 0.12676943838596344, "Final MAPE": 16263.123046875, "Final MAE": 0.08395151793956757, "Total Training Time": 45.79318833351135, "Average Time per Epoch": 1.2669000956747267, "_wandb": {"runtime": 46}}