{"epoch": 0, "_timestamp": 1703764420.8340442, "loss": 0.011359368450939655, "root_mean_squared_error": 0.10892952978610992, "mean_absolute_percentage_error": 201116.8125, "mean_absolute_error": 0.05659470334649086, "val_loss": 0.008813160471618176, "val_root_mean_squared_error": 0.09387843310832977, "val_mean_absolute_percentage_error": 117.99889373779297, "val_mean_absolute_error": 0.05430969223380089, "_runtime": 2.6848721504211426, "_step": 1, "best_val_loss": 0.008813160471618176, "best_epoch": 0, "Final MSE": 0.014909977093338966, "Final RMSE": 0.12210641801357269, "Final MAPE": 95546.90625, "Final MAE": 0.07367084175348282, "Total Training Time": 1.5575532913208008, "Average Time per Epoch": 1.4627082347869873, "_wandb": {"runtime": 1}}