{"epoch": 0, "_timestamp": 1703746638.7696736, "loss": 0.007258868310600519, "root_mean_squared_error": 0.08554669469594955, "mean_absolute_percentage_error": 8001263.0, "mean_absolute_error": 0.05026789754629135, "val_loss": 0.006692169234156609, "val_root_mean_squared_error": 0.08180567622184753, "val_mean_absolute_percentage_error": 5419734.5, "val_mean_absolute_error": 0.0463380366563797, "_runtime": 4.055327653884888, "_step": 1, "best_val_loss": 0.006692169234156609, "best_epoch": 0, "Final MSE": 0.007940666750073433, "Final RMSE": 0.08911041915416718, "Final MAPE": 8958548.0, "Final MAE": 0.05208213999867439, "Total Training Time": 2.799589157104492, "Average Time per Epoch": 2.6300511360168457, "_wandb": {"runtime": 3}}