{"epoch": 25, "_timestamp": 1703171746.0755508, "loss": 0.005225363653153181, "root_mean_squared_error": 0.0722866803407669, "mean_absolute_percentage_error": 73706.5703125, "mean_absolute_error": 0.037106480449438095, "val_loss": 0.008322940208017826, "val_root_mean_squared_error": 0.09123014658689499, "val_mean_absolute_percentage_error": 19733.080078125, "val_mean_absolute_error": 0.04665844514966011, "_runtime": 91.26445889472961, "_step": 26, "best_val_loss": 0.008200515061616898, "best_epoch": 15, "Final MSE": 0.012986373156309128, "Final RMSE": 0.11395777016878128, "Final MAPE": 158557.453125, "Final MAE": 0.06088821217417717, "Total Training Time": 88.88019347190857, "Average Time per Epoch": 3.407698576266949, "_wandb": {"runtime": 89}}