{"epoch": 15, "_timestamp": 1703161629.6587503, "loss": 0.0037913259584456682, "root_mean_squared_error": 0.06157374382019043, "mean_absolute_percentage_error": 10089.640625, "mean_absolute_error": 0.03491456061601639, "val_loss": 0.010684821754693985, "val_root_mean_squared_error": 0.1033674106001854, "val_mean_absolute_percentage_error": 139187.828125, "val_mean_absolute_error": 0.06165149807929993, "_runtime": 39.049455404281616, "_step": 16, "best_val_loss": 0.010268418118357658, "best_epoch": 5, "Final MSE": 0.01832040771842003, "Final RMSE": 0.13535289466381073, "Final MAPE": 48928.484375, "Final MAE": 0.08157841861248016, "Total Training Time": 36.86551475524902, "Average Time per Epoch": 2.291426971554756, "_wandb": {"runtime": 37}}