{"epoch": 0, "_timestamp": 1703548876.313004, "loss": 0.006112189497798681, "root_mean_squared_error": 0.08215130865573883, "mean_absolute_percentage_error": 119388.9296875, "mean_absolute_error": 0.04531358927488327, "val_loss": 0.005404243711382151, "val_root_mean_squared_error": 0.07351355999708176, "val_mean_absolute_percentage_error": 282869.1875, "val_mean_absolute_error": 0.04662018269300461, "_runtime": 11.26168704032898, "_step": 1, "best_val_loss": 0.005404243711382151, "best_epoch": 0, "Final MSE": 0.02158435806632042, "Final RMSE": 0.14691616594791412, "Final MAPE": 86050.453125, "Final MAE": 0.09780316799879074, "Total Training Time": 4.5859503746032715, "Average Time per Epoch": 4.433949708938599, "_wandb": {"runtime": 4}}