{"epoch": 65, "_timestamp": 1703889746.4611354, "loss": 0.006407496053725481, "root_mean_squared_error": 0.08004684001207352, "mean_absolute_percentage_error": 98444.578125, "mean_absolute_error": 0.051366500556468964, "val_loss": 0.01616782695055008, "val_root_mean_squared_error": 0.12715277075767517, "val_mean_absolute_percentage_error": 429952.28125, "val_mean_absolute_error": 0.07517760246992111, "_runtime": 901.0359313488007, "_step": 66, "best_val_loss": 0.015039267018437386, "best_epoch": 55, "Final MSE": 0.0384865328669548, "Final RMSE": 0.1961798518896103, "Final MAPE": 300902.75, "Final MAE": 0.14714911580085754, "Total Training Time": 899.5534331798553, "Average Time per Epoch": 13.61648035771919, "_wandb": {"runtime": 900}}