{"epoch": 21, "_timestamp": 1705575788.1597238, "loss": 0.004571213386952877, "root_mean_squared_error": 0.06761074811220169, "mean_absolute_percentage_error": 11221.2646484375, "mean_absolute_error": 0.03701327368617058, "val_loss": 0.00830087810754776, "val_root_mean_squared_error": 0.09110915660858154, "val_mean_absolute_percentage_error": 16361.8046875, "val_mean_absolute_error": 0.05667292699217796, "_runtime": 19.49457287788391, "_step": 22, "best_val_loss": 0.007779151201248169, "best_epoch": 11, "Final MSE": 0.010046099312603474, "Final RMSE": 0.10023023188114166, "Final MAPE": 26769.0078125, "Final MAE": 0.06891747564077377, "Total Training Time": 17.228819847106934, "Average Time per Epoch": 0.7770483277060769, "_wandb": {"runtime": 17}}