{"epoch": 0, "_timestamp": 1703819887.6154633, "loss": 0.0052034626714885235, "root_mean_squared_error": 0.08178109675645828, "mean_absolute_percentage_error": 85290.828125, "mean_absolute_error": 0.040626753121614456, "val_loss": 0.006349536590278149, "val_root_mean_squared_error": 0.07968398183584213, "val_mean_absolute_percentage_error": 99392.25, "val_mean_absolute_error": 0.05126124247908592, "_runtime": 4.514004230499268, "_step": 1, "best_val_loss": 0.006349536590278149, "best_epoch": 0, "Final MSE": 0.015134254470467567, "Final RMSE": 0.12302135676145554, "Final MAPE": 235766.796875, "Final MAE": 0.07663802057504654, "Total Training Time": 2.593590021133423, "Average Time per Epoch": 2.445871353149414, "_wandb": {"runtime": 2}}