{"epoch": 10, "_timestamp": 1703615890.01785, "loss": 0.010751435533165932, "root_mean_squared_error": 0.10368912667036057, "mean_absolute_percentage_error": 26508.85546875, "mean_absolute_error": 0.08052904903888702, "val_loss": 0.03798110783100128, "val_root_mean_squared_error": 0.1948874294757843, "val_mean_absolute_percentage_error": 258017.328125, "val_mean_absolute_error": 0.15487100183963776, "_runtime": 253.10295796394348, "_step": 11, "best_val_loss": 0.03457622230052948, "best_epoch": 0, "Final MSE": 0.03701638802886009, "Final RMSE": 0.19239643216133118, "Final MAPE": 652615.3125, "Final MAE": 0.14760951697826385, "Total Training Time": 251.48658275604248, "Average Time per Epoch": 22.748648795214567, "_wandb": {"runtime": 251}}