{"epoch": 18, "_timestamp": 1705594728.1723232, "loss": 0.004879336804151535, "root_mean_squared_error": 0.06985224783420563, "mean_absolute_percentage_error": 54561.02734375, "mean_absolute_error": 0.03372444212436676, "val_loss": 0.005962784867733717, "val_root_mean_squared_error": 0.07721906900405884, "val_mean_absolute_percentage_error": 92863.3828125, "val_mean_absolute_error": 0.050219327211380005, "_runtime": 52.26858115196228, "_step": 19, "best_val_loss": 0.005487038753926754, "best_epoch": 8, "Final MSE": 0.014575627632439137, "Final RMSE": 0.12072956562042236, "Final MAPE": 231466.46875, "Final MAE": 0.07755651324987411, "Total Training Time": 50.71496939659119, "Average Time per Epoch": 2.6553383249985543, "_wandb": {"runtime": 51}}