{"epoch": 48, "_timestamp": 1703561802.792886, "loss": 0.01037420891225338, "root_mean_squared_error": 0.1018538624048233, "mean_absolute_percentage_error": 485668.75, "mean_absolute_error": 0.06956759840250015, "val_loss": 0.017147839069366455, "val_root_mean_squared_error": 0.13094975054264069, "val_mean_absolute_percentage_error": 132975.59375, "val_mean_absolute_error": 0.0856495276093483, "_runtime": 71.69684910774231, "_step": 49, "best_val_loss": 0.015827473253011703, "best_epoch": 38, "Final MSE": 0.014674432575702667, "Final RMSE": 0.1211380735039711, "Final MAPE": 72428.828125, "Final MAE": 0.09662532806396484, "Total Training Time": 69.62316298484802, "Average Time per Epoch": 1.4164011137826102, "_wandb": {"runtime": 70}}