{"epoch": 18, "_timestamp": 1703344924.7798002, "loss": 0.08039941638708115, "root_mean_squared_error": 0.28354793787002563, "mean_absolute_percentage_error": 98035992.0, "mean_absolute_error": 0.23555341362953186, "val_loss": 0.079873226583004, "val_root_mean_squared_error": 0.28261852264404297, "val_mean_absolute_percentage_error": 110229856.0, "val_mean_absolute_error": 0.23611536622047424, "_runtime": 15.900183200836182, "_step": 19, "best_val_loss": 0.07968582957983017, "best_epoch": 8, "Final MSE": 0.08255807310342789, "Final RMSE": 0.28732919692993164, "Final MAPE": 119769912.0, "Final MAE": 0.23570986092090607, "Total Training Time": 13.722443580627441, "Average Time per Epoch": 0.7153355698836478, "_wandb": {"runtime": 13}}