{"epoch": 28, "_timestamp": 1705618353.0708163, "loss": 0.004433540627360344, "root_mean_squared_error": 0.06658484041690826, "mean_absolute_percentage_error": 47561.71484375, "mean_absolute_error": 0.03478727489709854, "val_loss": 0.015259252861142159, "val_root_mean_squared_error": 0.12352834641933441, "val_mean_absolute_percentage_error": 4676.68310546875, "val_mean_absolute_error": 0.07668570429086685, "_runtime": 37.85591220855713, "_step": 29, "best_val_loss": 0.013012904673814774, "best_epoch": 18, "Final MSE": 0.01861998811364174, "Final RMSE": 0.13645507395267487, "Final MAPE": 2859.994384765625, "Final MAE": 0.08973897993564606, "Total Training Time": 35.637874126434326, "Average Time per Epoch": 1.2229368193396206, "_wandb": {"runtime": 35}}