{"epoch": 45, "_timestamp": 1703852866.3180478, "loss": 0.005664559081196785, "root_mean_squared_error": 0.07526326179504395, "mean_absolute_percentage_error": 163353.359375, "mean_absolute_error": 0.04577377066016197, "val_loss": 0.01105186715722084, "val_root_mean_squared_error": 0.10512786358594894, "val_mean_absolute_percentage_error": 603453.5625, "val_mean_absolute_error": 0.06111282855272293, "_runtime": 106.99802875518799, "_step": 46, "best_val_loss": 0.010831872932612896, "best_epoch": 35, "Final MSE": 0.027967756614089012, "Final RMSE": 0.1672356277704239, "Final MAPE": 323249.78125, "Final MAE": 0.11230199784040451, "Total Training Time": 104.41004014015198, "Average Time per Epoch": 2.26485798669898, "_wandb": {"runtime": 105}}