{"epoch": 14, "_timestamp": 1705621018.4540882, "loss": 0.01063514593988657, "root_mean_squared_error": 0.10312684625387192, "mean_absolute_percentage_error": 3000.433349609375, "mean_absolute_error": 0.05943615734577179, "val_loss": 0.010100629180669785, "val_root_mean_squared_error": 0.1005018875002861, "val_mean_absolute_percentage_error": 132510.171875, "val_mean_absolute_error": 0.07748381048440933, "_runtime": 21.61474609375, "_step": 15, "best_val_loss": 0.008057085797190666, "best_epoch": 4, "Final MSE": 0.015940425917506218, "Final RMSE": 0.12625539302825928, "Final MAPE": 43832.390625, "Final MAE": 0.0901208221912384, "Total Training Time": 19.35999321937561, "Average Time per Epoch": 1.2804455598195394, "_wandb": {"runtime": 19}}