{"epoch": 26, "_timestamp": 1703148464.0593758, "loss": 0.004037388600409031, "root_mean_squared_error": 0.06354045122861862, "mean_absolute_percentage_error": 15693.9765625, "mean_absolute_error": 0.04041554778814316, "val_loss": 0.009151400998234749, "val_root_mean_squared_error": 0.09566295892000198, "val_mean_absolute_percentage_error": 56817.75390625, "val_mean_absolute_error": 0.06378265470266342, "_runtime": 23.990453720092773, "_step": 27, "best_val_loss": 0.008769758976995945, "best_epoch": 16, "Final MSE": 0.013320867903530598, "Final RMSE": 0.11541606485843658, "Final MAPE": 148342.1875, "Final MAE": 0.0800531655550003, "Total Training Time": 21.769317150115967, "Average Time per Epoch": 0.8008632659912109, "_wandb": {"runtime": 22}}