{"epoch": 16, "_timestamp": 1705576790.677556, "loss": 0.0036954788956791162, "root_mean_squared_error": 0.060790449380874634, "mean_absolute_percentage_error": 243598.421875, "mean_absolute_error": 0.03371888026595116, "val_loss": 0.006689917761832476, "val_root_mean_squared_error": 0.08179191499948502, "val_mean_absolute_percentage_error": 32.05744171142578, "val_mean_absolute_error": 0.042276255786418915, "_runtime": 15.867656946182251, "_step": 17, "best_val_loss": 0.006284656468778849, "best_epoch": 6, "Final MSE": 0.007647139485925436, "Final RMSE": 0.08744792640209198, "Final MAPE": 228187.84375, "Final MAE": 0.05843537300825119, "Total Training Time": 13.64033579826355, "Average Time per Epoch": 0.7946471887476304, "_wandb": {"runtime": 13}}