{"epoch": 0, "_timestamp": 1703648310.3048966, "loss": 0.005699821747839451, "root_mean_squared_error": 0.08521795272827148, "mean_absolute_percentage_error": 30958.138671875, "mean_absolute_error": 0.05417298525571823, "val_loss": 0.00834101252257824, "val_root_mean_squared_error": 0.09132914245128632, "val_mean_absolute_percentage_error": 118274.8515625, "val_mean_absolute_error": 0.05555088818073273, "_runtime": 6.25191068649292, "_step": 1, "best_val_loss": 0.00834101252257824, "best_epoch": 0, "Final MSE": 0.018412940204143524, "Final RMSE": 0.13569429516792297, "Final MAPE": 181705.65625, "Final MAE": 0.0918385460972786, "Total Training Time": 4.573854207992554, "Average Time per Epoch": 4.380829811096191, "_wandb": {"runtime": 4}}