{"epoch": 47, "_timestamp": 1703289739.7973616, "loss": 0.0038666941691190004, "root_mean_squared_error": 0.062182746827602386, "mean_absolute_percentage_error": 8357.7509765625, "mean_absolute_error": 0.04324483498930931, "val_loss": 0.007649222854524851, "val_root_mean_squared_error": 0.08745983242988586, "val_mean_absolute_percentage_error": 81221.2421875, "val_mean_absolute_error": 0.06599511951208115, "_runtime": 64.2251365184784, "_step": 48, "best_val_loss": 0.005878903437405825, "best_epoch": 37, "Final MSE": 0.0055066561326384544, "Final RMSE": 0.07420684397220612, "Final MAPE": 146560.46875, "Final MAE": 0.05444875732064247, "Total Training Time": 61.928386926651, "Average Time per Epoch": 1.2859660039345424, "_wandb": {"runtime": 62}}