{"epoch": 21, "_timestamp": 1703098480.1969922, "loss": 0.008550421334803104, "root_mean_squared_error": 0.09246848523616791, "mean_absolute_percentage_error": 25719.595703125, "mean_absolute_error": 0.06586333364248276, "val_loss": 0.01603001542389393, "val_root_mean_squared_error": 0.1266096830368042, "val_mean_absolute_percentage_error": 92889.2109375, "val_mean_absolute_error": 0.09251368790864944, "_runtime": 19.175806045532227, "_step": 22, "best_val_loss": 0.015721285715699196, "best_epoch": 11, "Final MSE": 0.016942035406827927, "Final RMSE": 0.1301615685224533, "Final MAPE": 189558.75, "Final MAE": 0.0947595164179802, "Total Training Time": 16.947959184646606, "Average Time per Epoch": 0.7641343962062489, "_wandb": {"runtime": 17}}