{"epoch": 30, "_timestamp": 1703442464.9684823, "loss": 0.0094009879976511, "root_mean_squared_error": 0.096958689391613, "mean_absolute_percentage_error": 11185160.0, "mean_absolute_error": 0.05993889272212982, "val_loss": 0.011805878952145576, "val_root_mean_squared_error": 0.10865486413240433, "val_mean_absolute_percentage_error": 11223953.0, "val_mean_absolute_error": 0.0650189220905304, "_runtime": 39.423718214035034, "_step": 31, "best_val_loss": 0.011259980499744415, "best_epoch": 20, "Final MSE": 0.010658416897058487, "Final RMSE": 0.10323961079120636, "Final MAPE": 18509092.0, "Final MAE": 0.06375064700841904, "Total Training Time": 37.13513684272766, "Average Time per Epoch": 1.1921325345193186, "_wandb": {"runtime": 37}}