{"epoch": 0, "_timestamp": 1703657346.722734, "loss": 0.007046925835311413, "root_mean_squared_error": 0.0921294093132019, "mean_absolute_percentage_error": 43454.48046875, "mean_absolute_error": 0.05764513835310936, "val_loss": 0.017903275787830353, "val_root_mean_squared_error": 0.133803129196167, "val_mean_absolute_percentage_error": 51109.89453125, "val_mean_absolute_error": 0.08266741037368774, "_runtime": 4.674822092056274, "_step": 1, "best_val_loss": 0.017903275787830353, "best_epoch": 0, "Final MSE": 0.018821483477950096, "Final RMSE": 0.13719141483306885, "Final MAPE": 292031.96875, "Final MAE": 0.09580517560243607, "Total Training Time": 2.7750954627990723, "Average Time per Epoch": 2.626054048538208, "_wandb": {"runtime": 3}}