{"epoch": 11, "_timestamp": 1703545527.8853474, "loss": 0.003132561454549432, "root_mean_squared_error": 0.05596929043531418, "mean_absolute_percentage_error": 3285.38134765625, "mean_absolute_error": 0.026514284312725067, "val_loss": 0.004384142346680164, "val_root_mean_squared_error": 0.06621285527944565, "val_mean_absolute_percentage_error": 52563.30078125, "val_mean_absolute_error": 0.037505537271499634, "_runtime": 27.70967125892639, "_step": 12, "best_val_loss": 0.003711899509653449, "best_epoch": 1, "Final MSE": 0.00499713746830821, "Final RMSE": 0.07069043070077896, "Final MAPE": 51618.28125, "Final MAE": 0.04704780876636505, "Total Training Time": 25.277373552322388, "Average Time per Epoch": 2.092253645261129, "_wandb": {"runtime": 25}}