{"epoch": 0, "_timestamp": 1703811430.6983566, "loss": 0.022112688049674034, "root_mean_squared_error": 0.14727969467639923, "mean_absolute_percentage_error": 158137.859375, "mean_absolute_error": 0.09200356900691986, "val_loss": 0.016553102061152458, "val_root_mean_squared_error": 0.12865886092185974, "val_mean_absolute_percentage_error": 21030.001953125, "val_mean_absolute_error": 0.08789463341236115, "_runtime": 5.615069627761841, "_step": 1, "best_val_loss": 0.016553102061152458, "best_epoch": 0, "Final MSE": 0.01890125870704651, "Final RMSE": 0.13748185336589813, "Final MAPE": 408604.96875, "Final MAE": 0.09593131393194199, "Total Training Time": 4.399401664733887, "Average Time per Epoch": 4.215766191482544, "_wandb": {"runtime": 4}}