{"epoch": 0, "_timestamp": 1703595950.6340103, "loss": 0.02847081795334816, "root_mean_squared_error": 0.1693394035100937, "mean_absolute_percentage_error": 116757.75, "mean_absolute_error": 0.1262042224407196, "val_loss": 0.03320282697677612, "val_root_mean_squared_error": 0.18221643567085266, "val_mean_absolute_percentage_error": 244993.28125, "val_mean_absolute_error": 0.13943961262702942, "_runtime": 3.630730390548706, "_step": 1, "best_val_loss": 0.03320282697677612, "best_epoch": 0, "Final MSE": 0.03091147169470787, "Final RMSE": 0.1758165806531906, "Final MAPE": 499186.875, "Final MAE": 0.1364370733499527, "Total Training Time": 1.5893661975860596, "Average Time per Epoch": 1.4823427200317383, "_wandb": {"runtime": 1}}