{"epoch": 0, "_timestamp": 1703761676.037443, "loss": 0.01723829098045826, "root_mean_squared_error": 0.1302410066127777, "mean_absolute_percentage_error": 36362.6015625, "mean_absolute_error": 0.07492039352655411, "val_loss": 0.02138673886656761, "val_root_mean_squared_error": 0.14624205231666565, "val_mean_absolute_percentage_error": 90290.4375, "val_mean_absolute_error": 0.09210477769374847, "_runtime": 7.222205877304077, "_step": 1, "best_val_loss": 0.02138673886656761, "best_epoch": 0, "Final MSE": 0.031232455745339394, "Final RMSE": 0.1767270714044571, "Final MAPE": 496599.875, "Final MAE": 0.1123136505484581, "Total Training Time": 6.120433568954468, "Average Time per Epoch": 5.953958034515381, "_wandb": {"runtime": 6}}