{"epoch": 14, "_timestamp": 1703555561.7339172, "loss": 0.007400170434266329, "root_mean_squared_error": 0.08602423965930939, "mean_absolute_percentage_error": 11849.2939453125, "mean_absolute_error": 0.05586829409003258, "val_loss": 0.01297501940280199, "val_root_mean_squared_error": 0.11390794068574905, "val_mean_absolute_percentage_error": 46044.84765625, "val_mean_absolute_error": 0.07592735439538956, "_runtime": 47.71784520149231, "_step": 15, "best_val_loss": 0.01249356847256422, "best_epoch": 4, "Final MSE": 0.012835879810154438, "Final RMSE": 0.1132955402135849, "Final MAPE": 58172.47265625, "Final MAE": 0.07534180581569672, "Total Training Time": 45.30402874946594, "Average Time per Epoch": 3.00441837310791, "_wandb": {"runtime": 45}}