{"epoch": 24, "_timestamp": 1703285356.0015836, "loss": 0.007996353320777416, "root_mean_squared_error": 0.0894223302602768, "mean_absolute_percentage_error": 5466.3125, "mean_absolute_error": 0.05248859152197838, "val_loss": 0.007118337322026491, "val_root_mean_squared_error": 0.08437024056911469, "val_mean_absolute_percentage_error": 11702.0712890625, "val_mean_absolute_error": 0.04857681691646576, "_runtime": 34.25935769081116, "_step": 25, "best_val_loss": 0.0069898213259875774, "best_epoch": 14, "Final MSE": 0.015387816354632378, "Final RMSE": 0.12404763698577881, "Final MAPE": 98326.4609375, "Final MAE": 0.08353366702795029, "Total Training Time": 32.05077648162842, "Average Time per Epoch": 1.2752331352233888, "_wandb": {"runtime": 32}}