{"epoch": 20, "_timestamp": 1703438557.7678165, "loss": 0.00943894125521183, "root_mean_squared_error": 0.09715421497821808, "mean_absolute_percentage_error": 8879266.0, "mean_absolute_error": 0.056466784328222275, "val_loss": 0.012962757609784603, "val_root_mean_squared_error": 0.11385411024093628, "val_mean_absolute_percentage_error": 15369093.0, "val_mean_absolute_error": 0.06939928978681564, "_runtime": 18.26264762878418, "_step": 21, "best_val_loss": 0.012374748475849628, "best_epoch": 10, "Final MSE": 0.017593184486031532, "Final RMSE": 0.1326393038034439, "Final MAPE": 18805018.0, "Final MAE": 0.08289632946252823, "Total Training Time": 16.08485436439514, "Average Time per Epoch": 0.7599154654003325, "_wandb": {"runtime": 16}}