{"epoch": 13, "_timestamp": 1703854897.3157363, "loss": 0.02301217056810856, "root_mean_squared_error": 0.15169763565063477, "mean_absolute_percentage_error": 30303.5, "mean_absolute_error": 0.11585556715726852, "val_loss": 0.03349960222840309, "val_root_mean_squared_error": 0.1830289661884308, "val_mean_absolute_percentage_error": 100004.5078125, "val_mean_absolute_error": 0.13565285503864288, "_runtime": 12.670289278030396, "_step": 14, "best_val_loss": 0.03346138447523117, "best_epoch": 3, "Final MSE": 0.0750323161482811, "Final RMSE": 0.2739202678203583, "Final MAPE": 204459.125, "Final MAE": 0.21914951503276825, "Total Training Time": 10.513599157333374, "Average Time per Epoch": 0.7403712272644043, "_wandb": {"runtime": 10}}