{"epoch": 0, "_timestamp": 1703627569.6243298, "loss": 0.016702018678188324, "root_mean_squared_error": 0.14540819823741913, "mean_absolute_percentage_error": 94448.578125, "mean_absolute_error": 0.11045912653207779, "val_loss": 0.02568645030260086, "val_root_mean_squared_error": 0.16026993095874786, "val_mean_absolute_percentage_error": 168575.09375, "val_mean_absolute_error": 0.12299663573503494, "_runtime": 44.78954792022705, "_step": 1, "best_val_loss": 0.02568645030260086, "best_epoch": 0, "Final MSE": 0.05442306771874428, "Final RMSE": 0.2332875281572342, "Final MAPE": 458190.75, "Final MAE": 0.20397448539733887, "Total Training Time": 43.45961809158325, "Average Time per Epoch": 41.442625761032104, "_wandb": {"runtime": 43}}