{"epoch": 21, "_timestamp": 1703344700.2992032, "loss": 0.07797075062990189, "root_mean_squared_error": 0.2792324721813202, "mean_absolute_percentage_error": 96828808.0, "mean_absolute_error": 0.22933311760425568, "val_loss": 0.07653671503067017, "val_root_mean_squared_error": 0.2766526937484741, "val_mean_absolute_percentage_error": 119187504.0, "val_mean_absolute_error": 0.2359292358160019, "_runtime": 18.53279209136963, "_step": 22, "best_val_loss": 0.07536428421735764, "best_epoch": 11, "Final MSE": 0.08247996866703033, "Final RMSE": 0.2871932089328766, "Final MAPE": 132716712.0, "Final MAE": 0.24315345287322998, "Total Training Time": 16.343940258026123, "Average Time per Epoch": 0.7370642965490167, "_wandb": {"runtime": 16}}