{"epoch": 0, "_timestamp": 1703764036.355924, "loss": 0.024973060935735703, "root_mean_squared_error": 0.16381631791591644, "mean_absolute_percentage_error": 140092.125, "mean_absolute_error": 0.09894666075706482, "val_loss": 0.024441707879304886, "val_root_mean_squared_error": 0.1563384234905243, "val_mean_absolute_percentage_error": 61612.296875, "val_mean_absolute_error": 0.10548144578933716, "_runtime": 2.7212507724761963, "_step": 1, "best_val_loss": 0.024441707879304886, "best_epoch": 0, "Final MSE": 0.04025186970829964, "Final RMSE": 0.20062871277332306, "Final MAPE": 748642.6875, "Final MAE": 0.12646548449993134, "Total Training Time": 1.5295982360839844, "Average Time per Epoch": 1.444265604019165, "_wandb": {"runtime": 1}}