{"epoch": 22, "_timestamp": 1703901613.3976169, "loss": 0.00868105050176382, "root_mean_squared_error": 0.09317215532064438, "mean_absolute_percentage_error": 12192.22265625, "mean_absolute_error": 0.052012551575899124, "val_loss": 0.010480157099664211, "val_root_mean_squared_error": 0.10237263888120651, "val_mean_absolute_percentage_error": 15225.5, "val_mean_absolute_error": 0.056339774280786514, "_runtime": 53.524685859680176, "_step": 23, "best_val_loss": 0.009452058002352715, "best_epoch": 12, "Final MSE": 0.016044309362769127, "Final RMSE": 0.1266661286354065, "Final MAPE": 21997.91015625, "Final MAE": 0.07932332158088684, "Total Training Time": 51.883434772491455, "Average Time per Epoch": 2.245353957881098, "_wandb": {"runtime": 52}}