{"epoch": 34, "_timestamp": 1703200425.672811, "loss": 0.007703132927417755, "root_mean_squared_error": 0.08776749670505524, "mean_absolute_percentage_error": 13311.359375, "mean_absolute_error": 0.05098644644021988, "val_loss": 0.021698176860809326, "val_root_mean_squared_error": 0.1473030149936676, "val_mean_absolute_percentage_error": 96161.8984375, "val_mean_absolute_error": 0.08113899827003479, "_runtime": 186.26083898544312, "_step": 35, "best_val_loss": 0.017552141100168228, "best_epoch": 24, "Final MSE": 0.025495270267128944, "Final RMSE": 0.15967237949371338, "Final MAPE": 70663.890625, "Final MAE": 0.09248924255371094, "Total Training Time": 183.92928624153137, "Average Time per Epoch": 5.243843596322196, "_wandb": {"runtime": 184}}