{"epoch": 23, "_timestamp": 1703671546.422, "loss": 0.008068891242146492, "root_mean_squared_error": 0.08982700854539871, "mean_absolute_percentage_error": 4585645.5, "mean_absolute_error": 0.04924378544092178, "val_loss": 0.00913964956998825, "val_root_mean_squared_error": 0.09560151398181915, "val_mean_absolute_percentage_error": 7910558.0, "val_mean_absolute_error": 0.05552907660603523, "_runtime": 58.49043583869934, "_step": 24, "best_val_loss": 0.008985658176243305, "best_epoch": 13, "Final MSE": 0.010976581834256649, "Final RMSE": 0.10476918518543243, "Final MAPE": 10940836.0, "Final MAE": 0.05872899293899536, "Total Training Time": 55.8990535736084, "Average Time per Epoch": 2.3198765913645425, "_wandb": {"runtime": 56}}