{"epoch": 32, "_timestamp": 1703174332.6041164, "loss": 0.005754823796451092, "root_mean_squared_error": 0.07586055248975754, "mean_absolute_percentage_error": 108831.5390625, "mean_absolute_error": 0.042319875210523605, "val_loss": 0.006196469068527222, "val_root_mean_squared_error": 0.0787176564335823, "val_mean_absolute_percentage_error": 39229.27734375, "val_mean_absolute_error": 0.05157127603888512, "_runtime": 105.37874341011047, "_step": 33, "best_val_loss": 0.005057676695287228, "best_epoch": 22, "Final MSE": 0.012398883700370789, "Final RMSE": 0.11135027557611465, "Final MAPE": 469635.46875, "Final MAE": 0.07631196081638336, "Total Training Time": 103.05971503257751, "Average Time per Epoch": 3.1143837986570415, "_wandb": {"runtime": 103}}