{"epoch": 1, "_timestamp": 1702912588.2417746, "loss": 0.012197831645607948, "root_mean_squared_error": 0.11044379323720932, "mean_absolute_percentage_error": 101268.7421875, "mean_absolute_error": 0.0801747515797615, "val_loss": 0.018993709236383438, "val_root_mean_squared_error": 0.13781766593456268, "val_mean_absolute_percentage_error": 103482.5546875, "val_mean_absolute_error": 0.09782153367996216, "_runtime": 20.387648582458496, "_step": 2, "best_val_loss": 0.018993709236383438, "best_epoch": 1, "Final MSE": 0.025060618296265602, "Final RMSE": 0.15830546617507935, "Final MAPE": 52504.375, "Final MAE": 0.10883846879005432, "Total Training Time": 18.35804510116577, "Average Time per Epoch": 8.990409970283508, "_wandb": {"runtime": 19}}