{"epoch": 0, "_timestamp": 1703737000.8595946, "loss": 0.008445017971098423, "root_mean_squared_error": 0.0996546521782875, "mean_absolute_percentage_error": 8842845.0, "mean_absolute_error": 0.05678526312112808, "val_loss": 0.012009518221020699, "val_root_mean_squared_error": 0.10958794504404068, "val_mean_absolute_percentage_error": 14072927.0, "val_mean_absolute_error": 0.06377807259559631, "_runtime": 6.0140604972839355, "_step": 1, "best_val_loss": 0.012009518221020699, "best_epoch": 0, "Final MSE": 0.01522444374859333, "Final RMSE": 0.12338737398386002, "Final MAPE": 26364066.0, "Final MAE": 0.07532499730587006, "Total Training Time": 4.834979057312012, "Average Time per Epoch": 4.63839864730835, "_wandb": {"runtime": 5}}