{"epoch": 23, "_timestamp": 1703170577.7755435, "loss": 0.005490860436111689, "root_mean_squared_error": 0.07410033792257309, "mean_absolute_percentage_error": 11654.0224609375, "mean_absolute_error": 0.047508519142866135, "val_loss": 0.015890419483184814, "val_root_mean_squared_error": 0.1260572075843811, "val_mean_absolute_percentage_error": 65468.234375, "val_mean_absolute_error": 0.08611508458852768, "_runtime": 75.8787293434143, "_step": 24, "best_val_loss": 0.01544529665261507, "best_epoch": 13, "Final MSE": 0.02042241208255291, "Final RMSE": 0.1429070085287094, "Final MAPE": 88693.640625, "Final MAE": 0.10411283373832703, "Total Training Time": 73.5430281162262, "Average Time per Epoch": 3.0533760090668998, "_wandb": {"runtime": 73}}