{"epoch": 0, "_timestamp": 1703556794.5087981, "loss": 0.006396355107426643, "root_mean_squared_error": 0.09173505753278732, "mean_absolute_percentage_error": 109891.84375, "mean_absolute_error": 0.05066375061869621, "val_loss": 0.006001788191497326, "val_root_mean_squared_error": 0.07747121155261993, "val_mean_absolute_percentage_error": 292576.03125, "val_mean_absolute_error": 0.049260206520557404, "_runtime": 6.314862012863159, "_step": 1, "best_val_loss": 0.006001788191497326, "best_epoch": 0, "Final MSE": 0.02355821244418621, "Final RMSE": 0.15348684787750244, "Final MAPE": 12442.6435546875, "Final MAE": 0.10321210324764252, "Total Training Time": 4.614243745803833, "Average Time per Epoch": 4.415713548660278, "_wandb": {"runtime": 4}}