{"epoch": 17, "_timestamp": 1703644485.8092315, "loss": 0.005753592122346163, "root_mean_squared_error": 0.07585243880748749, "mean_absolute_percentage_error": 20430.736328125, "mean_absolute_error": 0.05247107893228531, "val_loss": 0.007868729531764984, "val_root_mean_squared_error": 0.08870586007833481, "val_mean_absolute_percentage_error": 82054.59375, "val_mean_absolute_error": 0.07446921616792679, "_runtime": 48.63915944099426, "_step": 18, "best_val_loss": 0.006650607567280531, "best_epoch": 7, "Final MSE": 0.0249237772077322, "Final RMSE": 0.15787266194820404, "Final MAPE": 267395.34375, "Final MAE": 0.13589274883270264, "Total Training Time": 46.34021353721619, "Average Time per Epoch": 2.562056395742628, "_wandb": {"runtime": 46}}