{"epoch": 0, "_timestamp": 1703673946.5881188, "loss": 0.008775971829891205, "root_mean_squared_error": 0.0955061987042427, "mean_absolute_percentage_error": 5612028.5, "mean_absolute_error": 0.0529995858669281, "val_loss": 0.015501699410378933, "val_root_mean_squared_error": 0.12450581789016724, "val_mean_absolute_percentage_error": 7672493.0, "val_mean_absolute_error": 0.06951947510242462, "_runtime": 7.3122968673706055, "_step": 1, "best_val_loss": 0.015501699410378933, "best_epoch": 0, "Final MSE": 0.019772864878177643, "Final RMSE": 0.1406160145998001, "Final MAPE": 10325163.0, "Final MAE": 0.07627204805612564, "Total Training Time": 6.13743782043457, "Average Time per Epoch": 5.986455678939819, "_wandb": {"runtime": 6}}