{"epoch": 21, "_timestamp": 1703558566.3475332, "loss": 0.005994625389575958, "root_mean_squared_error": 0.07742496579885483, "mean_absolute_percentage_error": 112366.21875, "mean_absolute_error": 0.043625254184007645, "val_loss": 0.006931079085916281, "val_root_mean_squared_error": 0.08325310051441193, "val_mean_absolute_percentage_error": 33676.8515625, "val_mean_absolute_error": 0.05695970728993416, "_runtime": 22.27849316596985, "_step": 22, "best_val_loss": 0.005708738230168819, "best_epoch": 11, "Final MSE": 0.012402446940541267, "Final RMSE": 0.11136627197265625, "Final MAPE": 489611.125, "Final MAE": 0.0822373628616333, "Total Training Time": 20.091472387313843, "Average Time per Epoch": 0.9068843884901567, "_wandb": {"runtime": 20}}