{"epoch": 36, "_timestamp": 1703281551.9862962, "loss": 0.007195694837719202, "root_mean_squared_error": 0.08482743799686432, "mean_absolute_percentage_error": 1188.734375, "mean_absolute_error": 0.05825662985444069, "val_loss": 0.009181007742881775, "val_root_mean_squared_error": 0.09581757336854935, "val_mean_absolute_percentage_error": 28733.240234375, "val_mean_absolute_error": 0.06637044996023178, "_runtime": 30.892380237579346, "_step": 37, "best_val_loss": 0.009073172695934772, "best_epoch": 26, "Final MSE": 0.014329656027257442, "Final RMSE": 0.11970654129981995, "Final MAPE": 70299.6875, "Final MAE": 0.08303532749414444, "Total Training Time": 28.695714473724365, "Average Time per Epoch": 0.7715607076077848, "_wandb": {"runtime": 28}}