{"epoch": 0, "_timestamp": 1702916745.344607, "loss": 0.0091441934928298, "root_mean_squared_error": 0.10193989425897598, "mean_absolute_percentage_error": 27210.78125, "mean_absolute_error": 0.06438068300485611, "val_loss": 0.00681687006726861, "val_root_mean_squared_error": 0.0825643390417099, "val_mean_absolute_percentage_error": 29643.630859375, "val_mean_absolute_error": 0.047399748116731644, "_runtime": 16.833356142044067, "_step": 1, "best_val_loss": 0.00681687006726861, "best_epoch": 0, "Final MSE": 0.02000957354903221, "Final RMSE": 0.14145520329475403, "Final MAPE": 104206.234375, "Final MAE": 0.08863352239131927, "Total Training Time": 11.300595760345459, "Average Time per Epoch": 10.921595335006714, "_wandb": {"runtime": 12}}