{"epoch": 40, "_timestamp": 1703724026.41285, "loss": 0.008655116893351078, "root_mean_squared_error": 0.09303288161754608, "mean_absolute_percentage_error": 9058854.0, "mean_absolute_error": 0.05421018600463867, "val_loss": 0.011930221691727638, "val_root_mean_squared_error": 0.1092255562543869, "val_mean_absolute_percentage_error": 14360220.0, "val_mean_absolute_error": 0.06537460535764694, "_runtime": 80.1726598739624, "_step": 41, "best_val_loss": 0.010998866520822048, "best_epoch": 30, "Final MSE": 0.012761521153151989, "Final RMSE": 0.11296690255403519, "Final MAPE": 19031644.0, "Final MAE": 0.07230839878320694, "Total Training Time": 77.73482155799866, "Average Time per Epoch": 1.891310831395591, "_wandb": {"runtime": 78}}