{"epoch": 0, "_timestamp": 1703501706.0690968, "loss": 0.005864602047950029, "root_mean_squared_error": 0.08398179709911346, "mean_absolute_percentage_error": 133573.90625, "mean_absolute_error": 0.04769207537174225, "val_loss": 0.009703777730464935, "val_root_mean_squared_error": 0.09850775450468063, "val_mean_absolute_percentage_error": 61684.18359375, "val_mean_absolute_error": 0.06562544405460358, "_runtime": 7.447300910949707, "_step": 1, "best_val_loss": 0.009703777730464935, "best_epoch": 0, "Final MSE": 0.015044362284243107, "Final RMSE": 0.1226554587483406, "Final MAPE": 128046.5078125, "Final MAE": 0.08730633556842804, "Total Training Time": 6.229696035385132, "Average Time per Epoch": 6.071694850921631, "_wandb": {"runtime": 6}}