{"epoch": 18, "_timestamp": 1703763500.177821, "loss": 0.028238538652658463, "root_mean_squared_error": 0.16804325580596924, "mean_absolute_percentage_error": 40619.125, "mean_absolute_error": 0.11896878480911255, "val_loss": 0.03136089816689491, "val_root_mean_squared_error": 0.17709007859230042, "val_mean_absolute_percentage_error": 146618.21875, "val_mean_absolute_error": 0.12685710191726685, "_runtime": 16.181089878082275, "_step": 19, "best_val_loss": 0.03125396743416786, "best_epoch": 8, "Final MSE": 0.038657061755657196, "Final RMSE": 0.19661399722099304, "Final MAPE": 447002.96875, "Final MAE": 0.13511721789836884, "Total Training Time": 14.021201848983765, "Average Time per Epoch": 0.7304657885902807, "_wandb": {"runtime": 14}}