{"epoch": 23, "_timestamp": 1705643546.1592507, "loss": 0.006957812700420618, "root_mean_squared_error": 0.0834135040640831, "mean_absolute_percentage_error": 37594.15234375, "mean_absolute_error": 0.04496943950653076, "val_loss": 0.014032470062375069, "val_root_mean_squared_error": 0.11845872551202774, "val_mean_absolute_percentage_error": 426819.9375, "val_mean_absolute_error": 0.06638076901435852, "_runtime": 79.65902066230774, "_step": 24, "best_val_loss": 0.013609928078949451, "best_epoch": 13, "Final MSE": 0.03615424409508705, "Final RMSE": 0.1901426911354065, "Final MAPE": 57764.609375, "Final MAE": 0.12716643512248993, "Total Training Time": 77.3346221446991, "Average Time per Epoch": 3.211522380510966, "_wandb": {"runtime": 77}}