{"epoch": 24, "_timestamp": 1703444851.3590305, "loss": 0.008537136018276215, "root_mean_squared_error": 0.09239662438631058, "mean_absolute_percentage_error": 8756630.0, "mean_absolute_error": 0.056928981095552444, "val_loss": 0.010068390518426895, "val_root_mean_squared_error": 0.10034137219190598, "val_mean_absolute_percentage_error": 8394095.0, "val_mean_absolute_error": 0.05971221998333931, "_runtime": 33.175673484802246, "_step": 25, "best_val_loss": 0.008959581144154072, "best_epoch": 14, "Final MSE": 0.011493717320263386, "Final RMSE": 0.10720875859260559, "Final MAPE": 13098740.0, "Final MAE": 0.06548440456390381, "Total Training Time": 31.004957914352417, "Average Time per Epoch": 1.2334374237060546, "_wandb": {"runtime": 31}}