{"epoch": 26, "_timestamp": 1703697666.218554, "loss": 0.009222430177032948, "root_mean_squared_error": 0.0960334837436676, "mean_absolute_percentage_error": 6931682.5, "mean_absolute_error": 0.05454697832465172, "val_loss": 0.032372958958148956, "val_root_mean_squared_error": 0.179924875497818, "val_mean_absolute_percentage_error": 4741789.5, "val_mean_absolute_error": 0.09288881719112396, "_runtime": 398.0793709754944, "_step": 27, "best_val_loss": 0.02221280336380005, "best_epoch": 16, "Final MSE": 0.040788453072309494, "Final RMSE": 0.20196151733398438, "Final MAPE": 4650902.0, "Final MAE": 0.09589667618274689, "Total Training Time": 396.4809112548828, "Average Time per Epoch": 14.652877454404477, "_wandb": {"runtime": 397}}