{"epoch": 0, "_timestamp": 1703556764.2591584, "loss": 0.006542457267642021, "root_mean_squared_error": 0.08596611768007278, "mean_absolute_percentage_error": 29487.822265625, "mean_absolute_error": 0.041276417672634125, "val_loss": 0.010273474268615246, "val_root_mean_squared_error": 0.10135814547538757, "val_mean_absolute_percentage_error": 80405.484375, "val_mean_absolute_error": 0.06575523316860199, "_runtime": 6.313579320907593, "_step": 1, "best_val_loss": 0.010273474268615246, "best_epoch": 0, "Final MSE": 0.012271576561033726, "Final RMSE": 0.11077714711427689, "Final MAPE": 206986.671875, "Final MAE": 0.06986244022846222, "Total Training Time": 4.575247049331665, "Average Time per Epoch": 4.3782031536102295, "_wandb": {"runtime": 4}}