{"epoch": 0, "_timestamp": 1703728808.1742637, "loss": 0.005952513311058283, "root_mean_squared_error": 0.0787130743265152, "mean_absolute_percentage_error": 9118387.0, "mean_absolute_error": 0.04577639326453209, "val_loss": 0.007100139278918505, "val_root_mean_squared_error": 0.08426232635974884, "val_mean_absolute_percentage_error": 10395848.0, "val_mean_absolute_error": 0.04919444024562836, "_runtime": 11.653279781341553, "_step": 1, "best_val_loss": 0.007100139278918505, "best_epoch": 0, "Final MSE": 0.007463500835001469, "Final RMSE": 0.08639155328273773, "Final MAPE": 16460558.0, "Final MAE": 0.05213535204529762, "Total Training Time": 4.538800001144409, "Average Time per Epoch": 4.405709266662598, "_wandb": {"runtime": 4}}