{"epoch": 47, "_timestamp": 1703285961.7032402, "loss": 0.010781379416584969, "root_mean_squared_error": 0.10383342206478119, "mean_absolute_percentage_error": 15042.44921875, "mean_absolute_error": 0.0644480437040329, "val_loss": 0.013407393358647823, "val_root_mean_squared_error": 0.11579030007123947, "val_mean_absolute_percentage_error": 53099.3046875, "val_mean_absolute_error": 0.071727454662323, "_runtime": 63.084086179733276, "_step": 48, "best_val_loss": 0.012687038630247116, "best_epoch": 37, "Final MSE": 0.021304940804839134, "Final RMSE": 0.14596211910247803, "Final MAPE": 100118.515625, "Final MAE": 0.09949988126754761, "Total Training Time": 60.787115812301636, "Average Time per Epoch": 1.2622105181217194, "_wandb": {"runtime": 61}}