{"epoch": 16, "_timestamp": 1703893470.8863537, "loss": 0.005491238087415695, "root_mean_squared_error": 0.07410288602113724, "mean_absolute_percentage_error": 25456.486328125, "mean_absolute_error": 0.04717684164643288, "val_loss": 0.010249823331832886, "val_root_mean_squared_error": 0.10124140977859497, "val_mean_absolute_percentage_error": 17486.1484375, "val_mean_absolute_error": 0.06384207308292389, "_runtime": 15.525791645050049, "_step": 17, "best_val_loss": 0.008254658430814743, "best_epoch": 6, "Final MSE": 0.012674398720264435, "Final RMSE": 0.11258063465356827, "Final MAPE": 136464.46875, "Final MAE": 0.06884925812482834, "Total Training Time": 13.357819080352783, "Average Time per Epoch": 0.7799403527203728, "_wandb": {"runtime": 13}}