{"epoch": 0, "_timestamp": 1703648229.0653362, "loss": 0.005362856667488813, "root_mean_squared_error": 0.07877233624458313, "mean_absolute_percentage_error": 19375.13671875, "mean_absolute_error": 0.04032570496201515, "val_loss": 0.01779286190867424, "val_root_mean_squared_error": 0.1333898901939392, "val_mean_absolute_percentage_error": 152779.484375, "val_mean_absolute_error": 0.11103501170873642, "_runtime": 6.256631135940552, "_step": 1, "best_val_loss": 0.01779286190867424, "best_epoch": 0, "Final MSE": 0.013412373140454292, "Final RMSE": 0.1158118024468422, "Final MAPE": 45315.35546875, "Final MAE": 0.09246517717838287, "Total Training Time": 4.565168142318726, "Average Time per Epoch": 4.375150918960571, "_wandb": {"runtime": 4}}