{"epoch": 0, "_timestamp": 1703538673.0414011, "loss": 0.007309889420866966, "root_mean_squared_error": 0.10698186606168747, "mean_absolute_percentage_error": 76079.421875, "mean_absolute_error": 0.06316424161195755, "val_loss": 0.03604581952095032, "val_root_mean_squared_error": 0.1898573637008667, "val_mean_absolute_percentage_error": 49595.08203125, "val_mean_absolute_error": 0.12060652673244476, "_runtime": 29.04247522354126, "_step": 1, "best_val_loss": 0.03604581952095032, "best_epoch": 0, "Final MSE": 0.046941861510276794, "Final RMSE": 0.21666070818901062, "Final MAPE": 13905.9697265625, "Final MAE": 0.1413363665342331, "Total Training Time": 27.890820741653442, "Average Time per Epoch": 26.62609839439392, "_wandb": {"runtime": 28}}