{"epoch": 27, "_timestamp": 1703842813.540563, "loss": 0.013234867714345455, "root_mean_squared_error": 0.11504289507865906, "mean_absolute_percentage_error": 16825.962890625, "mean_absolute_error": 0.06627378612756729, "val_loss": 0.016860362142324448, "val_root_mean_squared_error": 0.129847452044487, "val_mean_absolute_percentage_error": 71822.1015625, "val_mean_absolute_error": 0.08464810252189636, "_runtime": 67.51102018356323, "_step": 28, "best_val_loss": 0.016657575964927673, "best_epoch": 17, "Final MSE": 0.03269309923052788, "Final RMSE": 0.18081232905387878, "Final MAPE": 426689.21875, "Final MAE": 0.11336342990398407, "Total Training Time": 64.9650330543518, "Average Time per Epoch": 2.313079501901354, "_wandb": {"runtime": 65}}