{"epoch": 56, "_timestamp": 1703163639.7129347, "loss": 0.00668811472132802, "root_mean_squared_error": 0.08178089559078217, "mean_absolute_percentage_error": 37817.52734375, "mean_absolute_error": 0.05289115756750107, "val_loss": 0.00916019082069397, "val_root_mean_squared_error": 0.09570888429880142, "val_mean_absolute_percentage_error": 21401.171875, "val_mean_absolute_error": 0.06693199276924133, "_runtime": 141.9932098388672, "_step": 57, "best_val_loss": 0.009101185947656631, "best_epoch": 46, "Final MSE": 0.014664952643215656, "Final RMSE": 0.12109893560409546, "Final MAPE": 112968.0, "Final MAE": 0.08567064255475998, "Total Training Time": 139.571928024292, "Average Time per Epoch": 2.4438802484880413, "_wandb": {"runtime": 140}}