{"epoch": 24, "_timestamp": 1703456138.9658744, "loss": 0.008428906090557575, "root_mean_squared_error": 0.09180907160043716, "mean_absolute_percentage_error": 9409559.0, "mean_absolute_error": 0.05360567942261696, "val_loss": 0.010927194729447365, "val_root_mean_squared_error": 0.10453322529792786, "val_mean_absolute_percentage_error": 15997103.0, "val_mean_absolute_error": 0.06535866111516953, "_runtime": 67.14728236198425, "_step": 25, "best_val_loss": 0.010565466247498989, "best_epoch": 14, "Final MSE": 0.01072555873543024, "Final RMSE": 0.10356426984071732, "Final MAPE": 20951800.0, "Final MAE": 0.06647858023643494, "Total Training Time": 64.60106253623962, "Average Time per Epoch": 2.5752987098693847, "_wandb": {"runtime": 65}}