{"epoch": 12, "_timestamp": 1703740060.0455008, "loss": 0.009046223014593124, "root_mean_squared_error": 0.09511163085699081, "mean_absolute_percentage_error": 9174445.0, "mean_absolute_error": 0.055962298065423965, "val_loss": 0.010791275650262833, "val_root_mean_squared_error": 0.10388106852769852, "val_mean_absolute_percentage_error": 12100020.0, "val_mean_absolute_error": 0.061675067991018295, "_runtime": 28.81885075569153, "_step": 13, "best_val_loss": 0.010342728346586227, "best_epoch": 2, "Final MSE": 0.01159616932272911, "Final RMSE": 0.10768551379442215, "Final MAPE": 16296910.0, "Final MAE": 0.06467706710100174, "Total Training Time": 11.912420272827148, "Average Time per Epoch": 0.9065678303058331, "_wandb": {"runtime": 12}}