{"epoch": 16, "_timestamp": 1703503552.814386, "loss": 0.015850596129894257, "root_mean_squared_error": 0.12589913606643677, "mean_absolute_percentage_error": 18444.58203125, "mean_absolute_error": 0.07760331779718399, "val_loss": 0.017113838344812393, "val_root_mean_squared_error": 0.1308198720216751, "val_mean_absolute_percentage_error": 821194.125, "val_mean_absolute_error": 0.09253156930208206, "_runtime": 14.857635974884033, "_step": 17, "best_val_loss": 0.016439327970147133, "best_epoch": 6, "Final MSE": 0.04011934623122215, "Final RMSE": 0.20029814541339874, "Final MAPE": 146343.65625, "Final MAE": 0.14604511857032776, "Total Training Time": 12.72569727897644, "Average Time per Epoch": 0.7412170522353229, "_wandb": {"runtime": 12}}