{"epoch": 26, "_timestamp": 1703288088.0021834, "loss": 0.004767634905874729, "root_mean_squared_error": 0.06904806196689606, "mean_absolute_percentage_error": 20067.724609375, "mean_absolute_error": 0.04859095811843872, "val_loss": 0.006680450867861509, "val_root_mean_squared_error": 0.08173402398824692, "val_mean_absolute_percentage_error": 98914.703125, "val_mean_absolute_error": 0.05685293301939964, "_runtime": 37.42234539985657, "_step": 27, "best_val_loss": 0.006431611720472574, "best_epoch": 16, "Final MSE": 0.012443221174180508, "Final RMSE": 0.11154918372631073, "Final MAPE": 186542.75, "Final MAE": 0.08204330503940582, "Total Training Time": 35.17174315452576, "Average Time per Epoch": 1.2961383219118472, "_wandb": {"runtime": 35}}