{"epoch": 1, "_timestamp": 1702912364.912964, "loss": 0.008420358411967754, "root_mean_squared_error": 0.09176251292228699, "mean_absolute_percentage_error": 8248.9072265625, "mean_absolute_error": 0.06345150619745255, "val_loss": 0.008598363026976585, "val_root_mean_squared_error": 0.09272735565900803, "val_mean_absolute_percentage_error": 50680.48828125, "val_mean_absolute_error": 0.06368821114301682, "_runtime": 21.790778160095215, "_step": 2, "best_val_loss": 0.008598363026976585, "best_epoch": 1, "Final MSE": 0.012451461516320705, "Final RMSE": 0.11158611625432968, "Final MAPE": 73148.2265625, "Final MAE": 0.07695987820625305, "Total Training Time": 19.695157289505005, "Average Time per Epoch": 9.659849286079407, "_wandb": {"runtime": 20}}