{"epoch": 28, "_timestamp": 1703914181.4700863, "loss": 0.01848185434937477, "root_mean_squared_error": 0.13594798743724823, "mean_absolute_percentage_error": 159705.78125, "mean_absolute_error": 0.08494553714990616, "val_loss": 0.016658497974276543, "val_root_mean_squared_error": 0.1290678083896637, "val_mean_absolute_percentage_error": 24386.720703125, "val_mean_absolute_error": 0.0923379585146904, "_runtime": 110.42338132858276, "_step": 29, "best_val_loss": 0.015570325776934624, "best_epoch": 18, "Final MSE": 0.021135441958904266, "Final RMSE": 0.14538033306598663, "Final MAPE": 323466.65625, "Final MAE": 0.10323332995176315, "Total Training Time": 108.17145729064941, "Average Time per Epoch": 3.7190454499474885, "_wandb": {"runtime": 108}}