{"epoch": 0, "_timestamp": 1703740888.0996804, "loss": 0.009136288426816463, "root_mean_squared_error": 0.09798680990934372, "mean_absolute_percentage_error": 11069320.0, "mean_absolute_error": 0.05925264209508896, "val_loss": 0.012339194305241108, "val_root_mean_squared_error": 0.11108192801475525, "val_mean_absolute_percentage_error": 13579205.0, "val_mean_absolute_error": 0.06779628992080688, "_runtime": 3.822380542755127, "_step": 1, "best_val_loss": 0.012339194305241108, "best_epoch": 0, "Final MSE": 0.013331926427781582, "Final RMSE": 0.11546396464109421, "Final MAPE": 19024868.0, "Final MAE": 0.07009389996528625, "Total Training Time": 1.8889470100402832, "Average Time per Epoch": 1.7636165618896484, "_wandb": {"runtime": 2}}