{"epoch": 12, "_timestamp": 1703762953.456518, "loss": 0.030883142724633217, "root_mean_squared_error": 0.1757359802722931, "mean_absolute_percentage_error": 18569.724609375, "mean_absolute_error": 0.12441212683916092, "val_loss": 0.01265414897352457, "val_root_mean_squared_error": 0.11249065399169922, "val_mean_absolute_percentage_error": 203896.296875, "val_mean_absolute_error": 0.0926312729716301, "_runtime": 11.928207874298096, "_step": 13, "best_val_loss": 0.01105433702468872, "best_epoch": 2, "Final MSE": 0.03995027020573616, "Final RMSE": 0.19987565279006958, "Final MAPE": 277755.0, "Final MAE": 0.13562916219234467, "Total Training Time": 9.796855688095093, "Average Time per Epoch": 0.7426538650806134, "_wandb": {"runtime": 10}}