{"epoch": 38, "_timestamp": 1703087182.6463103, "loss": 0.005496507044881582, "root_mean_squared_error": 0.07413843274116516, "mean_absolute_percentage_error": 13607.798828125, "mean_absolute_error": 0.04694327339529991, "val_loss": 0.01570306159555912, "val_root_mean_squared_error": 0.12531185150146484, "val_mean_absolute_percentage_error": 73312.3359375, "val_mean_absolute_error": 0.08142562210559845, "_runtime": 99.1451313495636, "_step": 39, "best_val_loss": 0.015569118782877922, "best_epoch": 28, "Final MSE": 0.020882369950413704, "Final RMSE": 0.14450733363628387, "Final MAPE": 74059.1484375, "Final MAE": 0.10019123554229736, "Total Training Time": 96.53536128997803, "Average Time per Epoch": 2.469710282790355, "_wandb": {"runtime": 97}}