{"epoch": 0, "_timestamp": 1703557014.5904253, "loss": 0.005195604637265205, "root_mean_squared_error": 0.07988307625055313, "mean_absolute_percentage_error": 93309.9921875, "mean_absolute_error": 0.03992011770606041, "val_loss": 0.006246698554605246, "val_root_mean_squared_error": 0.07903605699539185, "val_mean_absolute_percentage_error": 125120.265625, "val_mean_absolute_error": 0.05454166606068611, "_runtime": 6.56097936630249, "_step": 1, "best_val_loss": 0.006246698554605246, "best_epoch": 0, "Final MSE": 0.014812050387263298, "Final RMSE": 0.12170476466417313, "Final MAPE": 317189.8125, "Final MAE": 0.08288354426622391, "Total Training Time": 4.810645341873169, "Average Time per Epoch": 4.605639696121216, "_wandb": {"runtime": 5}}