{"epoch": 20, "_timestamp": 1703904025.2282665, "loss": 0.010552920401096344, "root_mean_squared_error": 0.10272740572690964, "mean_absolute_percentage_error": 194501.78125, "mean_absolute_error": 0.05327083170413971, "val_loss": 0.00867841299623251, "val_root_mean_squared_error": 0.09315799921751022, "val_mean_absolute_percentage_error": 100.69591522216797, "val_mean_absolute_error": 0.051647987216711044, "_runtime": 57.253050565719604, "_step": 21, "best_val_loss": 0.008230089209973812, "best_epoch": 10, "Final MSE": 0.014470566995441914, "Final RMSE": 0.12029366940259933, "Final MAPE": 37467.390625, "Final MAE": 0.0695524737238884, "Total Training Time": 54.79008865356445, "Average Time per Epoch": 2.597729660215832, "_wandb": {"runtime": 55}}