{"epoch": 20, "_timestamp": 1703289852.8180678, "loss": 0.011323544196784496, "root_mean_squared_error": 0.1064121425151825, "mean_absolute_percentage_error": 498.3338317871094, "mean_absolute_error": 0.06343714892864227, "val_loss": 0.012456708587706089, "val_root_mean_squared_error": 0.11160962283611298, "val_mean_absolute_percentage_error": 128.1787872314453, "val_mean_absolute_error": 0.0736704170703888, "_runtime": 29.987159729003906, "_step": 21, "best_val_loss": 0.010370082221925259, "best_epoch": 10, "Final MSE": 0.037387263029813766, "Final RMSE": 0.19335786998271942, "Final MAPE": 295914.9375, "Final MAE": 0.13162720203399658, "Total Training Time": 27.707059860229492, "Average Time per Epoch": 1.3115324746994745, "_wandb": {"runtime": 28}}