{"epoch": 32, "_timestamp": 1703345356.4532442, "loss": 0.06954170018434525, "root_mean_squared_error": 0.26370754837989807, "mean_absolute_percentage_error": 87470816.0, "mean_absolute_error": 0.21442851424217224, "val_loss": 0.06508142501115799, "val_root_mean_squared_error": 0.25511059165000916, "val_mean_absolute_percentage_error": 101533584.0, "val_mean_absolute_error": 0.21380318701267242, "_runtime": 25.65014910697937, "_step": 33, "best_val_loss": 0.06449811905622482, "best_epoch": 22, "Final MSE": 0.07162545621395111, "Final RMSE": 0.2676292955875397, "Final MAPE": 111323448.0, "Final MAE": 0.21855297684669495, "Total Training Time": 23.43954586982727, "Average Time per Epoch": 0.7059674768736868, "_wandb": {"runtime": 23}}