{"epoch": 0, "_timestamp": 1703647589.4903061, "loss": 0.010701384395360947, "root_mean_squared_error": 0.10636764019727707, "mean_absolute_percentage_error": 29571.798828125, "mean_absolute_error": 0.06506742537021637, "val_loss": 0.015333757735788822, "val_root_mean_squared_error": 0.12382955104112625, "val_mean_absolute_percentage_error": 76420.46875, "val_mean_absolute_error": 0.09954261034727097, "_runtime": 6.356145143508911, "_step": 1, "best_val_loss": 0.015333757735788822, "best_epoch": 0, "Final MSE": 0.01924888603389263, "Final RMSE": 0.13874036073684692, "Final MAPE": 181868.578125, "Final MAE": 0.10654296725988388, "Total Training Time": 4.669180154800415, "Average Time per Epoch": 4.474176406860352, "_wandb": {"runtime": 4}}