{"epoch": 20, "_timestamp": 1703916823.0144565, "loss": 0.003746430389583111, "root_mean_squared_error": 0.0612080916762352, "mean_absolute_percentage_error": 10039.09375, "mean_absolute_error": 0.03392805531620979, "val_loss": 0.011026601307094097, "val_root_mean_squared_error": 0.10500762611627579, "val_mean_absolute_percentage_error": 124737.1171875, "val_mean_absolute_error": 0.06173671782016754, "_runtime": 87.35036540031433, "_step": 21, "best_val_loss": 0.01089057233184576, "best_epoch": 10, "Final MSE": 0.019332751631736755, "Final RMSE": 0.13904225826263428, "Final MAPE": 17791.71484375, "Final MAE": 0.08204859495162964, "Total Training Time": 85.11896347999573, "Average Time per Epoch": 4.038901192801339, "_wandb": {"runtime": 85}}