{"epoch": 17, "_timestamp": 1703311065.2984555, "loss": 0.008070209994912148, "root_mean_squared_error": 0.08983434736728668, "mean_absolute_percentage_error": 16703.54296875, "mean_absolute_error": 0.05095136910676956, "val_loss": 0.008799736388027668, "val_root_mean_squared_error": 0.0938069075345993, "val_mean_absolute_percentage_error": 87325.8203125, "val_mean_absolute_error": 0.07139109820127487, "_runtime": 64.92795848846436, "_step": 18, "best_val_loss": 0.007714688312262297, "best_epoch": 7, "Final MSE": 0.015244255773723125, "Final RMSE": 0.12346763163805008, "Final MAPE": 190712.390625, "Final MAE": 0.09742685407400131, "Total Training Time": 62.55024194717407, "Average Time per Epoch": 3.459883689880371, "_wandb": {"runtime": 63}}