{"epoch": 16, "_timestamp": 1703564247.3492727, "loss": 0.003948823548853397, "root_mean_squared_error": 0.06283966451883316, "mean_absolute_percentage_error": 16101.20703125, "mean_absolute_error": 0.03961293771862984, "val_loss": 0.009149526245892048, "val_root_mean_squared_error": 0.09565315395593643, "val_mean_absolute_percentage_error": 61249.42578125, "val_mean_absolute_error": 0.062080979347229004, "_runtime": 28.29108762741089, "_step": 17, "best_val_loss": 0.00901090633124113, "best_epoch": 6, "Final MSE": 0.01229013130068779, "Final RMSE": 0.11086086183786392, "Final MAPE": 131734.5, "Final MAE": 0.07730835676193237, "Total Training Time": 25.98034429550171, "Average Time per Epoch": 1.5177852125728832, "_wandb": {"runtime": 26}}