{"epoch": 27, "_timestamp": 1703086082.769727, "loss": 0.004862298723310232, "root_mean_squared_error": 0.06973018497228622, "mean_absolute_percentage_error": 123118.8359375, "mean_absolute_error": 0.037493087351322174, "val_loss": 0.008611736819148064, "val_root_mean_squared_error": 0.09279944747686386, "val_mean_absolute_percentage_error": 43237.16015625, "val_mean_absolute_error": 0.0568213127553463, "_runtime": 75.52702498435974, "_step": 28, "best_val_loss": 0.008122781291604042, "best_epoch": 17, "Final MSE": 0.013209806755185127, "Final RMSE": 0.11493392288684845, "Final MAPE": 88950.265625, "Final MAE": 0.07706318795681, "Total Training Time": 72.8549211025238, "Average Time per Epoch": 2.5937874232019698, "_wandb": {"runtime": 73}}