{"epoch": 18, "_timestamp": 1703309728.7432318, "loss": 0.003734462894499302, "root_mean_squared_error": 0.061110250651836395, "mean_absolute_percentage_error": 15711.2255859375, "mean_absolute_error": 0.0394509993493557, "val_loss": 0.007405310403555632, "val_root_mean_squared_error": 0.08605411648750305, "val_mean_absolute_percentage_error": 64829.17578125, "val_mean_absolute_error": 0.05586972087621689, "_runtime": 76.68638682365417, "_step": 19, "best_val_loss": 0.007035031449049711, "best_epoch": 8, "Final MSE": 0.009639346040785313, "Final RMSE": 0.09818017482757568, "Final MAPE": 147626.453125, "Final MAE": 0.06747442483901978, "Total Training Time": 74.24705004692078, "Average Time per Epoch": 3.8923377488788806, "_wandb": {"runtime": 74}}