{"epoch": 30, "_timestamp": 1703312248.8152661, "loss": 0.00841478817164898, "root_mean_squared_error": 0.09173215180635452, "mean_absolute_percentage_error": 34971.8828125, "mean_absolute_error": 0.06233932822942734, "val_loss": 0.01090448722243309, "val_root_mean_squared_error": 0.10442455112934113, "val_mean_absolute_percentage_error": 80780.0, "val_mean_absolute_error": 0.06991317868232727, "_runtime": 108.38074612617493, "_step": 31, "best_val_loss": 0.01005544513463974, "best_epoch": 20, "Final MSE": 0.022108811885118484, "Final RMSE": 0.148690328001976, "Final MAPE": 218765.828125, "Final MAE": 0.11202238500118256, "Total Training Time": 105.93088412284851, "Average Time per Epoch": 3.4075438053377214, "_wandb": {"runtime": 106}}