{"epoch": 31, "_timestamp": 1703475147.2973738, "loss": 0.00863529834896326, "root_mean_squared_error": 0.09292630851268768, "mean_absolute_percentage_error": 7138806.0, "mean_absolute_error": 0.05220482870936394, "val_loss": 0.014978901483118534, "val_root_mean_squared_error": 0.1223883256316185, "val_mean_absolute_percentage_error": 10964568.0, "val_mean_absolute_error": 0.07094737887382507, "_runtime": 103.5409767627716, "_step": 32, "best_val_loss": 0.013034652918577194, "best_epoch": 21, "Final MSE": 0.023234756663441658, "Final RMSE": 0.1524295210838318, "Final MAPE": 21390916.0, "Final MAE": 0.09172116219997406, "Total Training Time": 101.20740127563477, "Average Time per Epoch": 3.154421627521515, "_wandb": {"runtime": 101}}