{"epoch": 16, "_timestamp": 1703906100.2832155, "loss": 0.005475893616676331, "root_mean_squared_error": 0.07399927824735641, "mean_absolute_percentage_error": 6970.61669921875, "mean_absolute_error": 0.033871494233608246, "val_loss": 0.010992181487381458, "val_root_mean_squared_error": 0.10484360158443451, "val_mean_absolute_percentage_error": 92185.4609375, "val_mean_absolute_error": 0.06739317625761032, "_runtime": 47.92080640792847, "_step": 17, "best_val_loss": 0.009668742306530476, "best_epoch": 6, "Final MSE": 0.014123383909463882, "Final RMSE": 0.11884184181690216, "Final MAPE": 261501.890625, "Final MAE": 0.07455755770206451, "Total Training Time": 46.37407851219177, "Average Time per Epoch": 2.716115446651683, "_wandb": {"runtime": 47}}