{"epoch": 13, "_timestamp": 1703725029.9150958, "loss": 0.00835169106721878, "root_mean_squared_error": 0.09138758480548859, "mean_absolute_percentage_error": 8980065.0, "mean_absolute_error": 0.05327886715531349, "val_loss": 0.012646811082959175, "val_root_mean_squared_error": 0.11245804280042648, "val_mean_absolute_percentage_error": 11182683.0, "val_mean_absolute_error": 0.0663812980055809, "_runtime": 30.460083723068237, "_step": 14, "best_val_loss": 0.011142081581056118, "best_epoch": 3, "Final MSE": 0.01047896035015583, "Final RMSE": 0.10236679017543793, "Final MAPE": 17198500.0, "Final MAE": 0.06351801007986069, "Total Training Time": 28.48374342918396, "Average Time per Epoch": 2.022918905530657, "_wandb": {"runtime": 29}}