{"epoch": 0, "_timestamp": 1703820208.7530239, "loss": 0.00756495539098978, "root_mean_squared_error": 0.09784431010484695, "mean_absolute_percentage_error": 82813.0625, "mean_absolute_error": 0.06202199310064316, "val_loss": 0.021333370357751846, "val_root_mean_squared_error": 0.14605946838855743, "val_mean_absolute_percentage_error": 40482.96484375, "val_mean_absolute_error": 0.08944617211818695, "_runtime": 4.452746868133545, "_step": 1, "best_val_loss": 0.021333370357751846, "best_epoch": 0, "Final MSE": 0.025254899635910988, "Final RMSE": 0.15891790390014648, "Final MAPE": 21436.09375, "Final MAE": 0.11184476315975189, "Total Training Time": 2.5800976753234863, "Average Time per Epoch": 2.4388768672943115, "_wandb": {"runtime": 2}}