{"epoch": 17, "_timestamp": 1703783494.6023188, "loss": 0.01183384656906128, "root_mean_squared_error": 0.10878348350524902, "mean_absolute_percentage_error": 12306.888671875, "mean_absolute_error": 0.07630296796560287, "val_loss": 0.03275018185377121, "val_root_mean_squared_error": 0.18097011744976044, "val_mean_absolute_percentage_error": 59929.2734375, "val_mean_absolute_error": 0.12095347791910172, "_runtime": 331.7320556640625, "_step": 18, "best_val_loss": 0.027332540601491928, "best_epoch": 7, "Final MSE": 0.02623387612402439, "Final RMSE": 0.16196875274181366, "Final MAPE": 25165.9453125, "Final MAE": 0.1075042113661766, "Total Training Time": 329.1434144973755, "Average Time per Epoch": 18.225744313663906, "_wandb": {"runtime": 329}}