{"epoch": 18, "_timestamp": 1705598917.958537, "loss": 0.0043839095160365105, "root_mean_squared_error": 0.06621109694242477, "mean_absolute_percentage_error": 46802.0625, "mean_absolute_error": 0.034543100744485855, "val_loss": 0.012953542172908783, "val_root_mean_squared_error": 0.11381363123655319, "val_mean_absolute_percentage_error": 18937.05859375, "val_mean_absolute_error": 0.07477428019046783, "_runtime": 66.66103005409241, "_step": 19, "best_val_loss": 0.012305446900427341, "best_epoch": 8, "Final MSE": 0.01599106192588806, "Final RMSE": 0.12645576894283295, "Final MAPE": 10572.1650390625, "Final MAE": 0.08953303843736649, "Total Training Time": 64.28555631637573, "Average Time per Epoch": 3.3693831468883313, "_wandb": {"runtime": 64}}