{"epoch": 0, "_timestamp": 1703740840.2808988, "loss": 0.009770694188773632, "root_mean_squared_error": 0.09949076175689697, "mean_absolute_percentage_error": 9607677.0, "mean_absolute_error": 0.058932188898324966, "val_loss": 0.012064517475664616, "val_root_mean_squared_error": 0.10983859747648239, "val_mean_absolute_percentage_error": 7384199.5, "val_mean_absolute_error": 0.05716976150870323, "_runtime": 3.7425239086151123, "_step": 1, "best_val_loss": 0.012064517475664616, "best_epoch": 0, "Final MSE": 0.016292434185743332, "Final RMSE": 0.12764182686805725, "Final MAPE": 16961860.0, "Final MAE": 0.07045036554336548, "Total Training Time": 1.8653953075408936, "Average Time per Epoch": 1.755868911743164, "_wandb": {"runtime": 2}}