{"epoch": 64, "_timestamp": 1703192858.008122, "loss": 0.009877513162791729, "root_mean_squared_error": 0.09938567876815796, "mean_absolute_percentage_error": 7758.166015625, "mean_absolute_error": 0.056510500609874725, "val_loss": 0.007315033581107855, "val_root_mean_squared_error": 0.08552797138690948, "val_mean_absolute_percentage_error": 58.59305191040039, "val_mean_absolute_error": 0.048277098685503006, "_runtime": 160.08137202262878, "_step": 65, "best_val_loss": 0.006235343404114246, "best_epoch": 54, "Final MSE": 0.03370146080851555, "Final RMSE": 0.18357957899570465, "Final MAPE": 31926.833984375, "Final MAE": 0.10742252320051193, "Total Training Time": 157.42122054100037, "Average Time per Epoch": 2.4175722965827355, "_wandb": {"runtime": 158}}