{"epoch": 0, "_timestamp": 1703648774.4022565, "loss": 0.004973670467734337, "root_mean_squared_error": 0.07083155959844589, "mean_absolute_percentage_error": 31840.974609375, "mean_absolute_error": 0.050547707825899124, "val_loss": 0.00616449723020196, "val_root_mean_squared_error": 0.07851431518793106, "val_mean_absolute_percentage_error": 51829.75390625, "val_mean_absolute_error": 0.05598689615726471, "_runtime": 6.7068164348602295, "_step": 1, "best_val_loss": 0.00616449723020196, "best_epoch": 0, "Final MSE": 0.0051688845269382, "Final RMSE": 0.07189495116472244, "Final MAPE": 126226.375, "Final MAE": 0.052112821489572525, "Total Training Time": 5.030190944671631, "Average Time per Epoch": 4.8198933601379395, "_wandb": {"runtime": 5}}