{"epoch": 0, "_timestamp": 1703736551.3799322, "loss": 0.0077383993193507195, "root_mean_squared_error": 0.08790527284145355, "mean_absolute_percentage_error": 9961338.0, "mean_absolute_error": 0.0520673431456089, "val_loss": 0.010720186866819859, "val_root_mean_squared_error": 0.10353833436965942, "val_mean_absolute_percentage_error": 12647851.0, "val_mean_absolute_error": 0.06040218472480774, "_runtime": 6.893344163894653, "_step": 1, "best_val_loss": 0.010720186866819859, "best_epoch": 0, "Final MSE": 0.008537000976502895, "Final RMSE": 0.09239589422941208, "Final MAPE": 13656923.0, "Final MAE": 0.05545388162136078, "Total Training Time": 5.373156309127808, "Average Time per Epoch": 5.126252174377441, "_wandb": {"runtime": 5}}