{"epoch": 19, "_timestamp": 1703197918.6904993, "loss": 0.012918220832943916, "root_mean_squared_error": 0.1136583462357521, "mean_absolute_percentage_error": 33968.78125, "mean_absolute_error": 0.08445660769939423, "val_loss": 0.016555096954107285, "val_root_mean_squared_error": 0.12866662442684174, "val_mean_absolute_percentage_error": 116076.40625, "val_mean_absolute_error": 0.09155388921499252, "_runtime": 17.53006339073181, "_step": 20, "best_val_loss": 0.016169175505638123, "best_epoch": 9, "Final MSE": 0.020141253247857094, "Final RMSE": 0.14191989600658417, "Final MAPE": 236587.390625, "Final MAE": 0.09632265567779541, "Total Training Time": 15.322388410568237, "Average Time per Epoch": 0.7595187783241272, "_wandb": {"runtime": 15}}