{"epoch": 0, "_timestamp": 1703556875.0472386, "loss": 0.007449896074831486, "root_mean_squared_error": 0.09619645029306412, "mean_absolute_percentage_error": 155963.9375, "mean_absolute_error": 0.06406885385513306, "val_loss": 0.009056813083589077, "val_root_mean_squared_error": 0.09516728669404984, "val_mean_absolute_percentage_error": 59514.3984375, "val_mean_absolute_error": 0.06648383289575577, "_runtime": 6.3228466510772705, "_step": 1, "best_val_loss": 0.009056813083589077, "best_epoch": 0, "Final MSE": 0.022124845534563065, "Final RMSE": 0.14874422550201416, "Final MAPE": 460406.90625, "Final MAE": 0.09857417643070221, "Total Training Time": 4.591956853866577, "Average Time per Epoch": 4.395765781402588, "_wandb": {"runtime": 4}}