{"epoch": 0, "_timestamp": 1703626485.7095625, "loss": 0.020394129678606987, "root_mean_squared_error": 0.1424957513809204, "mean_absolute_percentage_error": 111730.3671875, "mean_absolute_error": 0.10921336710453033, "val_loss": 0.02782474271953106, "val_root_mean_squared_error": 0.16680750250816345, "val_mean_absolute_percentage_error": 270181.25, "val_mean_absolute_error": 0.11479760706424713, "_runtime": 43.93167161941528, "_step": 1, "best_val_loss": 0.02782474271953106, "best_epoch": 0, "Final MSE": 0.025628749281167984, "Final RMSE": 0.16008982062339783, "Final MAPE": 537724.6875, "Final MAE": 0.11638151854276657, "Total Training Time": 42.755242109298706, "Average Time per Epoch": 40.741461753845215, "_wandb": {"runtime": 43}}