{"epoch": 23, "_timestamp": 1703289216.023924, "loss": 0.00882443692535162, "root_mean_squared_error": 0.09393847733736038, "mean_absolute_percentage_error": 8932.2001953125, "mean_absolute_error": 0.06541278213262558, "val_loss": 0.015522736124694347, "val_root_mean_squared_error": 0.12459027022123337, "val_mean_absolute_percentage_error": 80221.5546875, "val_mean_absolute_error": 0.08185652643442154, "_runtime": 33.84839916229248, "_step": 24, "best_val_loss": 0.01444647740572691, "best_epoch": 13, "Final MSE": 0.013139298185706139, "Final RMSE": 0.11462678015232086, "Final MAPE": 130491.078125, "Final MAE": 0.08548249304294586, "Total Training Time": 31.557188034057617, "Average Time per Epoch": 1.3076240122318268, "_wandb": {"runtime": 31}}