{"epoch": 0, "_timestamp": 1703651676.926948, "loss": 0.009516950696706772, "root_mean_squared_error": 0.10017763078212738, "mean_absolute_percentage_error": 41597.49609375, "mean_absolute_error": 0.06040801480412483, "val_loss": 0.006608215160667896, "val_root_mean_squared_error": 0.08129093050956726, "val_mean_absolute_percentage_error": 41132.59375, "val_mean_absolute_error": 0.04804864898324013, "_runtime": 3.8434131145477295, "_step": 1, "best_val_loss": 0.006608215160667896, "best_epoch": 0, "Final MSE": 0.014119304716587067, "Final RMSE": 0.11882468312978745, "Final MAPE": 99845.7109375, "Final MAE": 0.07891854643821716, "Total Training Time": 1.896653652191162, "Average Time per Epoch": 1.7871572971343994, "_wandb": {"runtime": 2}}