{"epoch": 0, "_timestamp": 1703788560.4953372, "loss": 0.007127932272851467, "root_mean_squared_error": 0.09619175642728806, "mean_absolute_percentage_error": 69069.96875, "mean_absolute_error": 0.04966247081756592, "val_loss": 0.007730300072580576, "val_root_mean_squared_error": 0.0879221260547638, "val_mean_absolute_percentage_error": 178560.796875, "val_mean_absolute_error": 0.05236450955271721, "_runtime": 42.697216272354126, "_step": 1, "best_val_loss": 0.007730300072580576, "best_epoch": 0, "Final MSE": 0.023669511079788208, "Final RMSE": 0.15384899079799652, "Final MAPE": 102271.171875, "Final MAE": 0.09384623914957047, "Total Training Time": 41.53548216819763, "Average Time per Epoch": 39.58918309211731, "_wandb": {"runtime": 41}}