{"epoch": 21, "_timestamp": 1703855656.689996, "loss": 0.015786223113536835, "root_mean_squared_error": 0.12564320862293243, "mean_absolute_percentage_error": 20974.55078125, "mean_absolute_error": 0.07764078676700592, "val_loss": 0.017152121290564537, "val_root_mean_squared_error": 0.13096612691879272, "val_mean_absolute_percentage_error": 810299.1875, "val_mean_absolute_error": 0.0915873646736145, "_runtime": 17.258975982666016, "_step": 22, "best_val_loss": 0.016780242323875427, "best_epoch": 11, "Final MSE": 0.040754158049821854, "Final RMSE": 0.20187656581401825, "Final MAPE": 138258.9375, "Final MAE": 0.14662151038646698, "Total Training Time": 16.072278261184692, "Average Time per Epoch": 0.7239015319130637, "_wandb": {"runtime": 16}}