{"epoch": 48, "_timestamp": 1703914732.443103, "loss": 0.016523310914635658, "root_mean_squared_error": 0.12854303419589996, "mean_absolute_percentage_error": 202366.234375, "mean_absolute_error": 0.07998572289943695, "val_loss": 0.016749747097492218, "val_root_mean_squared_error": 0.12942081689834595, "val_mean_absolute_percentage_error": 10192.1318359375, "val_mean_absolute_error": 0.08389251679182053, "_runtime": 186.05121898651123, "_step": 49, "best_val_loss": 0.015160080045461655, "best_epoch": 38, "Final MSE": 0.020850839093327522, "Final RMSE": 0.14439819753170013, "Final MAPE": 385877.875, "Final MAE": 0.09462204575538635, "Total Training Time": 183.70564651489258, "Average Time per Epoch": 3.7416565904811936, "_wandb": {"runtime": 184}}