{"epoch": 29, "_timestamp": 1703522630.0174577, "loss": 0.011237886734306812, "root_mean_squared_error": 0.10600890219211578, "mean_absolute_percentage_error": 12240.6611328125, "mean_absolute_error": 0.06058851629495621, "val_loss": 0.009177174419164658, "val_root_mean_squared_error": 0.0957975685596466, "val_mean_absolute_percentage_error": 76507.5078125, "val_mean_absolute_error": 0.06755763292312622, "_runtime": 288.853643655777, "_step": 30, "best_val_loss": 0.008583424612879753, "best_epoch": 19, "Final MSE": 0.03050738386809826, "Final RMSE": 0.17466363310813904, "Final MAPE": 83151.7421875, "Final MAE": 0.12313076108694077, "Total Training Time": 286.4189410209656, "Average Time per Epoch": 9.526985351244608, "_wandb": {"runtime": 286}}