{"epoch": 0, "_timestamp": 1703502312.1327288, "loss": 0.015839844942092896, "root_mean_squared_error": 0.1271282285451889, "mean_absolute_percentage_error": 25195.2421875, "mean_absolute_error": 0.07922499626874924, "val_loss": 0.009381799027323723, "val_root_mean_squared_error": 0.09685968607664108, "val_mean_absolute_percentage_error": 45223.5546875, "val_mean_absolute_error": 0.06523662805557251, "_runtime": 7.616548776626587, "_step": 1, "best_val_loss": 0.009381799027323723, "best_epoch": 0, "Final MSE": 0.01668495126068592, "Final RMSE": 0.1291702389717102, "Final MAPE": 123286.109375, "Final MAE": 0.08499813079833984, "Total Training Time": 6.363399267196655, "Average Time per Epoch": 6.186554908752441, "_wandb": {"runtime": 6}}