{"epoch": 0, "_timestamp": 1703736700.5263412, "loss": 0.0075722429901361465, "root_mean_squared_error": 0.08944005519151688, "mean_absolute_percentage_error": 10179660.0, "mean_absolute_error": 0.05323417857289314, "val_loss": 0.011126208119094372, "val_root_mean_squared_error": 0.10548084229230881, "val_mean_absolute_percentage_error": 11877453.0, "val_mean_absolute_error": 0.062197618186473846, "_runtime": 6.513702154159546, "_step": 1, "best_val_loss": 0.011126208119094372, "best_epoch": 0, "Final MSE": 0.011699702590703964, "Final RMSE": 0.10816515982151031, "Final MAPE": 13859556.0, "Final MAE": 0.05894530564546585, "Total Training Time": 4.846708059310913, "Average Time per Epoch": 4.665587902069092, "_wandb": {"runtime": 5}}