{"epoch": 13, "_timestamp": 1703606587.7332077, "loss": 0.016413530334830284, "root_mean_squared_error": 0.12811529636383057, "mean_absolute_percentage_error": 32286.40234375, "mean_absolute_error": 0.08977276086807251, "val_loss": 0.02097565308213234, "val_root_mean_squared_error": 0.14482973515987396, "val_mean_absolute_percentage_error": 81752.609375, "val_mean_absolute_error": 0.08971881866455078, "_runtime": 189.75057768821716, "_step": 14, "best_val_loss": 0.016998253762722015, "best_epoch": 3, "Final MSE": 0.024172283709049225, "Final RMSE": 0.15547437965869904, "Final MAPE": 175067.09375, "Final MAE": 0.09346707910299301, "Total Training Time": 187.8846950531006, "Average Time per Epoch": 13.364749329430717, "_wandb": {"runtime": 188}}