{"epoch": 32, "_timestamp": 1703453995.0578582, "loss": 0.007792831864207983, "root_mean_squared_error": 0.08827701956033707, "mean_absolute_percentage_error": 8227939.5, "mean_absolute_error": 0.051392633467912674, "val_loss": 0.012706968933343887, "val_root_mean_squared_error": 0.11272519081830978, "val_mean_absolute_percentage_error": 11710086.0, "val_mean_absolute_error": 0.06209862604737282, "_runtime": 83.92884016036987, "_step": 33, "best_val_loss": 0.009600098244845867, "best_epoch": 22, "Final MSE": 0.013193421997129917, "Final RMSE": 0.11486262083053589, "Final MAPE": 12610462.0, "Final MAE": 0.05681737884879112, "Total Training Time": 81.49585485458374, "Average Time per Epoch": 2.462572459018592, "_wandb": {"runtime": 82}}