{"epoch": 11, "_timestamp": 1703559892.757111, "loss": 0.005324543919414282, "root_mean_squared_error": 0.0729694738984108, "mean_absolute_percentage_error": 30700.8984375, "mean_absolute_error": 0.045387618243694305, "val_loss": 0.008045108988881111, "val_root_mean_squared_error": 0.08969452977180481, "val_mean_absolute_percentage_error": 121258.8203125, "val_mean_absolute_error": 0.054285671561956406, "_runtime": 13.51580810546875, "_step": 12, "best_val_loss": 0.007705022115260363, "best_epoch": 1, "Final MSE": 0.010142926126718521, "Final RMSE": 0.10071209818124771, "Final MAPE": 203315.734375, "Final MAE": 0.05988475680351257, "Total Training Time": 11.298099517822266, "Average Time per Epoch": 0.9314249753952026, "_wandb": {"runtime": 11}}