{"epoch": 0, "_timestamp": 1703505624.8916233, "loss": 0.020281750708818436, "root_mean_squared_error": 0.1455981582403183, "mean_absolute_percentage_error": 46685.85546875, "mean_absolute_error": 0.11118987202644348, "val_loss": 0.03170359879732132, "val_root_mean_squared_error": 0.1780550628900528, "val_mean_absolute_percentage_error": 89031.046875, "val_mean_absolute_error": 0.13943785429000854, "_runtime": 3.597506284713745, "_step": 1, "best_val_loss": 0.03170359879732132, "best_epoch": 0, "Final MSE": 0.027788612991571426, "Final RMSE": 0.16669915616512299, "Final MAPE": 180839.453125, "Final MAE": 0.13391029834747314, "Total Training Time": 1.591226577758789, "Average Time per Epoch": 1.488192081451416, "_wandb": {"runtime": 1}}