{"epoch": 26, "_timestamp": 1703100286.7149224, "loss": 0.010947625152766705, "root_mean_squared_error": 0.10463088750839233, "mean_absolute_percentage_error": 75732.734375, "mean_absolute_error": 0.06782273948192596, "val_loss": 0.009975393302738667, "val_root_mean_squared_error": 0.09987690299749374, "val_mean_absolute_percentage_error": 114692.8125, "val_mean_absolute_error": 0.07129592448472977, "_runtime": 22.801430463790894, "_step": 27, "best_val_loss": 0.009670519270002842, "best_epoch": 16, "Final MSE": 0.03891262784600258, "Final RMSE": 0.19726282358169556, "Final MAPE": 234694.9375, "Final MAE": 0.13153280317783356, "Total Training Time": 20.523602724075317, "Average Time per Epoch": 0.754834254582723, "_wandb": {"runtime": 20}}