{"epoch": 0, "_timestamp": 1703729398.2392673, "loss": 0.008095158264040947, "root_mean_squared_error": 0.09095753729343414, "mean_absolute_percentage_error": 9881473.0, "mean_absolute_error": 0.05363290756940842, "val_loss": 0.010778452269732952, "val_root_mean_squared_error": 0.10381932556629181, "val_mean_absolute_percentage_error": 15661599.0, "val_mean_absolute_error": 0.06420019268989563, "_runtime": 12.968878269195557, "_step": 1, "best_val_loss": 0.010778452269732952, "best_epoch": 0, "Final MSE": 0.009553530253469944, "Final RMSE": 0.09774216264486313, "Final MAPE": 18796212.0, "Final MAE": 0.06201542541384697, "Total Training Time": 4.550226926803589, "Average Time per Epoch": 4.403501033782959, "_wandb": {"runtime": 4}}