{"epoch": 14, "_timestamp": 1703810904.9076002, "loss": 0.006220340728759766, "root_mean_squared_error": 0.07886913418769836, "mean_absolute_percentage_error": 19951.822265625, "mean_absolute_error": 0.05104546993970871, "val_loss": 0.013880964368581772, "val_root_mean_squared_error": 0.11781750619411469, "val_mean_absolute_percentage_error": 28769.021484375, "val_mean_absolute_error": 0.0806770995259285, "_runtime": 37.403146266937256, "_step": 15, "best_val_loss": 0.01226910762488842, "best_epoch": 4, "Final MSE": 0.023171551525592804, "Final RMSE": 0.15222205221652985, "Final MAPE": 4788.7880859375, "Final MAE": 0.11293788999319077, "Total Training Time": 35.836793661117554, "Average Time per Epoch": 2.3761741956075033, "_wandb": {"runtime": 36}}