{"epoch": 0, "_timestamp": 1703504990.9143305, "loss": 0.007549544330686331, "root_mean_squared_error": 0.09488719701766968, "mean_absolute_percentage_error": 171044.578125, "mean_absolute_error": 0.05689191445708275, "val_loss": 0.01425283681601286, "val_root_mean_squared_error": 0.11938522756099701, "val_mean_absolute_percentage_error": 261573.484375, "val_mean_absolute_error": 0.0658770278096199, "_runtime": 3.607320547103882, "_step": 1, "best_val_loss": 0.01425283681601286, "best_epoch": 0, "Final MSE": 0.019679024815559387, "Final RMSE": 0.14028194546699524, "Final MAPE": 89038.53125, "Final MAE": 0.07572678476572037, "Total Training Time": 1.5528759956359863, "Average Time per Epoch": 1.4518275260925293, "_wandb": {"runtime": 1}}