{"epoch": 16, "_timestamp": 1703776632.6096547, "loss": 0.01249102596193552, "root_mean_squared_error": 0.11176326125860214, "mean_absolute_percentage_error": 14327.787109375, "mean_absolute_error": 0.06017090380191803, "val_loss": 0.031122446060180664, "val_root_mean_squared_error": 0.1764155477285385, "val_mean_absolute_percentage_error": 19797.6171875, "val_mean_absolute_error": 0.07727599889039993, "_runtime": 278.0634195804596, "_step": 17, "best_val_loss": 0.0272178053855896, "best_epoch": 6, "Final MSE": 0.045237407088279724, "Final RMSE": 0.21269087493419647, "Final MAPE": 42804.3359375, "Final MAE": 0.1255546659231186, "Total Training Time": 276.56660771369934, "Average Time per Epoch": 16.213664391461542, "_wandb": {"runtime": 277}}