{"epoch": 38, "_timestamp": 1705583541.7333856, "loss": 0.007017999887466431, "root_mean_squared_error": 0.08377350121736526, "mean_absolute_percentage_error": 29923.06640625, "mean_absolute_error": 0.046316180378198624, "val_loss": 0.013147551566362381, "val_root_mean_squared_error": 0.1146627739071846, "val_mean_absolute_percentage_error": 365847.0, "val_mean_absolute_error": 0.06599240750074387, "_runtime": 53.11684465408325, "_step": 39, "best_val_loss": 0.012753070332109928, "best_epoch": 28, "Final MSE": 0.021275440230965614, "Final RMSE": 0.14586102962493896, "Final MAPE": 29892.169921875, "Final MAE": 0.09433526545763016, "Total Training Time": 50.84475111961365, "Average Time per Epoch": 1.2994469129122221, "_wandb": {"runtime": 51}}