{"epoch": 23, "_timestamp": 1703098276.310184, "loss": 0.012446818873286247, "root_mean_squared_error": 0.11156529933214188, "mean_absolute_percentage_error": 17501.654296875, "mean_absolute_error": 0.06996527314186096, "val_loss": 0.018419764935970306, "val_root_mean_squared_error": 0.1357194483280182, "val_mean_absolute_percentage_error": 60610.16796875, "val_mean_absolute_error": 0.07295112311840057, "_runtime": 20.5920889377594, "_step": 24, "best_val_loss": 0.01788869872689247, "best_epoch": 13, "Final MSE": 0.025784557685256004, "Final RMSE": 0.16057568788528442, "Final MAPE": 123555.109375, "Final MAE": 0.11642886698246002, "Total Training Time": 18.286792039871216, "Average Time per Epoch": 0.7561582028865814, "_wandb": {"runtime": 18}}