{"epoch": 0, "_timestamp": 1703556028.6589036, "loss": 0.004919859580695629, "root_mean_squared_error": 0.07526787370443344, "mean_absolute_percentage_error": 9832.40234375, "mean_absolute_error": 0.04411524161696434, "val_loss": 0.008256335742771626, "val_root_mean_squared_error": 0.0908643826842308, "val_mean_absolute_percentage_error": 36247.86328125, "val_mean_absolute_error": 0.05616006627678871, "_runtime": 6.625825643539429, "_step": 1, "best_val_loss": 0.008256335742771626, "best_epoch": 0, "Final MSE": 0.010013177990913391, "Final RMSE": 0.10006586462259293, "Final MAPE": 47895.515625, "Final MAE": 0.07232590764760971, "Total Training Time": 4.803097248077393, "Average Time per Epoch": 4.601087808609009, "_wandb": {"runtime": 5}}