{"epoch": 0, "_timestamp": 1703729449.2311144, "loss": 0.007915398105978966, "root_mean_squared_error": 0.08940307796001434, "mean_absolute_percentage_error": 10219515.0, "mean_absolute_error": 0.05384540185332298, "val_loss": 0.00904250331223011, "val_root_mean_squared_error": 0.09509208053350449, "val_mean_absolute_percentage_error": 16393554.0, "val_mean_absolute_error": 0.06095317006111145, "_runtime": 12.858265399932861, "_step": 1, "best_val_loss": 0.00904250331223011, "best_epoch": 0, "Final MSE": 0.008152367547154427, "Final RMSE": 0.09029046446084976, "Final MAPE": 20243302.0, "Final MAE": 0.0611598901450634, "Total Training Time": 4.558236837387085, "Average Time per Epoch": 4.393567085266113, "_wandb": {"runtime": 4}}