{"epoch": 0, "_timestamp": 1703535203.4463737, "loss": 0.014221456833183765, "root_mean_squared_error": 0.1250229924917221, "mean_absolute_percentage_error": 29383.697265625, "mean_absolute_error": 0.0766664445400238, "val_loss": 0.009269876405596733, "val_root_mean_squared_error": 0.09628019481897354, "val_mean_absolute_percentage_error": 69100.4609375, "val_mean_absolute_error": 0.06770467013120651, "_runtime": 19.64610266685486, "_step": 1, "best_val_loss": 0.009269876405596733, "best_epoch": 0, "Final MSE": 0.0223691388964653, "Final RMSE": 0.14956316351890564, "Final MAPE": 80971.4453125, "Final MAE": 0.11400057375431061, "Total Training Time": 18.241801500320435, "Average Time per Epoch": 17.48886799812317, "_wandb": {"runtime": 18}}