{"epoch": 0, "_timestamp": 1703674332.6890914, "loss": 0.008341564796864986, "root_mean_squared_error": 0.09128215909004211, "mean_absolute_percentage_error": 5029038.5, "mean_absolute_error": 0.05084872618317604, "val_loss": 0.011223047971725464, "val_root_mean_squared_error": 0.10593888908624649, "val_mean_absolute_percentage_error": 4493405.5, "val_mean_absolute_error": 0.05846894159913063, "_runtime": 7.34916353225708, "_step": 1, "best_val_loss": 0.011223047971725464, "best_epoch": 0, "Final MSE": 0.009094815701246262, "Final RMSE": 0.09536674618721008, "Final MAPE": 9006842.0, "Final MAE": 0.05454988032579422, "Total Training Time": 6.202419281005859, "Average Time per Epoch": 6.051739931106567, "_wandb": {"runtime": 6}}