{"epoch": 30, "_timestamp": 1703878753.9632907, "loss": 0.01781122013926506, "root_mean_squared_error": 0.1334586888551712, "mean_absolute_percentage_error": 304800.53125, "mean_absolute_error": 0.0854703038930893, "val_loss": 0.013797811232507229, "val_root_mean_squared_error": 0.1174640879034996, "val_mean_absolute_percentage_error": 59670.9453125, "val_mean_absolute_error": 0.06475366652011871, "_runtime": 198.27970576286316, "_step": 31, "best_val_loss": 0.010279239155352116, "best_epoch": 20, "Final MSE": 0.031736716628074646, "Final RMSE": 0.17814801633358002, "Final MAPE": 14978.021484375, "Final MAE": 0.0918780192732811, "Total Training Time": 196.78145217895508, "Average Time per Epoch": 6.333419730586391, "_wandb": {"runtime": 197}}