{"epoch": 14, "_timestamp": 1705606652.3400826, "loss": 0.011652236804366112, "root_mean_squared_error": 0.1079455241560936, "mean_absolute_percentage_error": 4391.42431640625, "mean_absolute_error": 0.06294185668230057, "val_loss": 0.04499547928571701, "val_root_mean_squared_error": 0.21212138235569, "val_mean_absolute_percentage_error": 655614.5, "val_mean_absolute_error": 0.1453985869884491, "_runtime": 51.84181761741638, "_step": 15, "best_val_loss": 0.016649000346660614, "best_epoch": 4, "Final MSE": 0.07500310987234116, "Final RMSE": 0.2738669514656067, "Final MAPE": 890138.9375, "Final MAE": 0.20296013355255127, "Total Training Time": 50.42391109466553, "Average Time per Epoch": 3.345956897735596, "_wandb": {"runtime": 50}}