{"epoch": 29, "_timestamp": 1703189873.6506493, "loss": 0.009073394350707531, "root_mean_squared_error": 0.09525436908006668, "mean_absolute_percentage_error": 21595.685546875, "mean_absolute_error": 0.0651395171880722, "val_loss": 0.013110147789120674, "val_root_mean_squared_error": 0.11449955403804779, "val_mean_absolute_percentage_error": 74204.625, "val_mean_absolute_error": 0.07459887117147446, "_runtime": 75.1333212852478, "_step": 30, "best_val_loss": 0.011911490000784397, "best_epoch": 19, "Final MSE": 0.02532651461660862, "Final RMSE": 0.15914306044578552, "Final MAPE": 157910.59375, "Final MAE": 0.11562768369913101, "Total Training Time": 72.50746870040894, "Average Time per Epoch": 2.4102155685424806, "_wandb": {"runtime": 73}}