{"epoch": 16, "_timestamp": 1703553565.4567528, "loss": 0.009980806149542332, "root_mean_squared_error": 0.09990398585796356, "mean_absolute_percentage_error": 477380.65625, "mean_absolute_error": 0.0679907575249672, "val_loss": 0.016769275069236755, "val_root_mean_squared_error": 0.129496231675148, "val_mean_absolute_percentage_error": 136283.171875, "val_mean_absolute_error": 0.0919707790017128, "_runtime": 47.69923281669617, "_step": 17, "best_val_loss": 0.016199341043829918, "best_epoch": 6, "Final MSE": 0.01402569841593504, "Final RMSE": 0.11843014508485794, "Final MAPE": 70747.375, "Final MAE": 0.09223436564207077, "Total Training Time": 45.65863084793091, "Average Time per Epoch": 2.6723408699035645, "_wandb": {"runtime": 46}}