{"epoch": 0, "_timestamp": 1703761108.3437662, "loss": 0.024693967774510384, "root_mean_squared_error": 0.15618950128555298, "mean_absolute_percentage_error": 148651.5, "mean_absolute_error": 0.09885429590940475, "val_loss": 0.018806366249918938, "val_root_mean_squared_error": 0.137136310338974, "val_mean_absolute_percentage_error": 8101.5126953125, "val_mean_absolute_error": 0.07371849566698074, "_runtime": 7.437735319137573, "_step": 1, "best_val_loss": 0.018806366249918938, "best_epoch": 0, "Final MSE": 0.022563118487596512, "Final RMSE": 0.15021024644374847, "Final MAPE": 151128.671875, "Final MAE": 0.08784938603639603, "Total Training Time": 6.217168569564819, "Average Time per Epoch": 6.051249980926514, "_wandb": {"runtime": 6}}