,architecture,Loss@User10,std@User10,Loss@User11,std@User11,Loss@User12,std@User12
0,LSTM_SVR_RF,0.013899859,0.00037776917,0.01461137,8.5457854e-05,0.011103834,0.0003650264
