,architecture,Loss@User10,std@User10,Loss@User11,std@User11,Loss@User12,std@User12
0,LightGBM,0.020892561792582323,0.0,0.020253453838696374,0.0,0.020100891487881693,0.0
