,architecture,Loss@User10,std@User10,Loss@User11,std@User11,Loss@User12,std@User12,mean
0,Bi20_sexp4d8,0.016075277390579384,0.00119392381139034,0.014660629133383432,0.0004934039135397024,0.01125631295144558,0.0011100842000850803,0.013997406491802799
1,1xBi20_top2exp5d8_d16,0.016893021141489346,0.0014986798981537308,0.014475595206022263,0.00040827028989299407,0.010300205710033575,0.0006194170640983105,0.013889607352515059
2,Bi10_sexp4d8,0.016085374479492504,0.0004185289439350242,0.014668599391976992,0.0007748705229979247,0.011186307296156883,0.0010136804776707882,0.013980093722542128
3,1xBi10_top2exp5d8_d16,0.016814711814125378,0.00019132925983692377,0.014956017645696798,0.0006673591930391544,0.012525814585387707,0.0009915756461707501,0.014765514681736628
4,Bi8_sexp8d16,0.01534124898413817,0.002135722388305705,0.014727655487755934,0.0010411035855586144,0.010750569713612398,0.0007508618397997378,0.013606491395168833
5,Bi8_top2exp10d16_d16,0.016634190765519936,0.002735158159410205,0.015349091961979866,0.0006271668643721122,0.011403129125634829,0.0011813819354749824,0.014462137284378208
