,architecture,Loss@User10,std@User10,Loss@User11,std@User11,Loss@User12,std@User12,sum
0,ED1_h2_d16,0.029387106498082478,0.005596126889285053,0.025910786042610805,0.0046670346513517985,0.021001278112332027,0.0025397352364800014,0.07629917065302531
1,ED1_h4_d16,0.026294061914086342,0.00095580269470896,0.02650393173098564,0.004303001070773655,0.020197005321582157,0.0015279946015813398,0.07299499896665414
2,ED1_h8_d16,0.029700248191754024,0.001989274983707045,0.026099272693196934,0.0025760619905051785,0.01864990033209324,0.001501958356620215,0.0744494212170442
3,ED1_h4_d8,0.029205625876784325,0.006346422832741047,0.02599032533665498,0.0008898511477236033,0.020227962483962376,0.00042039294361436645,0.07542391369740167
4,ED1_h4_d32,0.028328005224466324,0.0018843417330868858,0.024694567546248436,0.0029858282443279067,0.019922735790411632,0.002257519370253039,0.0729453085611264
5,ED2_h4_d32,0.025420190766453743,0.003398700179540102,0.025082985560099285,0.0040554915215736485,0.020463904986778896,0.0008711260017076985,0.07096708131333193
