{"epoch": 3, "_timestamp": 1702639402.9885495, "loss": 0.008982446976006031, "root_mean_squared_error": 0.09477577358484268, "mean_absolute_percentage_error": 76880.578125, "mean_absolute_error": 0.06516855210065842, "val_loss": 0.01167787704616785, "val_root_mean_squared_error": 0.10806422680616379, "val_mean_absolute_percentage_error": 64670.484375, "val_mean_absolute_error": 0.0744561105966568, "_runtime": 26.58852744102478, "_step": 3, "best_val_loss": 0.01167787704616785, "best_epoch": 3}