{"epoch": 22, "_timestamp": 1703345564.35312, "loss": 0.07877127826213837, "root_mean_squared_error": 0.2806622385978699, "mean_absolute_percentage_error": 100297824.0, "mean_absolute_error": 0.23253019154071808, "val_loss": 0.07728921622037888, "val_root_mean_squared_error": 0.2780093550682068, "val_mean_absolute_percentage_error": 115122480.0, "val_mean_absolute_error": 0.23464694619178772, "_runtime": 18.65440011024475, "_step": 23, "best_val_loss": 0.0769282728433609, "best_epoch": 12, "Final MSE": 0.07983642816543579, "Final RMSE": 0.28255337476730347, "Final MAPE": 125249792.0, "Final MAE": 0.23360753059387207, "Total Training Time": 16.534727811813354, "Average Time per Epoch": 0.7133795593095862, "_wandb": {"runtime": 16}}