{"epoch": 0, "_timestamp": 1703764206.5607822, "loss": 0.014226047322154045, "root_mean_squared_error": 0.1332647204399109, "mean_absolute_percentage_error": 111064.328125, "mean_absolute_error": 0.09473872184753418, "val_loss": 0.010434454306960106, "val_root_mean_squared_error": 0.10214917361736298, "val_mean_absolute_percentage_error": 116397.6171875, "val_mean_absolute_error": 0.07797663658857346, "_runtime": 3.5154480934143066, "_step": 1, "best_val_loss": 0.010434454306960106, "best_epoch": 0, "Final MSE": 0.044430509209632874, "Final RMSE": 0.21078547835350037, "Final MAPE": 236765.65625, "Final MAE": 0.14825458824634552, "Total Training Time": 1.5334429740905762, "Average Time per Epoch": 1.444847583770752, "_wandb": {"runtime": 1}}