{"epoch": 40, "_timestamp": 1703729959.6443207, "loss": 0.007169357035309076, "root_mean_squared_error": 0.08467205613851547, "mean_absolute_percentage_error": 6523331.5, "mean_absolute_error": 0.04943522438406944, "val_loss": 0.010740840807557106, "val_root_mean_squared_error": 0.10363803058862686, "val_mean_absolute_percentage_error": 15039409.0, "val_mean_absolute_error": 0.06532710790634155, "_runtime": 95.0343747138977, "_step": 41, "best_val_loss": 0.009669573977589607, "best_epoch": 30, "Final MSE": 0.01123109832406044, "Final RMSE": 0.1059768795967102, "Final MAPE": 18119802.0, "Final MAE": 0.06718716770410538, "Total Training Time": 93.55690956115723, "Average Time per Epoch": 2.276237865773643, "_wandb": {"runtime": 94}}