{"epoch": 27, "_timestamp": 1703090524.2361321, "loss": 0.00662732869386673, "root_mean_squared_error": 0.08140840381383896, "mean_absolute_percentage_error": 103694.0390625, "mean_absolute_error": 0.04622698202729225, "val_loss": 0.005957155954092741, "val_root_mean_squared_error": 0.07718261331319809, "val_mean_absolute_percentage_error": 29322.107421875, "val_mean_absolute_error": 0.036097295582294464, "_runtime": 71.35265302658081, "_step": 28, "best_val_loss": 0.005797877442091703, "best_epoch": 17, "Final MSE": 0.0115365507081151, "Final RMSE": 0.10740833729505539, "Final MAPE": 160249.1875, "Final MAE": 0.05983138084411621, "Total Training Time": 68.54037070274353, "Average Time per Epoch": 2.440986147948674, "_wandb": {"runtime": 69}}