{"epoch": 30, "_timestamp": 1703636010.069106, "loss": 0.012674790807068348, "root_mean_squared_error": 0.11258237063884735, "mean_absolute_percentage_error": 32932.6953125, "mean_absolute_error": 0.07406774163246155, "val_loss": 0.016491370275616646, "val_root_mean_squared_error": 0.1284187287092209, "val_mean_absolute_percentage_error": 55652.66796875, "val_mean_absolute_error": 0.08720551431179047, "_runtime": 60.333680152893066, "_step": 31, "best_val_loss": 0.015317917801439762, "best_epoch": 20, "Final MSE": 0.019806070253252983, "Final RMSE": 0.14073404669761658, "Final MAPE": 161273.09375, "Final MAE": 0.1009015217423439, "Total Training Time": 58.35986638069153, "Average Time per Epoch": 1.87652406384868, "_wandb": {"runtime": 58}}