{"epoch": 0, "_timestamp": 1703764521.1808157, "loss": 0.015968434512615204, "root_mean_squared_error": 0.140297994017601, "mean_absolute_percentage_error": 116636.9296875, "mean_absolute_error": 0.08807297796010971, "val_loss": 0.01864379458129406, "val_root_mean_squared_error": 0.13654226064682007, "val_mean_absolute_percentage_error": 755992.4375, "val_mean_absolute_error": 0.08617284148931503, "_runtime": 3.550888776779175, "_step": 1, "best_val_loss": 0.01864379458129406, "best_epoch": 0, "Final MSE": 0.04751002416014671, "Final RMSE": 0.2179679274559021, "Final MAPE": 192778.953125, "Final MAE": 0.14737485349178314, "Total Training Time": 1.5152404308319092, "Average Time per Epoch": 1.4125657081604004, "_wandb": {"runtime": 1}}