{"epoch": 13, "_timestamp": 1703726949.1860645, "loss": 0.007171891164034605, "root_mean_squared_error": 0.0846870169043541, "mean_absolute_percentage_error": 7948925.5, "mean_absolute_error": 0.049325015395879745, "val_loss": 0.011292094364762306, "val_root_mean_squared_error": 0.10626426339149475, "val_mean_absolute_percentage_error": 12427505.0, "val_mean_absolute_error": 0.06387423723936081, "_runtime": 30.53786849975586, "_step": 14, "best_val_loss": 0.010665113106369972, "best_epoch": 3, "Final MSE": 0.01063079945743084, "Final RMSE": 0.10310576856136322, "Final MAPE": 18781546.0, "Final MAE": 0.062427278608083725, "Total Training Time": 28.559054136276245, "Average Time per Epoch": 2.0277329002107893, "_wandb": {"runtime": 29}}