{"epoch": 0, "_timestamp": 1703656508.418016, "loss": 0.006771609652787447, "root_mean_squared_error": 0.09319224208593369, "mean_absolute_percentage_error": 30503.203125, "mean_absolute_error": 0.0649951696395874, "val_loss": 0.009641086682677269, "val_root_mean_squared_error": 0.09818903356790543, "val_mean_absolute_percentage_error": 49081.6328125, "val_mean_absolute_error": 0.06595177948474884, "_runtime": 4.545641899108887, "_step": 1, "best_val_loss": 0.009641086682677269, "best_epoch": 0, "Final MSE": 0.01576581783592701, "Final RMSE": 0.12556201219558716, "Final MAPE": 147278.765625, "Final MAE": 0.08348359912633896, "Total Training Time": 2.684535503387451, "Average Time per Epoch": 2.536487340927124, "_wandb": {"runtime": 2}}