{"epoch": 15, "_timestamp": 1703644340.5184805, "loss": 0.008839038200676441, "root_mean_squared_error": 0.09401615709066391, "mean_absolute_percentage_error": 24490.939453125, "mean_absolute_error": 0.054234158247709274, "val_loss": 0.007331829983741045, "val_root_mean_squared_error": 0.08562610298395157, "val_mean_absolute_percentage_error": 58953.1015625, "val_mean_absolute_error": 0.05877136439085007, "_runtime": 43.63632154464722, "_step": 16, "best_val_loss": 0.006600024178624153, "best_epoch": 5, "Final MSE": 0.015332700684666634, "Final RMSE": 0.12382528185844421, "Final MAPE": 229400.375, "Final MAE": 0.09260410070419312, "Total Training Time": 41.310561656951904, "Average Time per Epoch": 2.568346917629242, "_wandb": {"runtime": 41}}