{"epoch": 26, "_timestamp": 1703853686.8499553, "loss": 0.020304128527641296, "root_mean_squared_error": 0.14249253273010254, "mean_absolute_percentage_error": 18167.359375, "mean_absolute_error": 0.08198454976081848, "val_loss": 0.03038541041314602, "val_root_mean_squared_error": 0.17431411147117615, "val_mean_absolute_percentage_error": 109191.578125, "val_mean_absolute_error": 0.09417992830276489, "_runtime": 20.95247721672058, "_step": 27, "best_val_loss": 0.030309654772281647, "best_epoch": 16, "Final MSE": 0.03246891871094704, "Final RMSE": 0.18019132316112518, "Final MAPE": 220245.0625, "Final MAE": 0.0949847623705864, "Total Training Time": 19.670448780059814, "Average Time per Epoch": 0.7243657023818405, "_wandb": {"runtime": 19}}