{"epoch": 16, "_timestamp": 1705616403.225447, "loss": 0.01171641331166029, "root_mean_squared_error": 0.10824238508939743, "mean_absolute_percentage_error": 3844.607177734375, "mean_absolute_error": 0.06391412764787674, "val_loss": 0.010508294217288494, "val_root_mean_squared_error": 0.10250996798276901, "val_mean_absolute_percentage_error": 188585.359375, "val_mean_absolute_error": 0.06685982644557953, "_runtime": 15.802999019622803, "_step": 17, "best_val_loss": 0.007342576049268246, "best_epoch": 6, "Final MSE": 0.04281128570437431, "Final RMSE": 0.20690888166427612, "Final MAPE": 293940.59375, "Final MAE": 0.1391616016626358, "Total Training Time": 13.347832918167114, "Average Time per Epoch": 0.7777373089509851, "_wandb": {"runtime": 13}}