{"epoch": 26, "_timestamp": 1703161979.460478, "loss": 0.005928546655923128, "root_mean_squared_error": 0.0769970566034317, "mean_absolute_percentage_error": 120253.796875, "mean_absolute_error": 0.04474319890141487, "val_loss": 0.005694989114999771, "val_root_mean_squared_error": 0.07546515017747879, "val_mean_absolute_percentage_error": 17089.107421875, "val_mean_absolute_error": 0.047387607395648956, "_runtime": 62.98103404045105, "_step": 27, "best_val_loss": 0.005244459491223097, "best_epoch": 16, "Final MSE": 0.010497634299099445, "Final RMSE": 0.10245796293020248, "Final MAPE": 485205.59375, "Final MAE": 0.06943085789680481, "Total Training Time": 60.0234317779541, "Average Time per Epoch": 2.214982271194458, "_wandb": {"runtime": 60}}