{"epoch": 22, "_timestamp": 1703639250.7855296, "loss": 0.006486004684120417, "root_mean_squared_error": 0.08053573220968246, "mean_absolute_percentage_error": 9658.197265625, "mean_absolute_error": 0.050891805440187454, "val_loss": 0.017550762742757797, "val_root_mean_squared_error": 0.13247929513454437, "val_mean_absolute_percentage_error": 34467.8984375, "val_mean_absolute_error": 0.08430615812540054, "_runtime": 46.408132553100586, "_step": 23, "best_val_loss": 0.017293019220232964, "best_epoch": 12, "Final MSE": 0.019918784499168396, "Final RMSE": 0.14113391935825348, "Final MAPE": 272277.75, "Final MAE": 0.10379862040281296, "Total Training Time": 44.29700469970703, "Average Time per Epoch": 1.9180015481036643, "_wandb": {"runtime": 44}}