{"epoch": 22, "_timestamp": 1703890539.5867145, "loss": 0.0066836001351475716, "root_mean_squared_error": 0.08175329118967056, "mean_absolute_percentage_error": 1880.0281982421875, "mean_absolute_error": 0.044708896428346634, "val_loss": 0.0091604208573699, "val_root_mean_squared_error": 0.09571008384227753, "val_mean_absolute_percentage_error": 133103.875, "val_mean_absolute_error": 0.05506809055805206, "_runtime": 19.889857530593872, "_step": 23, "best_val_loss": 0.008331571705639362, "best_epoch": 12, "Final MSE": 0.008156775496900082, "Final RMSE": 0.09031486511230469, "Final MAPE": 147854.21875, "Final MAE": 0.0546259805560112, "Total Training Time": 17.685827493667603, "Average Time per Epoch": 0.7618165327155072, "_wandb": {"runtime": 18}}