{"epoch": 25, "_timestamp": 1703919722.2000196, "loss": 0.00434881029650569, "root_mean_squared_error": 0.06594551354646683, "mean_absolute_percentage_error": 55920.98046875, "mean_absolute_error": 0.032957036048173904, "val_loss": 0.006457510404288769, "val_root_mean_squared_error": 0.08035863935947418, "val_mean_absolute_percentage_error": 72422.578125, "val_mean_absolute_error": 0.04089329019188881, "_runtime": 90.89187669754028, "_step": 26, "best_val_loss": 0.006053536664694548, "best_epoch": 15, "Final MSE": 0.017953068017959595, "Final RMSE": 0.13398906588554382, "Final MAPE": 120489.6640625, "Final MAE": 0.07402779161930084, "Total Training Time": 89.44210290908813, "Average Time per Epoch": 3.4296814019863424, "_wandb": {"runtime": 89}}