{"epoch": 0, "_timestamp": 1703560269.996645, "loss": 0.0051115755923092365, "root_mean_squared_error": 0.07785584777593613, "mean_absolute_percentage_error": 97053.9296875, "mean_absolute_error": 0.04379763454198837, "val_loss": 0.008018187247216702, "val_root_mean_squared_error": 0.08954433351755142, "val_mean_absolute_percentage_error": 42805.7734375, "val_mean_absolute_error": 0.05220218002796173, "_runtime": 3.8876800537109375, "_step": 1, "best_val_loss": 0.008018187247216702, "best_epoch": 0, "Final MSE": 0.013111741282045841, "Final RMSE": 0.11450651288032532, "Final MAPE": 69097.671875, "Final MAE": 0.07366292178630829, "Total Training Time": 1.9136464595794678, "Average Time per Epoch": 1.8045318126678467, "_wandb": {"runtime": 2}}