{"epoch": 0, "_timestamp": 1703677251.031, "loss": 0.07189763337373734, "root_mean_squared_error": 0.2618485987186432, "mean_absolute_percentage_error": 84585624.0, "mean_absolute_error": 0.20467334985733032, "val_loss": 0.05407742038369179, "val_root_mean_squared_error": 0.23254555463790894, "val_mean_absolute_percentage_error": 97654840.0, "val_mean_absolute_error": 0.18998032808303833, "_runtime": 2.6548140048980713, "_step": 1, "best_val_loss": 0.05407742038369179, "best_epoch": 0, "Final MSE": 0.04571779817342758, "Final RMSE": 0.21381722390651703, "Final MAPE": 107977072.0, "Final MAE": 0.17860689759254456, "Total Training Time": 1.5500972270965576, "Average Time per Epoch": 1.4422972202301025, "_wandb": {"runtime": 1}}