{"epoch": 16, "_timestamp": 1705621542.7148771, "loss": 0.011860902421176434, "root_mean_squared_error": 0.10890776664018631, "mean_absolute_percentage_error": 7086.353515625, "mean_absolute_error": 0.06381424516439438, "val_loss": 0.007803704123944044, "val_root_mean_squared_error": 0.08833857625722885, "val_mean_absolute_percentage_error": 237827.6875, "val_mean_absolute_error": 0.05592392012476921, "_runtime": 23.973321199417114, "_step": 17, "best_val_loss": 0.006902442313730717, "best_epoch": 6, "Final MSE": 0.03484319522976875, "Final RMSE": 0.18666331470012665, "Final MAPE": 275191.5, "Final MAE": 0.1143895760178566, "Total Training Time": 21.65853977203369, "Average Time per Epoch": 1.2647389383877026, "_wandb": {"runtime": 22}}