{"epoch": 0, "_timestamp": 1703761855.5154624, "loss": 0.004769505001604557, "root_mean_squared_error": 0.07608689367771149, "mean_absolute_percentage_error": 21361.59765625, "mean_absolute_error": 0.0470905639231205, "val_loss": 0.00939461775124073, "val_root_mean_squared_error": 0.09692583978176117, "val_mean_absolute_percentage_error": 45031.171875, "val_mean_absolute_error": 0.06322027742862701, "_runtime": 7.555871486663818, "_step": 1, "best_val_loss": 0.00939461775124073, "best_epoch": 0, "Final MSE": 0.011281546205282211, "Final RMSE": 0.10621462017297745, "Final MAPE": 108915.609375, "Final MAE": 0.06842531263828278, "Total Training Time": 6.368902683258057, "Average Time per Epoch": 6.1792333126068115, "_wandb": {"runtime": 6}}