{"epoch": 0, "_timestamp": 1703803215.805359, "loss": 0.010217387229204178, "root_mean_squared_error": 0.10679321736097336, "mean_absolute_percentage_error": 11305.43359375, "mean_absolute_error": 0.061787448823451996, "val_loss": 0.009313132613897324, "val_root_mean_squared_error": 0.0965045765042305, "val_mean_absolute_percentage_error": 18494.890625, "val_mean_absolute_error": 0.05560727417469025, "_runtime": 5.9322428703308105, "_step": 1, "best_val_loss": 0.009313132613897324, "best_epoch": 0, "Final MSE": 0.016444778069853783, "Final RMSE": 0.12823718786239624, "Final MAPE": 44030.984375, "Final MAE": 0.08360057324171066, "Total Training Time": 4.509494304656982, "Average Time per Epoch": 4.33843207359314, "_wandb": {"runtime": 4}}