{"epoch": 25, "_timestamp": 1703449834.68415, "loss": 0.007736113388091326, "root_mean_squared_error": 0.08795517683029175, "mean_absolute_percentage_error": 9465668.0, "mean_absolute_error": 0.052147358655929565, "val_loss": 0.01350792683660984, "val_root_mean_squared_error": 0.11622360348701477, "val_mean_absolute_percentage_error": 27724392.0, "val_mean_absolute_error": 0.08248678594827652, "_runtime": 58.382436990737915, "_step": 26, "best_val_loss": 0.012037945911288261, "best_epoch": 15, "Final MSE": 0.01096202153712511, "Final RMSE": 0.10469967126846313, "Final MAPE": 29861550.0, "Final MAE": 0.07677361369132996, "Total Training Time": 55.86267924308777, "Average Time per Epoch": 2.1406802580906796, "_wandb": {"runtime": 56}}