{"epoch": 12, "_timestamp": 1703345306.4482436, "loss": 0.0628034919500351, "root_mean_squared_error": 0.2506062090396881, "mean_absolute_percentage_error": 78245448.0, "mean_absolute_error": 0.1992986798286438, "val_loss": 0.06372898817062378, "val_root_mean_squared_error": 0.25244608521461487, "val_mean_absolute_percentage_error": 92174344.0, "val_mean_absolute_error": 0.20587994158267975, "_runtime": 11.957436561584473, "_step": 13, "best_val_loss": 0.06344989687204361, "best_epoch": 2, "Final MSE": 0.06295967847108841, "Final RMSE": 0.2509176433086395, "Final MAPE": 102859224.0, "Final MAE": 0.20409515500068665, "Total Training Time": 9.759992122650146, "Average Time per Epoch": 0.7414040015294001, "_wandb": {"runtime": 10}}