{"epoch": 28, "_timestamp": 1702648456.2233422, "loss": 0.007823841646313667, "root_mean_squared_error": 0.08845248073339462, "mean_absolute_percentage_error": 69597.46875, "mean_absolute_error": 0.059188392013311386, "val_loss": 0.010977539233863354, "val_root_mean_squared_error": 0.10477375239133835, "val_mean_absolute_percentage_error": 77810.046875, "val_mean_absolute_error": 0.06873367726802826, "_runtime": 163.6974902153015, "_step": 29, "best_val_loss": 0.010738754644989967, "best_epoch": 18, "Final MSE": 0.020249607041478157, "Final RMSE": 0.14230111241340637, "Final MAPE": 32432.287109375, "Final MAE": 0.09224840253591537, "Total Training Time": 161.27536964416504, "Average Time per Epoch": 5.548040850409146, "_wandb": {"runtime": 161}}