{"epoch": 12, "_timestamp": 1703503594.2872097, "loss": 0.01187065802514553, "root_mean_squared_error": 0.10895255208015442, "mean_absolute_percentage_error": 60950.80859375, "mean_absolute_error": 0.062441546469926834, "val_loss": 0.029775477945804596, "val_root_mean_squared_error": 0.17255571484565735, "val_mean_absolute_percentage_error": 47923.42578125, "val_mean_absolute_error": 0.1173442006111145, "_runtime": 12.11233377456665, "_step": 13, "best_val_loss": 0.02924618497490883, "best_epoch": 2, "Final MSE": 0.04122892767190933, "Final RMSE": 0.20304909348487854, "Final MAPE": 97775.03125, "Final MAE": 0.1346980780363083, "Total Training Time": 9.92797327041626, "Average Time per Epoch": 0.7547033016498272, "_wandb": {"runtime": 10}}