{"epoch": 15, "_timestamp": 1703162212.338154, "loss": 0.0037376920226961374, "root_mean_squared_error": 0.06113666668534279, "mean_absolute_percentage_error": 242600.984375, "mean_absolute_error": 0.03406074643135071, "val_loss": 0.00750370929017663, "val_root_mean_squared_error": 0.08662395179271698, "val_mean_absolute_percentage_error": 33.71846008300781, "val_mean_absolute_error": 0.04744124785065651, "_runtime": 38.388113021850586, "_step": 16, "best_val_loss": 0.006189055275171995, "best_epoch": 5, "Final MSE": 0.007162400986999273, "Final RMSE": 0.08463096618652344, "Final MAPE": 114193.734375, "Final MAE": 0.04701532423496246, "Total Training Time": 36.79978394508362, "Average Time per Epoch": 2.2878617644309998, "_wandb": {"runtime": 37}}