{"epoch": 37, "_timestamp": 1703753877.5134687, "loss": 0.02314702793955803, "root_mean_squared_error": 0.15214146673679352, "mean_absolute_percentage_error": 40881.859375, "mean_absolute_error": 0.10520917922258377, "val_loss": 0.029508329927921295, "val_root_mean_squared_error": 0.17177988588809967, "val_mean_absolute_percentage_error": 205105.90625, "val_mean_absolute_error": 0.12676402926445007, "_runtime": 89.31779265403748, "_step": 38, "best_val_loss": 0.02892541140317917, "best_epoch": 27, "Final MSE": 0.03401651978492737, "Final RMSE": 0.1844356805086136, "Final MAPE": 385355.21875, "Final MAE": 0.12534986436367035, "Total Training Time": 86.60917210578918, "Average Time per Epoch": 2.273921847343445, "_wandb": {"runtime": 87}}