{"epoch": 0, "_timestamp": 1703677584.3696055, "loss": 0.06764606386423111, "root_mean_squared_error": 0.26016563177108765, "mean_absolute_percentage_error": 87150944.0, "mean_absolute_error": 0.20953169465065002, "val_loss": 0.05481211468577385, "val_root_mean_squared_error": 0.23411987721920013, "val_mean_absolute_percentage_error": 87802832.0, "val_mean_absolute_error": 0.1900576651096344, "_runtime": 3.5312185287475586, "_step": 1, "best_val_loss": 0.05481211468577385, "best_epoch": 0, "Final MSE": 0.05478568375110626, "Final RMSE": 0.23406343162059784, "Final MAPE": 95626960.0, "Final MAE": 0.18914513289928436, "Total Training Time": 1.5592069625854492, "Average Time per Epoch": 1.4435176849365234, "_wandb": {"runtime": 1}}