{"epoch": 0, "_timestamp": 1703737802.5527875, "loss": 0.006474663969129324, "root_mean_squared_error": 0.08465615659952164, "mean_absolute_percentage_error": 6633134.0, "mean_absolute_error": 0.04826543480157852, "val_loss": 0.009448278695344925, "val_root_mean_squared_error": 0.09720225632190704, "val_mean_absolute_percentage_error": 9517924.0, "val_mean_absolute_error": 0.058931898325681686, "_runtime": 6.254620552062988, "_step": 1, "best_val_loss": 0.009448278695344925, "best_epoch": 0, "Final MSE": 0.011216891929507256, "Final RMSE": 0.10590983182191849, "Final MAPE": 14481881.0, "Final MAE": 0.06421898305416107, "Total Training Time": 4.950236558914185, "Average Time per Epoch": 4.725165367126465, "_wandb": {"runtime": 5}}