{"epoch": 0, "_timestamp": 1703502984.049145, "loss": 0.006992793176323175, "root_mean_squared_error": 0.09478116035461426, "mean_absolute_percentage_error": 27604.04296875, "mean_absolute_error": 0.061388757079839706, "val_loss": 0.01455405168235302, "val_root_mean_squared_error": 0.12064017355442047, "val_mean_absolute_percentage_error": 42007.5, "val_mean_absolute_error": 0.08241080492734909, "_runtime": 7.812809944152832, "_step": 1, "best_val_loss": 0.01455405168235302, "best_epoch": 0, "Final MSE": 0.023588139563798904, "Final RMSE": 0.1535843014717102, "Final MAPE": 105649.28125, "Final MAE": 0.1118209958076477, "Total Training Time": 6.446734189987183, "Average Time per Epoch": 6.265220642089844, "_wandb": {"runtime": 6}}