{"epoch": 0, "_timestamp": 1703803591.7028902, "loss": 0.012739473022520542, "root_mean_squared_error": 0.12430540472269058, "mean_absolute_percentage_error": 28279.46484375, "mean_absolute_error": 0.07366377115249634, "val_loss": 0.006657531950622797, "val_root_mean_squared_error": 0.08159369975328445, "val_mean_absolute_percentage_error": 93743.3671875, "val_mean_absolute_error": 0.045864563435316086, "_runtime": 9.627165079116821, "_step": 1, "best_val_loss": 0.006657531950622797, "best_epoch": 0, "Final MSE": 0.03470829129219055, "Final RMSE": 0.18630161881446838, "Final MAPE": 209508.78125, "Final MAE": 0.11394495517015457, "Total Training Time": 4.461458683013916, "Average Time per Epoch": 4.313175916671753, "_wandb": {"runtime": 4}}