{"epoch": 32, "_timestamp": 1703893056.1183357, "loss": 0.015013506636023521, "root_mean_squared_error": 0.12252961844205856, "mean_absolute_percentage_error": 285234.375, "mean_absolute_error": 0.07636038959026337, "val_loss": 0.009548855945467949, "val_root_mean_squared_error": 0.097718246281147, "val_mean_absolute_percentage_error": 323055.28125, "val_mean_absolute_error": 0.06131654232740402, "_runtime": 26.27507972717285, "_step": 33, "best_val_loss": 0.00897216610610485, "best_epoch": 22, "Final MSE": 0.021799391135573387, "Final RMSE": 0.14764617383480072, "Final MAPE": 79489.6484375, "Final MAE": 0.09477487951517105, "Total Training Time": 25.031224966049194, "Average Time per Epoch": 0.7536193096276486, "_wandb": {"runtime": 25}}