{"epoch": 43, "_timestamp": 1703897504.2556856, "loss": 0.005545865278691053, "root_mean_squared_error": 0.07447056472301483, "mean_absolute_percentage_error": 5627.9765625, "mean_absolute_error": 0.03496719151735306, "val_loss": 0.017821546643972397, "val_root_mean_squared_error": 0.13349737226963043, "val_mean_absolute_percentage_error": 168947.359375, "val_mean_absolute_error": 0.09364308416843414, "_runtime": 55.69793152809143, "_step": 44, "best_val_loss": 0.011112093925476074, "best_epoch": 33, "Final MSE": 0.02607703022658825, "Final RMSE": 0.16148383915424347, "Final MAPE": 425713.4375, "Final MAE": 0.11667069792747498, "Total Training Time": 54.329545736312866, "Average Time per Epoch": 1.230429931120439, "_wandb": {"runtime": 54}}