{"epoch": 0, "_timestamp": 1703557227.765637, "loss": 0.004448966588824987, "root_mean_squared_error": 0.0738598108291626, "mean_absolute_percentage_error": 30518.78125, "mean_absolute_error": 0.046554215252399445, "val_loss": 0.008792090229690075, "val_root_mean_squared_error": 0.09376614540815353, "val_mean_absolute_percentage_error": 57223.15625, "val_mean_absolute_error": 0.06134758144617081, "_runtime": 6.405364036560059, "_step": 1, "best_val_loss": 0.008792090229690075, "best_epoch": 0, "Final MSE": 0.011430865153670311, "Final RMSE": 0.10691522061824799, "Final MAPE": 132839.546875, "Final MAE": 0.0744950920343399, "Total Training Time": 4.6918675899505615, "Average Time per Epoch": 4.489822626113892, "_wandb": {"runtime": 4}}