{"epoch": 0, "_timestamp": 1703673601.8323987, "loss": 0.007845972664654255, "root_mean_squared_error": 0.09000232815742493, "mean_absolute_percentage_error": 4407215.0, "mean_absolute_error": 0.0497991107404232, "val_loss": 0.009176856838166714, "val_root_mean_squared_error": 0.09579591453075409, "val_mean_absolute_percentage_error": 2815067.0, "val_mean_absolute_error": 0.049935467541217804, "_runtime": 7.390398740768433, "_step": 1, "best_val_loss": 0.009176856838166714, "best_epoch": 0, "Final MSE": 0.011278782971203327, "Final RMSE": 0.10620161145925522, "Final MAPE": 4225159.5, "Final MAE": 0.05600353330373764, "Total Training Time": 6.138606309890747, "Average Time per Epoch": 5.988327264785767, "_wandb": {"runtime": 6}}