{"epoch": 23, "_timestamp": 1703913305.50681, "loss": 0.008485764265060425, "root_mean_squared_error": 0.09211821109056473, "mean_absolute_percentage_error": 5420.09912109375, "mean_absolute_error": 0.05081391707062721, "val_loss": 0.01022072322666645, "val_root_mean_squared_error": 0.10109759122133255, "val_mean_absolute_percentage_error": 20781.66015625, "val_mean_absolute_error": 0.06372274458408356, "_runtime": 82.10520601272583, "_step": 24, "best_val_loss": 0.009248204529285431, "best_epoch": 13, "Final MSE": 0.01791990175843239, "Final RMSE": 0.13386523723602295, "Final MAPE": 1779.997314453125, "Final MAE": 0.09036905318498611, "Total Training Time": 79.7736976146698, "Average Time per Epoch": 3.3129917283852897, "_wandb": {"runtime": 80}}