{"epoch": 33, "_timestamp": 1703151013.1187627, "loss": 0.007687818259000778, "root_mean_squared_error": 0.08768020570278168, "mean_absolute_percentage_error": 125434.7734375, "mean_absolute_error": 0.06024211645126343, "val_loss": 0.008852469734847546, "val_root_mean_squared_error": 0.09408756345510483, "val_mean_absolute_percentage_error": 55577.18359375, "val_mean_absolute_error": 0.06627488136291504, "_runtime": 45.26985168457031, "_step": 34, "best_val_loss": 0.008812792599201202, "best_epoch": 23, "Final MSE": 0.024595126509666443, "Final RMSE": 0.15682832896709442, "Final MAPE": 520324.90625, "Final MAE": 0.10875113308429718, "Total Training Time": 43.0648467540741, "Average Time per Epoch": 1.2610537024105297, "_wandb": {"runtime": 43}}