{"epoch": 27, "_timestamp": 1705617055.4243553, "loss": 0.00554082915186882, "root_mean_squared_error": 0.0744367465376854, "mean_absolute_percentage_error": 96097.2109375, "mean_absolute_error": 0.04200999438762665, "val_loss": 0.007617426570504904, "val_root_mean_squared_error": 0.0872778668999672, "val_mean_absolute_percentage_error": 340437.28125, "val_mean_absolute_error": 0.05701794847846031, "_runtime": 23.8199462890625, "_step": 28, "best_val_loss": 0.005771765951067209, "best_epoch": 17, "Final MSE": 0.024467630311846733, "Final RMSE": 0.15642131865024567, "Final MAPE": 53211.66015625, "Final MAE": 0.10411633551120758, "Total Training Time": 21.641646146774292, "Average Time per Epoch": 0.7679721627916608, "_wandb": {"runtime": 21}}