{"epoch": 0, "_timestamp": 1703547934.9796891, "loss": 0.006461611017584801, "root_mean_squared_error": 0.0829707458615303, "mean_absolute_percentage_error": 128617.609375, "mean_absolute_error": 0.0483003593981266, "val_loss": 0.006357340142130852, "val_root_mean_squared_error": 0.07973293215036392, "val_mean_absolute_percentage_error": 32207.724609375, "val_mean_absolute_error": 0.05544339865446091, "_runtime": 9.195762157440186, "_step": 1, "best_val_loss": 0.006357340142130852, "best_epoch": 0, "Final MSE": 0.010619127191603184, "Final RMSE": 0.1030491515994072, "Final MAPE": 500919.34375, "Final MAE": 0.07308367639780045, "Total Training Time": 4.516535758972168, "Average Time per Epoch": 4.371496200561523, "_wandb": {"runtime": 4}}