{"epoch": 10, "_timestamp": 1703099348.8586085, "loss": 0.020584208890795708, "root_mean_squared_error": 0.14347195625305176, "mean_absolute_percentage_error": 726251.25, "mean_absolute_error": 0.10320299863815308, "val_loss": 0.03044821321964264, "val_root_mean_squared_error": 0.1744941622018814, "val_mean_absolute_percentage_error": 168547.78125, "val_mean_absolute_error": 0.11122269183397293, "_runtime": 11.29501748085022, "_step": 11, "best_val_loss": 0.02716156467795372, "best_epoch": 0, "Final MSE": 0.034682370722293854, "Final RMSE": 0.1862320452928543, "Final MAPE": 173900.140625, "Final MAE": 0.14649049937725067, "Total Training Time": 8.83561658859253, "Average Time per Epoch": 0.792419130151922, "_wandb": {"runtime": 9}}