{"epoch": 37, "_timestamp": 1703862391.413714, "loss": 0.010466009378433228, "root_mean_squared_error": 0.10230351239442825, "mean_absolute_percentage_error": 13468.951171875, "mean_absolute_error": 0.05721603333950043, "val_loss": 0.018311653286218643, "val_root_mean_squared_error": 0.13532055914402008, "val_mean_absolute_percentage_error": 26294.1796875, "val_mean_absolute_error": 0.07489462196826935, "_runtime": 191.33843398094177, "_step": 38, "best_val_loss": 0.01679314114153385, "best_epoch": 27, "Final MSE": 0.034452084451913834, "Final RMSE": 0.1856127232313156, "Final MAPE": 91111.390625, "Final MAE": 0.128724604845047, "Total Training Time": 189.93813753128052, "Average Time per Epoch": 4.987961003654881, "_wandb": {"runtime": 190}}