{"epoch": 0, "_timestamp": 1703674251.274363, "loss": 0.007796315476298332, "root_mean_squared_error": 0.09135523438453674, "mean_absolute_percentage_error": 5009185.5, "mean_absolute_error": 0.04989229887723923, "val_loss": 0.013188151642680168, "val_root_mean_squared_error": 0.11483968049287796, "val_mean_absolute_percentage_error": 4122704.0, "val_mean_absolute_error": 0.06344474107027054, "_runtime": 7.502516984939575, "_step": 1, "best_val_loss": 0.013188151642680168, "best_epoch": 0, "Final MSE": 0.014536160044372082, "Final RMSE": 0.1205659955739975, "Final MAPE": 5958764.0, "Final MAE": 0.06466581672430038, "Total Training Time": 6.287570238113403, "Average Time per Epoch": 6.103891849517822, "_wandb": {"runtime": 6}}