{"epoch": 11, "_timestamp": 1703174525.2582753, "loss": 0.003738797502592206, "root_mean_squared_error": 0.061145707964897156, "mean_absolute_percentage_error": 242761.328125, "mean_absolute_error": 0.034027546644210815, "val_loss": 0.006691303104162216, "val_root_mean_squared_error": 0.08180038630962372, "val_mean_absolute_percentage_error": 32.66954040527344, "val_mean_absolute_error": 0.04226335883140564, "_runtime": 41.37181234359741, "_step": 12, "best_val_loss": 0.006429906468838453, "best_epoch": 1, "Final MSE": 0.00813757348805666, "Final RMSE": 0.090208500623703, "Final MAPE": 262501.4375, "Final MAE": 0.06226513907313347, "Total Training Time": 39.03769278526306, "Average Time per Epoch": 3.2324740091959634, "_wandb": {"runtime": 39}}