{"epoch": 18, "_timestamp": 1703163494.3279963, "loss": 0.007225222419947386, "root_mean_squared_error": 0.08500130474567413, "mean_absolute_percentage_error": 39015.7265625, "mean_absolute_error": 0.054674066603183746, "val_loss": 0.009277419187128544, "val_root_mean_squared_error": 0.09631936252117157, "val_mean_absolute_percentage_error": 8519.9326171875, "val_mean_absolute_error": 0.06211447715759277, "_runtime": 50.90441417694092, "_step": 19, "best_val_loss": 0.009218227118253708, "best_epoch": 8, "Final MSE": 0.014684751629829407, "Final RMSE": 0.12118065357208252, "Final MAPE": 107638.53125, "Final MAE": 0.08282717317342758, "Total Training Time": 48.38389992713928, "Average Time per Epoch": 2.5351002592789498, "_wandb": {"runtime": 48}}