{"epoch": 0, "_timestamp": 1703502287.7426407, "loss": 0.01575743407011032, "root_mean_squared_error": 0.12891633808612823, "mean_absolute_percentage_error": 24418.611328125, "mean_absolute_error": 0.08159422874450684, "val_loss": 0.008903898298740387, "val_root_mean_squared_error": 0.09436047077178955, "val_mean_absolute_percentage_error": 39254.28125, "val_mean_absolute_error": 0.05477116256952286, "_runtime": 7.599546670913696, "_step": 1, "best_val_loss": 0.008903898298740387, "best_epoch": 0, "Final MSE": 0.015897201374173164, "Final RMSE": 0.126084104180336, "Final MAPE": 100019.5546875, "Final MAE": 0.07462272047996521, "Total Training Time": 6.4232518672943115, "Average Time per Epoch": 6.240221977233887, "_wandb": {"runtime": 6}}