{"epoch": 26, "_timestamp": 1703186798.6312358, "loss": 0.005765776615589857, "root_mean_squared_error": 0.07593271136283875, "mean_absolute_percentage_error": 17680.41015625, "mean_absolute_error": 0.05280907079577446, "val_loss": 0.009937840513885021, "val_root_mean_squared_error": 0.09968871623277664, "val_mean_absolute_percentage_error": 123107.734375, "val_mean_absolute_error": 0.07072721421718597, "_runtime": 68.45348191261292, "_step": 27, "best_val_loss": 0.009429006837308407, "best_epoch": 16, "Final MSE": 0.013423691503703594, "Final RMSE": 0.11586065590381622, "Final MAPE": 152948.109375, "Final MAE": 0.0959399938583374, "Total Training Time": 65.83985614776611, "Average Time per Epoch": 2.431178755230374, "_wandb": {"runtime": 66}}