{"epoch": 13, "_timestamp": 1705578424.529344, "loss": 0.005112058017402887, "root_mean_squared_error": 0.07149865478277206, "mean_absolute_percentage_error": 55565.40234375, "mean_absolute_error": 0.033795300871133804, "val_loss": 0.005738931708037853, "val_root_mean_squared_error": 0.07575573772192001, "val_mean_absolute_percentage_error": 96253.640625, "val_mean_absolute_error": 0.04536611959338188, "_runtime": 13.917824029922485, "_step": 14, "best_val_loss": 0.005657849367707968, "best_epoch": 3, "Final MSE": 0.013413259759545326, "Final RMSE": 0.11581562459468842, "Final MAPE": 268140.375, "Final MAE": 0.06886974722146988, "Total Training Time": 11.659771203994751, "Average Time per Epoch": 0.8239539861679077, "_wandb": {"runtime": 12}}