{"epoch": 65, "_timestamp": 1703590336.311264, "loss": 0.0076806508004665375, "root_mean_squared_error": 0.08763932436704636, "mean_absolute_percentage_error": 7861.51123046875, "mean_absolute_error": 0.049917642027139664, "val_loss": 0.007477927021682262, "val_root_mean_squared_error": 0.08647500723600388, "val_mean_absolute_percentage_error": 7403.31494140625, "val_mean_absolute_error": 0.05078858882188797, "_runtime": 156.9905230998993, "_step": 66, "best_val_loss": 0.007082805503159761, "best_epoch": 55, "Final MSE": 0.017391733825206757, "Final RMSE": 0.13187772035598755, "Final MAPE": 93098.453125, "Final MAE": 0.08446250110864639, "Total Training Time": 154.95895218849182, "Average Time per Epoch": 2.343963344891866, "_wandb": {"runtime": 155}}