{"epoch": 0, "_timestamp": 1703565303.7212555, "loss": 0.004696294665336609, "root_mean_squared_error": 0.06776291131973267, "mean_absolute_percentage_error": 2919857.25, "mean_absolute_error": 0.04101523011922836, "val_loss": 0.007843165658414364, "val_root_mean_squared_error": 0.08856164664030075, "val_mean_absolute_percentage_error": 29392.6171875, "val_mean_absolute_error": 0.05811469256877899, "_runtime": 4.686490535736084, "_step": 1, "best_val_loss": 0.007843165658414364, "best_epoch": 0, "Final MSE": 0.004625058267265558, "Final RMSE": 0.06800778210163116, "Final MAPE": 342756.0, "Final MAE": 0.049363743513822556, "Total Training Time": 2.7844810485839844, "Average Time per Epoch": 2.6324779987335205, "_wandb": {"runtime": 2}}