{"epoch": 12, "_timestamp": 1705617336.018858, "loss": 0.014839107170701027, "root_mean_squared_error": 0.12181587517261505, "mean_absolute_percentage_error": 15619.8203125, "mean_absolute_error": 0.07584621012210846, "val_loss": 0.01516661699861288, "val_root_mean_squared_error": 0.12315282225608826, "val_mean_absolute_percentage_error": 72085.5703125, "val_mean_absolute_error": 0.09308146685361862, "_runtime": 18.776444911956787, "_step": 13, "best_val_loss": 0.009247778914868832, "best_epoch": 2, "Final MSE": 0.019231624901294708, "Final RMSE": 0.13867813348770142, "Final MAPE": 281408.53125, "Final MAE": 0.10167291015386581, "Total Training Time": 16.54233956336975, "Average Time per Epoch": 1.2606923763568585, "_wandb": {"runtime": 16}}