{"epoch": 60, "_timestamp": 1703843151.9452755, "loss": 0.00820738822221756, "root_mean_squared_error": 0.09059463441371918, "mean_absolute_percentage_error": 23578.12890625, "mean_absolute_error": 0.05862301588058472, "val_loss": 0.012825744226574898, "val_root_mean_squared_error": 0.11325079947710037, "val_mean_absolute_percentage_error": 25974.1875, "val_mean_absolute_error": 0.08132506161928177, "_runtime": 140.20320343971252, "_step": 61, "best_val_loss": 0.012543665245175362, "best_epoch": 50, "Final MSE": 0.02173396572470665, "Final RMSE": 0.14742444455623627, "Final MAPE": 114221.0546875, "Final MAE": 0.10513826459646225, "Total Training Time": 137.59431982040405, "Average Time per Epoch": 2.251730469406628, "_wandb": {"runtime": 138}}