{"epoch": 0, "_timestamp": 1703745818.1830137, "loss": 0.009217299520969391, "root_mean_squared_error": 0.09729070216417313, "mean_absolute_percentage_error": 11157583.0, "mean_absolute_error": 0.05934257432818413, "val_loss": 0.010359265841543674, "val_root_mean_squared_error": 0.1017804816365242, "val_mean_absolute_percentage_error": 11068881.0, "val_mean_absolute_error": 0.06053004041314125, "_runtime": 3.977888584136963, "_step": 1, "best_val_loss": 0.010359265841543674, "best_epoch": 0, "Final MSE": 0.011781052686274052, "Final RMSE": 0.10854055732488632, "Final MAPE": 16854348.0, "Final MAE": 0.06475774198770523, "Total Training Time": 2.6670680046081543, "Average Time per Epoch": 2.5239665508270264, "_wandb": {"runtime": 2}}