{"epoch": 11, "_timestamp": 1703289874.9306724, "loss": 0.011329836212098598, "root_mean_squared_error": 0.10644170641899109, "mean_absolute_percentage_error": 7677.3857421875, "mean_absolute_error": 0.06391433626413345, "val_loss": 0.008652372285723686, "val_root_mean_squared_error": 0.09301812946796417, "val_mean_absolute_percentage_error": 99.76256561279297, "val_mean_absolute_error": 0.06421436369419098, "_runtime": 18.768798351287842, "_step": 12, "best_val_loss": 0.006905884016305208, "best_epoch": 1, "Final MSE": 0.03104207292199135, "Final RMSE": 0.17618760466575623, "Final MAPE": 154533.84375, "Final MAE": 0.11559327691793442, "Total Training Time": 16.37951421737671, "Average Time per Epoch": 1.352260450522105, "_wandb": {"runtime": 16}}