{"epoch": 41, "_timestamp": 1703649964.490756, "loss": 0.00440360140055418, "root_mean_squared_error": 0.06635963916778564, "mean_absolute_percentage_error": 8305.30859375, "mean_absolute_error": 0.04302245005965233, "val_loss": 0.006620366126298904, "val_root_mean_squared_error": 0.08136563003063202, "val_mean_absolute_percentage_error": 44411.0, "val_mean_absolute_error": 0.0509958490729332, "_runtime": 36.908698081970215, "_step": 42, "best_val_loss": 0.0063796937465667725, "best_epoch": 31, "Final MSE": 0.008422410115599632, "Final RMSE": 0.09177368879318237, "Final MAPE": 63618.98046875, "Final MAE": 0.05647546797990799, "Total Training Time": 34.68907642364502, "Average Time per Epoch": 0.8221640700385684, "_wandb": {"runtime": 35}}