{"epoch": 43, "_timestamp": 1703669416.2087903, "loss": 0.006312716286629438, "root_mean_squared_error": 0.07945260405540466, "mean_absolute_percentage_error": 5115766.0, "mean_absolute_error": 0.04380408301949501, "val_loss": 0.011362244375050068, "val_root_mean_squared_error": 0.10659383237361908, "val_mean_absolute_percentage_error": 9009204.0, "val_mean_absolute_error": 0.06456932425498962, "_runtime": 102.56947422027588, "_step": 44, "best_val_loss": 0.007712266407907009, "best_epoch": 33, "Final MSE": 0.01173224113881588, "Final RMSE": 0.10831546783447266, "Final MAPE": 13317999.0, "Final MAE": 0.06685065478086472, "Total Training Time": 100.09882187843323, "Average Time per Epoch": 2.2698537544770674, "_wandb": {"runtime": 101}}