{"epoch": 35, "_timestamp": 1703440763.96394, "loss": 0.008082570508122444, "root_mean_squared_error": 0.08990311622619629, "mean_absolute_percentage_error": 10886082.0, "mean_absolute_error": 0.05367698892951012, "val_loss": 0.013426993042230606, "val_root_mean_squared_error": 0.11587490141391754, "val_mean_absolute_percentage_error": 14391729.0, "val_mean_absolute_error": 0.06556463241577148, "_runtime": 29.208374977111816, "_step": 36, "best_val_loss": 0.011047701351344585, "best_epoch": 25, "Final MSE": 0.020563609898090363, "Final RMSE": 0.143400177359581, "Final MAPE": 20025300.0, "Final MAE": 0.07933502644300461, "Total Training Time": 27.003602981567383, "Average Time per Epoch": 0.7460254033406576, "_wandb": {"runtime": 27}}