{"epoch": 0, "_timestamp": 1703673773.3153596, "loss": 0.008367001079022884, "root_mean_squared_error": 0.09336362034082413, "mean_absolute_percentage_error": 5037712.0, "mean_absolute_error": 0.050848495215177536, "val_loss": 0.013580059632658958, "val_root_mean_squared_error": 0.11653351038694382, "val_mean_absolute_percentage_error": 4156190.75, "val_mean_absolute_error": 0.06416323781013489, "_runtime": 7.236052513122559, "_step": 1, "best_val_loss": 0.013580059632658958, "best_epoch": 0, "Final MSE": 0.012435276992619038, "Final RMSE": 0.11151356995105743, "Final MAPE": 6345866.5, "Final MAE": 0.061883263289928436, "Total Training Time": 6.14835262298584, "Average Time per Epoch": 5.975597620010376, "_wandb": {"runtime": 6}}