{"epoch": 18, "_timestamp": 1703883356.566037, "loss": 0.007160590961575508, "root_mean_squared_error": 0.08462027460336685, "mean_absolute_percentage_error": 41763.4140625, "mean_absolute_error": 0.05783064663410187, "val_loss": 0.01565822772681713, "val_root_mean_squared_error": 0.12513284385204315, "val_mean_absolute_percentage_error": 198875.140625, "val_mean_absolute_error": 0.09057113528251648, "_runtime": 299.2984869480133, "_step": 19, "best_val_loss": 0.014078901149332523, "best_epoch": 8, "Final MSE": 0.018711673095822334, "Final RMSE": 0.13679061830043793, "Final MAPE": 338294.40625, "Final MAE": 0.10145927220582962, "Total Training Time": 297.73348331451416, "Average Time per Epoch": 15.621285275409097, "_wandb": {"runtime": 298}}