{"epoch": 10, "_timestamp": 1703637223.0468748, "loss": 0.004435759037733078, "root_mean_squared_error": 0.06660149246454239, "mean_absolute_percentage_error": 11153.36328125, "mean_absolute_error": 0.03289351612329483, "val_loss": 0.008279814384877682, "val_root_mean_squared_error": 0.0909934863448143, "val_mean_absolute_percentage_error": 174631.5625, "val_mean_absolute_error": 0.07256635278463364, "_runtime": 26.12102174758911, "_step": 11, "best_val_loss": 0.007102353498339653, "best_epoch": 0, "Final MSE": 0.007463246118277311, "Final RMSE": 0.08639007806777954, "Final MAPE": 46525.93359375, "Final MAE": 0.062250766903162, "Total Training Time": 23.643757104873657, "Average Time per Epoch": 2.1347374482588335, "_wandb": {"runtime": 24}}