{"epoch": 0, "_timestamp": 1703548592.5066333, "loss": 0.003971562720835209, "root_mean_squared_error": 0.07482398301362991, "mean_absolute_percentage_error": 15268.9609375, "mean_absolute_error": 0.040648721158504486, "val_loss": 0.009812328964471817, "val_root_mean_squared_error": 0.09905719757080078, "val_mean_absolute_percentage_error": 106645.859375, "val_mean_absolute_error": 0.0582805797457695, "_runtime": 10.550303220748901, "_step": 1, "best_val_loss": 0.009812328964471817, "best_epoch": 0, "Final MSE": 0.01761464774608612, "Final RMSE": 0.1327201873064041, "Final MAPE": 36854.96484375, "Final MAE": 0.08011271804571152, "Total Training Time": 4.5233447551727295, "Average Time per Epoch": 4.37334132194519, "_wandb": {"runtime": 4}}