{"epoch": 36, "_timestamp": 1703898550.3715656, "loss": 0.007176343351602554, "root_mean_squared_error": 0.08471330255270004, "mean_absolute_percentage_error": 29041.955078125, "mean_absolute_error": 0.04705420881509781, "val_loss": 0.013513028621673584, "val_root_mean_squared_error": 0.11624555289745331, "val_mean_absolute_percentage_error": 501015.1875, "val_mean_absolute_error": 0.06596658378839493, "_runtime": 47.6088445186615, "_step": 37, "best_val_loss": 0.013122751377522945, "best_epoch": 26, "Final MSE": 0.020814068615436554, "Final RMSE": 0.14427082240581512, "Final MAPE": 100304.2890625, "Final MAE": 0.10001777112483978, "Total Training Time": 46.26936459541321, "Average Time per Epoch": 1.2466647173907306, "_wandb": {"runtime": 46}}