{"epoch": 0, "_timestamp": 1703648562.9662194, "loss": 0.01266797911375761, "root_mean_squared_error": 0.11492425948381424, "mean_absolute_percentage_error": 20639.7265625, "mean_absolute_error": 0.06906473636627197, "val_loss": 0.013228892348706722, "val_root_mean_squared_error": 0.11501692235469818, "val_mean_absolute_percentage_error": 32403.734375, "val_mean_absolute_error": 0.07034624367952347, "_runtime": 6.558074474334717, "_step": 1, "best_val_loss": 0.013228892348706722, "best_epoch": 0, "Final MSE": 0.017120640724897385, "Final RMSE": 0.13084585964679718, "Final MAPE": 112983.828125, "Final MAE": 0.08306495100259781, "Total Training Time": 4.8665149211883545, "Average Time per Epoch": 4.664123773574829, "_wandb": {"runtime": 5}}