{"epoch": 0, "_timestamp": 1703595987.7816658, "loss": 0.018759604543447495, "root_mean_squared_error": 0.14109265804290771, "mean_absolute_percentage_error": 64625.3515625, "mean_absolute_error": 0.10255534946918488, "val_loss": 0.025775572285056114, "val_root_mean_squared_error": 0.16054770350456238, "val_mean_absolute_percentage_error": 123697.0, "val_mean_absolute_error": 0.10923339426517487, "_runtime": 3.6260077953338623, "_step": 1, "best_val_loss": 0.025775572285056114, "best_epoch": 0, "Final MSE": 0.029210960492491722, "Final RMSE": 0.17091214656829834, "Final MAPE": 252037.4375, "Final MAE": 0.13528406620025635, "Total Training Time": 1.6003475189208984, "Average Time per Epoch": 1.4923059940338135, "_wandb": {"runtime": 1}}