{"epoch": 29, "_timestamp": 1703464186.0754044, "loss": 0.007823817431926727, "root_mean_squared_error": 0.08845234662294388, "mean_absolute_percentage_error": 7898344.0, "mean_absolute_error": 0.05032836273312569, "val_loss": 0.0134773263707757, "val_root_mean_squared_error": 0.11609188467264175, "val_mean_absolute_percentage_error": 29320110.0, "val_mean_absolute_error": 0.08083070069551468, "_runtime": 107.08170342445374, "_step": 30, "best_val_loss": 0.010748477652668953, "best_epoch": 19, "Final MSE": 0.012352364137768745, "Final RMSE": 0.11114118993282318, "Final MAPE": 32393010.0, "Final MAE": 0.08070079982280731, "Total Training Time": 104.7489082813263, "Average Time per Epoch": 3.48206361134847, "_wandb": {"runtime": 105}}