{"epoch": 18, "_timestamp": 1703149767.3394706, "loss": 0.00521637499332428, "root_mean_squared_error": 0.07222447544336319, "mean_absolute_percentage_error": 156458.390625, "mean_absolute_error": 0.04278166592121124, "val_loss": 0.01032917108386755, "val_root_mean_squared_error": 0.10163252800703049, "val_mean_absolute_percentage_error": 407831.8125, "val_mean_absolute_error": 0.06516772508621216, "_runtime": 17.67434072494507, "_step": 19, "best_val_loss": 0.009749341756105423, "best_epoch": 8, "Final MSE": 0.013914848677814007, "Final RMSE": 0.11796122044324875, "Final MAPE": 54178.21875, "Final MAE": 0.0754588171839714, "Total Training Time": 15.413833618164062, "Average Time per Epoch": 0.8042726767690558, "_wandb": {"runtime": 15}}