{"epoch": 0, "_timestamp": 1703505533.437789, "loss": 0.010036682710051537, "root_mean_squared_error": 0.10428191721439362, "mean_absolute_percentage_error": 18114838.0, "mean_absolute_error": 0.07230214774608612, "val_loss": 0.011510906741023064, "val_root_mean_squared_error": 0.1072888970375061, "val_mean_absolute_percentage_error": 69242.8359375, "val_mean_absolute_error": 0.0791788399219513, "_runtime": 3.5921759605407715, "_step": 1, "best_val_loss": 0.011510906741023064, "best_epoch": 0, "Final MSE": 0.009285361506044865, "Final RMSE": 0.09636058658361435, "Final MAPE": 565926.375, "Final MAE": 0.08445924520492554, "Total Training Time": 1.5526800155639648, "Average Time per Epoch": 1.4506664276123047, "_wandb": {"runtime": 1}}