{"epoch": 14, "_timestamp": 1703777273.645069, "loss": 0.012381521984934807, "root_mean_squared_error": 0.11127229034900665, "mean_absolute_percentage_error": 8775.0068359375, "mean_absolute_error": 0.06454180926084518, "val_loss": 0.008769110776484013, "val_root_mean_squared_error": 0.09364353120326996, "val_mean_absolute_percentage_error": 75842.203125, "val_mean_absolute_error": 0.06119169667363167, "_runtime": 238.91839790344238, "_step": 15, "best_val_loss": 0.008706949651241302, "best_epoch": 4, "Final MSE": 0.022185033187270164, "Final RMSE": 0.14894640445709229, "Final MAPE": 79496.859375, "Final MAE": 0.09910111129283905, "Total Training Time": 236.54395604133606, "Average Time per Epoch": 15.708584785461426, "_wandb": {"runtime": 237}}