{"epoch": 14, "_timestamp": 1703563758.6101322, "loss": 0.0046982839703559875, "root_mean_squared_error": 0.06854403018951416, "mean_absolute_percentage_error": 103831.828125, "mean_absolute_error": 0.03689773008227348, "val_loss": 0.008160529658198357, "val_root_mean_squared_error": 0.0903356522321701, "val_mean_absolute_percentage_error": 58072.33984375, "val_mean_absolute_error": 0.050727635622024536, "_runtime": 24.891815185546875, "_step": 15, "best_val_loss": 0.007883368991315365, "best_epoch": 4, "Final MSE": 0.013542772270739079, "Final RMSE": 0.11637341976165771, "Final MAPE": 78292.8359375, "Final MAE": 0.07110833376646042, "Total Training Time": 22.81578516960144, "Average Time per Epoch": 1.509718656539917, "_wandb": {"runtime": 23}}