{"epoch": 22, "_timestamp": 1703283519.8354573, "loss": 0.004678999539464712, "root_mean_squared_error": 0.0684032142162323, "mean_absolute_percentage_error": 6610.20166015625, "mean_absolute_error": 0.03457647189497948, "val_loss": 0.012022005394101143, "val_root_mean_squared_error": 0.10964490473270416, "val_mean_absolute_percentage_error": 169179.21875, "val_mean_absolute_error": 0.09004755318164825, "_runtime": 21.05732035636902, "_step": 23, "best_val_loss": 0.009587696753442287, "best_epoch": 12, "Final MSE": 0.009771407581865788, "Final RMSE": 0.09885042905807495, "Final MAPE": 56438.2734375, "Final MAE": 0.07422910630702972, "Total Training Time": 18.79666495323181, "Average Time per Epoch": 0.8114193418751592, "_wandb": {"runtime": 19}}