{"epoch": 13, "_timestamp": 1703724655.2330735, "loss": 0.007390471175312996, "root_mean_squared_error": 0.08596784621477127, "mean_absolute_percentage_error": 9366869.0, "mean_absolute_error": 0.050695814192295074, "val_loss": 0.010331500321626663, "val_root_mean_squared_error": 0.10164398699998856, "val_mean_absolute_percentage_error": 13470003.0, "val_mean_absolute_error": 0.05997249111533165, "_runtime": 30.65785837173462, "_step": 14, "best_val_loss": 0.010114346630871296, "best_epoch": 3, "Final MSE": 0.008300556801259518, "Final RMSE": 0.09110739082098007, "Final MAPE": 15667321.0, "Final MAE": 0.05682013928890228, "Total Training Time": 28.573224544525146, "Average Time per Epoch": 2.0284688643046787, "_wandb": {"runtime": 29}}