{"epoch": 10, "_timestamp": 1703655256.0031152, "loss": 0.00877239927649498, "root_mean_squared_error": 0.09366108477115631, "mean_absolute_percentage_error": 21140.18359375, "mean_absolute_error": 0.0536232627928257, "val_loss": 0.008149814791977406, "val_root_mean_squared_error": 0.0902763232588768, "val_mean_absolute_percentage_error": 60886.796875, "val_mean_absolute_error": 0.060920003801584244, "_runtime": 37.51275014877319, "_step": 11, "best_val_loss": 0.006720819976180792, "best_epoch": 0, "Final MSE": 0.014917174354195595, "Final RMSE": 0.12213588505983353, "Final MAPE": 164316.15625, "Final MAE": 0.08909134566783905, "Total Training Time": 17.270636320114136, "Average Time per Epoch": 1.5554490956393154, "_wandb": {"runtime": 17}}