{"epoch": 39, "_timestamp": 1703675615.43065, "loss": 0.0727250799536705, "root_mean_squared_error": 0.26967594027519226, "mean_absolute_percentage_error": 93528560.0, "mean_absolute_error": 0.22137141227722168, "val_loss": 0.08022647351026535, "val_root_mean_squared_error": 0.28324276208877563, "val_mean_absolute_percentage_error": 125905328.0, "val_mean_absolute_error": 0.24560117721557617, "_runtime": 29.1845281124115, "_step": 40, "best_val_loss": 0.07818792760372162, "best_epoch": 29, "Final MSE": 0.07252490520477295, "Final RMSE": 0.269304484128952, "Final MAPE": 139743984.0, "Final MAE": 0.23707884550094604, "Total Training Time": 27.951290607452393, "Average Time per Epoch": 0.6952668905258179, "_wandb": {"runtime": 28}}