{"epoch": 36, "_timestamp": 1703891929.2846053, "loss": 0.012834953144192696, "root_mean_squared_error": 0.11329144984483719, "mean_absolute_percentage_error": 79239.9609375, "mean_absolute_error": 0.06333530694246292, "val_loss": 0.014233196154236794, "val_root_mean_squared_error": 0.11930295825004578, "val_mean_absolute_percentage_error": 33249.71875, "val_mean_absolute_error": 0.06702719628810883, "_runtime": 30.4731662273407, "_step": 37, "best_val_loss": 0.013945336453616619, "best_epoch": 26, "Final MSE": 0.0216699056327343, "Final RMSE": 0.14720702171325684, "Final MAPE": 404545.21875, "Final MAE": 0.08961860090494156, "Total Training Time": 28.17665386199951, "Average Time per Epoch": 0.7574034768181879, "_wandb": {"runtime": 28}}