{"epoch": 22, "_timestamp": 1703344678.9920983, "loss": 0.07785134017467499, "root_mean_squared_error": 0.2790185213088989, "mean_absolute_percentage_error": 96515328.0, "mean_absolute_error": 0.22888776659965515, "val_loss": 0.07667502760887146, "val_root_mean_squared_error": 0.27690258622169495, "val_mean_absolute_percentage_error": 120448696.0, "val_mean_absolute_error": 0.2368479073047638, "_runtime": 19.46049928665161, "_step": 23, "best_val_loss": 0.07538992166519165, "best_epoch": 12, "Final MSE": 0.08264090120792389, "Final RMSE": 0.28747326135635376, "Final MAPE": 134454128.0, "Final MAE": 0.24438320100307465, "Total Training Time": 17.198858737945557, "Average Time per Epoch": 0.7420683010764744, "_wandb": {"runtime": 17}}