{"epoch": 59, "_timestamp": 1703557878.3919704, "loss": 0.0029323985800147057, "root_mean_squared_error": 0.05415162444114685, "mean_absolute_percentage_error": 7973.13525390625, "mean_absolute_error": 0.025637000799179077, "val_loss": 0.005114377476274967, "val_root_mean_squared_error": 0.07151487469673157, "val_mean_absolute_percentage_error": 70143.4453125, "val_mean_absolute_error": 0.04549834877252579, "_runtime": 55.04944038391113, "_step": 60, "best_val_loss": 0.004009056370705366, "best_epoch": 49, "Final MSE": 0.006832031067460775, "Final RMSE": 0.08265610039234161, "Final MAPE": 78815.703125, "Final MAE": 0.06146741658449173, "Total Training Time": 52.86151146888733, "Average Time per Epoch": 0.8778728524843852, "_wandb": {"runtime": 53}}