{"epoch": 0, "_timestamp": 1703740874.661889, "loss": 0.009162849746644497, "root_mean_squared_error": 0.10099560767412186, "mean_absolute_percentage_error": 10852718.0, "mean_absolute_error": 0.0600789375603199, "val_loss": 0.01255753729492426, "val_root_mean_squared_error": 0.11206042021512985, "val_mean_absolute_percentage_error": 14863385.0, "val_mean_absolute_error": 0.0697510614991188, "_runtime": 3.73079514503479, "_step": 1, "best_val_loss": 0.01255753729492426, "best_epoch": 0, "Final MSE": 0.013942895457148552, "Final RMSE": 0.1180800348520279, "Final MAPE": 20673154.0, "Final MAE": 0.07394067943096161, "Total Training Time": 1.889547348022461, "Average Time per Epoch": 1.774918794631958, "_wandb": {"runtime": 2}}