{"epoch": 23, "_timestamp": 1703203317.084967, "loss": 0.00988967064768076, "root_mean_squared_error": 0.09944682568311691, "mean_absolute_percentage_error": 17930.744140625, "mean_absolute_error": 0.0703771784901619, "val_loss": 0.019762245938181877, "val_root_mean_squared_error": 0.1405782550573349, "val_mean_absolute_percentage_error": 70768.921875, "val_mean_absolute_error": 0.0922144278883934, "_runtime": 149.20998287200928, "_step": 24, "best_val_loss": 0.01758061721920967, "best_epoch": 13, "Final MSE": 0.032239995896816254, "Final RMSE": 0.1795549988746643, "Final MAPE": 118855.671875, "Final MAE": 0.1212993934750557, "Total Training Time": 146.7635281085968, "Average Time per Epoch": 6.097104320923488, "_wandb": {"runtime": 147}}