{"epoch": 21, "_timestamp": 1703290624.3945098, "loss": 0.004411589354276657, "root_mean_squared_error": 0.06641979515552521, "mean_absolute_percentage_error": 10738.24609375, "mean_absolute_error": 0.0332324244081974, "val_loss": 0.005124247632920742, "val_root_mean_squared_error": 0.07158385217189789, "val_mean_absolute_percentage_error": 45966.16015625, "val_mean_absolute_error": 0.04234815388917923, "_runtime": 31.570761680603027, "_step": 22, "best_val_loss": 0.004685461521148682, "best_epoch": 11, "Final MSE": 0.01262023113667965, "Final RMSE": 0.1123398020863533, "Final MAPE": 54588.2734375, "Final MAE": 0.06809139251708984, "Total Training Time": 29.246301412582397, "Average Time per Epoch": 1.321855534206737, "_wandb": {"runtime": 29}}