{"epoch": 12, "_timestamp": 1703891786.795076, "loss": 0.00386466970667243, "root_mean_squared_error": 0.06216646730899811, "mean_absolute_percentage_error": 13559.400390625, "mean_absolute_error": 0.03434591740369797, "val_loss": 0.012514693662524223, "val_root_mean_squared_error": 0.11186908930540085, "val_mean_absolute_percentage_error": 86079.7421875, "val_mean_absolute_error": 0.0672895610332489, "_runtime": 13.430124998092651, "_step": 13, "best_val_loss": 0.011562674306333065, "best_epoch": 2, "Final MSE": 0.020773252472281456, "Final RMSE": 0.14412929117679596, "Final MAPE": 16866.361328125, "Final MAE": 0.0796208530664444, "Total Training Time": 10.5343337059021, "Average Time per Epoch": 0.7989613826458271, "_wandb": {"runtime": 10}}