{"epoch": 0, "_timestamp": 1703622287.3103354, "loss": 0.013416380621492863, "root_mean_squared_error": 0.12489637732505798, "mean_absolute_percentage_error": 72505.125, "mean_absolute_error": 0.08834526687860489, "val_loss": 0.01828712411224842, "val_root_mean_squared_error": 0.1352299004793167, "val_mean_absolute_percentage_error": 142105.171875, "val_mean_absolute_error": 0.09475327283143997, "_runtime": 38.88190937042236, "_step": 1, "best_val_loss": 0.01828712411224842, "best_epoch": 0, "Final MSE": 0.028802886605262756, "Final RMSE": 0.16971413791179657, "Final MAPE": 334980.75, "Final MAE": 0.12307850271463394, "Total Training Time": 37.48652362823486, "Average Time per Epoch": 35.80081033706665, "_wandb": {"runtime": 37}}