{"epoch": 0, "_timestamp": 1703557188.197244, "loss": 0.008486966602504253, "root_mean_squared_error": 0.09457213431596756, "mean_absolute_percentage_error": 14585.056640625, "mean_absolute_error": 0.06103541702032089, "val_loss": 0.013747747987508774, "val_root_mean_squared_error": 0.11725079268217087, "val_mean_absolute_percentage_error": 29114.033203125, "val_mean_absolute_error": 0.08123103529214859, "_runtime": 6.532171010971069, "_step": 1, "best_val_loss": 0.013747747987508774, "best_epoch": 0, "Final MSE": 0.012215320020914078, "Final RMSE": 0.11052294075489044, "Final MAPE": 63681.91796875, "Final MAE": 0.07604797929525375, "Total Training Time": 4.737816095352173, "Average Time per Epoch": 4.5387678146362305, "_wandb": {"runtime": 5}}