{"epoch": 34, "_timestamp": 1703731710.623213, "loss": 0.007296986412256956, "root_mean_squared_error": 0.08542239665985107, "mean_absolute_percentage_error": 7519009.0, "mean_absolute_error": 0.04876352474093437, "val_loss": 0.013807069510221481, "val_root_mean_squared_error": 0.11750348657369614, "val_mean_absolute_percentage_error": 18137474.0, "val_mean_absolute_error": 0.07465995848178864, "_runtime": 85.58157801628113, "_step": 35, "best_val_loss": 0.011737650260329247, "best_epoch": 24, "Final MSE": 0.014908015727996826, "Final RMSE": 0.12209838628768921, "Final MAPE": 29687506.0, "Final MAE": 0.08271957188844681, "Total Training Time": 84.18930530548096, "Average Time per Epoch": 2.397125618798392, "_wandb": {"runtime": 84}}