{"epoch": 0, "_timestamp": 1703764494.715146, "loss": 0.01596243865787983, "root_mean_squared_error": 0.12532876431941986, "mean_absolute_percentage_error": 110568.0234375, "mean_absolute_error": 0.07816718518733978, "val_loss": 0.01868213340640068, "val_root_mean_squared_error": 0.13668259978294373, "val_mean_absolute_percentage_error": 730284.5625, "val_mean_absolute_error": 0.08493795990943909, "_runtime": 3.446822166442871, "_step": 1, "best_val_loss": 0.01868213340640068, "best_epoch": 0, "Final MSE": 0.04801173135638237, "Final RMSE": 0.21911580860614777, "Final MAPE": 186527.484375, "Final MAE": 0.14715363085269928, "Total Training Time": 1.5196456909179688, "Average Time per Epoch": 1.4223155975341797, "_wandb": {"runtime": 1}}