{"epoch": 0, "_timestamp": 1703565084.6050332, "loss": 0.006430154200643301, "root_mean_squared_error": 0.08366914093494415, "mean_absolute_percentage_error": 105757.0859375, "mean_absolute_error": 0.04598759859800339, "val_loss": 0.005453162360936403, "val_root_mean_squared_error": 0.0738455280661583, "val_mean_absolute_percentage_error": 322301.0625, "val_mean_absolute_error": 0.04499972611665726, "_runtime": 4.662487268447876, "_step": 1, "best_val_loss": 0.005453162360936403, "best_epoch": 0, "Final MSE": 0.02372679114341736, "Final RMSE": 0.1540350317955017, "Final MAPE": 117395.640625, "Final MAE": 0.10271526873111725, "Total Training Time": 2.7934508323669434, "Average Time per Epoch": 2.635424852371216, "_wandb": {"runtime": 3}}