{"epoch": 19, "_timestamp": 1705619251.8208554, "loss": 0.003744443878531456, "root_mean_squared_error": 0.0611918605864048, "mean_absolute_percentage_error": 14695.5458984375, "mean_absolute_error": 0.03422340378165245, "val_loss": 0.01240034680813551, "val_root_mean_squared_error": 0.11135684698820114, "val_mean_absolute_percentage_error": 90032.8984375, "val_mean_absolute_error": 0.06847959756851196, "_runtime": 27.07340145111084, "_step": 20, "best_val_loss": 0.010707424953579903, "best_epoch": 9, "Final MSE": 0.01908968575298786, "Final RMSE": 0.1381654292345047, "Final MAPE": 66697.0, "Final MAE": 0.07947471737861633, "Total Training Time": 24.777618885040283, "Average Time per Epoch": 1.230860459804535, "_wandb": {"runtime": 25}}