{"epoch": 32, "_timestamp": 1703655461.6511617, "loss": 0.007584230974316597, "root_mean_squared_error": 0.0870874896645546, "mean_absolute_percentage_error": 3296.128662109375, "mean_absolute_error": 0.050531867891550064, "val_loss": 0.007243696134537458, "val_root_mean_squared_error": 0.0851099044084549, "val_mean_absolute_percentage_error": 19494.373046875, "val_mean_absolute_error": 0.05294344946742058, "_runtime": 51.71758961677551, "_step": 33, "best_val_loss": 0.006926989648491144, "best_epoch": 22, "Final MSE": 0.01579095423221588, "Final RMSE": 0.12566205859184265, "Final MAPE": 87612.4375, "Final MAE": 0.08414126187562943, "Total Training Time": 48.49357080459595, "Average Time per Epoch": 1.4637142455939092, "_wandb": {"runtime": 48}}