{"epoch": 0, "_timestamp": 1703762228.835382, "loss": 0.006702502723783255, "root_mean_squared_error": 0.09179328382015228, "mean_absolute_percentage_error": 30457.1875, "mean_absolute_error": 0.0593063160777092, "val_loss": 0.012480264529585838, "val_root_mean_squared_error": 0.11171510070562363, "val_mean_absolute_percentage_error": 51943.765625, "val_mean_absolute_error": 0.07279091328382492, "_runtime": 7.445358037948608, "_step": 1, "best_val_loss": 0.012480264529585838, "best_epoch": 0, "Final MSE": 0.020510302856564522, "Final RMSE": 0.1432141810655594, "Final MAPE": 109807.90625, "Final MAE": 0.10063968598842621, "Total Training Time": 6.251669883728027, "Average Time per Epoch": 6.070037126541138, "_wandb": {"runtime": 6}}