{"epoch": 32, "_timestamp": 1703519997.1685228, "loss": 0.01549772173166275, "root_mean_squared_error": 0.12448984384536743, "mean_absolute_percentage_error": 504815.5, "mean_absolute_error": 0.08818377554416656, "val_loss": 0.028478534892201424, "val_root_mean_squared_error": 0.16875584423542023, "val_mean_absolute_percentage_error": 465168.375, "val_mean_absolute_error": 0.130185067653656, "_runtime": 152.75960087776184, "_step": 33, "best_val_loss": 0.02468404546380043, "best_epoch": 22, "Final MSE": 0.02461789920926094, "Final RMSE": 0.15690092742443085, "Final MAPE": 264624.96875, "Final MAE": 0.12384830415248871, "Total Training Time": 150.7685923576355, "Average Time per Epoch": 4.557774579886234, "_wandb": {"runtime": 151}}