{"epoch": 38, "_timestamp": 1705597875.917119, "loss": 0.004946624394506216, "root_mean_squared_error": 0.07033224403858185, "mean_absolute_percentage_error": 11770.1650390625, "mean_absolute_error": 0.04524850845336914, "val_loss": 0.015941761434078217, "val_root_mean_squared_error": 0.1262606829404831, "val_mean_absolute_percentage_error": 76751.9609375, "val_mean_absolute_error": 0.08641383051872253, "_runtime": 144.7447099685669, "_step": 39, "best_val_loss": 0.015327014960348606, "best_epoch": 28, "Final MSE": 0.01959172822535038, "Final RMSE": 0.13997045159339905, "Final MAPE": 78959.5, "Final MAE": 0.09917138516902924, "Total Training Time": 142.35048270225525, "Average Time per Epoch": 3.640919110713861, "_wandb": {"runtime": 142}}