{"epoch": 43, "_timestamp": 1703372780.5189145, "loss": 0.00890042632818222, "root_mean_squared_error": 0.09434206783771515, "mean_absolute_percentage_error": 8409966.0, "mean_absolute_error": 0.05541732907295227, "val_loss": 0.015581267885863781, "val_root_mean_squared_error": 0.12482494860887527, "val_mean_absolute_percentage_error": 18708494.0, "val_mean_absolute_error": 0.0791294127702713, "_runtime": 672.6271095275879, "_step": 44, "best_val_loss": 0.014699066057801247, "best_epoch": 33, "Final MSE": 0.021472560241818428, "Final RMSE": 0.14653518795967102, "Final MAPE": 32654112.0, "Final MAE": 0.09518848359584808, "Total Training Time": 670.5663018226624, "Average Time per Epoch": 15.219204512509434, "_wandb": {"runtime": 671}}