{"epoch": 14, "_timestamp": 1703528615.7733097, "loss": 0.008794386871159077, "root_mean_squared_error": 0.09377839416265488, "mean_absolute_percentage_error": 30713.3359375, "mean_absolute_error": 0.06393006443977356, "val_loss": 0.01498983521014452, "val_root_mean_squared_error": 0.12243298441171646, "val_mean_absolute_percentage_error": 48055.859375, "val_mean_absolute_error": 0.090628482401371, "_runtime": 163.34496569633484, "_step": 15, "best_val_loss": 0.012638130225241184, "best_epoch": 4, "Final MSE": 0.026474107056856155, "Final RMSE": 0.16270865499973297, "Final MAPE": 156971.4375, "Final MAE": 0.12178359180688858, "Total Training Time": 160.57784938812256, "Average Time per Epoch": 10.662642240524292, "_wandb": {"runtime": 161}}