{"epoch": 0, "_timestamp": 1703737832.8439918, "loss": 0.007660907227545977, "root_mean_squared_error": 0.0937630757689476, "mean_absolute_percentage_error": 9299558.0, "mean_absolute_error": 0.05264090746641159, "val_loss": 0.015917472541332245, "val_root_mean_squared_error": 0.12616446614265442, "val_mean_absolute_percentage_error": 15580821.0, "val_mean_absolute_error": 0.07026879489421844, "_runtime": 6.665375709533691, "_step": 1, "best_val_loss": 0.015917472541332245, "best_epoch": 0, "Final MSE": 0.019679289311170578, "Final RMSE": 0.14028288424015045, "Final MAPE": 20557872.0, "Final MAE": 0.07650461792945862, "Total Training Time": 5.002627372741699, "Average Time per Epoch": 4.781610727310181, "_wandb": {"runtime": 5}}