{"epoch": 13, "_timestamp": 1703735760.5444472, "loss": 0.005216347984969616, "root_mean_squared_error": 0.07222428917884827, "mean_absolute_percentage_error": 5885684.0, "mean_absolute_error": 0.03973786532878876, "val_loss": 0.008730978704988956, "val_root_mean_squared_error": 0.09343970566987991, "val_mean_absolute_percentage_error": 9188348.0, "val_mean_absolute_error": 0.05182493105530739, "_runtime": 44.91332221031189, "_step": 14, "best_val_loss": 0.007147291675209999, "best_epoch": 3, "Final MSE": 0.011763489805161953, "Final RMSE": 0.10845962166786194, "Final MAPE": 16453506.0, "Final MAE": 0.06797212362289429, "Total Training Time": 42.57382678985596, "Average Time per Epoch": 3.027090753827776, "_wandb": {"runtime": 43}}