{"epoch": 14, "_timestamp": 1703503337.4686363, "loss": 0.014270659536123276, "root_mean_squared_error": 0.1194598376750946, "mean_absolute_percentage_error": 168244.984375, "mean_absolute_error": 0.08810984343290329, "val_loss": 0.01661122962832451, "val_root_mean_squared_error": 0.12888455390930176, "val_mean_absolute_percentage_error": 76151.8515625, "val_mean_absolute_error": 0.0991656705737114, "_runtime": 13.279353380203247, "_step": 15, "best_val_loss": 0.01641882210969925, "best_epoch": 4, "Final MSE": 0.027834104374051094, "Final RMSE": 0.16683554649353027, "Final MAPE": 467861.03125, "Final MAE": 0.11794436722993851, "Total Training Time": 11.172196388244629, "Average Time per Epoch": 0.7368302822113038, "_wandb": {"runtime": 11}}