{"epoch": 42, "_timestamp": 1703638071.285163, "loss": 0.0052749053575098515, "root_mean_squared_error": 0.07262854278087616, "mean_absolute_percentage_error": 8940.6220703125, "mean_absolute_error": 0.04510096088051796, "val_loss": 0.006469258107244968, "val_root_mean_squared_error": 0.08043169975280762, "val_mean_absolute_percentage_error": 88261.75, "val_mean_absolute_error": 0.05032641813158989, "_runtime": 81.70479393005371, "_step": 43, "best_val_loss": 0.0063514807261526585, "best_epoch": 32, "Final MSE": 0.010639926418662071, "Final RMSE": 0.10315001755952835, "Final MAPE": 61571.8359375, "Final MAE": 0.06851094216108322, "Total Training Time": 79.63753581047058, "Average Time per Epoch": 1.84741641199866, "_wandb": {"runtime": 80}}