{"epoch": 0, "_timestamp": 1703764979.9105089, "loss": 0.014867964200675488, "root_mean_squared_error": 0.13181202113628387, "mean_absolute_percentage_error": 51052.8125, "mean_absolute_error": 0.09431372582912445, "val_loss": 0.024050738662481308, "val_root_mean_squared_error": 0.15508300065994263, "val_mean_absolute_percentage_error": 103854.875, "val_mean_absolute_error": 0.1260395050048828, "_runtime": 2.733416795730591, "_step": 1, "best_val_loss": 0.024050738662481308, "best_epoch": 0, "Final MSE": 0.035303980112075806, "Final RMSE": 0.18789350986480713, "Final MAPE": 211476.984375, "Final MAE": 0.138538658618927, "Total Training Time": 1.55491042137146, "Average Time per Epoch": 1.4541828632354736, "_wandb": {"runtime": 1}}