{"epoch": 26, "_timestamp": 1703098684.9512877, "loss": 0.010461056604981422, "root_mean_squared_error": 0.10227928310632706, "mean_absolute_percentage_error": 41648.6640625, "mean_absolute_error": 0.06327620148658752, "val_loss": 0.00843431893736124, "val_root_mean_squared_error": 0.09183855354785919, "val_mean_absolute_percentage_error": 52386.0859375, "val_mean_absolute_error": 0.07129515707492828, "_runtime": 22.806200742721558, "_step": 27, "best_val_loss": 0.007252175360918045, "best_epoch": 16, "Final MSE": 0.014588057063519955, "Final RMSE": 0.12078103423118591, "Final MAPE": 743467.1875, "Final MAE": 0.08639417588710785, "Total Training Time": 20.545106649398804, "Average Time per Epoch": 0.7555593472939951, "_wandb": {"runtime": 20}}