{"epoch": 17, "_timestamp": 1703672472.8074288, "loss": 0.008371070958673954, "root_mean_squared_error": 0.09149355441331863, "mean_absolute_percentage_error": 4421051.5, "mean_absolute_error": 0.04928169026970863, "val_loss": 0.011934489943087101, "val_root_mean_squared_error": 0.10924509167671204, "val_mean_absolute_percentage_error": 4619999.0, "val_mean_absolute_error": 0.059236474335193634, "_runtime": 45.55146384239197, "_step": 18, "best_val_loss": 0.009104980155825615, "best_epoch": 7, "Final MSE": 0.011480449698865414, "Final RMSE": 0.10714685916900635, "Final MAPE": 6569438.0, "Final MAE": 0.057559121400117874, "Total Training Time": 42.90054202079773, "Average Time per Epoch": 2.3727689849005804, "_wandb": {"runtime": 43}}