{"epoch": 18, "_timestamp": 1703439859.8345075, "loss": 0.008678918704390526, "root_mean_squared_error": 0.0931607112288475, "mean_absolute_percentage_error": 9236501.0, "mean_absolute_error": 0.05592380836606026, "val_loss": 0.012205465696752071, "val_root_mean_squared_error": 0.11047834903001785, "val_mean_absolute_percentage_error": 15009074.0, "val_mean_absolute_error": 0.06696648895740509, "_runtime": 17.445465564727783, "_step": 19, "best_val_loss": 0.009742003865540028, "best_epoch": 8, "Final MSE": 0.014858098700642586, "Final RMSE": 0.12189380079507828, "Final MAPE": 21223964.0, "Final MAE": 0.07737622410058975, "Total Training Time": 15.311562299728394, "Average Time per Epoch": 0.7992137105841386, "_wandb": {"runtime": 15}}