{"epoch": 22, "_timestamp": 1703890676.1488907, "loss": 0.013381833210587502, "root_mean_squared_error": 0.11567987501621246, "mean_absolute_percentage_error": 12260.7587890625, "mean_absolute_error": 0.06848900020122528, "val_loss": 0.019668951630592346, "val_root_mean_squared_error": 0.14024603366851807, "val_mean_absolute_percentage_error": 67019.40625, "val_mean_absolute_error": 0.09735512733459473, "_runtime": 19.97411584854126, "_step": 23, "best_val_loss": 0.018210865557193756, "best_epoch": 12, "Final MSE": 0.025798838585615158, "Final RMSE": 0.16062016785144806, "Final MAPE": 645188.25, "Final MAE": 0.11638247221708298, "Total Training Time": 17.68000078201294, "Average Time per Epoch": 0.7644287606944209, "_wandb": {"runtime": 18}}