{"epoch": 0, "_timestamp": 1703647984.180102, "loss": 0.007488070521503687, "root_mean_squared_error": 0.08598735183477402, "mean_absolute_percentage_error": 10509.517578125, "mean_absolute_error": 0.04981892555952072, "val_loss": 0.007004044484347105, "val_root_mean_squared_error": 0.08369016647338867, "val_mean_absolute_percentage_error": 28508.21484375, "val_mean_absolute_error": 0.0444151870906353, "_runtime": 6.400123119354248, "_step": 1, "best_val_loss": 0.007004044484347105, "best_epoch": 0, "Final MSE": 0.006596528925001621, "Final RMSE": 0.08121901750564575, "Final MAPE": 42398.56640625, "Final MAE": 0.05060213804244995, "Total Training Time": 4.680617570877075, "Average Time per Epoch": 4.486574172973633, "_wandb": {"runtime": 4}}