{"epoch": 0, "_timestamp": 1703592025.8033628, "loss": 0.007561221718788147, "root_mean_squared_error": 0.09806177765130997, "mean_absolute_percentage_error": 46452.703125, "mean_absolute_error": 0.06853978335857391, "val_loss": 0.010930206626653671, "val_root_mean_squared_error": 0.10454762727022171, "val_mean_absolute_percentage_error": 54935.640625, "val_mean_absolute_error": 0.07402898371219635, "_runtime": 7.628645896911621, "_step": 1, "best_val_loss": 0.010930206626653671, "best_epoch": 0, "Final MSE": 0.018135881051421165, "Final RMSE": 0.13466952741146088, "Final MAPE": 118358.09375, "Final MAE": 0.09461674839258194, "Total Training Time": 6.366359710693359, "Average Time per Epoch": 6.200324773788452, "_wandb": {"runtime": 6}}