{"epoch": 48, "_timestamp": 1703730316.1715932, "loss": 0.007669209036976099, "root_mean_squared_error": 0.08757402002811432, "mean_absolute_percentage_error": 8584396.0, "mean_absolute_error": 0.05090534687042236, "val_loss": 0.011067521758377552, "val_root_mean_squared_error": 0.10520228743553162, "val_mean_absolute_percentage_error": 9831908.0, "val_mean_absolute_error": 0.06030237674713135, "_runtime": 113.88487315177917, "_step": 49, "best_val_loss": 0.010464934632182121, "best_epoch": 38, "Final MSE": 0.009620921686291695, "Final RMSE": 0.09808629751205444, "Final MAPE": 12385570.0, "Final MAE": 0.057723984122276306, "Total Training Time": 111.55866765975952, "Average Time per Epoch": 2.2723508951615314, "_wandb": {"runtime": 112}}