{"epoch": 13, "_timestamp": 1703710650.5155482, "loss": 0.00802891980856657, "root_mean_squared_error": 0.08960423618555069, "mean_absolute_percentage_error": 7146120.5, "mean_absolute_error": 0.05065315216779709, "val_loss": 0.027240311726927757, "val_root_mean_squared_error": 0.16504639387130737, "val_mean_absolute_percentage_error": 13018566.0, "val_mean_absolute_error": 0.08632976561784744, "_runtime": 289.6228201389313, "_step": 14, "best_val_loss": 0.022160008549690247, "best_epoch": 3, "Final MSE": 0.030459392815828323, "Final RMSE": 0.17452619969844818, "Final MAPE": 16790028.0, "Final MAE": 0.08984629064798355, "Total Training Time": 287.9138095378876, "Average Time per Epoch": 20.484803761754716, "_wandb": {"runtime": 288}}