{"epoch": 35, "_timestamp": 1703445905.7202725, "loss": 0.009186399169266224, "root_mean_squared_error": 0.09584570676088333, "mean_absolute_percentage_error": 9355101.0, "mean_absolute_error": 0.056588657200336456, "val_loss": 0.010024230927228928, "val_root_mean_squared_error": 0.10012108087539673, "val_mean_absolute_percentage_error": 10221100.0, "val_mean_absolute_error": 0.05829915404319763, "_runtime": 47.11897158622742, "_step": 36, "best_val_loss": 0.009936000220477581, "best_epoch": 25, "Final MSE": 0.010451730340719223, "Final RMSE": 0.10223370790481567, "Final MAPE": 13754106.0, "Final MAE": 0.059934861958026886, "Total Training Time": 44.854769706726074, "Average Time per Epoch": 1.240820089975993, "_wandb": {"runtime": 45}}