{"epoch": 21, "_timestamp": 1703588846.3882792, "loss": 0.004009511787444353, "root_mean_squared_error": 0.06332070380449295, "mean_absolute_percentage_error": 8520.9228515625, "mean_absolute_error": 0.03399401530623436, "val_loss": 0.0057136244140565395, "val_root_mean_squared_error": 0.07558851689100266, "val_mean_absolute_percentage_error": 30575.1875, "val_mean_absolute_error": 0.050409477204084396, "_runtime": 57.288841247558594, "_step": 22, "best_val_loss": 0.004978273529559374, "best_epoch": 11, "Final MSE": 0.013905447907745838, "Final RMSE": 0.1179213598370552, "Final MAPE": 95574.6328125, "Final MAE": 0.06306346505880356, "Total Training Time": 54.65732669830322, "Average Time per Epoch": 2.475515430623835, "_wandb": {"runtime": 55}}