{"epoch": 0, "_timestamp": 1703538430.8367934, "loss": 0.009793096221983433, "root_mean_squared_error": 0.10497047752141953, "mean_absolute_percentage_error": 71007.2421875, "mean_absolute_error": 0.07498788833618164, "val_loss": 0.01537921279668808, "val_root_mean_squared_error": 0.12401295453310013, "val_mean_absolute_percentage_error": 142059.21875, "val_mean_absolute_error": 0.08163204789161682, "_runtime": 28.286888360977173, "_step": 1, "best_val_loss": 0.01537921279668808, "best_epoch": 0, "Final MSE": 0.01914576068520546, "Final RMSE": 0.13836820423603058, "Final MAPE": 257827.03125, "Final MAE": 0.09550914168357849, "Total Training Time": 26.987262964248657, "Average Time per Epoch": 25.77165389060974, "_wandb": {"runtime": 27}}