{"epoch": 24, "_timestamp": 1705593341.240347, "loss": 0.011321885511279106, "root_mean_squared_error": 0.10640434920787811, "mean_absolute_percentage_error": 6849.2666015625, "mean_absolute_error": 0.06295286118984222, "val_loss": 0.007822529412806034, "val_root_mean_squared_error": 0.08844506740570068, "val_mean_absolute_percentage_error": 128067.3828125, "val_mean_absolute_error": 0.057502951472997665, "_runtime": 75.9687728881836, "_step": 25, "best_val_loss": 0.007071748375892639, "best_epoch": 14, "Final MSE": 0.0376175157725811, "Final RMSE": 0.19395235180854797, "Final MAPE": 197209.65625, "Final MAE": 0.12457077205181122, "Total Training Time": 73.56242632865906, "Average Time per Epoch": 2.9333239650726317, "_wandb": {"runtime": 74}}