{"epoch": 21, "_timestamp": 1705588881.3226428, "loss": 0.0036751884035766125, "root_mean_squared_error": 0.06062333285808563, "mean_absolute_percentage_error": 12210.6416015625, "mean_absolute_error": 0.03399384394288063, "val_loss": 0.010615838691592216, "val_root_mean_squared_error": 0.10303319245576859, "val_mean_absolute_percentage_error": 127628.1484375, "val_mean_absolute_error": 0.05820406228303909, "_runtime": 61.675686836242676, "_step": 22, "best_val_loss": 0.010210859589278698, "best_epoch": 11, "Final MSE": 0.018056921660900116, "Final RMSE": 0.13437604904174805, "Final MAPE": 34507.72265625, "Final MAE": 0.07382934540510178, "Total Training Time": 59.96518397331238, "Average Time per Epoch": 2.7154834378849375, "_wandb": {"runtime": 60}}