{"epoch": 34, "_timestamp": 1705581229.4495673, "loss": 0.005752198863774538, "root_mean_squared_error": 0.07584325224161148, "mean_absolute_percentage_error": 116040.7109375, "mean_absolute_error": 0.042835742235183716, "val_loss": 0.005379522684961557, "val_root_mean_squared_error": 0.07334522902965546, "val_mean_absolute_percentage_error": 36278.6484375, "val_mean_absolute_error": 0.044872183352708817, "_runtime": 47.27705526351929, "_step": 35, "best_val_loss": 0.005002627149224281, "best_epoch": 24, "Final MSE": 0.010032327845692635, "Final RMSE": 0.10016150772571564, "Final MAPE": 429590.125, "Final MAE": 0.0662272572517395, "Total Training Time": 44.9970269203186, "Average Time per Epoch": 1.2803630079541888, "_wandb": {"runtime": 45}}