{"epoch": 10, "_timestamp": 1703705855.3411343, "loss": 0.012451319955289364, "root_mean_squared_error": 0.11158548295497894, "mean_absolute_percentage_error": 17603636.0, "mean_absolute_error": 0.0717211440205574, "val_loss": 0.08550885319709778, "val_root_mean_squared_error": 0.2924189567565918, "val_mean_absolute_percentage_error": 12987981.0, "val_mean_absolute_error": 0.16192083060741425, "_runtime": 222.8116114139557, "_step": 11, "best_val_loss": 0.06545231491327286, "best_epoch": 0, "Final MSE": 0.08341394364833832, "Final RMSE": 0.2888147234916687, "Final MAPE": 23970398.0, "Final MAE": 0.15583734214305878, "Total Training Time": 221.1738669872284, "Average Time per Epoch": 20.00582963770086, "_wandb": {"runtime": 221}}