{"epoch": 49, "_timestamp": 1703901294.9831755, "loss": 0.008246666751801968, "root_mean_squared_error": 0.09081116318702698, "mean_absolute_percentage_error": 20805.78515625, "mean_absolute_error": 0.0599844828248024, "val_loss": 0.013009746558964252, "val_root_mean_squared_error": 0.11406027525663376, "val_mean_absolute_percentage_error": 22880.1953125, "val_mean_absolute_error": 0.07684847712516785, "_runtime": 106.35940551757812, "_step": 50, "best_val_loss": 0.012067930772900581, "best_epoch": 39, "Final MSE": 0.022068165242671967, "Final RMSE": 0.14855358004570007, "Final MAPE": 152480.59375, "Final MAE": 0.10088082402944565, "Total Training Time": 104.87995314598083, "Average Time per Epoch": 2.092829551696777, "_wandb": {"runtime": 105}}