{"epoch": 67, "_timestamp": 1703678813.570197, "loss": 0.007875891402363777, "root_mean_squared_error": 0.08874621987342834, "mean_absolute_percentage_error": 6843298.5, "mean_absolute_error": 0.052395228296518326, "val_loss": 0.019802622497081757, "val_root_mean_squared_error": 0.14072179794311523, "val_mean_absolute_percentage_error": 21548796.0, "val_mean_absolute_error": 0.08851230889558792, "_runtime": 299.9800410270691, "_step": 68, "best_val_loss": 0.017166869714856148, "best_epoch": 57, "Final MSE": 0.026264971122145653, "Final RMSE": 0.16206471621990204, "Final MAPE": 19761230.0, "Final MAE": 0.09642361104488373, "Total Training Time": 297.6058521270752, "Average Time per Epoch": 4.3697819534470055, "_wandb": {"runtime": 298}}