{"epoch": 40, "_timestamp": 1703646995.3116992, "loss": 0.009543037042021751, "root_mean_squared_error": 0.0976884663105011, "mean_absolute_percentage_error": 6471.37646484375, "mean_absolute_error": 0.059898026287555695, "val_loss": 0.01338320504873991, "val_root_mean_squared_error": 0.11568580567836761, "val_mean_absolute_percentage_error": 27812.58984375, "val_mean_absolute_error": 0.06552108377218246, "_runtime": 110.5092260837555, "_step": 41, "best_val_loss": 0.012536687776446342, "best_epoch": 30, "Final MSE": 0.019133780151605606, "Final RMSE": 0.13832490146160126, "Final MAPE": 112636.5, "Final MAE": 0.08052999526262283, "Total Training Time": 108.43381547927856, "Average Time per Epoch": 2.6383091007790913, "_wandb": {"runtime": 108}}