{"epoch": 25, "_timestamp": 1703894435.0631733, "loss": 0.006481335964053869, "root_mean_squared_error": 0.08050674200057983, "mean_absolute_percentage_error": 23011.16796875, "mean_absolute_error": 0.04492618888616562, "val_loss": 0.009050781838595867, "val_root_mean_squared_error": 0.09513559937477112, "val_mean_absolute_percentage_error": 167587.28125, "val_mean_absolute_error": 0.051024407148361206, "_runtime": 34.68711829185486, "_step": 26, "best_val_loss": 0.008387889713048935, "best_epoch": 15, "Final MSE": 0.008156009949743748, "Final RMSE": 0.09031063318252563, "Final MAPE": 184400.8125, "Final MAE": 0.05188407003879547, "Total Training Time": 32.37238168716431, "Average Time per Epoch": 1.2402026194792528, "_wandb": {"runtime": 32}}