{"epoch": 0, "_timestamp": 1703729605.5654595, "loss": 0.007136215455830097, "root_mean_squared_error": 0.08506090939044952, "mean_absolute_percentage_error": 9089000.0, "mean_absolute_error": 0.05000323802232742, "val_loss": 0.0069677093997597694, "val_root_mean_squared_error": 0.08347280323505402, "val_mean_absolute_percentage_error": 12349576.0, "val_mean_absolute_error": 0.05400829017162323, "_runtime": 13.174872398376465, "_step": 1, "best_val_loss": 0.0069677093997597694, "best_epoch": 0, "Final MSE": 0.00800130981951952, "Final RMSE": 0.08945003896951675, "Final MAPE": 14465334.0, "Final MAE": 0.05445283278822899, "Total Training Time": 4.5815229415893555, "Average Time per Epoch": 4.420209884643555, "_wandb": {"runtime": 4}}