{"epoch": 10, "_timestamp": 1703595305.220543, "loss": 0.014338103123009205, "root_mean_squared_error": 0.11974178999662399, "mean_absolute_percentage_error": 21298.865234375, "mean_absolute_error": 0.08062076568603516, "val_loss": 0.027070634067058563, "val_root_mean_squared_error": 0.16453155875205994, "val_mean_absolute_percentage_error": 74640.71875, "val_mean_absolute_error": 0.1067524403333664, "_runtime": 11.150476932525635, "_step": 11, "best_val_loss": 0.026578841730952263, "best_epoch": 0, "Final MSE": 0.03388874605298042, "Final RMSE": 0.18408896028995514, "Final MAPE": 152107.921875, "Final MAE": 0.1338338851928711, "Total Training Time": 8.988218784332275, "Average Time per Epoch": 0.8062517209486528, "_wandb": {"runtime": 9}}