{"epoch": 20, "_timestamp": 1703443104.1807103, "loss": 0.009353427216410637, "root_mean_squared_error": 0.0967131182551384, "mean_absolute_percentage_error": 11878047.0, "mean_absolute_error": 0.059782613068819046, "val_loss": 0.010888170450925827, "val_root_mean_squared_error": 0.1043463945388794, "val_mean_absolute_percentage_error": 11766839.0, "val_mean_absolute_error": 0.06098078936338425, "_runtime": 28.13292622566223, "_step": 21, "best_val_loss": 0.010540437884628773, "best_epoch": 10, "Final MSE": 0.009766953997313976, "Final RMSE": 0.09882789850234985, "Final MAPE": 20969302.0, "Final MAE": 0.0626605898141861, "Total Training Time": 25.932186126708984, "Average Time per Epoch": 1.22740185828436, "_wandb": {"runtime": 26}}