{"epoch": 0, "_timestamp": 1703712821.8808098, "loss": 0.039972055703401566, "root_mean_squared_error": 0.20124615728855133, "mean_absolute_percentage_error": 49500532.0, "mean_absolute_error": 0.138528510928154, "val_loss": 0.039153411984443665, "val_root_mean_squared_error": 0.19787220656871796, "val_mean_absolute_percentage_error": 10289736.0, "val_mean_absolute_error": 0.10843898355960846, "_runtime": 38.93727684020996, "_step": 1, "best_val_loss": 0.039153411984443665, "best_epoch": 0, "Final MSE": 0.04951329529285431, "Final RMSE": 0.22251583635807037, "Final MAPE": 19250532.0, "Final MAE": 0.12373169511556625, "Total Training Time": 37.574668645858765, "Average Time per Epoch": 35.924145221710205, "_wandb": {"runtime": 37}}