{"epoch": 0, "_timestamp": 1703814961.368035, "loss": 0.010612969286739826, "root_mean_squared_error": 0.10796374082565308, "mean_absolute_percentage_error": 110060.9921875, "mean_absolute_error": 0.059817422181367874, "val_loss": 0.008709375746548176, "val_root_mean_squared_error": 0.09332403540611267, "val_mean_absolute_percentage_error": 20682.81640625, "val_mean_absolute_error": 0.051057882606983185, "_runtime": 2.932237148284912, "_step": 1, "best_val_loss": 0.008709375746548176, "best_epoch": 0, "Final MSE": 0.01909285970032215, "Final RMSE": 0.13817691802978516, "Final MAPE": 122888.046875, "Final MAE": 0.08403172343969345, "Total Training Time": 1.8152334690093994, "Average Time per Epoch": 1.7184674739837646, "_wandb": {"runtime": 1}}