{"epoch": 0, "_timestamp": 1703556399.9278872, "loss": 0.005058355629444122, "root_mean_squared_error": 0.08319403976202011, "mean_absolute_percentage_error": 20197.845703125, "mean_absolute_error": 0.051685988903045654, "val_loss": 0.01639801636338234, "val_root_mean_squared_error": 0.12805473804473877, "val_mean_absolute_percentage_error": 60443.12109375, "val_mean_absolute_error": 0.08054859191179276, "_runtime": 6.385693311691284, "_step": 1, "best_val_loss": 0.01639801636338234, "best_epoch": 0, "Final MSE": 0.02034640498459339, "Final RMSE": 0.1426408290863037, "Final MAPE": 85039.1875, "Final MAE": 0.09583742171525955, "Total Training Time": 4.675660133361816, "Average Time per Epoch": 4.474604845046997, "_wandb": {"runtime": 4}}