{"epoch": 27, "_timestamp": 1705586317.0648634, "loss": 0.004426825325936079, "root_mean_squared_error": 0.06653439253568649, "mean_absolute_percentage_error": 10177.97265625, "mean_absolute_error": 0.03703756630420685, "val_loss": 0.007746655493974686, "val_root_mean_squared_error": 0.08801508694887161, "val_mean_absolute_percentage_error": 36140.13671875, "val_mean_absolute_error": 0.053710684180259705, "_runtime": 72.51675844192505, "_step": 28, "best_val_loss": 0.007611596491187811, "best_epoch": 17, "Final MSE": 0.008814333938062191, "Final RMSE": 0.09388468414545059, "Final MAPE": 54170.4140625, "Final MAE": 0.06408865749835968, "Total Training Time": 70.05965948104858, "Average Time per Epoch": 2.493216344288417, "_wandb": {"runtime": 70}}