{"epoch": 14, "_timestamp": 1703445493.9803205, "loss": 0.011067014187574387, "root_mean_squared_error": 0.10519988089799881, "mean_absolute_percentage_error": 12853089.0, "mean_absolute_error": 0.06110469624400139, "val_loss": 0.013901029713451862, "val_root_mean_squared_error": 0.11790262907743454, "val_mean_absolute_percentage_error": 22038592.0, "val_mean_absolute_error": 0.07413817942142487, "_runtime": 21.53859853744507, "_step": 15, "best_val_loss": 0.013434148393571377, "best_epoch": 4, "Final MSE": 0.014599617570638657, "Final RMSE": 0.12082887440919876, "Final MAPE": 27344838.0, "Final MAE": 0.07287880778312683, "Total Training Time": 19.28554058074951, "Average Time per Epoch": 1.2756749947865804, "_wandb": {"runtime": 19}}