{"epoch": 0, "_timestamp": 1703639938.6777525, "loss": 0.008507996797561646, "root_mean_squared_error": 0.09676346927881241, "mean_absolute_percentage_error": 24804.15625, "mean_absolute_error": 0.056736502796411514, "val_loss": 0.007330554071813822, "val_root_mean_squared_error": 0.08561865240335464, "val_mean_absolute_percentage_error": 23465.208984375, "val_mean_absolute_error": 0.05175705626606941, "_runtime": 10.205986499786377, "_step": 1, "best_val_loss": 0.007330554071813822, "best_epoch": 0, "Final MSE": 0.015670236200094223, "Final RMSE": 0.12518081068992615, "Final MAPE": 133254.875, "Final MAE": 0.08254127949476242, "Total Training Time": 4.5448081493377686, "Average Time per Epoch": 4.396799802780151, "_wandb": {"runtime": 4}}