{"epoch": 14, "_timestamp": 1703291728.1863387, "loss": 0.008445227518677711, "root_mean_squared_error": 0.09189791977405548, "mean_absolute_percentage_error": 7641.24755859375, "mean_absolute_error": 0.05492481216788292, "val_loss": 0.007724112365394831, "val_root_mean_squared_error": 0.08788692951202393, "val_mean_absolute_percentage_error": 10992.4375, "val_mean_absolute_error": 0.05343770608305931, "_runtime": 36.798152685165405, "_step": 15, "best_val_loss": 0.007467710413038731, "best_epoch": 4, "Final MSE": 0.016503792256116867, "Final RMSE": 0.12846708297729492, "Final MAPE": 138765.84375, "Final MAE": 0.08090304583311081, "Total Training Time": 34.26150727272034, "Average Time per Epoch": 2.2714313666025796, "_wandb": {"runtime": 34}}