{"epoch": 0, "_timestamp": 1703789699.4585266, "loss": 0.020370950922369957, "root_mean_squared_error": 0.14662586152553558, "mean_absolute_percentage_error": 55376.7890625, "mean_absolute_error": 0.10659810155630112, "val_loss": 0.026636971160769463, "val_root_mean_squared_error": 0.16320836544036865, "val_mean_absolute_percentage_error": 96479.765625, "val_mean_absolute_error": 0.13332241773605347, "_runtime": 48.96711564064026, "_step": 1, "best_val_loss": 0.026636971160769463, "best_epoch": 0, "Final MSE": 0.031193556264042854, "Final RMSE": 0.17661698162555695, "Final MAPE": 200069.171875, "Final MAE": 0.14313587546348572, "Total Training Time": 47.722089767456055, "Average Time per Epoch": 45.43941783905029, "_wandb": {"runtime": 47}}