{"epoch": 16, "_timestamp": 1703346508.1617656, "loss": 0.08383404463529587, "root_mean_squared_error": 0.2895411252975464, "mean_absolute_percentage_error": 95894096.0, "mean_absolute_error": 0.23444315791130066, "val_loss": 0.07494689524173737, "val_root_mean_squared_error": 0.2737642526626587, "val_mean_absolute_percentage_error": 105765968.0, "val_mean_absolute_error": 0.2220320999622345, "_runtime": 14.743133544921875, "_step": 17, "best_val_loss": 0.07426301389932632, "best_epoch": 6, "Final MSE": 0.057246580719947815, "Final RMSE": 0.23926261067390442, "Final MAPE": 117856768.0, "Final MAE": 0.20378170907497406, "Total Training Time": 12.496339321136475, "Average Time per Epoch": 0.7279198169708252, "_wandb": {"runtime": 12}}