{"epoch": 0, "_timestamp": 1703804942.7272897, "loss": 0.004294770769774914, "root_mean_squared_error": 0.07120519131422043, "mean_absolute_percentage_error": 27635.6328125, "mean_absolute_error": 0.04365282133221626, "val_loss": 0.008851254358887672, "val_root_mean_squared_error": 0.0940811038017273, "val_mean_absolute_percentage_error": 54506.09765625, "val_mean_absolute_error": 0.06046092137694359, "_runtime": 12.223552703857422, "_step": 1, "best_val_loss": 0.008851254358887672, "best_epoch": 0, "Final MSE": 0.01087579969316721, "Final RMSE": 0.10428710281848907, "Final MAPE": 139214.828125, "Final MAE": 0.06752784550189972, "Total Training Time": 4.430725336074829, "Average Time per Epoch": 4.274959087371826, "_wandb": {"runtime": 4}}