{"epoch": 14, "_timestamp": 1703914244.1178446, "loss": 0.019710374996066093, "root_mean_squared_error": 0.14039364457130432, "mean_absolute_percentage_error": 136579.75, "mean_absolute_error": 0.08825185894966125, "val_loss": 0.021019868552684784, "val_root_mean_squared_error": 0.14498230814933777, "val_mean_absolute_percentage_error": 42462.54296875, "val_mean_absolute_error": 0.11210194230079651, "_runtime": 59.22089147567749, "_step": 15, "best_val_loss": 0.01657046191394329, "best_epoch": 4, "Final MSE": 0.024209920316934586, "Final RMSE": 0.15559537708759308, "Final MAPE": 511878.65625, "Final MAE": 0.1210310086607933, "Total Training Time": 56.933937311172485, "Average Time per Epoch": 3.777094904581706, "_wandb": {"runtime": 57}}