{"epoch": 30, "_timestamp": 1703732988.779496, "loss": 0.007254309486597776, "root_mean_squared_error": 0.08517223596572876, "mean_absolute_percentage_error": 6776766.0, "mean_absolute_error": 0.04807041212916374, "val_loss": 0.013915025629103184, "val_root_mean_squared_error": 0.11796196550130844, "val_mean_absolute_percentage_error": 11018145.0, "val_mean_absolute_error": 0.06577249616384506, "_runtime": 81.49532198905945, "_step": 31, "best_val_loss": 0.009827382862567902, "best_epoch": 20, "Final MSE": 0.02108590304851532, "Final RMSE": 0.14520986378192902, "Final MAPE": 16607144.0, "Final MAE": 0.07844754308462143, "Total Training Time": 79.15074849128723, "Average Time per Epoch": 2.5450589272283737, "_wandb": {"runtime": 79}}