{"epoch": 40, "_timestamp": 1703180999.5421999, "loss": 0.005037354305386543, "root_mean_squared_error": 0.07097432017326355, "mean_absolute_percentage_error": 138309.40625, "mean_absolute_error": 0.03959451615810394, "val_loss": 0.00819193571805954, "val_root_mean_squared_error": 0.0905093103647232, "val_mean_absolute_percentage_error": 304500.375, "val_mean_absolute_error": 0.05796993151307106, "_runtime": 140.28305077552795, "_step": 41, "best_val_loss": 0.005235949065536261, "best_epoch": 30, "Final MSE": 0.02605580911040306, "Final RMSE": 0.1614181250333786, "Final MAPE": 45298.046875, "Final MAE": 0.10619451105594635, "Total Training Time": 137.9271137714386, "Average Time per Epoch": 3.3566614011438882, "_wandb": {"runtime": 138}}