{"epoch": 0, "_timestamp": 1703641157.5517974, "loss": 0.004533552099019289, "root_mean_squared_error": 0.07209844142198563, "mean_absolute_percentage_error": 19524.49609375, "mean_absolute_error": 0.04971927031874657, "val_loss": 0.007759546395391226, "val_root_mean_squared_error": 0.08808828890323639, "val_mean_absolute_percentage_error": 29790.978515625, "val_mean_absolute_error": 0.06097695976495743, "_runtime": 12.458382368087769, "_step": 1, "best_val_loss": 0.007759546395391226, "best_epoch": 0, "Final MSE": 0.006863744929432869, "Final RMSE": 0.0828477218747139, "Final MAPE": 52020.2890625, "Final MAE": 0.057600848376750946, "Total Training Time": 4.562548637390137, "Average Time per Epoch": 4.411494731903076, "_wandb": {"runtime": 4}}