{"epoch": 0, "_timestamp": 1703560545.699914, "loss": 0.007711781654506922, "root_mean_squared_error": 0.09732088446617126, "mean_absolute_percentage_error": 154545.46875, "mean_absolute_error": 0.06392749398946762, "val_loss": 0.009100959636271, "val_root_mean_squared_error": 0.09539894759654999, "val_mean_absolute_percentage_error": 34201.8125, "val_mean_absolute_error": 0.06435763090848923, "_runtime": 3.9804458618164062, "_step": 1, "best_val_loss": 0.009100959636271, "best_epoch": 0, "Final MSE": 0.0223566684871912, "Final RMSE": 0.14952147006988525, "Final MAPE": 328725.46875, "Final MAE": 0.09446997195482254, "Total Training Time": 1.9084174633026123, "Average Time per Epoch": 1.801867961883545, "_wandb": {"runtime": 2}}