{"epoch": 0, "_timestamp": 1703623264.4212697, "loss": 0.006185300648212433, "root_mean_squared_error": 0.09207609295845032, "mean_absolute_percentage_error": 46998.4140625, "mean_absolute_error": 0.06015903130173683, "val_loss": 0.01872723549604416, "val_root_mean_squared_error": 0.13684749603271484, "val_mean_absolute_percentage_error": 118305.96875, "val_mean_absolute_error": 0.1079186424612999, "_runtime": 40.62404656410217, "_step": 1, "best_val_loss": 0.01872723549604416, "best_epoch": 0, "Final MSE": 0.023220032453536987, "Final RMSE": 0.15238121151924133, "Final MAPE": 335217.5625, "Final MAE": 0.09390388429164886, "Total Training Time": 39.3615608215332, "Average Time per Epoch": 37.58103561401367, "_wandb": {"runtime": 39}}