{"epoch": 46, "_timestamp": 1703544891.7663486, "loss": 0.005230918526649475, "root_mean_squared_error": 0.07232508808374405, "mean_absolute_percentage_error": 28005.16015625, "mean_absolute_error": 0.045223575085401535, "val_loss": 0.008038254454731941, "val_root_mean_squared_error": 0.08965631574392319, "val_mean_absolute_percentage_error": 86317.3359375, "val_mean_absolute_error": 0.05912906676530838, "_runtime": 92.91489553451538, "_step": 47, "best_val_loss": 0.007816904224455357, "best_epoch": 36, "Final MSE": 0.009594959206879139, "Final RMSE": 0.09795386344194412, "Final MAPE": 192413.53125, "Final MAE": 0.06360913068056107, "Total Training Time": 90.55506253242493, "Average Time per Epoch": 1.9218943829232074, "_wandb": {"runtime": 91}}