{"epoch": 24, "_timestamp": 1705581113.235023, "loss": 0.0037435521371662617, "root_mean_squared_error": 0.06118457391858101, "mean_absolute_percentage_error": 16050.5869140625, "mean_absolute_error": 0.03372684866189957, "val_loss": 0.011777029372751713, "val_root_mean_squared_error": 0.10852202028036118, "val_mean_absolute_percentage_error": 121941.640625, "val_mean_absolute_error": 0.06214340031147003, "_runtime": 34.522356033325195, "_step": 25, "best_val_loss": 0.010757959447801113, "best_epoch": 14, "Final MSE": 0.019792450591921806, "Final RMSE": 0.14068564772605896, "Final MAPE": 39383.015625, "Final MAE": 0.07888820767402649, "Total Training Time": 32.31359601020813, "Average Time per Epoch": 1.2854013633728028, "_wandb": {"runtime": 32}}