{"epoch": 24, "_timestamp": 1703543448.6543875, "loss": 0.011763544753193855, "root_mean_squared_error": 0.10845987498760223, "mean_absolute_percentage_error": 2079.088134765625, "mean_absolute_error": 0.0639275312423706, "val_loss": 0.007083372212946415, "val_root_mean_squared_error": 0.08416277170181274, "val_mean_absolute_percentage_error": 113892.546875, "val_mean_absolute_error": 0.05143183842301369, "_runtime": 50.910603523254395, "_step": 25, "best_val_loss": 0.006734990980476141, "best_epoch": 14, "Final MSE": 0.035070374608039856, "Final RMSE": 0.1872708648443222, "Final MAPE": 259041.328125, "Final MAE": 0.11698237806558609, "Total Training Time": 48.47697687149048, "Average Time per Epoch": 1.9317093944549562, "_wandb": {"runtime": 49}}