{"epoch": 0, "_timestamp": 1703538034.464148, "loss": 0.009842303581535816, "root_mean_squared_error": 0.10476753115653992, "mean_absolute_percentage_error": 32122.771484375, "mean_absolute_error": 0.07596161961555481, "val_loss": 0.021560827270150185, "val_root_mean_squared_error": 0.146836057305336, "val_mean_absolute_percentage_error": 269146.6875, "val_mean_absolute_error": 0.11263952404260635, "_runtime": 27.998239994049072, "_step": 1, "best_val_loss": 0.021560827270150185, "best_epoch": 0, "Final MSE": 0.01641772873699665, "Final RMSE": 0.1281316876411438, "Final MAPE": 124634.6796875, "Final MAE": 0.09627427160739899, "Total Training Time": 26.68351173400879, "Average Time per Epoch": 25.50710105895996, "_wandb": {"runtime": 26}}