{"epoch": 30, "_timestamp": 1703801975.240353, "loss": 0.008754454553127289, "root_mean_squared_error": 0.09356524050235748, "mean_absolute_percentage_error": 31305.486328125, "mean_absolute_error": 0.06146792322397232, "val_loss": 0.015213771723210812, "val_root_mean_squared_error": 0.12334411591291428, "val_mean_absolute_percentage_error": 39680.7578125, "val_mean_absolute_error": 0.08176054805517197, "_runtime": 60.710827112197876, "_step": 31, "best_val_loss": 0.0145584000274539, "best_epoch": 20, "Final MSE": 0.02578505501151085, "Final RMSE": 0.16057725250720978, "Final MAPE": 87373.875, "Final MAE": 0.11453877389431, "Total Training Time": 58.618643283843994, "Average Time per Epoch": 1.882994790231028, "_wandb": {"runtime": 59}}