{"epoch": 20, "_timestamp": 1703727214.928246, "loss": 0.006722136866301298, "root_mean_squared_error": 0.08198864012956619, "mean_absolute_percentage_error": 8101945.0, "mean_absolute_error": 0.04663115367293358, "val_loss": 0.012289440259337425, "val_root_mean_squared_error": 0.11085774749517441, "val_mean_absolute_percentage_error": 14969000.0, "val_mean_absolute_error": 0.06636571139097214, "_runtime": 42.85312795639038, "_step": 21, "best_val_loss": 0.011166536249220371, "best_epoch": 10, "Final MSE": 0.011689762584865093, "Final RMSE": 0.10811920464038849, "Final MAPE": 17114430.0, "Final MAE": 0.06629852205514908, "Total Training Time": 41.30802917480469, "Average Time per Epoch": 1.9581506592886788, "_wandb": {"runtime": 41}}