{"epoch": 0, "_timestamp": 1703595964.7414732, "loss": 0.018753347918391228, "root_mean_squared_error": 0.14028619229793549, "mean_absolute_percentage_error": 65321.74609375, "mean_absolute_error": 0.10187257081270218, "val_loss": 0.02639319747686386, "val_root_mean_squared_error": 0.1624598205089569, "val_mean_absolute_percentage_error": 119945.9375, "val_mean_absolute_error": 0.1088925376534462, "_runtime": 3.6890652179718018, "_step": 1, "best_val_loss": 0.02639319747686386, "best_epoch": 0, "Final MSE": 0.030259491875767708, "Final RMSE": 0.17395254969596863, "Final MAPE": 244365.9375, "Final MAE": 0.13786235451698303, "Total Training Time": 1.6257238388061523, "Average Time per Epoch": 1.5176827907562256, "_wandb": {"runtime": 1}}