{"epoch": 56, "_timestamp": 1703350737.7271824, "loss": 0.008511340245604515, "root_mean_squared_error": 0.09225692600011826, "mean_absolute_percentage_error": 7694843.5, "mean_absolute_error": 0.0532693974673748, "val_loss": 0.026597002521157265, "val_root_mean_squared_error": 0.16308587789535522, "val_mean_absolute_percentage_error": 27778112.0, "val_mean_absolute_error": 0.10558769106864929, "_runtime": 401.0799822807312, "_step": 57, "best_val_loss": 0.022830985486507416, "best_epoch": 46, "Final MSE": 0.03101261891424656, "Final RMSE": 0.17610399425029755, "Final MAPE": 41806100.0, "Final MAE": 0.11275100708007812, "Total Training Time": 398.59986901283264, "Average Time per Epoch": 6.983815105337846, "_wandb": {"runtime": 399}}