{"epoch": 18, "_timestamp": 1703901761.512135, "loss": 0.007536737248301506, "root_mean_squared_error": 0.08681438118219376, "mean_absolute_percentage_error": 85117.875, "mean_absolute_error": 0.05486539751291275, "val_loss": 0.020803822204470634, "val_root_mean_squared_error": 0.144235298037529, "val_mean_absolute_percentage_error": 31188.955078125, "val_mean_absolute_error": 0.08789096772670746, "_runtime": 45.00844693183899, "_step": 19, "best_val_loss": 0.018551794812083244, "best_epoch": 8, "Final MSE": 0.02333960495889187, "Final RMSE": 0.15277305245399475, "Final MAPE": 13586.42578125, "Final MAE": 0.10635652393102646, "Total Training Time": 42.586814880371094, "Average Time per Epoch": 2.2306480156747917, "_wandb": {"runtime": 43}}