{"epoch": 13, "_timestamp": 1705606765.5648644, "loss": 0.01163969561457634, "root_mean_squared_error": 0.10788742452859879, "mean_absolute_percentage_error": 3809.924560546875, "mean_absolute_error": 0.06319336593151093, "val_loss": 0.010172553360462189, "val_root_mean_squared_error": 0.10085907578468323, "val_mean_absolute_percentage_error": 199740.109375, "val_mean_absolute_error": 0.06270664930343628, "_runtime": 48.36097240447998, "_step": 14, "best_val_loss": 0.007555741351097822, "best_epoch": 3, "Final MSE": 0.04093677178025246, "Final RMSE": 0.2023283690214157, "Final MAPE": 261047.171875, "Final MAE": 0.12774179875850677, "Total Training Time": 46.96150231361389, "Average Time per Epoch": 3.3368120534079417, "_wandb": {"runtime": 47}}