{"epoch": 26, "_timestamp": 1705620676.3535302, "loss": 0.010837067849934101, "root_mean_squared_error": 0.10410124063491821, "mean_absolute_percentage_error": 516182.71875, "mean_absolute_error": 0.07129818201065063, "val_loss": 0.01555219478905201, "val_root_mean_squared_error": 0.12470843642950058, "val_mean_absolute_percentage_error": 92179.1875, "val_mean_absolute_error": 0.08188655972480774, "_runtime": 36.27984118461609, "_step": 27, "best_val_loss": 0.014812515117228031, "best_epoch": 16, "Final MSE": 0.014159305952489376, "Final RMSE": 0.118992879986763, "Final MAPE": 59183.91796875, "Final MAE": 0.08752197027206421, "Total Training Time": 34.026904821395874, "Average Time per Epoch": 1.2538250022464328, "_wandb": {"runtime": 34}}