{"epoch": 25, "_timestamp": 1705619321.7989533, "loss": 0.003742168191820383, "root_mean_squared_error": 0.06117326393723488, "mean_absolute_percentage_error": 8692.36328125, "mean_absolute_error": 0.03423609957098961, "val_loss": 0.011512747965753078, "val_root_mean_squared_error": 0.10729747265577316, "val_mean_absolute_percentage_error": 119367.2890625, "val_mean_absolute_error": 0.06173937767744064, "_runtime": 35.981266260147095, "_step": 26, "best_val_loss": 0.010462469421327114, "best_epoch": 15, "Final MSE": 0.01966235414147377, "Final RMSE": 0.14022251963615417, "Final MAPE": 15637.0400390625, "Final MAE": 0.08197225630283356, "Total Training Time": 33.7806670665741, "Average Time per Epoch": 1.2928035992842455, "_wandb": {"runtime": 34}}