{"epoch": 13, "_timestamp": 1703739911.5906641, "loss": 0.008485515601933002, "root_mean_squared_error": 0.09211685508489609, "mean_absolute_percentage_error": 9789628.0, "mean_absolute_error": 0.05543990060687065, "val_loss": 0.011494756676256657, "val_root_mean_squared_error": 0.10721360146999359, "val_mean_absolute_percentage_error": 11261767.0, "val_mean_absolute_error": 0.06375616788864136, "_runtime": 13.84623408317566, "_step": 14, "best_val_loss": 0.009515853598713875, "best_epoch": 3, "Final MSE": 0.010213279165327549, "Final RMSE": 0.10106077045202255, "Final MAPE": 15219532.0, "Final MAE": 0.06290729343891144, "Total Training Time": 12.53419017791748, "Average Time per Epoch": 0.8871511220932007, "_wandb": {"runtime": 12}}