{"epoch": 23, "_timestamp": 1703563591.9320343, "loss": 0.007051283959299326, "root_mean_squared_error": 0.08397192507982254, "mean_absolute_percentage_error": 50661.1484375, "mean_absolute_error": 0.05421977490186691, "val_loss": 0.009380780160427094, "val_root_mean_squared_error": 0.09685442596673965, "val_mean_absolute_percentage_error": 12230.9140625, "val_mean_absolute_error": 0.06039528176188469, "_runtime": 38.025771141052246, "_step": 24, "best_val_loss": 0.008883693255484104, "best_epoch": 13, "Final MSE": 0.015415656380355358, "Final RMSE": 0.1241598054766655, "Final MAPE": 110664.1953125, "Final MAE": 0.08091319352388382, "Total Training Time": 35.7259886264801, "Average Time per Epoch": 1.4808925886948903, "_wandb": {"runtime": 36}}