{"epoch": 0, "_timestamp": 1703673957.7104783, "loss": 0.008678795769810677, "root_mean_squared_error": 0.10016787052154541, "mean_absolute_percentage_error": 5269400.0, "mean_absolute_error": 0.05416547879576683, "val_loss": 0.015587018802762032, "val_root_mean_squared_error": 0.12484798580408096, "val_mean_absolute_percentage_error": 5979071.5, "val_mean_absolute_error": 0.06632520258426666, "_runtime": 7.285930395126343, "_step": 1, "best_val_loss": 0.015587018802762032, "best_epoch": 0, "Final MSE": 0.019291911274194717, "Final RMSE": 0.13889531791210175, "Final MAPE": 7734585.0, "Final MAE": 0.06707412004470825, "Total Training Time": 6.183489799499512, "Average Time per Epoch": 6.022284746170044, "_wandb": {"runtime": 6}}