{"epoch": 14, "_timestamp": 1703855860.864685, "loss": 0.010477867908775806, "root_mean_squared_error": 0.10236149281263351, "mean_absolute_percentage_error": 81350.71875, "mean_absolute_error": 0.046779751777648926, "val_loss": 0.007421819493174553, "val_root_mean_squared_error": 0.08614999055862427, "val_mean_absolute_percentage_error": 136636.734375, "val_mean_absolute_error": 0.05439372733235359, "_runtime": 13.092090129852295, "_step": 15, "best_val_loss": 0.007294861134141684, "best_epoch": 4, "Final MSE": 0.016929734498262405, "Final RMSE": 0.13011431694030762, "Final MAPE": 377692.4375, "Final MAE": 0.07632044702768326, "Total Training Time": 10.987515211105347, "Average Time per Epoch": 0.7250498294830322, "_wandb": {"runtime": 11}}