{"epoch": 0, "_timestamp": 1703621674.2313538, "loss": 0.014583700336515903, "root_mean_squared_error": 0.1248779147863388, "mean_absolute_percentage_error": 57148.5078125, "mean_absolute_error": 0.0801742747426033, "val_loss": 0.009505198337137699, "val_root_mean_squared_error": 0.09749460965394974, "val_mean_absolute_percentage_error": 146415.671875, "val_mean_absolute_error": 0.06707146763801575, "_runtime": 34.139946699142456, "_step": 1, "best_val_loss": 0.009505198337137699, "best_epoch": 0, "Final MSE": 0.020476723089814186, "Final RMSE": 0.1430968940258026, "Final MAPE": 215850.578125, "Final MAE": 0.08534315973520279, "Total Training Time": 32.69879508018494, "Average Time per Epoch": 31.227750062942505, "_wandb": {"runtime": 32}}