{"epoch": 39, "_timestamp": 1703769211.874443, "loss": 0.0047980104573071, "root_mean_squared_error": 0.06926767528057098, "mean_absolute_percentage_error": 18370.79296875, "mean_absolute_error": 0.046663910150527954, "val_loss": 0.022007012739777565, "val_root_mean_squared_error": 0.14834760129451752, "val_mean_absolute_percentage_error": 80144.0390625, "val_mean_absolute_error": 0.1161096915602684, "_runtime": 215.23326897621155, "_step": 40, "best_val_loss": 0.013553553260862827, "best_epoch": 29, "Final MSE": 0.03309662640094757, "Final RMSE": 0.18192477524280548, "Final MAPE": 207079.96875, "Final MAE": 0.15184737741947174, "Total Training Time": 212.7966628074646, "Average Time per Epoch": 5.310207438468933, "_wandb": {"runtime": 213}}