{"epoch": 20, "_timestamp": 1703726375.2563105, "loss": 0.007891030050814152, "root_mean_squared_error": 0.08883146941661835, "mean_absolute_percentage_error": 8144378.0, "mean_absolute_error": 0.050592295825481415, "val_loss": 0.009483796544373035, "val_root_mean_squared_error": 0.09738478809595108, "val_mean_absolute_percentage_error": 11067276.0, "val_mean_absolute_error": 0.05721260607242584, "_runtime": 43.10459637641907, "_step": 21, "best_val_loss": 0.00915471464395523, "best_epoch": 10, "Final MSE": 0.00990770198404789, "Final RMSE": 0.0995374396443367, "Final MAPE": 13533162.0, "Final MAE": 0.05787382647395134, "Total Training Time": 41.675999879837036, "Average Time per Epoch": 1.9762246495201474, "_wandb": {"runtime": 42}}