{"epoch": 33, "_timestamp": 1703165618.9650748, "loss": 0.004943882580846548, "root_mean_squared_error": 0.0703127458691597, "mean_absolute_percentage_error": 12384.0419921875, "mean_absolute_error": 0.045275647193193436, "val_loss": 0.011265103705227375, "val_root_mean_squared_error": 0.10613719373941422, "val_mean_absolute_percentage_error": 79504.34375, "val_mean_absolute_error": 0.0637090876698494, "_runtime": 87.28863286972046, "_step": 34, "best_val_loss": 0.011167758144438267, "best_epoch": 23, "Final MSE": 0.007964599877595901, "Final RMSE": 0.08924460411071777, "Final MAPE": 66250.578125, "Final MAE": 0.06112970784306526, "Total Training Time": 84.75999093055725, "Average Time per Epoch": 2.4858033657073975, "_wandb": {"runtime": 85}}