{"epoch": 0, "_timestamp": 1703502698.3927517, "loss": 0.0060585313476622105, "root_mean_squared_error": 0.08084756135940552, "mean_absolute_percentage_error": 17568.26953125, "mean_absolute_error": 0.05366368591785431, "val_loss": 0.013325133360922337, "val_root_mean_squared_error": 0.11543454229831696, "val_mean_absolute_percentage_error": 108191.3515625, "val_mean_absolute_error": 0.08288227021694183, "_runtime": 7.456447601318359, "_step": 1, "best_val_loss": 0.013325133360922337, "best_epoch": 0, "Final MSE": 0.01027427613735199, "Final RMSE": 0.10136210173368454, "Final MAPE": 84469.515625, "Final MAE": 0.07466104626655579, "Total Training Time": 6.237530946731567, "Average Time per Epoch": 6.080489635467529, "_wandb": {"runtime": 6}}