{"epoch": 0, "_timestamp": 1703674143.2764223, "loss": 0.008333655074238777, "root_mean_squared_error": 0.0941263884305954, "mean_absolute_percentage_error": 5800621.0, "mean_absolute_error": 0.05166541039943695, "val_loss": 0.014391599223017693, "val_root_mean_squared_error": 0.11996499449014664, "val_mean_absolute_percentage_error": 7394857.0, "val_mean_absolute_error": 0.06706907600164413, "_runtime": 7.273179292678833, "_step": 1, "best_val_loss": 0.014391599223017693, "best_epoch": 0, "Final MSE": 0.013716446235775948, "Final RMSE": 0.11711723357439041, "Final MAPE": 8855669.0, "Final MAE": 0.06215129420161247, "Total Training Time": 6.186920404434204, "Average Time per Epoch": 6.0181732177734375, "_wandb": {"runtime": 6}}