{"epoch": 33, "_timestamp": 1703552135.6838453, "loss": 0.00538422167301178, "root_mean_squared_error": 0.07337725907564163, "mean_absolute_percentage_error": 32389.107421875, "mean_absolute_error": 0.046086687594652176, "val_loss": 0.009542910382151604, "val_root_mean_squared_error": 0.09768781810998917, "val_mean_absolute_percentage_error": 78622.4453125, "val_mean_absolute_error": 0.06930406391620636, "_runtime": 86.58172631263733, "_step": 34, "best_val_loss": 0.008082140237092972, "best_epoch": 23, "Final MSE": 0.010140975005924702, "Final RMSE": 0.10070240497589111, "Final MAPE": 263384.125, "Final MAE": 0.06734632700681686, "Total Training Time": 84.24546527862549, "Average Time per Epoch": 2.4703677331700042, "_wandb": {"runtime": 84}}