{"epoch": 0, "_timestamp": 1703746623.8142803, "loss": 0.011054614558815956, "root_mean_squared_error": 0.10461486130952835, "mean_absolute_percentage_error": 8140427.0, "mean_absolute_error": 0.058531176298856735, "val_loss": 0.011965715326368809, "val_root_mean_squared_error": 0.10938791185617447, "val_mean_absolute_percentage_error": 6566633.5, "val_mean_absolute_error": 0.05656033381819725, "_runtime": 4.574933290481567, "_step": 1, "best_val_loss": 0.011965715326368809, "best_epoch": 0, "Final MSE": 0.010833010077476501, "Final RMSE": 0.10408174991607666, "Final MAPE": 10727501.0, "Final MAE": 0.05998823791742325, "Total Training Time": 2.799708604812622, "Average Time per Epoch": 2.6290199756622314, "_wandb": {"runtime": 2}}