{"epoch": 11, "_timestamp": 1703854685.3030457, "loss": 0.01144396886229515, "root_mean_squared_error": 0.10697650164365768, "mean_absolute_percentage_error": 212816.640625, "mean_absolute_error": 0.05392753332853317, "val_loss": 0.008833498694002628, "val_root_mean_squared_error": 0.09398668259382248, "val_mean_absolute_percentage_error": 118.55024719238281, "val_mean_absolute_error": 0.05452264845371246, "_runtime": 10.224310636520386, "_step": 12, "best_val_loss": 0.008601171895861626, "best_epoch": 1, "Final MSE": 0.014890460297465324, "Final RMSE": 0.1220264807343483, "Final MAPE": 94072.78125, "Final MAE": 0.07339528203010559, "Total Training Time": 9.035037994384766, "Average Time per Epoch": 0.7433847387631735, "_wandb": {"runtime": 9}}