{"epoch": 0, "_timestamp": 1703656484.117024, "loss": 0.006453617941588163, "root_mean_squared_error": 0.09155412018299103, "mean_absolute_percentage_error": 49415.94140625, "mean_absolute_error": 0.06398922950029373, "val_loss": 0.008240116760134697, "val_root_mean_squared_error": 0.09077508747577667, "val_mean_absolute_percentage_error": 89370.6171875, "val_mean_absolute_error": 0.07535370439291, "_runtime": 4.547842025756836, "_step": 1, "best_val_loss": 0.008240116760134697, "best_epoch": 0, "Final MSE": 0.023139750584959984, "Final RMSE": 0.1521175503730774, "Final MAPE": 260781.21875, "Final MAE": 0.1301446557044983, "Total Training Time": 2.701160192489624, "Average Time per Epoch": 2.555159568786621, "_wandb": {"runtime": 2}}