{"epoch": 16, "_timestamp": 1703457667.925253, "loss": 0.007473545614629984, "root_mean_squared_error": 0.08644966781139374, "mean_absolute_percentage_error": 10211980.0, "mean_absolute_error": 0.0508258230984211, "val_loss": 0.01623738557100296, "val_root_mean_squared_error": 0.12742599844932556, "val_mean_absolute_percentage_error": 19199170.0, "val_mean_absolute_error": 0.07577204704284668, "_runtime": 46.15166902542114, "_step": 17, "best_val_loss": 0.013662638142704964, "best_epoch": 6, "Final MSE": 0.017984865233302116, "Final RMSE": 0.13410766422748566, "Final MAPE": 26538810.0, "Final MAE": 0.08335135877132416, "Total Training Time": 43.646501541137695, "Average Time per Epoch": 2.5548436220954445, "_wandb": {"runtime": 44}}