{"epoch": 33, "_timestamp": 1703446613.3967986, "loss": 0.008256088942289352, "root_mean_squared_error": 0.09086302667856216, "mean_absolute_percentage_error": 10699197.0, "mean_absolute_error": 0.053842805325984955, "val_loss": 0.016360359266400337, "val_root_mean_squared_error": 0.1279076188802719, "val_mean_absolute_percentage_error": 16754746.0, "val_mean_absolute_error": 0.07362541556358337, "_runtime": 43.762696504592896, "_step": 34, "best_val_loss": 0.012702629901468754, "best_epoch": 23, "Final MSE": 0.02142399363219738, "Final RMSE": 0.14636936783790588, "Final MAPE": 22296922.0, "Final MAE": 0.08255201578140259, "Total Training Time": 41.54496502876282, "Average Time per Epoch": 1.2166649243410896, "_wandb": {"runtime": 41}}