{"epoch": 15, "_timestamp": 1703310122.752747, "loss": 0.0031106602400541306, "root_mean_squared_error": 0.0557732917368412, "mean_absolute_percentage_error": 9645.7861328125, "mean_absolute_error": 0.0335751511156559, "val_loss": 0.01172485202550888, "val_root_mean_squared_error": 0.10828135907649994, "val_mean_absolute_percentage_error": 59493.08984375, "val_mean_absolute_error": 0.08551419526338577, "_runtime": 67.04811906814575, "_step": 16, "best_val_loss": 0.010160086676478386, "best_epoch": 5, "Final MSE": 0.01352536678314209, "Final RMSE": 0.116298608481884, "Final MAPE": 74377.7109375, "Final MAE": 0.06936129182577133, "Total Training Time": 63.36607217788696, "Average Time per Epoch": 3.9423119723796844, "_wandb": {"runtime": 63}}