{"epoch": 0, "_timestamp": 1703791818.6200173, "loss": 0.009166779927909374, "root_mean_squared_error": 0.09976125508546829, "mean_absolute_percentage_error": 20911.84765625, "mean_absolute_error": 0.07087727636098862, "val_loss": 0.02337893657386303, "val_root_mean_squared_error": 0.15290172398090363, "val_mean_absolute_percentage_error": 256332.640625, "val_mean_absolute_error": 0.12470073997974396, "_runtime": 63.24653124809265, "_step": 1, "best_val_loss": 0.02337893657386303, "best_epoch": 0, "Final MSE": 0.017303306609392166, "Final RMSE": 0.13154202699661255, "Final MAPE": 104002.390625, "Final MAE": 0.10021717846393585, "Total Training Time": 61.92299175262451, "Average Time per Epoch": 58.93129873275757, "_wandb": {"runtime": 62}}