{"epoch": 17, "_timestamp": 1703248805.3200426, "loss": 0.005445549730211496, "root_mean_squared_error": 0.07379397004842758, "mean_absolute_percentage_error": 14051.521484375, "mean_absolute_error": 0.04532800614833832, "val_loss": 0.011718139983713627, "val_root_mean_squared_error": 0.10825035721063614, "val_mean_absolute_percentage_error": 66499.609375, "val_mean_absolute_error": 0.0785474106669426, "_runtime": 183.92440462112427, "_step": 18, "best_val_loss": 0.007721954956650734, "best_epoch": 7, "Final MSE": 0.026068728417158127, "Final RMSE": 0.16145813465118408, "Final MAPE": 150005.65625, "Final MAE": 0.09467872232198715, "Total Training Time": 181.53417921066284, "Average Time per Epoch": 10.051440252198113, "_wandb": {"runtime": 182}}