{"epoch": 11, "_timestamp": 1703691796.1016421, "loss": 0.015157124027609825, "root_mean_squared_error": 0.12311427295207977, "mean_absolute_percentage_error": 16559191.0, "mean_absolute_error": 0.07849551737308502, "val_loss": 0.05726034566760063, "val_root_mean_squared_error": 0.23929134011268616, "val_mean_absolute_percentage_error": 44834900.0, "val_mean_absolute_error": 0.15923547744750977, "_runtime": 160.26585221290588, "_step": 12, "best_val_loss": 0.0569210983812809, "best_epoch": 1, "Final MSE": 0.054608169943094254, "Final RMSE": 0.23368391394615173, "Final MAPE": 86929272.0, "Final MAE": 0.177897110581398, "Total Training Time": 158.79144883155823, "Average Time per Epoch": 13.170299490292868, "_wandb": {"runtime": 159}}