{"epoch": 0, "_timestamp": 1703595655.0788996, "loss": 0.014943359419703484, "root_mean_squared_error": 0.12537209689617157, "mean_absolute_percentage_error": 50889.80859375, "mean_absolute_error": 0.07717063277959824, "val_loss": 0.011765517294406891, "val_root_mean_squared_error": 0.10846897214651108, "val_mean_absolute_percentage_error": 104752.5078125, "val_mean_absolute_error": 0.07733918726444244, "_runtime": 3.6247687339782715, "_step": 1, "best_val_loss": 0.011765517294406891, "best_epoch": 0, "Final MSE": 0.021157100796699524, "Final RMSE": 0.1454547941684723, "Final MAPE": 213339.546875, "Final MAE": 0.1030021533370018, "Total Training Time": 1.5962638854980469, "Average Time per Epoch": 1.4910504817962646, "_wandb": {"runtime": 1}}