{"epoch": 13, "_timestamp": 1703282494.7340605, "loss": 0.0030680811032652855, "root_mean_squared_error": 0.055390261113643646, "mean_absolute_percentage_error": 6097.763671875, "mean_absolute_error": 0.03387058526277542, "val_loss": 0.014425716362893581, "val_root_mean_squared_error": 0.12010710686445236, "val_mean_absolute_percentage_error": 62356.46875, "val_mean_absolute_error": 0.09755898267030716, "_runtime": 13.767581462860107, "_step": 14, "best_val_loss": 0.009608650580048561, "best_epoch": 3, "Final MSE": 0.014979973435401917, "Final RMSE": 0.1223926991224289, "Final MAPE": 91920.4921875, "Final MAE": 0.06885384023189545, "Total Training Time": 11.46714735031128, "Average Time per Epoch": 0.8104811225618634, "_wandb": {"runtime": 11}}