{"epoch": 0, "_timestamp": 1703812192.6625187, "loss": 0.008050991222262383, "root_mean_squared_error": 0.09597089141607285, "mean_absolute_percentage_error": 28146.4609375, "mean_absolute_error": 0.0547662228345871, "val_loss": 0.013439665548503399, "val_root_mean_squared_error": 0.11592957377433777, "val_mean_absolute_percentage_error": 542824.125, "val_mean_absolute_error": 0.06944046169519424, "_runtime": 6.234432697296143, "_step": 1, "best_val_loss": 0.013439665548503399, "best_epoch": 0, "Final MSE": 0.01796826161444187, "Final RMSE": 0.13404574990272522, "Final MAPE": 56660.7109375, "Final MAE": 0.09049086272716522, "Total Training Time": 4.544774770736694, "Average Time per Epoch": 4.365620851516724, "_wandb": {"runtime": 4}}