{"epoch": 20, "_timestamp": 1703810717.623022, "loss": 0.006589062046259642, "root_mean_squared_error": 0.08117303997278214, "mean_absolute_percentage_error": 47174.8984375, "mean_absolute_error": 0.04413677006959915, "val_loss": 0.012911445461213589, "val_root_mean_squared_error": 0.11362854391336441, "val_mean_absolute_percentage_error": 505014.375, "val_mean_absolute_error": 0.07153879106044769, "_runtime": 51.12885618209839, "_step": 21, "best_val_loss": 0.012743213213980198, "best_epoch": 10, "Final MSE": 0.019521357491612434, "Final RMSE": 0.13971884548664093, "Final MAPE": 67667.75, "Final MAE": 0.08842174708843231, "Total Training Time": 49.465704679489136, "Average Time per Epoch": 2.345173404330299, "_wandb": {"runtime": 49}}