{"epoch": 0, "_timestamp": 1703728241.657908, "loss": 0.00856178067624569, "root_mean_squared_error": 0.09450238943099976, "mean_absolute_percentage_error": 9332428.0, "mean_absolute_error": 0.053552258759737015, "val_loss": 0.016115061938762665, "val_root_mean_squared_error": 0.1269451081752777, "val_mean_absolute_percentage_error": 10243928.0, "val_mean_absolute_error": 0.0701146274805069, "_runtime": 10.606122970581055, "_step": 1, "best_val_loss": 0.016115061938762665, "best_epoch": 0, "Final MSE": 0.011292881332337856, "Final RMSE": 0.10626796633005142, "Final MAPE": 14501470.0, "Final MAE": 0.05703837424516678, "Total Training Time": 4.4926886558532715, "Average Time per Epoch": 4.364772796630859, "_wandb": {"runtime": 4}}