{"epoch": 0, "_timestamp": 1703535034.2717268, "loss": 0.00929328240454197, "root_mean_squared_error": 0.10434630513191223, "mean_absolute_percentage_error": 188534.390625, "mean_absolute_error": 0.06463373452425003, "val_loss": 0.008018913678824902, "val_root_mean_squared_error": 0.08954838663339615, "val_mean_absolute_percentage_error": 41500.7421875, "val_mean_absolute_error": 0.06361356377601624, "_runtime": 19.565565824508667, "_step": 1, "best_val_loss": 0.008018913678824902, "best_epoch": 0, "Final MSE": 0.017511596903204918, "Final RMSE": 0.13233138620853424, "Final MAPE": 964575.5, "Final MAE": 0.09776383638381958, "Total Training Time": 17.91665244102478, "Average Time per Epoch": 17.183128356933594, "_wandb": {"runtime": 18}}