{"epoch": 37, "_timestamp": 1703890853.6867747, "loss": 0.00797781627625227, "root_mean_squared_error": 0.08931862562894821, "mean_absolute_percentage_error": 17921.177734375, "mean_absolute_error": 0.059359110891819, "val_loss": 0.0125281298533082, "val_root_mean_squared_error": 0.11192912608385086, "val_mean_absolute_percentage_error": 42870.3515625, "val_mean_absolute_error": 0.08396294713020325, "_runtime": 29.960567712783813, "_step": 38, "best_val_loss": 0.011991568841040134, "best_epoch": 27, "Final MSE": 0.024622086435556412, "Final RMSE": 0.15691426396369934, "Final MAPE": 157846.84375, "Final MAE": 0.11489236354827881, "Total Training Time": 28.729079008102417, "Average Time per Epoch": 0.7520436173991153, "_wandb": {"runtime": 29}}