{"epoch": 25, "_timestamp": 1703150141.969178, "loss": 0.007123504299670458, "root_mean_squared_error": 0.08440085500478745, "mean_absolute_percentage_error": 29703.373046875, "mean_absolute_error": 0.046592626720666885, "val_loss": 0.01487411092966795, "val_root_mean_squared_error": 0.12195946276187897, "val_mean_absolute_percentage_error": 820388.9375, "val_mean_absolute_error": 0.08593544363975525, "_runtime": 22.990124940872192, "_step": 26, "best_val_loss": 0.013016194105148315, "best_epoch": 15, "Final MSE": 0.02072793059051037, "Final RMSE": 0.1439719796180725, "Final MAPE": 104440.6015625, "Final MAE": 0.10381725430488586, "Total Training Time": 20.782354593276978, "Average Time per Epoch": 0.7939745829655573, "_wandb": {"runtime": 21}}