{"epoch": 30, "_timestamp": 1705582728.564352, "loss": 0.010481798090040684, "root_mean_squared_error": 0.1023806557059288, "mean_absolute_percentage_error": 468708.0, "mean_absolute_error": 0.07087571173906326, "val_loss": 0.017058981582522392, "val_root_mean_squared_error": 0.13061003386974335, "val_mean_absolute_percentage_error": 128176.03125, "val_mean_absolute_error": 0.08583330363035202, "_runtime": 42.176767110824585, "_step": 31, "best_val_loss": 0.01637946628034115, "best_epoch": 20, "Final MSE": 0.014117280952632427, "Final RMSE": 0.11881616711616516, "Final MAPE": 139490.609375, "Final MAE": 0.08957342058420181, "Total Training Time": 39.81090831756592, "Average Time per Epoch": 1.2784789223824777, "_wandb": {"runtime": 40}}