{"epoch": 21, "_timestamp": 1705586836.181391, "loss": 0.00422412296757102, "root_mean_squared_error": 0.06499325484037399, "mean_absolute_percentage_error": 52961.57421875, "mean_absolute_error": 0.034952372312545776, "val_loss": 0.016486816108226776, "val_root_mean_squared_error": 0.1284009963274002, "val_mean_absolute_percentage_error": 841.0648803710938, "val_mean_absolute_error": 0.07882990688085556, "_runtime": 60.58686304092407, "_step": 22, "best_val_loss": 0.014867221005260944, "best_epoch": 11, "Final MSE": 0.018943024799227715, "Final RMSE": 0.13763366639614105, "Final MAPE": 24217.76171875, "Final MAE": 0.08957458287477493, "Total Training Time": 55.755850076675415, "Average Time per Epoch": 2.525439988483082, "_wandb": {"runtime": 56}}