{"epoch": 20, "_timestamp": 1703594632.403218, "loss": 0.016031140461564064, "root_mean_squared_error": 0.12661412358283997, "mean_absolute_percentage_error": 29065.306640625, "mean_absolute_error": 0.07975500822067261, "val_loss": 0.01612234301865101, "val_root_mean_squared_error": 0.12697379291057587, "val_mean_absolute_percentage_error": 98775.0078125, "val_mean_absolute_error": 0.07598450034856796, "_runtime": 18.293286085128784, "_step": 21, "best_val_loss": 0.015746403485536575, "best_epoch": 10, "Final MSE": 0.03901002183556557, "Final RMSE": 0.1975095272064209, "Final MAPE": 200211.15625, "Final MAE": 0.14166072010993958, "Total Training Time": 16.106170177459717, "Average Time per Epoch": 0.760625646227882, "_wandb": {"runtime": 16}}