{"epoch": 36, "_timestamp": 1703851994.9879951, "loss": 0.004942817147821188, "root_mean_squared_error": 0.07030516862869263, "mean_absolute_percentage_error": 60987.6328125, "mean_absolute_error": 0.033261578530073166, "val_loss": 0.005866701249033213, "val_root_mean_squared_error": 0.07659439742565155, "val_mean_absolute_percentage_error": 103708.5625, "val_mean_absolute_error": 0.04396882280707359, "_runtime": 87.67079615592957, "_step": 37, "best_val_loss": 0.005641600117087364, "best_epoch": 26, "Final MSE": 0.013512282632291317, "Final RMSE": 0.11624234169721603, "Final MAPE": 262686.65625, "Final MAE": 0.06255387514829636, "Total Training Time": 85.10718822479248, "Average Time per Epoch": 2.2940674665811898, "_wandb": {"runtime": 85}}