{"epoch": 28, "_timestamp": 1703870044.0621054, "loss": 0.011424240656197071, "root_mean_squared_error": 0.10688424110412598, "mean_absolute_percentage_error": 208432.6875, "mean_absolute_error": 0.05391927435994148, "val_loss": 0.008610697463154793, "val_root_mean_squared_error": 0.09279384464025497, "val_mean_absolute_percentage_error": 90.72012329101562, "val_mean_absolute_error": 0.0463416650891304, "_runtime": 160.07558751106262, "_step": 29, "best_val_loss": 0.008607129566371441, "best_epoch": 18, "Final MSE": 0.014545527286827564, "Final RMSE": 0.12060484290122986, "Final MAPE": 80495.7734375, "Final MAE": 0.06533966958522797, "Total Training Time": 157.65606927871704, "Average Time per Epoch": 5.423889003950974, "_wandb": {"runtime": 158}}