{"epoch": 14, "_timestamp": 1703899920.1037734, "loss": 0.01572313718497753, "root_mean_squared_error": 0.12539193034172058, "mean_absolute_percentage_error": 2123.3994140625, "mean_absolute_error": 0.08236335217952728, "val_loss": 0.020967891439795494, "val_root_mean_squared_error": 0.14480294287204742, "val_mean_absolute_percentage_error": 145929.09375, "val_mean_absolute_error": 0.08947508782148361, "_runtime": 34.95970630645752, "_step": 15, "best_val_loss": 0.020556457340717316, "best_epoch": 4, "Final MSE": 0.025464391335844994, "Final RMSE": 0.1595756560564041, "Final MAPE": 313727.6875, "Final MAE": 0.10689016431570053, "Total Training Time": 32.55282378196716, "Average Time per Epoch": 2.1574808438618978, "_wandb": {"runtime": 33}}