{"epoch": 0, "_timestamp": 1703648280.1099374, "loss": 0.0056473384611308575, "root_mean_squared_error": 0.07701301574707031, "mean_absolute_percentage_error": 18591.197265625, "mean_absolute_error": 0.05095146596431732, "val_loss": 0.008609422482550144, "val_root_mean_squared_error": 0.09278697520494461, "val_mean_absolute_percentage_error": 145671.828125, "val_mean_absolute_error": 0.05869724601507187, "_runtime": 6.307901382446289, "_step": 1, "best_val_loss": 0.008609422482550144, "best_epoch": 0, "Final MSE": 0.01925813779234886, "Final RMSE": 0.13877369463443756, "Final MAPE": 256763.828125, "Final MAE": 0.09861349314451218, "Total Training Time": 4.537238836288452, "Average Time per Epoch": 4.343971490859985, "_wandb": {"runtime": 4}}