{"epoch": 0, "_timestamp": 1703502757.5275924, "loss": 0.008506535552442074, "root_mean_squared_error": 0.09953474253416061, "mean_absolute_percentage_error": 30284.802734375, "mean_absolute_error": 0.05613509938120842, "val_loss": 0.0137082040309906, "val_root_mean_squared_error": 0.11708203703165054, "val_mean_absolute_percentage_error": 607051.5625, "val_mean_absolute_error": 0.06851529330015182, "_runtime": 7.572094440460205, "_step": 1, "best_val_loss": 0.0137082040309906, "best_epoch": 0, "Final MSE": 0.019982492551207542, "Final RMSE": 0.14135944843292236, "Final MAPE": 59474.43359375, "Final MAE": 0.09113472700119019, "Total Training Time": 6.250237941741943, "Average Time per Epoch": 6.0952112674713135, "_wandb": {"runtime": 6}}