{"epoch": 11, "_timestamp": 1703675937.602034, "loss": 0.07879388332366943, "root_mean_squared_error": 0.2807024419307709, "mean_absolute_percentage_error": 100531968.0, "mean_absolute_error": 0.2326439619064331, "val_loss": 0.07712665945291519, "val_root_mean_squared_error": 0.27771690487861633, "val_mean_absolute_percentage_error": 112359312.0, "val_mean_absolute_error": 0.2328484207391739, "_runtime": 11.394935131072998, "_step": 12, "best_val_loss": 0.07697228342294693, "best_epoch": 1, "Final MSE": 0.07945120334625244, "Final RMSE": 0.28187090158462524, "Final MAPE": 122118096.0, "Final MAE": 0.23097871243953705, "Total Training Time": 9.220279932022095, "Average Time per Epoch": 0.7565517822901408, "_wandb": {"runtime": 9}}