{"epoch": 12, "_timestamp": 1703586687.52411, "loss": 0.005390917416661978, "root_mean_squared_error": 0.0734228640794754, "mean_absolute_percentage_error": 11921.4248046875, "mean_absolute_error": 0.03914013132452965, "val_loss": 0.02388148568570614, "val_root_mean_squared_error": 0.15453635156154633, "val_mean_absolute_percentage_error": 107976.0625, "val_mean_absolute_error": 0.13190606236457825, "_runtime": 37.46581816673279, "_step": 13, "best_val_loss": 0.0215744711458683, "best_epoch": 2, "Final MSE": 0.020642971619963646, "Final RMSE": 0.14367662370204926, "Final MAPE": 25574.96484375, "Final MAE": 0.11190379410982132, "Total Training Time": 33.87009382247925, "Average Time per Epoch": 2.591545196679922, "_wandb": {"runtime": 34}}