{"epoch": 0, "_timestamp": 1703623698.5136395, "loss": 0.0066531081683933735, "root_mean_squared_error": 0.09301918745040894, "mean_absolute_percentage_error": 47634.55859375, "mean_absolute_error": 0.05500201880931854, "val_loss": 0.01089567132294178, "val_root_mean_squared_error": 0.10438233613967896, "val_mean_absolute_percentage_error": 63253.41796875, "val_mean_absolute_error": 0.07537511736154556, "_runtime": 42.40515446662903, "_step": 1, "best_val_loss": 0.01089567132294178, "best_epoch": 0, "Final MSE": 0.024937763810157776, "Final RMSE": 0.15791694819927216, "Final MAPE": 129112.765625, "Final MAE": 0.09431753307580948, "Total Training Time": 41.05313491821289, "Average Time per Epoch": 39.19576859474182, "_wandb": {"runtime": 41}}