{"epoch": 22, "_timestamp": 1703587414.3244128, "loss": 0.00428340258076787, "root_mean_squared_error": 0.06544771045446396, "mean_absolute_percentage_error": 23450.54296875, "mean_absolute_error": 0.0434773750603199, "val_loss": 0.008771095424890518, "val_root_mean_squared_error": 0.09365412592887878, "val_mean_absolute_percentage_error": 119086.1640625, "val_mean_absolute_error": 0.06351271271705627, "_runtime": 59.33510971069336, "_step": 23, "best_val_loss": 0.007746221497654915, "best_epoch": 12, "Final MSE": 0.010068779811263084, "Final RMSE": 0.10034330934286118, "Final MAPE": 236425.875, "Final MAE": 0.06877286732196808, "Total Training Time": 56.76292324066162, "Average Time per Epoch": 2.4595178728518277, "_wandb": {"runtime": 57}}