{"epoch": 0, "_timestamp": 1703504962.8125172, "loss": 0.007543465122580528, "root_mean_squared_error": 0.09657243639230728, "mean_absolute_percentage_error": 164800.34375, "mean_absolute_error": 0.058817099779844284, "val_loss": 0.014103256165981293, "val_root_mean_squared_error": 0.11875715851783752, "val_mean_absolute_percentage_error": 270735.78125, "val_mean_absolute_error": 0.06602897495031357, "_runtime": 3.678025245666504, "_step": 1, "best_val_loss": 0.014103256165981293, "best_epoch": 0, "Final MSE": 0.019572660326957703, "Final RMSE": 0.13990232348442078, "Final MAPE": 92101.328125, "Final MAE": 0.07661668956279755, "Total Training Time": 1.600184679031372, "Average Time per Epoch": 1.4986708164215088, "_wandb": {"runtime": 1}}