{"epoch": 28, "_timestamp": 1703370813.3328161, "loss": 0.010282404720783234, "root_mean_squared_error": 0.10140219330787659, "mean_absolute_percentage_error": 10492960.0, "mean_absolute_error": 0.06091301143169403, "val_loss": 0.04192660376429558, "val_root_mean_squared_error": 0.2047598659992218, "val_mean_absolute_percentage_error": 6922819.5, "val_mean_absolute_error": 0.10337395966053009, "_runtime": 449.35243916511536, "_step": 29, "best_val_loss": 0.029192056506872177, "best_epoch": 18, "Final MSE": 0.048306554555892944, "Final RMSE": 0.21978752315044403, "Final MAPE": 15661069.0, "Final MAE": 0.10747193545103073, "Total Training Time": 446.8425033092499, "Average Time per Epoch": 15.377321284392785, "_wandb": {"runtime": 447}}