{"epoch": 0, "_timestamp": 1703648714.0307071, "loss": 0.004044709727168083, "root_mean_squared_error": 0.06823313981294632, "mean_absolute_percentage_error": 33830.82421875, "mean_absolute_error": 0.043632734566926956, "val_loss": 0.006677653174847364, "val_root_mean_squared_error": 0.08171691000461578, "val_mean_absolute_percentage_error": 61141.046875, "val_mean_absolute_error": 0.05246403440833092, "_runtime": 6.659198045730591, "_step": 1, "best_val_loss": 0.006677653174847364, "best_epoch": 0, "Final MSE": 0.00903562642633915, "Final RMSE": 0.09505591541528702, "Final MAPE": 146366.203125, "Final MAE": 0.0656547024846077, "Total Training Time": 4.870045185089111, "Average Time per Epoch": 4.672041177749634, "_wandb": {"runtime": 5}}