{"epoch": 15, "_timestamp": 1703907022.6381316, "loss": 0.015245885588228703, "root_mean_squared_error": 0.12347423285245895, "mean_absolute_percentage_error": 287319.0, "mean_absolute_error": 0.07661903649568558, "val_loss": 0.009194337762892246, "val_root_mean_squared_error": 0.09588710963726044, "val_mean_absolute_percentage_error": 301538.90625, "val_mean_absolute_error": 0.06404606252908707, "_runtime": 48.38509154319763, "_step": 16, "best_val_loss": 0.008910097181797028, "best_epoch": 5, "Final MSE": 0.020805347710847855, "Final RMSE": 0.1442405879497528, "Final MAPE": 59268.38671875, "Final MAE": 0.09267822653055191, "Total Training Time": 46.81979012489319, "Average Time per Epoch": 2.9117082059383392, "_wandb": {"runtime": 47}}