{"epoch": 0, "_timestamp": 1703640619.6139472, "loss": 0.00868528988212347, "root_mean_squared_error": 0.09495718032121658, "mean_absolute_percentage_error": 33635.83984375, "mean_absolute_error": 0.06624310463666916, "val_loss": 0.014401881024241447, "val_root_mean_squared_error": 0.12000783532857895, "val_mean_absolute_percentage_error": 111063.8203125, "val_mean_absolute_error": 0.0795770063996315, "_runtime": 11.473925113677979, "_step": 1, "best_val_loss": 0.014401881024241447, "best_epoch": 0, "Final MSE": 0.011589370667934418, "Final RMSE": 0.10765393823385239, "Final MAPE": 169952.421875, "Final MAE": 0.07958336919546127, "Total Training Time": 4.544882535934448, "Average Time per Epoch": 4.3943634033203125, "_wandb": {"runtime": 4}}