{"epoch": 18, "_timestamp": 1703441460.1195781, "loss": 0.008858701214194298, "root_mean_squared_error": 0.09412067383527756, "mean_absolute_percentage_error": 7558492.0, "mean_absolute_error": 0.05583454295992851, "val_loss": 0.009651923552155495, "val_root_mean_squared_error": 0.09824420511722565, "val_mean_absolute_percentage_error": 10797057.0, "val_mean_absolute_error": 0.061160579323768616, "_runtime": 25.532512187957764, "_step": 19, "best_val_loss": 0.008274729363620281, "best_epoch": 8, "Final MSE": 0.014470769092440605, "Final RMSE": 0.12029451131820679, "Final MAPE": 20333472.0, "Final MAE": 0.07936645299196243, "Total Training Time": 23.259763717651367, "Average Time per Epoch": 1.2158822134921425, "_wandb": {"runtime": 23}}