{"epoch": 26, "_timestamp": 1703104091.884659, "loss": 0.005133591126650572, "root_mean_squared_error": 0.07164908200502396, "mean_absolute_percentage_error": 2296746.75, "mean_absolute_error": 0.045005522668361664, "val_loss": 0.012189672328531742, "val_root_mean_squared_error": 0.11040684580802917, "val_mean_absolute_percentage_error": 32044.515625, "val_mean_absolute_error": 0.08195753395557404, "_runtime": 294.2839050292969, "_step": 27, "best_val_loss": 0.009855621494352818, "best_epoch": 16, "Final MSE": 0.00568203954026103, "Final RMSE": 0.07537930458784103, "Final MAPE": 306235.59375, "Final MAE": 0.052296530455350876, "Total Training Time": 292.168217420578, "Average Time per Epoch": 10.795991403085214, "_wandb": {"runtime": 292}}