{"epoch": 0, "_timestamp": 1703820123.5969186, "loss": 0.008222418837249279, "root_mean_squared_error": 0.09817249327898026, "mean_absolute_percentage_error": 44858.26171875, "mean_absolute_error": 0.05539583042263985, "val_loss": 0.014031811617314816, "val_root_mean_squared_error": 0.11845594644546509, "val_mean_absolute_percentage_error": 612421.0, "val_mean_absolute_error": 0.07783268392086029, "_runtime": 4.462645530700684, "_step": 1, "best_val_loss": 0.014031811617314816, "best_epoch": 0, "Final MSE": 0.017975905910134315, "Final RMSE": 0.13407425582408905, "Final MAPE": 106385.2421875, "Final MAE": 0.09273896366357803, "Total Training Time": 2.5795276165008545, "Average Time per Epoch": 2.4287965297698975, "_wandb": {"runtime": 2}}