{"epoch": 36, "_timestamp": 1703096930.6019986, "loss": 0.005961527116596699, "root_mean_squared_error": 0.0772109255194664, "mean_absolute_percentage_error": 58170.10546875, "mean_absolute_error": 0.04728783667087555, "val_loss": 0.007741307839751244, "val_root_mean_squared_error": 0.08798470348119736, "val_mean_absolute_percentage_error": 42322.04296875, "val_mean_absolute_error": 0.05081835016608238, "_runtime": 91.89958453178406, "_step": 37, "best_val_loss": 0.0075266240164637566, "best_epoch": 26, "Final MSE": 0.019825926050543785, "Final RMSE": 0.14080457389354706, "Final MAPE": 151582.5625, "Final MAE": 0.09195870161056519, "Total Training Time": 89.24982285499573, "Average Time per Epoch": 2.4065353870391846, "_wandb": {"runtime": 89}}