{"epoch": 19, "_timestamp": 1703855026.6865835, "loss": 0.008155415765941143, "root_mean_squared_error": 0.09030731767416, "mean_absolute_percentage_error": 62771.60546875, "mean_absolute_error": 0.04701580852270126, "val_loss": 0.008557573892176151, "val_root_mean_squared_error": 0.09250716865062714, "val_mean_absolute_percentage_error": 129598.8359375, "val_mean_absolute_error": 0.054431792348623276, "_runtime": 16.63340950012207, "_step": 20, "best_val_loss": 0.008543841540813446, "best_epoch": 9, "Final MSE": 0.027822766453027725, "Final RMSE": 0.1668015569448471, "Final MAPE": 88248.78125, "Final MAE": 0.0830536037683487, "Total Training Time": 14.556254148483276, "Average Time per Epoch": 0.720529317855835, "_wandb": {"runtime": 14}}