{"epoch": 22, "_timestamp": 1703894272.3089366, "loss": 0.010195119306445122, "root_mean_squared_error": 0.10097088664770126, "mean_absolute_percentage_error": 77041.6484375, "mean_absolute_error": 0.0557287335395813, "val_loss": 0.008973691612482071, "val_root_mean_squared_error": 0.09472957253456116, "val_mean_absolute_percentage_error": 27205.4921875, "val_mean_absolute_error": 0.054314061999320984, "_runtime": 31.008952617645264, "_step": 23, "best_val_loss": 0.00896177813410759, "best_epoch": 12, "Final MSE": 0.020730778574943542, "Final RMSE": 0.14398187398910522, "Final MAPE": 75362.75, "Final MAE": 0.08952406048774719, "Total Training Time": 28.759926557540894, "Average Time per Epoch": 1.2411850639011548, "_wandb": {"runtime": 29}}