{"epoch": 11, "_timestamp": 1703232762.3630939, "loss": 0.013929050415754318, "root_mean_squared_error": 0.1180213987827301, "mean_absolute_percentage_error": 24288.2578125, "mean_absolute_error": 0.09232521802186966, "val_loss": 0.055297136306762695, "val_root_mean_squared_error": 0.2351534366607666, "val_mean_absolute_percentage_error": 389616.53125, "val_mean_absolute_error": 0.19129666686058044, "_runtime": 54.33038377761841, "_step": 12, "best_val_loss": 0.03417406976222992, "best_epoch": 1, "Final MSE": 0.04907688871026039, "Final RMSE": 0.22153304517269135, "Final MAPE": 692934.6875, "Final MAE": 0.17782539129257202, "Total Training Time": 51.956300020217896, "Average Time per Epoch": 4.304856816927592, "_wandb": {"runtime": 52}}