{"epoch": 0, "_timestamp": 1703595562.4010663, "loss": 0.013555089943110943, "root_mean_squared_error": 0.12700743973255157, "mean_absolute_percentage_error": 65971.09375, "mean_absolute_error": 0.08603652566671371, "val_loss": 0.010769128799438477, "val_root_mean_squared_error": 0.10377441346645355, "val_mean_absolute_percentage_error": 157457.375, "val_mean_absolute_error": 0.08246408402919769, "_runtime": 3.72849440574646, "_step": 1, "best_val_loss": 0.010769128799438477, "best_epoch": 0, "Final MSE": 0.03402867168188095, "Final RMSE": 0.18446862697601318, "Final MAPE": 322036.875, "Final MAE": 0.15788349509239197, "Total Training Time": 1.6178128719329834, "Average Time per Epoch": 1.510596752166748, "_wandb": {"runtime": 1}}