{"epoch": 0, "_timestamp": 1702915846.5344436, "loss": 0.005295018665492535, "root_mean_squared_error": 0.07897483557462692, "mean_absolute_percentage_error": 12120.453125, "mean_absolute_error": 0.04663554206490517, "val_loss": 0.005013295914977789, "val_root_mean_squared_error": 0.07080463320016861, "val_mean_absolute_percentage_error": 8989.875, "val_mean_absolute_error": 0.039713241159915924, "_runtime": 14.884541511535645, "_step": 1, "best_val_loss": 0.005013295914977789, "best_epoch": 0, "Final MSE": 0.013109959661960602, "Final RMSE": 0.11449873447418213, "Final MAPE": 39857.875, "Final MAE": 0.06440743803977966, "Total Training Time": 11.617215633392334, "Average Time per Epoch": 11.228357315063477, "_wandb": {"runtime": 12}}