{"epoch": 22, "_timestamp": 1703152792.561186, "loss": 0.006548350211232901, "root_mean_squared_error": 0.08092188090085983, "mean_absolute_percentage_error": 6203.7666015625, "mean_absolute_error": 0.045881956815719604, "val_loss": 0.012989294715225697, "val_root_mean_squared_error": 0.11397058516740799, "val_mean_absolute_percentage_error": 40942.0546875, "val_mean_absolute_error": 0.0625736266374588, "_runtime": 31.758206129074097, "_step": 23, "best_val_loss": 0.012290815822780132, "best_epoch": 12, "Final MSE": 0.014064056798815727, "Final RMSE": 0.11859197914600372, "Final MAPE": 39127.6953125, "Final MAE": 0.08261267840862274, "Total Training Time": 29.516486167907715, "Average Time per Epoch": 1.2760314837745999, "_wandb": {"runtime": 29}}