{"epoch": 0, "_timestamp": 1703648572.9835582, "loss": 0.012456427328288555, "root_mean_squared_error": 0.1141316145658493, "mean_absolute_percentage_error": 23254.49609375, "mean_absolute_error": 0.06910663098096848, "val_loss": 0.013484406284987926, "val_root_mean_squared_error": 0.11612237989902496, "val_mean_absolute_percentage_error": 39865.49609375, "val_mean_absolute_error": 0.06696277111768723, "_runtime": 6.494372129440308, "_step": 1, "best_val_loss": 0.013484406284987926, "best_epoch": 0, "Final MSE": 0.01735462062060833, "Final RMSE": 0.13173693418502808, "Final MAPE": 118322.640625, "Final MAE": 0.08068804442882538, "Total Training Time": 4.842095375061035, "Average Time per Epoch": 4.642990827560425, "_wandb": {"runtime": 5}}