{"epoch": 26, "_timestamp": 1703313502.63592, "loss": 0.0035835206508636475, "root_mean_squared_error": 0.05986251309514046, "mean_absolute_percentage_error": 17163.8984375, "mean_absolute_error": 0.03188573941588402, "val_loss": 0.00534602627158165, "val_root_mean_squared_error": 0.07311652600765228, "val_mean_absolute_percentage_error": 25834.765625, "val_mean_absolute_error": 0.049016039818525314, "_runtime": 95.54697513580322, "_step": 27, "best_val_loss": 0.005020898766815662, "best_epoch": 16, "Final MSE": 0.012678602710366249, "Final RMSE": 0.11259929835796356, "Final MAPE": 172034.96875, "Final MAE": 0.06623135507106781, "Total Training Time": 93.19286012649536, "Average Time per Epoch": 3.4410933211997703, "_wandb": {"runtime": 93}}