{"epoch": 20, "_timestamp": 1703814029.1107504, "loss": 0.0061597200110554695, "root_mean_squared_error": 0.07848388701677322, "mean_absolute_percentage_error": 14293.6259765625, "mean_absolute_error": 0.05122780427336693, "val_loss": 0.012504630722105503, "val_root_mean_squared_error": 0.11182410269975662, "val_mean_absolute_percentage_error": 65227.47265625, "val_mean_absolute_error": 0.07173984497785568, "_runtime": 18.749220371246338, "_step": 21, "best_val_loss": 0.012201216071844101, "best_epoch": 10, "Final MSE": 0.021377086639404297, "Final RMSE": 0.14620904624462128, "Final MAPE": 73078.328125, "Final MAE": 0.10330214351415634, "Total Training Time": 17.484879732131958, "Average Time per Epoch": 0.8261359078543526, "_wandb": {"runtime": 17}}