{"epoch": 17, "_timestamp": 1705576884.353289, "loss": 0.0068803573958575726, "root_mean_squared_error": 0.08294791728258133, "mean_absolute_percentage_error": 12560.6533203125, "mean_absolute_error": 0.0546976737678051, "val_loss": 0.012502294033765793, "val_root_mean_squared_error": 0.11181365698575974, "val_mean_absolute_percentage_error": 61516.296875, "val_mean_absolute_error": 0.07060031592845917, "_runtime": 16.399844884872437, "_step": 18, "best_val_loss": 0.012238739058375359, "best_epoch": 7, "Final MSE": 0.02084275707602501, "Final RMSE": 0.1443702131509781, "Final MAPE": 67212.0390625, "Final MAE": 0.09568491578102112, "Total Training Time": 14.219433069229126, "Average Time per Epoch": 0.7830064164267646, "_wandb": {"runtime": 14}}