{"epoch": 0, "_timestamp": 1703652006.9364002, "loss": 0.00815984234213829, "root_mean_squared_error": 0.0930030345916748, "mean_absolute_percentage_error": 29741.552734375, "mean_absolute_error": 0.05164908990263939, "val_loss": 0.0072339060716331005, "val_root_mean_squared_error": 0.08505237102508545, "val_mean_absolute_percentage_error": 85622.2421875, "val_mean_absolute_error": 0.05347692221403122, "_runtime": 3.8233041763305664, "_step": 1, "best_val_loss": 0.0072339060716331005, "best_epoch": 0, "Final MSE": 0.01218073908239603, "Final RMSE": 0.11036638915538788, "Final MAPE": 109122.7421875, "Final MAE": 0.07377597689628601, "Total Training Time": 1.8941586017608643, "Average Time per Epoch": 1.7859745025634766, "_wandb": {"runtime": 2}}