{"epoch": 26, "_timestamp": 1703343556.0156684, "loss": 0.008958370424807072, "root_mean_squared_error": 0.09464866667985916, "mean_absolute_percentage_error": 5080436.0, "mean_absolute_error": 0.05079648271203041, "val_loss": 0.012702022679150105, "val_root_mean_squared_error": 0.11270324885845184, "val_mean_absolute_percentage_error": 4031556.25, "val_mean_absolute_error": 0.05599348247051239, "_runtime": 65.83610534667969, "_step": 27, "best_val_loss": 0.011719281785190105, "best_epoch": 16, "Final MSE": 0.015241626650094986, "Final RMSE": 0.12345698475837708, "Final MAPE": 8640161.0, "Final MAE": 0.06010550260543823, "Total Training Time": 63.24953055381775, "Average Time per Epoch": 2.3353164284317582, "_wandb": {"runtime": 63}}