{"epoch": 17, "_timestamp": 1703870601.711074, "loss": 0.011516205966472626, "root_mean_squared_error": 0.10731358826160431, "mean_absolute_percentage_error": 215436.328125, "mean_absolute_error": 0.0545925535261631, "val_loss": 0.00897289626300335, "val_root_mean_squared_error": 0.09472537040710449, "val_mean_absolute_percentage_error": 130.20193481445312, "val_mean_absolute_error": 0.058053117245435715, "_runtime": 98.26278710365295, "_step": 18, "best_val_loss": 0.008589253760874271, "best_epoch": 7, "Final MSE": 0.01507927943021059, "Final RMSE": 0.12279772013425827, "Final MAPE": 98436.46875, "Final MAE": 0.07664910703897476, "Total Training Time": 95.85944485664368, "Average Time per Epoch": 5.304941097895305, "_wandb": {"runtime": 96}}