{"epoch": 0, "_timestamp": 1703595778.4709754, "loss": 0.010818039998412132, "root_mean_squared_error": 0.11314550787210464, "mean_absolute_percentage_error": 55353.46875, "mean_absolute_error": 0.05948222428560257, "val_loss": 0.009624653495848179, "val_root_mean_squared_error": 0.09810532629489899, "val_mean_absolute_percentage_error": 118528.0234375, "val_mean_absolute_error": 0.06445939093828201, "_runtime": 3.614581346511841, "_step": 1, "best_val_loss": 0.009624653495848179, "best_epoch": 0, "Final MSE": 0.01475080568343401, "Final RMSE": 0.12145290523767471, "Final MAPE": 241538.734375, "Final MAE": 0.09265656769275665, "Total Training Time": 1.636739730834961, "Average Time per Epoch": 1.5297033786773682, "_wandb": {"runtime": 1}}