{"epoch": 26, "_timestamp": 1703459782.8906555, "loss": 0.007860355079174042, "root_mean_squared_error": 0.0886586457490921, "mean_absolute_percentage_error": 7729769.0, "mean_absolute_error": 0.05189568176865578, "val_loss": 0.008060614578425884, "val_root_mean_squared_error": 0.08978092670440674, "val_mean_absolute_percentage_error": 11452897.0, "val_mean_absolute_error": 0.05296910181641579, "_runtime": 82.35591554641724, "_step": 27, "best_val_loss": 0.0076934415847063065, "best_epoch": 16, "Final MSE": 0.008167623542249203, "Final RMSE": 0.0903749018907547, "Final MAPE": 12193228.0, "Final MAE": 0.053653817623853683, "Total Training Time": 79.97714185714722, "Average Time per Epoch": 2.9526577878881386, "_wandb": {"runtime": 80}}