{"epoch": 12, "_timestamp": 1703534644.1794114, "loss": 0.01483745127916336, "root_mean_squared_error": 0.12180908024311066, "mean_absolute_percentage_error": 23114.37890625, "mean_absolute_error": 0.09105946868658066, "val_loss": 0.03327667713165283, "val_root_mean_squared_error": 0.18241895735263824, "val_mean_absolute_percentage_error": 64929.55859375, "val_mean_absolute_error": 0.12467575073242188, "_runtime": 158.43593335151672, "_step": 13, "best_val_loss": 0.031195756047964096, "best_epoch": 2, "Final MSE": 0.0697203204035759, "Final RMSE": 0.2640460431575775, "Final MAPE": 253246.359375, "Final MAE": 0.22162525355815887, "Total Training Time": 156.50774812698364, "Average Time per Epoch": 11.985614171394936, "_wandb": {"runtime": 157}}