{"epoch": 13, "_timestamp": 1703758932.6288955, "loss": 0.011038736440241337, "root_mean_squared_error": 0.10506539046764374, "mean_absolute_percentage_error": 5946.310546875, "mean_absolute_error": 0.05993743613362312, "val_loss": 0.008629021234810352, "val_root_mean_squared_error": 0.09289252758026123, "val_mean_absolute_percentage_error": 41669.984375, "val_mean_absolute_error": 0.04949207603931427, "_runtime": 35.762993574142456, "_step": 14, "best_val_loss": 0.008342143148183823, "best_epoch": 3, "Final MSE": 0.017045244574546814, "Final RMSE": 0.13055743277072906, "Final MAPE": 30660.013671875, "Final MAE": 0.07391130179166794, "Total Training Time": 34.118603467941284, "Average Time per Epoch": 2.4249900920050487, "_wandb": {"runtime": 34}}