{"epoch": 10, "_timestamp": 1703818505.1439302, "loss": 0.003749189432710409, "root_mean_squared_error": 0.061230625957250595, "mean_absolute_percentage_error": 13910.408203125, "mean_absolute_error": 0.03433004021644592, "val_loss": 0.010773680172860622, "val_root_mean_squared_error": 0.1037963405251503, "val_mean_absolute_percentage_error": 141738.5625, "val_mean_absolute_error": 0.061859969049692154, "_runtime": 17.44142508506775, "_step": 11, "best_val_loss": 0.010514657013118267, "best_epoch": 0, "Final MSE": 0.01977352239191532, "Final RMSE": 0.14061835408210754, "Final MAPE": 20722.09765625, "Final MAE": 0.08287322521209717, "Total Training Time": 15.999403238296509, "Average Time per Epoch": 1.442906466397372, "_wandb": {"runtime": 16}}