{"epoch": 32, "_timestamp": 1703337663.789988, "loss": 0.006945121102035046, "root_mean_squared_error": 0.08333739638328552, "mean_absolute_percentage_error": 4869938.5, "mean_absolute_error": 0.044561661779880524, "val_loss": 0.006740932818502188, "val_root_mean_squared_error": 0.0821031853556633, "val_mean_absolute_percentage_error": 3318895.75, "val_mean_absolute_error": 0.041575413197278976, "_runtime": 78.79785513877869, "_step": 33, "best_val_loss": 0.006173348519951105, "best_epoch": 22, "Final MSE": 0.007853149436414242, "Final RMSE": 0.08861799538135529, "Final MAPE": 6529324.0, "Final MAE": 0.04460138827562332, "Total Training Time": 76.15161347389221, "Average Time per Epoch": 2.3015936360214697, "_wandb": {"runtime": 76}}