{"epoch": 0, "_timestamp": 1703640650.8848002, "loss": 0.008719946257770061, "root_mean_squared_error": 0.09437331557273865, "mean_absolute_percentage_error": 29014.439453125, "mean_absolute_error": 0.06580124795436859, "val_loss": 0.013719087466597557, "val_root_mean_squared_error": 0.11712850630283356, "val_mean_absolute_percentage_error": 117498.1875, "val_mean_absolute_error": 0.07852097600698471, "_runtime": 11.61624813079834, "_step": 1, "best_val_loss": 0.013719087466597557, "best_epoch": 0, "Final MSE": 0.010982099920511246, "Final RMSE": 0.10479551553726196, "Final MAPE": 202553.15625, "Final MAE": 0.0781141147017479, "Total Training Time": 4.504847764968872, "Average Time per Epoch": 4.353327035903931, "_wandb": {"runtime": 4}}