{"epoch": 0, "_timestamp": 1703560630.548793, "loss": 0.014895759522914886, "root_mean_squared_error": 0.12270797044038773, "mean_absolute_percentage_error": 29460.748046875, "mean_absolute_error": 0.0765383169054985, "val_loss": 0.009763889946043491, "val_root_mean_squared_error": 0.09881240129470825, "val_mean_absolute_percentage_error": 70362.8359375, "val_mean_absolute_error": 0.06590252369642258, "_runtime": 3.857793092727661, "_step": 1, "best_val_loss": 0.009763889946043491, "best_epoch": 0, "Final MSE": 0.015197394415736198, "Final RMSE": 0.1232777088880539, "Final MAPE": 149687.390625, "Final MAE": 0.083210788667202, "Total Training Time": 1.9131810665130615, "Average Time per Epoch": 1.803957223892212, "_wandb": {"runtime": 2}}