{"epoch": 0, "_timestamp": 1703622705.4666195, "loss": 0.021292874589562416, "root_mean_squared_error": 0.14847378432750702, "mean_absolute_percentage_error": 47380.265625, "mean_absolute_error": 0.08507201075553894, "val_loss": 0.029674431309103966, "val_root_mean_squared_error": 0.17226268351078033, "val_mean_absolute_percentage_error": 79886.78125, "val_mean_absolute_error": 0.0813666358590126, "_runtime": 40.48442053794861, "_step": 1, "best_val_loss": 0.029674431309103966, "best_epoch": 0, "Final MSE": 0.02928960509598255, "Final RMSE": 0.17114205658435822, "Final MAPE": 153256.453125, "Final MAE": 0.07452651113271713, "Total Training Time": 39.11212134361267, "Average Time per Epoch": 37.34323573112488, "_wandb": {"runtime": 39}}