{"epoch": 0, "_timestamp": 1703560298.3318615, "loss": 0.003510712645947933, "root_mean_squared_error": 0.06318612396717072, "mean_absolute_percentage_error": 7176.76171875, "mean_absolute_error": 0.030733710154891014, "val_loss": 0.0036714051384478807, "val_root_mean_squared_error": 0.06059212237596512, "val_mean_absolute_percentage_error": 42952.19140625, "val_mean_absolute_error": 0.02959567680954933, "_runtime": 3.8572075366973877, "_step": 1, "best_val_loss": 0.0036714051384478807, "best_epoch": 0, "Final MSE": 0.004519815091043711, "Final RMSE": 0.06722956895828247, "Final MAPE": 28776.41796875, "Final MAE": 0.03639357537031174, "Total Training Time": 1.8988780975341797, "Average Time per Epoch": 1.7898564338684082, "_wandb": {"runtime": 2}}