{"epoch": 20, "_timestamp": 1703857185.3575325, "loss": 0.019167112186551094, "root_mean_squared_error": 0.13844533264636993, "mean_absolute_percentage_error": 21772.6796875, "mean_absolute_error": 0.09651340544223785, "val_loss": 0.03636876866221428, "val_root_mean_squared_error": 0.19070596992969513, "val_mean_absolute_percentage_error": 156411.59375, "val_mean_absolute_error": 0.16238728165626526, "_runtime": 108.05646538734436, "_step": 21, "best_val_loss": 0.02210799604654312, "best_epoch": 10, "Final MSE": 0.04150121659040451, "Final RMSE": 0.20371846854686737, "Final MAPE": 350573.5625, "Final MAE": 0.17347688972949982, "Total Training Time": 106.60513257980347, "Average Time per Epoch": 5.059842563810802, "_wandb": {"runtime": 107}}