{"epoch": 44, "_timestamp": 1703597921.701151, "loss": 0.00905410386621952, "root_mean_squared_error": 0.09515305608510971, "mean_absolute_percentage_error": 13281.474609375, "mean_absolute_error": 0.06750072538852692, "val_loss": 0.019681716337800026, "val_root_mean_squared_error": 0.14029154181480408, "val_mean_absolute_percentage_error": 151449.015625, "val_mean_absolute_error": 0.10672545433044434, "_runtime": 321.000540971756, "_step": 45, "best_val_loss": 0.017984570935368538, "best_epoch": 34, "Final MSE": 0.028470061719417572, "Final RMSE": 0.1687307357788086, "Final MAPE": 299447.3125, "Final MAE": 0.1240062564611435, "Total Training Time": 319.0219645500183, "Average Time per Epoch": 7.0779097663031685, "_wandb": {"runtime": 319}}