{"epoch": 22, "_timestamp": 1703816135.8794806, "loss": 0.021013112738728523, "root_mean_squared_error": 0.1449590027332306, "mean_absolute_percentage_error": 168419.5625, "mean_absolute_error": 0.09063828736543655, "val_loss": 0.017313748598098755, "val_root_mean_squared_error": 0.13158172369003296, "val_mean_absolute_percentage_error": 22265.32421875, "val_mean_absolute_error": 0.08405416458845139, "_runtime": 33.07098650932312, "_step": 23, "best_val_loss": 0.01663077250123024, "best_epoch": 12, "Final MSE": 0.02129332162439823, "Final RMSE": 0.14592231810092926, "Final MAPE": 401811.625, "Final MAE": 0.09691429883241653, "Total Training Time": 31.703611135482788, "Average Time per Epoch": 1.3719225033469822, "_wandb": {"runtime": 32}}