{"epoch": 14, "_timestamp": 1703198431.5948553, "loss": 0.012814854271709919, "root_mean_squared_error": 0.11320271342992783, "mean_absolute_percentage_error": 24820.107421875, "mean_absolute_error": 0.08970047533512115, "val_loss": 0.03447820991277695, "val_root_mean_squared_error": 0.18568308651447296, "val_mean_absolute_percentage_error": 315373.84375, "val_mean_absolute_error": 0.14349855482578278, "_runtime": 78.41460537910461, "_step": 15, "best_val_loss": 0.027213601395487785, "best_epoch": 4, "Final MSE": 0.03664103150367737, "Final RMSE": 0.19141846895217896, "Final MAPE": 303169.9375, "Final MAE": 0.15379376709461212, "Total Training Time": 76.06109738349915, "Average Time per Epoch": 5.04673875172933, "_wandb": {"runtime": 76}}