{"epoch": 0, "_timestamp": 1703728039.102144, "loss": 0.008538667112588882, "root_mean_squared_error": 0.09374462813138962, "mean_absolute_percentage_error": 10142903.0, "mean_absolute_error": 0.05577770620584488, "val_loss": 0.011637633666396141, "val_root_mean_squared_error": 0.10787786543369293, "val_mean_absolute_percentage_error": 15265221.0, "val_mean_absolute_error": 0.06737112998962402, "_runtime": 10.232882022857666, "_step": 1, "best_val_loss": 0.011637633666396141, "best_epoch": 0, "Final MSE": 0.010142160579562187, "Final RMSE": 0.10070829093456268, "Final MAPE": 19306694.0, "Final MAE": 0.06350552290678024, "Total Training Time": 4.5556275844573975, "Average Time per Epoch": 4.412739038467407, "_wandb": {"runtime": 4}}