{"epoch": 0, "_timestamp": 1703764029.8205628, "loss": 0.02497006207704544, "root_mean_squared_error": 0.16384188830852509, "mean_absolute_percentage_error": 131842.671875, "mean_absolute_error": 0.09813730418682098, "val_loss": 0.024690868332982063, "val_root_mean_squared_error": 0.1571332812309265, "val_mean_absolute_percentage_error": 64090.109375, "val_mean_absolute_error": 0.10861218720674515, "_runtime": 2.832303762435913, "_step": 1, "best_val_loss": 0.024690868332982063, "best_epoch": 0, "Final MSE": 0.040226370096206665, "Final RMSE": 0.2005651444196701, "Final MAPE": 779091.375, "Final MAE": 0.12849313020706177, "Total Training Time": 1.546762228012085, "Average Time per Epoch": 1.460052251815796, "_wandb": {"runtime": 1}}