{"epoch": 0, "_timestamp": 1703787133.7443192, "loss": 0.012680322863161564, "root_mean_squared_error": 0.12345962226390839, "mean_absolute_percentage_error": 39685.4921875, "mean_absolute_error": 0.08382125198841095, "val_loss": 0.019467171281576157, "val_root_mean_squared_error": 0.13952480256557465, "val_mean_absolute_percentage_error": 51673.71484375, "val_mean_absolute_error": 0.09111224114894867, "_runtime": 39.210519313812256, "_step": 1, "best_val_loss": 0.019467171281576157, "best_epoch": 0, "Final MSE": 0.036065246909856796, "Final RMSE": 0.18990851938724518, "Final MAPE": 126176.4375, "Final MAE": 0.12602739036083221, "Total Training Time": 37.94019341468811, "Average Time per Epoch": 36.208064556121826, "_wandb": {"runtime": 38}}