{"epoch": 0, "_timestamp": 1703727909.4083095, "loss": 0.00842858012765646, "root_mean_squared_error": 0.0931471586227417, "mean_absolute_percentage_error": 9325460.0, "mean_absolute_error": 0.05487532168626785, "val_loss": 0.011557726189494133, "val_root_mean_squared_error": 0.10750686377286911, "val_mean_absolute_percentage_error": 10020505.0, "val_mean_absolute_error": 0.06323391199111938, "_runtime": 9.872760534286499, "_step": 1, "best_val_loss": 0.011557726189494133, "best_epoch": 0, "Final MSE": 0.010631377808749676, "Final RMSE": 0.10310856997966766, "Final MAPE": 15003423.0, "Final MAE": 0.06156042218208313, "Total Training Time": 4.474283695220947, "Average Time per Epoch": 4.328289031982422, "_wandb": {"runtime": 4}}