{"epoch": 0, "_timestamp": 1703535426.0092008, "loss": 0.007277528289705515, "root_mean_squared_error": 0.09458916634321213, "mean_absolute_percentage_error": 163412.203125, "mean_absolute_error": 0.058983828872442245, "val_loss": 0.013889355584979057, "val_root_mean_squared_error": 0.11785311251878738, "val_mean_absolute_percentage_error": 256504.796875, "val_mean_absolute_error": 0.06702709197998047, "_runtime": 20.361520767211914, "_step": 1, "best_val_loss": 0.013889355584979057, "best_epoch": 0, "Final MSE": 0.020409826189279556, "Final RMSE": 0.1428629606962204, "Final MAPE": 86803.953125, "Final MAE": 0.07840282469987869, "Total Training Time": 18.767975568771362, "Average Time per Epoch": 17.986117839813232, "_wandb": {"runtime": 19}}