{"epoch": 12, "_timestamp": 1703618557.2111316, "loss": 0.004974035546183586, "root_mean_squared_error": 0.0705268457531929, "mean_absolute_percentage_error": 17438.234375, "mean_absolute_error": 0.048527318984270096, "val_loss": 0.016313184052705765, "val_root_mean_squared_error": 0.1277230829000473, "val_mean_absolute_percentage_error": 102242.0546875, "val_mean_absolute_error": 0.09283555299043655, "_runtime": 303.84804463386536, "_step": 13, "best_val_loss": 0.013101480901241302, "best_epoch": 2, "Final MSE": 0.014537948183715343, "Final RMSE": 0.12057341635227203, "Final MAPE": 216295.1875, "Final MAE": 0.08200196176767349, "Total Training Time": 301.4666483402252, "Average Time per Epoch": 23.092718032690193, "_wandb": {"runtime": 301}}