{"epoch": 33, "_timestamp": 1705582393.6447985, "loss": 0.005780437029898167, "root_mean_squared_error": 0.07602918893098831, "mean_absolute_percentage_error": 5157.47705078125, "mean_absolute_error": 0.03580360487103462, "val_loss": 0.010484679602086544, "val_root_mean_squared_error": 0.1023947224020958, "val_mean_absolute_percentage_error": 72807.3359375, "val_mean_absolute_error": 0.057965025305747986, "_runtime": 46.97497057914734, "_step": 34, "best_val_loss": 0.009763683192431927, "best_epoch": 23, "Final MSE": 0.011534889228641987, "Final RMSE": 0.10740060359239578, "Final MAPE": 108510.484375, "Final MAE": 0.060338348150253296, "Total Training Time": 44.06051063537598, "Average Time per Epoch": 1.2903881423613603, "_wandb": {"runtime": 44}}