{"epoch": 10, "_timestamp": 1703853537.743332, "loss": 0.014935827814042568, "root_mean_squared_error": 0.122212253510952, "mean_absolute_percentage_error": 75532.0546875, "mean_absolute_error": 0.07330013811588287, "val_loss": 0.011880598962306976, "val_root_mean_squared_error": 0.10899817198514938, "val_mean_absolute_percentage_error": 51028.05859375, "val_mean_absolute_error": 0.08070046454668045, "_runtime": 10.692075967788696, "_step": 11, "best_val_loss": 0.010667280294001102, "best_epoch": 0, "Final MSE": 0.024310434237122536, "Final RMSE": 0.15591804683208466, "Final MAPE": 101304.140625, "Final MAE": 0.10499780625104904, "Total Training Time": 8.593065023422241, "Average Time per Epoch": 0.7722773768685081, "_wandb": {"runtime": 8}}