{"epoch": 0, "_timestamp": 1703811827.6082304, "loss": 0.015376458875834942, "root_mean_squared_error": 0.12836205959320068, "mean_absolute_percentage_error": 46459.89453125, "mean_absolute_error": 0.08418040722608566, "val_loss": 0.02223130315542221, "val_root_mean_squared_error": 0.14910165965557098, "val_mean_absolute_percentage_error": 128585.1953125, "val_mean_absolute_error": 0.10973210632801056, "_runtime": 6.305158376693726, "_step": 1, "best_val_loss": 0.02223130315542221, "best_epoch": 0, "Final MSE": 0.026010049507021904, "Final RMSE": 0.16127631068229675, "Final MAPE": 344516.90625, "Final MAE": 0.1223219558596611, "Total Training Time": 4.619443416595459, "Average Time per Epoch": 4.424936056137085, "_wandb": {"runtime": 4}}