{"epoch": 25, "_timestamp": 1703161086.504676, "loss": 0.003970092628151178, "root_mean_squared_error": 0.06300867348909378, "mean_absolute_percentage_error": 15330.9970703125, "mean_absolute_error": 0.03979327529668808, "val_loss": 0.00958314910531044, "val_root_mean_squared_error": 0.09789355844259262, "val_mean_absolute_percentage_error": 44587.2265625, "val_mean_absolute_error": 0.06150786206126213, "_runtime": 63.873738050460815, "_step": 26, "best_val_loss": 0.009320754557847977, "best_epoch": 15, "Final MSE": 0.011375106871128082, "Final RMSE": 0.10665414482355118, "Final MAPE": 109334.875, "Final MAE": 0.06694616377353668, "Total Training Time": 61.42905044555664, "Average Time per Epoch": 2.3542855152717004, "_wandb": {"runtime": 61}}