{"epoch": 40, "_timestamp": 1705576959.5210629, "loss": 0.00650720065459609, "root_mean_squared_error": 0.08066722005605698, "mean_absolute_percentage_error": 12739.6875, "mean_absolute_error": 0.052917711436748505, "val_loss": 0.01360362395644188, "val_root_mean_squared_error": 0.11663457751274109, "val_mean_absolute_percentage_error": 73560.7109375, "val_mean_absolute_error": 0.0824078693985939, "_runtime": 33.56548190116882, "_step": 41, "best_val_loss": 0.012565243989229202, "best_epoch": 30, "Final MSE": 0.0237184576690197, "Final RMSE": 0.15400798618793488, "Final MAPE": 104754.7265625, "Final MAE": 0.11371193081140518, "Total Training Time": 31.3292293548584, "Average Time per Epoch": 0.7602768409542922, "_wandb": {"runtime": 31}}