{"epoch": 31, "_timestamp": 1705587632.8183718, "loss": 0.006327461916953325, "root_mean_squared_error": 0.07954534143209457, "mean_absolute_percentage_error": 7898.12060546875, "mean_absolute_error": 0.04512012377381325, "val_loss": 0.01163302268832922, "val_root_mean_squared_error": 0.10785648971796036, "val_mean_absolute_percentage_error": 45847.39453125, "val_mean_absolute_error": 0.060080867260694504, "_runtime": 81.65164184570312, "_step": 32, "best_val_loss": 0.011428667232394218, "best_epoch": 21, "Final MSE": 0.013595707714557648, "Final RMSE": 0.1166006326675415, "Final MAPE": 5678.2119140625, "Final MAE": 0.0782419964671135, "Total Training Time": 80.16722798347473, "Average Time per Epoch": 2.4984690696001053, "_wandb": {"runtime": 80}}