,user,architecture,train_time,avg_time_epoch,mse,rmse,mape,mae
0,user1,dense_soft_moe,70.19787168502808,2.185788556933403,0.008854973129928112,0.09410087019205093,18.1865234375,0.06723345816135406
1,user1,dense_soft_moe,83.77927470207214,2.1977657581630505,0.008764166384935379,0.09361712634563446,20.894594192504883,0.06715871393680573
2,user2,dense_soft_moe,65.1368567943573,2.1631280263264974,0.015479366295039654,0.12441609799861908,82231.8828125,0.07263631373643875
3,user2,dense_soft_moe,31.267072916030884,2.2172171218054637,0.015965430065989494,0.12635438144207,118284.7890625,0.07983484119176865
