,architecture,train_time,avg_time_epoch,mse,mse_std,rmse,rmse_std,mape,mape_std,mae,mae_std
0,dense_soft_moe,76.98857319355011,2.191777157548227,0.008809569757431746,6.421006516183907e-05,0.0938589982688427,0.0003420585541583521,19.54055881500244,1.9148951947969262,0.0671960860490799,5.2852148032661116e-05
1,dense_soft_moe,48.20196485519409,2.1901725740659805,0.015722398180514574,0.00034369898852773707,0.12538523972034454,0.001370573366725763,100258.3359375,25493.25449085786,0.0762355774641037,0.005090127578221311
