{"epoch": 23, "_timestamp": 1705630244.605419, "loss": 0.0051653082482516766, "root_mean_squared_error": 0.07187008112668991, "mean_absolute_percentage_error": 113042.6171875, "mean_absolute_error": 0.04342985153198242, "val_loss": 0.010649912990629673, "val_root_mean_squared_error": 0.10319841653108597, "val_mean_absolute_percentage_error": 288038.03125, "val_mean_absolute_error": 0.05882677808403969, "_runtime": 64.44459080696106, "_step": 24, "best_val_loss": 0.009843329899013042, "best_epoch": 13, "Final MSE": 0.014554453082382679, "Final RMSE": 0.12064183503389359, "Final MAPE": 52989.5078125, "Final MAE": 0.06905752420425415, "Total Training Time": 61.96053862571716, "Average Time per Epoch": 2.5724242627620697, "_wandb": {"runtime": 62}}