{"epoch": 0, "_timestamp": 1703565044.0115018, "loss": 0.006486887112259865, "root_mean_squared_error": 0.08521610498428345, "mean_absolute_percentage_error": 15015.6787109375, "mean_absolute_error": 0.03920548036694527, "val_loss": 0.009939630515873432, "val_root_mean_squared_error": 0.09969769418239594, "val_mean_absolute_percentage_error": 55941.90625, "val_mean_absolute_error": 0.055701714009046555, "_runtime": 4.614694833755493, "_step": 1, "best_val_loss": 0.009939630515873432, "best_epoch": 0, "Final MSE": 0.011024698615074158, "Final RMSE": 0.10499856621026993, "Final MAPE": 181629.125, "Final MAE": 0.057684045284986496, "Total Training Time": 2.7596261501312256, "Average Time per Epoch": 2.6085903644561768, "_wandb": {"runtime": 2}}