{"epoch": 29, "_timestamp": 1703154656.920487, "loss": 0.009431126527488232, "root_mean_squared_error": 0.09711398929357529, "mean_absolute_percentage_error": 33851.98046875, "mean_absolute_error": 0.06434890627861023, "val_loss": 0.015302908606827259, "val_root_mean_squared_error": 0.1237049251794815, "val_mean_absolute_percentage_error": 45750.56640625, "val_mean_absolute_error": 0.07913974672555923, "_runtime": 39.61574697494507, "_step": 30, "best_val_loss": 0.014916552230715752, "best_epoch": 19, "Final MSE": 0.023844851180911064, "Final RMSE": 0.15441778302192688, "Final MAPE": 41254.17578125, "Final MAE": 0.10575524717569351, "Total Training Time": 38.31681203842163, "Average Time per Epoch": 1.2712408383687337, "_wandb": {"runtime": 38}}