{"epoch": 39, "_timestamp": 1703281887.4352458, "loss": 0.014562057331204414, "root_mean_squared_error": 0.12067335098981857, "mean_absolute_percentage_error": 22327.23828125, "mean_absolute_error": 0.07616487890481949, "val_loss": 0.014385531656444073, "val_root_mean_squared_error": 0.11993969976902008, "val_mean_absolute_percentage_error": 37159.890625, "val_mean_absolute_error": 0.09089499711990356, "_runtime": 33.21270966529846, "_step": 40, "best_val_loss": 0.01311168447136879, "best_epoch": 29, "Final MSE": 0.018741939216852188, "Final RMSE": 0.13690119981765747, "Final MAPE": 114085.6875, "Final MAE": 0.10620029270648956, "Total Training Time": 30.95346164703369, "Average Time per Epoch": 0.7700356900691986, "_wandb": {"runtime": 31}}