{"epoch": 11, "_timestamp": 1703772978.1759977, "loss": 0.014707616530358791, "root_mean_squared_error": 0.12127496302127838, "mean_absolute_percentage_error": 625880.0, "mean_absolute_error": 0.08625639975070953, "val_loss": 0.029485847800970078, "val_root_mean_squared_error": 0.1717144399881363, "val_mean_absolute_percentage_error": 192623.296875, "val_mean_absolute_error": 0.11577869951725006, "_runtime": 140.711523771286, "_step": 12, "best_val_loss": 0.02567935362458229, "best_epoch": 1, "Final MSE": 0.03296418488025665, "Final RMSE": 0.18156041204929352, "Final MAPE": 291011.875, "Final MAE": 0.14231054484844208, "Total Training Time": 138.85846495628357, "Average Time per Epoch": 11.518091062704721, "_wandb": {"runtime": 139}}