{"epoch": 0, "_timestamp": 1703714500.1583338, "loss": 0.05373513698577881, "root_mean_squared_error": 0.2312365174293518, "mean_absolute_percentage_error": 61845224.0, "mean_absolute_error": 0.15825973451137543, "val_loss": 0.040302082896232605, "val_root_mean_squared_error": 0.20075379312038422, "val_mean_absolute_percentage_error": 51104540.0, "val_mean_absolute_error": 0.13090060651302338, "_runtime": 47.61754488945007, "_step": 1, "best_val_loss": 0.040302082896232605, "best_epoch": 0, "Final MSE": 0.0455998033285141, "Final RMSE": 0.21354110538959503, "Final MAPE": 46677456.0, "Final MAE": 0.12045829743146896, "Total Training Time": 46.39616894721985, "Average Time per Epoch": 44.207714557647705, "_wandb": {"runtime": 46}}