{"epoch": 36, "_timestamp": 1703762328.488598, "loss": 0.028258681297302246, "root_mean_squared_error": 0.16810323297977448, "mean_absolute_percentage_error": 42251.8828125, "mean_absolute_error": 0.11871170997619629, "val_loss": 0.031527191400527954, "val_root_mean_squared_error": 0.17755894362926483, "val_mean_absolute_percentage_error": 154381.671875, "val_mean_absolute_error": 0.12987518310546875, "_runtime": 29.715100049972534, "_step": 37, "best_val_loss": 0.031233765184879303, "best_epoch": 26, "Final MSE": 0.03847820311784744, "Final RMSE": 0.19615863263607025, "Final MAPE": 469868.21875, "Final MAE": 0.13704250752925873, "Total Training Time": 27.593541622161865, "Average Time per Epoch": 0.7418968806395659, "_wandb": {"runtime": 27}}