{"epoch": 13, "_timestamp": 1703802533.4712029, "loss": 0.005371054168790579, "root_mean_squared_error": 0.0732874795794487, "mean_absolute_percentage_error": 5841.732421875, "mean_absolute_error": 0.0328017883002758, "val_loss": 0.010465211234986782, "val_root_mean_squared_error": 0.10229961574077606, "val_mean_absolute_percentage_error": 44503.828125, "val_mean_absolute_error": 0.06061917170882225, "_runtime": 29.415672779083252, "_step": 14, "best_val_loss": 0.009546651504933834, "best_epoch": 3, "Final MSE": 0.013034457340836525, "Final RMSE": 0.11416854709386826, "Final MAPE": 64043.265625, "Final MAE": 0.06630430370569229, "Total Training Time": 27.83103108406067, "Average Time per Epoch": 1.9749339137758528, "_wandb": {"runtime": 28}}