{"epoch": 23, "_timestamp": 1703921441.308881, "loss": 0.014603947289288044, "root_mean_squared_error": 0.12084679305553436, "mean_absolute_percentage_error": 263287.96875, "mean_absolute_error": 0.07506212592124939, "val_loss": 0.00990630965679884, "val_root_mean_squared_error": 0.09953044354915619, "val_mean_absolute_percentage_error": 156518.515625, "val_mean_absolute_error": 0.06412823498249054, "_runtime": 92.30262994766235, "_step": 24, "best_val_loss": 0.00879023689776659, "best_epoch": 13, "Final MSE": 0.02262243442237377, "Final RMSE": 0.1504075676202774, "Final MAPE": 71276.171875, "Final MAE": 0.09551151841878891, "Total Training Time": 90.78473615646362, "Average Time per Epoch": 3.769670953353246, "_wandb": {"runtime": 91}}