{"epoch": 18, "_timestamp": 1705629924.0894358, "loss": 0.010636373423039913, "root_mean_squared_error": 0.10313279181718826, "mean_absolute_percentage_error": 8472.4814453125, "mean_absolute_error": 0.05992768704891205, "val_loss": 0.011194084770977497, "val_root_mean_squared_error": 0.10580210387706757, "val_mean_absolute_percentage_error": 139203.3125, "val_mean_absolute_error": 0.08765315264463425, "_runtime": 52.38399577140808, "_step": 19, "best_val_loss": 0.008616222999989986, "best_epoch": 8, "Final MSE": 0.018403511494398117, "Final RMSE": 0.13565954566001892, "Final MAPE": 61807.2734375, "Final MAE": 0.10290413349866867, "Total Training Time": 49.889374017715454, "Average Time per Epoch": 2.6140909822363603, "_wandb": {"runtime": 50}}