{"epoch": 0, "_timestamp": 1703548968.001021, "loss": 0.0076378872618079185, "root_mean_squared_error": 0.09725987911224365, "mean_absolute_percentage_error": 101390.828125, "mean_absolute_error": 0.06346774846315384, "val_loss": 0.01061919704079628, "val_root_mean_squared_error": 0.10304948687553406, "val_mean_absolute_percentage_error": 29671.236328125, "val_mean_absolute_error": 0.06974725425243378, "_runtime": 11.242394924163818, "_step": 1, "best_val_loss": 0.01061919704079628, "best_epoch": 0, "Final MSE": 0.022105976939201355, "Final RMSE": 0.14868079125881195, "Final MAPE": 267821.1875, "Final MAE": 0.087054543197155, "Total Training Time": 4.570180654525757, "Average Time per Epoch": 4.4161622524261475, "_wandb": {"runtime": 4}}