{"epoch": 12, "_timestamp": 1703149582.8113334, "loss": 0.011159364134073257, "root_mean_squared_error": 0.10563789308071136, "mean_absolute_percentage_error": 546062.9375, "mean_absolute_error": 0.07196950167417526, "val_loss": 0.016109850257635117, "val_root_mean_squared_error": 0.12692458927631378, "val_mean_absolute_percentage_error": 89650.609375, "val_mean_absolute_error": 0.08343802392482758, "_runtime": 13.177335500717163, "_step": 13, "best_val_loss": 0.015780694782733917, "best_epoch": 2, "Final MSE": 0.013480953872203827, "Final RMSE": 0.1161075085401535, "Final MAPE": 128923.6484375, "Final MAE": 0.08903156965970993, "Total Training Time": 11.001978635787964, "Average Time per Epoch": 0.8365364991701566, "_wandb": {"runtime": 11}}