{"epoch": 1, "_timestamp": 1702911890.889892, "loss": 0.01249495055526495, "root_mean_squared_error": 0.1117808148264885, "mean_absolute_percentage_error": 26904.84375, "mean_absolute_error": 0.06926197558641434, "val_loss": 0.009785426780581474, "val_root_mean_squared_error": 0.09892131388187408, "val_mean_absolute_percentage_error": 20648804.0, "val_mean_absolute_error": 0.058369506150484085, "_runtime": 20.19337511062622, "_step": 2, "best_val_loss": 0.009785426780581474, "best_epoch": 1, "Final MSE": 0.016933973878622055, "Final RMSE": 0.1301306039094925, "Final MAPE": 46465.8125, "Final MAE": 0.06757427006959915, "Total Training Time": 18.086568355560303, "Average Time per Epoch": 8.853938460350037, "_wandb": {"runtime": 18}}