{"epoch": 31, "_timestamp": 1703649362.167912, "loss": 0.006095204036682844, "root_mean_squared_error": 0.07807178795337677, "mean_absolute_percentage_error": 14240.359375, "mean_absolute_error": 0.04466109350323677, "val_loss": 0.007922057993710041, "val_root_mean_squared_error": 0.08900594711303711, "val_mean_absolute_percentage_error": 9536.30859375, "val_mean_absolute_error": 0.047916002571582794, "_runtime": 28.862715005874634, "_step": 32, "best_val_loss": 0.007452147081494331, "best_epoch": 21, "Final MSE": 0.007334984838962555, "Final RMSE": 0.08564452826976776, "Final MAPE": 88705.5859375, "Final MAE": 0.05336876958608627, "Total Training Time": 26.57896399497986, "Average Time per Epoch": 0.8259399458765984, "_wandb": {"runtime": 27}}