{"epoch": 0, "_timestamp": 1703819536.4659638, "loss": 0.004326780792325735, "root_mean_squared_error": 0.07736779749393463, "mean_absolute_percentage_error": 58969.66015625, "mean_absolute_error": 0.04381971433758736, "val_loss": 0.010121975094079971, "val_root_mean_squared_error": 0.10060802847146988, "val_mean_absolute_percentage_error": 126101.9609375, "val_mean_absolute_error": 0.05905647575855255, "_runtime": 4.431414842605591, "_step": 1, "best_val_loss": 0.010121975094079971, "best_epoch": 0, "Final MSE": 0.0181875117123127, "Final RMSE": 0.1348610818386078, "Final MAPE": 17458.21484375, "Final MAE": 0.08081892877817154, "Total Training Time": 2.6006500720977783, "Average Time per Epoch": 2.4564647674560547, "_wandb": {"runtime": 2}}