{"epoch": 25, "_timestamp": 1703546546.6034508, "loss": 0.0062979464419186115, "root_mean_squared_error": 0.07935959845781326, "mean_absolute_percentage_error": 19925.5859375, "mean_absolute_error": 0.051132284104824066, "val_loss": 0.011060363613069057, "val_root_mean_squared_error": 0.10516826063394547, "val_mean_absolute_percentage_error": 66381.265625, "val_mean_absolute_error": 0.0671364814043045, "_runtime": 53.10123085975647, "_step": 26, "best_val_loss": 0.010872973129153252, "best_epoch": 15, "Final MSE": 0.019566427916288376, "Final RMSE": 0.13988004624843597, "Final MAPE": 54313.5703125, "Final MAE": 0.09643834829330444, "Total Training Time": 51.02875566482544, "Average Time per Epoch": 1.9554182657828698, "_wandb": {"runtime": 51}}