{"epoch": 0, "_timestamp": 1703592085.615934, "loss": 0.009586804546415806, "root_mean_squared_error": 0.10138916969299316, "mean_absolute_percentage_error": 25388.85546875, "mean_absolute_error": 0.06164053827524185, "val_loss": 0.008515582419931889, "val_root_mean_squared_error": 0.09227991104125977, "val_mean_absolute_percentage_error": 42698.03515625, "val_mean_absolute_error": 0.060781434178352356, "_runtime": 7.5750648975372314, "_step": 1, "best_val_loss": 0.008515582419931889, "best_epoch": 0, "Final MSE": 0.016878504306077957, "Final RMSE": 0.12991729378700256, "Final MAPE": 142214.875, "Final MAE": 0.08612275868654251, "Total Training Time": 6.2832536697387695, "Average Time per Epoch": 6.12422776222229, "_wandb": {"runtime": 6}}