{"epoch": 0, "_timestamp": 1703764574.8088965, "loss": 0.020511094480752945, "root_mean_squared_error": 0.1484873741865158, "mean_absolute_percentage_error": 661519.8125, "mean_absolute_error": 0.10767205059528351, "val_loss": 0.030790098011493683, "val_root_mean_squared_error": 0.17547106742858887, "val_mean_absolute_percentage_error": 167438.109375, "val_mean_absolute_error": 0.1114291325211525, "_runtime": 3.4849636554718018, "_step": 1, "best_val_loss": 0.030790098011493683, "best_epoch": 0, "Final MSE": 0.03525155782699585, "Final RMSE": 0.18775400519371033, "Final MAPE": 170711.09375, "Final MAE": 0.14782671630382538, "Total Training Time": 1.56520414352417, "Average Time per Epoch": 1.4536147117614746, "_wandb": {"runtime": 1}}