{"epoch": 0, "_timestamp": 1703548983.4915998, "loss": 0.007690965197980404, "root_mean_squared_error": 0.09721790999174118, "mean_absolute_percentage_error": 111816.0859375, "mean_absolute_error": 0.0632622167468071, "val_loss": 0.009673062711954117, "val_root_mean_squared_error": 0.09835173189640045, "val_mean_absolute_percentage_error": 31356.46484375, "val_mean_absolute_error": 0.06727861613035202, "_runtime": 11.467330694198608, "_step": 1, "best_val_loss": 0.009673062711954117, "best_epoch": 0, "Final MSE": 0.022623274475336075, "Final RMSE": 0.15041035413742065, "Final MAPE": 274474.6875, "Final MAE": 0.09270251542329788, "Total Training Time": 4.599005937576294, "Average Time per Epoch": 4.445964574813843, "_wandb": {"runtime": 4}}