{"epoch": 0, "_timestamp": 1703651563.976085, "loss": 0.007158700376749039, "root_mean_squared_error": 0.08748698979616165, "mean_absolute_percentage_error": 18502.984375, "mean_absolute_error": 0.057890135794878006, "val_loss": 0.0070185367949306965, "val_root_mean_squared_error": 0.08377670496702194, "val_mean_absolute_percentage_error": 91531.0625, "val_mean_absolute_error": 0.05808281525969505, "_runtime": 3.8147850036621094, "_step": 1, "best_val_loss": 0.0070185367949306965, "best_epoch": 0, "Final MSE": 0.011800898239016533, "Final RMSE": 0.10863193869590759, "Final MAPE": 90792.1640625, "Final MAE": 0.07998861372470856, "Total Training Time": 1.8636093139648438, "Average Time per Epoch": 1.7542660236358643, "_wandb": {"runtime": 2}}