{"epoch": 35, "_timestamp": 1703344241.9926815, "loss": 0.007004020269960165, "root_mean_squared_error": 0.08369002491235733, "mean_absolute_percentage_error": 6321351.5, "mean_absolute_error": 0.047383420169353485, "val_loss": 0.014327142387628555, "val_root_mean_squared_error": 0.11969604343175888, "val_mean_absolute_percentage_error": 7604061.0, "val_mean_absolute_error": 0.06728031486272812, "_runtime": 86.2040445804596, "_step": 36, "best_val_loss": 0.010078204795718193, "best_epoch": 25, "Final MSE": 0.012486055493354797, "Final RMSE": 0.11174102127552032, "Final MAPE": 9301300.0, "Final MAE": 0.05786654353141785, "Total Training Time": 83.26760578155518, "Average Time per Epoch": 2.30740534596973, "_wandb": {"runtime": 84}}