{"epoch": 17, "_timestamp": 1703196429.50363, "loss": 0.007619855925440788, "root_mean_squared_error": 0.08729177713394165, "mean_absolute_percentage_error": 29073.0234375, "mean_absolute_error": 0.05271701514720917, "val_loss": 0.03931044042110443, "val_root_mean_squared_error": 0.1982685923576355, "val_mean_absolute_percentage_error": 97715.109375, "val_mean_absolute_error": 0.17146749794483185, "_runtime": 16.070873975753784, "_step": 18, "best_val_loss": 0.0337282232940197, "best_epoch": 7, "Final MSE": 0.027861662209033966, "Final RMSE": 0.16691815853118896, "Final MAPE": 204106.8125, "Final MAE": 0.09497775882482529, "Total Training Time": 13.865410566329956, "Average Time per Epoch": 0.763311399353875, "_wandb": {"runtime": 14}}