{"epoch": 36, "_timestamp": 1703893504.2639878, "loss": 0.005373044870793819, "root_mean_squared_error": 0.0733010545372963, "mean_absolute_percentage_error": 32139.458984375, "mean_absolute_error": 0.04607696831226349, "val_loss": 0.008255736902356148, "val_root_mean_squared_error": 0.09086108207702637, "val_mean_absolute_percentage_error": 93739.5, "val_mean_absolute_error": 0.05454526096582413, "_runtime": 30.04586672782898, "_step": 37, "best_val_loss": 0.007926368154585361, "best_epoch": 26, "Final MSE": 0.01146399974822998, "Final RMSE": 0.10707006603479385, "Final MAPE": 229714.03125, "Final MAE": 0.0633837878704071, "Total Training Time": 27.75461506843567, "Average Time per Epoch": 0.7450214012249096, "_wandb": {"runtime": 28}}