{"epoch": 38, "_timestamp": 1703451668.3131068, "loss": 0.005863846745342016, "root_mean_squared_error": 0.07657575607299805, "mean_absolute_percentage_error": 7637687.5, "mean_absolute_error": 0.044635266065597534, "val_loss": 0.007227959111332893, "val_root_mean_squared_error": 0.08501740545034409, "val_mean_absolute_percentage_error": 10871999.0, "val_mean_absolute_error": 0.0522003136575222, "_runtime": 99.13650274276733, "_step": 39, "best_val_loss": 0.006869593635201454, "best_epoch": 28, "Final MSE": 0.006371616385877132, "Final RMSE": 0.07982240617275238, "Final MAPE": 12902197.0, "Final MAE": 0.049762316048145294, "Total Training Time": 96.5906138420105, "Average Time per Epoch": 2.4705315308693128, "_wandb": {"runtime": 97}}