{"epoch": 0, "_timestamp": 1703564806.8032715, "loss": 0.005392833612859249, "root_mean_squared_error": 0.07968290150165558, "mean_absolute_percentage_error": 109936.671875, "mean_absolute_error": 0.04475375637412071, "val_loss": 0.007933198474347591, "val_root_mean_squared_error": 0.08906850218772888, "val_mean_absolute_percentage_error": 53575.10546875, "val_mean_absolute_error": 0.052945371717214584, "_runtime": 4.573943614959717, "_step": 1, "best_val_loss": 0.007933198474347591, "best_epoch": 0, "Final MSE": 0.012970279902219772, "Final RMSE": 0.11388713866472244, "Final MAPE": 133379.984375, "Final MAE": 0.07362963259220123, "Total Training Time": 2.7305121421813965, "Average Time per Epoch": 2.578474760055542, "_wandb": {"runtime": 2}}