{"epoch": 0, "_timestamp": 1703677796.5407166, "loss": 0.06264613568782806, "root_mean_squared_error": 0.2502521276473999, "mean_absolute_percentage_error": 80511624.0, "mean_absolute_error": 0.19927683472633362, "val_loss": 0.06359383463859558, "val_root_mean_squared_error": 0.2521781623363495, "val_mean_absolute_percentage_error": 90116776.0, "val_mean_absolute_error": 0.20419907569885254, "_runtime": 2.6226327419281006, "_step": 1, "best_val_loss": 0.06359383463859558, "best_epoch": 0, "Final MSE": 0.06263520568609238, "Final RMSE": 0.250270277261734, "Final MAPE": 99929072.0, "Final MAE": 0.2015818953514099, "Total Training Time": 1.5553512573242188, "Average Time per Epoch": 1.4540295600891113, "_wandb": {"runtime": 1}}