{"epoch": 12, "_timestamp": 1705605684.8067944, "loss": 0.010836687870323658, "root_mean_squared_error": 0.10409941524267197, "mean_absolute_percentage_error": 9508.5615234375, "mean_absolute_error": 0.059693798422813416, "val_loss": 0.008453012444078922, "val_root_mean_squared_error": 0.0919402688741684, "val_mean_absolute_percentage_error": 78647.9375, "val_mean_absolute_error": 0.06144106388092041, "_runtime": 44.91985249519348, "_step": 13, "best_val_loss": 0.008073117583990097, "best_epoch": 2, "Final MSE": 0.016381796449422836, "Final RMSE": 0.12799139320850372, "Final MAPE": 48526.0234375, "Final MAE": 0.0839100331068039, "Total Training Time": 43.3851478099823, "Average Time per Epoch": 3.317404765349168, "_wandb": {"runtime": 43}}