{"epoch": 14, "_timestamp": 1703499892.281416, "loss": 0.005949384067207575, "root_mean_squared_error": 0.07713224738836288, "mean_absolute_percentage_error": 39428.01953125, "mean_absolute_error": 0.046457625925540924, "val_loss": 0.007961677387356758, "val_root_mean_squared_error": 0.08922823518514633, "val_mean_absolute_percentage_error": 19617.62890625, "val_mean_absolute_error": 0.053142499178647995, "_runtime": 39.46689200401306, "_step": 15, "best_val_loss": 0.00737187871709466, "best_epoch": 4, "Final MSE": 0.022061338648200035, "Final RMSE": 0.14853060245513916, "Final MAPE": 147533.015625, "Final MAE": 0.098594069480896, "Total Training Time": 36.82542395591736, "Average Time per Epoch": 2.4432944933573406, "_wandb": {"runtime": 37}}