{"epoch": 13, "_timestamp": 1703167300.4594805, "loss": 0.005002620629966259, "root_mean_squared_error": 0.07072920352220535, "mean_absolute_percentage_error": 57542.74609375, "mean_absolute_error": 0.03439099341630936, "val_loss": 0.007121458649635315, "val_root_mean_squared_error": 0.08438873291015625, "val_mean_absolute_percentage_error": 136744.171875, "val_mean_absolute_error": 0.06143220141530037, "_runtime": 50.127567529678345, "_step": 14, "best_val_loss": 0.006060342770069838, "best_epoch": 3, "Final MSE": 0.016400549560785294, "Final RMSE": 0.12806463241577148, "Final MAPE": 312949.03125, "Final MAE": 0.09133712947368622, "Total Training Time": 41.95311641693115, "Average Time per Epoch": 2.980386342321123, "_wandb": {"runtime": 48}}