{"epoch": 62, "_timestamp": 1703841279.6459916, "loss": 0.01150800846517086, "root_mean_squared_error": 0.10727538913488388, "mean_absolute_percentage_error": 194030.671875, "mean_absolute_error": 0.07409996539354324, "val_loss": 0.015473516657948494, "val_root_mean_squared_error": 0.12439259141683578, "val_mean_absolute_percentage_error": 43603.7265625, "val_mean_absolute_error": 0.0831158235669136, "_runtime": 143.89788460731506, "_step": 63, "best_val_loss": 0.014896166510879993, "best_epoch": 52, "Final MSE": 0.02007087878882885, "Final RMSE": 0.14167173206806183, "Final MAPE": 253209.703125, "Final MAE": 0.09265539795160294, "Total Training Time": 141.6761348247528, "Average Time per Epoch": 2.245623959435357, "_wandb": {"runtime": 142}}