{"epoch": 0, "_timestamp": 1703595807.1053329, "loss": 0.010772564448416233, "root_mean_squared_error": 0.10647650063037872, "mean_absolute_percentage_error": 60517.56640625, "mean_absolute_error": 0.060124579817056656, "val_loss": 0.0102507583796978, "val_root_mean_squared_error": 0.10124603658914566, "val_mean_absolute_percentage_error": 123565.984375, "val_mean_absolute_error": 0.0711069330573082, "_runtime": 3.6184799671173096, "_step": 1, "best_val_loss": 0.0102507583796978, "best_epoch": 0, "Final MSE": 0.01573687046766281, "Final RMSE": 0.12544667720794678, "Final MAPE": 251826.96875, "Final MAE": 0.09983836114406586, "Total Training Time": 1.6076390743255615, "Average Time per Epoch": 1.502629041671753, "_wandb": {"runtime": 1}}