{"epoch": 0, "_timestamp": 1703804006.2353938, "loss": 0.004124852828681469, "root_mean_squared_error": 0.07592840492725372, "mean_absolute_percentage_error": 12328.8515625, "mean_absolute_error": 0.041452303528785706, "val_loss": 0.01134694367647171, "val_root_mean_squared_error": 0.10652203112840652, "val_mean_absolute_percentage_error": 94418.90625, "val_mean_absolute_error": 0.06422451138496399, "_runtime": 10.356781721115112, "_step": 1, "best_val_loss": 0.01134694367647171, "best_epoch": 0, "Final MSE": 0.017393598333001137, "Final RMSE": 0.13188479840755463, "Final MAPE": 1752.4412841796875, "Final MAE": 0.07264254242181778, "Total Training Time": 4.434561252593994, "Average Time per Epoch": 4.279901504516602, "_wandb": {"runtime": 4}}