{"epoch": 0, "_timestamp": 1703673969.102482, "loss": 0.008642238564789295, "root_mean_squared_error": 0.09971345961093903, "mean_absolute_percentage_error": 5138366.5, "mean_absolute_error": 0.05314482003450394, "val_loss": 0.015932751819491386, "val_root_mean_squared_error": 0.12622500956058502, "val_mean_absolute_percentage_error": 6082726.0, "val_mean_absolute_error": 0.06848540157079697, "_runtime": 7.34532904624939, "_step": 1, "best_val_loss": 0.015932751819491386, "best_epoch": 0, "Final MSE": 0.01866365782916546, "Final RMSE": 0.13661499321460724, "Final MAPE": 7734143.5, "Final MAE": 0.06570060551166534, "Total Training Time": 6.1462860107421875, "Average Time per Epoch": 6.005558013916016, "_wandb": {"runtime": 6}}