{"epoch": 10, "_timestamp": 1703195972.1405668, "loss": 0.014371958561241627, "root_mean_squared_error": 0.11988309770822525, "mean_absolute_percentage_error": 19587.01171875, "mean_absolute_error": 0.08102649450302124, "val_loss": 0.02752579003572464, "val_root_mean_squared_error": 0.16590897738933563, "val_mean_absolute_percentage_error": 72171.8515625, "val_mean_absolute_error": 0.10647055506706238, "_runtime": 10.94108772277832, "_step": 11, "best_val_loss": 0.026643862947821617, "best_epoch": 0, "Final MSE": 0.03448529914021492, "Final RMSE": 0.18570217490196228, "Final MAPE": 147409.390625, "Final MAE": 0.13389474153518677, "Total Training Time": 8.808337688446045, "Average Time per Epoch": 0.790302341634577, "_wandb": {"runtime": 9}}