{"epoch": 19, "_timestamp": 1703741693.1252933, "loss": 0.008843081071972847, "root_mean_squared_error": 0.09403765946626663, "mean_absolute_percentage_error": 9826989.0, "mean_absolute_error": 0.056910425424575806, "val_loss": 0.015082676894962788, "val_root_mean_squared_error": 0.12281154841184616, "val_mean_absolute_percentage_error": 17428662.0, "val_mean_absolute_error": 0.07731609791517258, "_runtime": 29.792511224746704, "_step": 20, "best_val_loss": 0.014507537707686424, "best_epoch": 9, "Final MSE": 0.019593900069594383, "Final RMSE": 0.13997821509838104, "Final MAPE": 29174804.0, "Final MAE": 0.09337610751390457, "Total Training Time": 28.32100796699524, "Average Time per Epoch": 1.4068105816841125, "_wandb": {"runtime": 28}}