{"epoch": 12, "_timestamp": 1703763645.2140224, "loss": 0.029644375666975975, "root_mean_squared_error": 0.17217548191547394, "mean_absolute_percentage_error": 156850.09375, "mean_absolute_error": 0.10882878303527832, "val_loss": 0.020639566704630852, "val_root_mean_squared_error": 0.14366477727890015, "val_mean_absolute_percentage_error": 58298.87109375, "val_mean_absolute_error": 0.1056029200553894, "_runtime": 11.083985328674316, "_step": 13, "best_val_loss": 0.020208017900586128, "best_epoch": 2, "Final MSE": 0.02168138325214386, "Final RMSE": 0.14724597334861755, "Final MAPE": 347100.15625, "Final MAE": 0.1089090034365654, "Total Training Time": 9.782526016235352, "Average Time per Epoch": 0.7458575138678918, "_wandb": {"runtime": 10}}