{"epoch": 0, "_timestamp": 1703651972.0241454, "loss": 0.0033616009168326855, "root_mean_squared_error": 0.06726431846618652, "mean_absolute_percentage_error": 10784.51953125, "mean_absolute_error": 0.038642868399620056, "val_loss": 0.00828862376511097, "val_root_mean_squared_error": 0.09104187786579132, "val_mean_absolute_percentage_error": 66918.7578125, "val_mean_absolute_error": 0.06598218530416489, "_runtime": 3.862499475479126, "_step": 1, "best_val_loss": 0.00828862376511097, "best_epoch": 0, "Final MSE": 0.012571059167385101, "Final RMSE": 0.11212073266506195, "Final MAPE": 76174.3515625, "Final MAE": 0.06522251665592194, "Total Training Time": 1.8807239532470703, "Average Time per Epoch": 1.7737245559692383, "_wandb": {"runtime": 2}}