{"epoch": 18, "_timestamp": 1705608117.2794356, "loss": 0.004987030755728483, "root_mean_squared_error": 0.07061891257762909, "mean_absolute_percentage_error": 71383.9609375, "mean_absolute_error": 0.034026723355054855, "val_loss": 0.009224261157214642, "val_root_mean_squared_error": 0.09604302048683167, "val_mean_absolute_percentage_error": 73201.3515625, "val_mean_absolute_error": 0.06613589078187943, "_runtime": 66.41419768333435, "_step": 19, "best_val_loss": 0.00594969792291522, "best_epoch": 8, "Final MSE": 0.01926935464143753, "Final RMSE": 0.13881410658359528, "Final MAPE": 148260.375, "Final MAE": 0.09133058786392212, "Total Training Time": 63.9879105091095, "Average Time per Epoch": 3.354036205693295, "_wandb": {"runtime": 64}}