{"epoch": 0, "_timestamp": 1703677936.757775, "loss": 0.07994462549686432, "root_mean_squared_error": 0.28146159648895264, "mean_absolute_percentage_error": 101234368.0, "mean_absolute_error": 0.2306133657693863, "val_loss": 0.08038028329610825, "val_root_mean_squared_error": 0.28351423144340515, "val_mean_absolute_percentage_error": 111395776.0, "val_mean_absolute_error": 0.2324155867099762, "_runtime": 2.618028163909912, "_step": 1, "best_val_loss": 0.08038028329610825, "best_epoch": 0, "Final MSE": 0.07281768321990967, "Final RMSE": 0.26984748244285583, "Final MAPE": 121705296.0, "Final MAE": 0.2221490889787674, "Total Training Time": 1.5350861549377441, "Average Time per Epoch": 1.4413344860076904, "_wandb": {"runtime": 1}}