{"epoch": 27, "_timestamp": 1703645959.5532408, "loss": 0.005101996473968029, "root_mean_squared_error": 0.07142826169729233, "mean_absolute_percentage_error": 6517.40625, "mean_absolute_error": 0.04442873224616051, "val_loss": 0.006793934851884842, "val_root_mean_squared_error": 0.0824253261089325, "val_mean_absolute_percentage_error": 93281.40625, "val_mean_absolute_error": 0.057314999401569366, "_runtime": 72.97870588302612, "_step": 28, "best_val_loss": 0.006428103893995285, "best_epoch": 17, "Final MSE": 0.010931274853646755, "Final RMSE": 0.1045527383685112, "Final MAPE": 102376.2890625, "Final MAE": 0.0725742056965828, "Total Training Time": 70.92286133766174, "Average Time per Epoch": 2.5243870530809676, "_wandb": {"runtime": 71}}