{"epoch": 0, "_timestamp": 1703505881.834363, "loss": 0.014881494455039501, "root_mean_squared_error": 0.1318516731262207, "mean_absolute_percentage_error": 51318.06640625, "mean_absolute_error": 0.09437795728445053, "val_loss": 0.02356933429837227, "val_root_mean_squared_error": 0.15352307260036469, "val_mean_absolute_percentage_error": 100320.4375, "val_mean_absolute_error": 0.12289154529571533, "_runtime": 3.6037020683288574, "_step": 1, "best_val_loss": 0.02356933429837227, "best_epoch": 0, "Final MSE": 0.035592399537563324, "Final RMSE": 0.18865950405597687, "Final MAPE": 204020.609375, "Final MAE": 0.13768236339092255, "Total Training Time": 1.5591206550598145, "Average Time per Epoch": 1.4568006992340088, "_wandb": {"runtime": 1}}