{"epoch": 0, "_timestamp": 1703804617.7551038, "loss": 0.0052251629531383514, "root_mean_squared_error": 0.07984910160303116, "mean_absolute_percentage_error": 99717.953125, "mean_absolute_error": 0.040431052446365356, "val_loss": 0.00599629944190383, "val_root_mean_squared_error": 0.07743577659130096, "val_mean_absolute_percentage_error": 100395.21875, "val_mean_absolute_error": 0.0511513389647007, "_runtime": 11.766162872314453, "_step": 1, "best_val_loss": 0.00599629944190383, "best_epoch": 0, "Final MSE": 0.013852345757186413, "Final RMSE": 0.11769598722457886, "Final MAPE": 305437.34375, "Final MAE": 0.07113088667392731, "Total Training Time": 4.575530052185059, "Average Time per Epoch": 4.445363521575928, "_wandb": {"runtime": 4}}