{"epoch": 12, "_timestamp": 1703855006.6886168, "loss": 0.028370317071676254, "root_mean_squared_error": 0.16843490302562714, "mean_absolute_percentage_error": 38071.37890625, "mean_absolute_error": 0.11923175305128098, "val_loss": 0.031853679567575455, "val_root_mean_squared_error": 0.1784759908914566, "val_mean_absolute_percentage_error": 162939.34375, "val_mean_absolute_error": 0.13365031778812408, "_runtime": 10.903363704681396, "_step": 13, "best_val_loss": 0.031224587932229042, "best_epoch": 2, "Final MSE": 0.03837241232395172, "Final RMSE": 0.19588877260684967, "Final MAPE": 497675.625, "Final MAE": 0.13958822190761566, "Total Training Time": 9.688456535339355, "Average Time per Epoch": 0.7375465172987717, "_wandb": {"runtime": 9}}