{"epoch": 0, "_timestamp": 1703622461.1261263, "loss": 0.013941432349383831, "root_mean_squared_error": 0.12139342725276947, "mean_absolute_percentage_error": 48042.30859375, "mean_absolute_error": 0.07578562200069427, "val_loss": 0.010467694140970707, "val_root_mean_squared_error": 0.10231175273656845, "val_mean_absolute_percentage_error": 88397.453125, "val_mean_absolute_error": 0.06426451355218887, "_runtime": 39.595964193344116, "_step": 1, "best_val_loss": 0.010467694140970707, "best_epoch": 0, "Final MSE": 0.02126464620232582, "Final RMSE": 0.14582403004169464, "Final MAPE": 219233.015625, "Final MAE": 0.10274266451597214, "Total Training Time": 38.210827112197876, "Average Time per Epoch": 36.45248556137085, "_wandb": {"runtime": 38}}