{"epoch": 0, "_timestamp": 1703819207.454241, "loss": 0.023633936420083046, "root_mean_squared_error": 0.15697060525417328, "mean_absolute_percentage_error": 85830.3203125, "mean_absolute_error": 0.10817547142505646, "val_loss": 0.027533339336514473, "val_root_mean_squared_error": 0.16593173146247864, "val_mean_absolute_percentage_error": 94907.28125, "val_mean_absolute_error": 0.11586464196443558, "_runtime": 3.7573721408843994, "_step": 1, "best_val_loss": 0.027533339336514473, "best_epoch": 0, "Final MSE": 0.03197266533970833, "Final RMSE": 0.1788090169429779, "Final MAPE": 310436.625, "Final MAE": 0.1225801408290863, "Total Training Time": 2.5580568313598633, "Average Time per Epoch": 2.4329934120178223, "_wandb": {"runtime": 2}}