{"epoch": 30, "_timestamp": 1703685328.7175262, "loss": 0.009346285834908485, "root_mean_squared_error": 0.09667619317770004, "mean_absolute_percentage_error": 5820379.0, "mean_absolute_error": 0.05604059621691704, "val_loss": 0.059849049896001816, "val_root_mean_squared_error": 0.24464064836502075, "val_mean_absolute_percentage_error": 11938584.0, "val_mean_absolute_error": 0.1313144415616989, "_runtime": 194.72050523757935, "_step": 31, "best_val_loss": 0.04922856390476227, "best_epoch": 20, "Final MSE": 0.07061376422643661, "Final RMSE": 0.2657324969768524, "Final MAPE": 13882757.0, "Final MAE": 0.13180111348628998, "Total Training Time": 192.3614354133606, "Average Time per Epoch": 6.191577634503765, "_wandb": {"runtime": 192}}