{"epoch": 16, "_timestamp": 1705594488.1587586, "loss": 0.0055389078333973885, "root_mean_squared_error": 0.07442384213209152, "mean_absolute_percentage_error": 27258.7109375, "mean_absolute_error": 0.04663447290658951, "val_loss": 0.008857112377882004, "val_root_mean_squared_error": 0.09411223232746124, "val_mean_absolute_percentage_error": 106126.3125, "val_mean_absolute_error": 0.06064171344041824, "_runtime": 49.402204751968384, "_step": 17, "best_val_loss": 0.008469786494970322, "best_epoch": 6, "Final MSE": 0.010793743655085564, "Final RMSE": 0.10389294475317001, "Final MAPE": 156487.34375, "Final MAE": 0.06814947724342346, "Total Training Time": 46.708194971084595, "Average Time per Epoch": 2.7356744794284595, "_wandb": {"runtime": 47}}