{"epoch": 20, "_timestamp": 1705577261.9993777, "loss": 0.0039854710921645164, "root_mean_squared_error": 0.06313058733940125, "mean_absolute_percentage_error": 45712.15234375, "mean_absolute_error": 0.03238224238157272, "val_loss": 0.008960919454693794, "val_root_mean_squared_error": 0.0946621298789978, "val_mean_absolute_percentage_error": 112418.6015625, "val_mean_absolute_error": 0.05021056532859802, "_runtime": 18.920933723449707, "_step": 21, "best_val_loss": 0.008600111119449139, "best_epoch": 10, "Final MSE": 0.013217180036008358, "Final RMSE": 0.1149659976363182, "Final MAPE": 82584.6484375, "Final MAE": 0.06489583849906921, "Total Training Time": 16.661309480667114, "Average Time per Epoch": 0.7869523139227004, "_wandb": {"runtime": 17}}