{"epoch": 30, "_timestamp": 1703446392.7379048, "loss": 0.008905076421797276, "root_mean_squared_error": 0.09436671435832977, "mean_absolute_percentage_error": 10023070.0, "mean_absolute_error": 0.05631023645401001, "val_loss": 0.011950261890888214, "val_root_mean_squared_error": 0.10931725054979324, "val_mean_absolute_percentage_error": 12832703.0, "val_mean_absolute_error": 0.06519772112369537, "_runtime": 40.64621877670288, "_step": 31, "best_val_loss": 0.010814644396305084, "best_epoch": 20, "Final MSE": 0.01292585302144289, "Final RMSE": 0.11369191855192184, "Final MAPE": 19175544.0, "Final MAE": 0.0693805143237114, "Total Training Time": 38.233328342437744, "Average Time per Epoch": 1.2276138644064627, "_wandb": {"runtime": 38}}