{"epoch": 13, "_timestamp": 1703300790.5253959, "loss": 0.011139516718685627, "root_mean_squared_error": 0.10554391145706177, "mean_absolute_percentage_error": 7098.1796875, "mean_absolute_error": 0.06244261935353279, "val_loss": 0.00824232678860426, "val_root_mean_squared_error": 0.09078726172447205, "val_mean_absolute_percentage_error": 87.54106140136719, "val_mean_absolute_error": 0.05937225744128227, "_runtime": 42.02191185951233, "_step": 14, "best_val_loss": 0.006999752949923277, "best_epoch": 3, "Final MSE": 0.032067541033029556, "Final RMSE": 0.17907412350177765, "Final MAPE": 161485.5625, "Final MAE": 0.11406548321247101, "Total Training Time": 39.472580671310425, "Average Time per Epoch": 2.803552746772766, "_wandb": {"runtime": 40}}