{"epoch": 12, "_timestamp": 1703672509.347443, "loss": 0.007902733981609344, "root_mean_squared_error": 0.08889732509851456, "mean_absolute_percentage_error": 4793729.5, "mean_absolute_error": 0.047952406108379364, "val_loss": 0.012250161729753017, "val_root_mean_squared_error": 0.11068044602870941, "val_mean_absolute_percentage_error": 4606199.5, "val_mean_absolute_error": 0.05885689705610275, "_runtime": 33.798763036727905, "_step": 13, "best_val_loss": 0.010526234284043312, "best_epoch": 2, "Final MSE": 0.010268688201904297, "Final RMSE": 0.10133453458547592, "Final MAPE": 7352328.0, "Final MAE": 0.05475323274731636, "Total Training Time": 32.151870012283325, "Average Time per Epoch": 2.4609382886153, "_wandb": {"runtime": 32}}