{"epoch": 20, "_timestamp": 1703304759.7802806, "loss": 0.007940731942653656, "root_mean_squared_error": 0.08911078423261642, "mean_absolute_percentage_error": 7449.2158203125, "mean_absolute_error": 0.05114180967211723, "val_loss": 0.007629475090652704, "val_root_mean_squared_error": 0.0873468667268753, "val_mean_absolute_percentage_error": 35650.59765625, "val_mean_absolute_error": 0.057581376284360886, "_runtime": 72.69091153144836, "_step": 21, "best_val_loss": 0.00743156997486949, "best_epoch": 10, "Final MSE": 0.01497077476233244, "Final RMSE": 0.12235511839389801, "Final MAPE": 108353.2578125, "Final MAE": 0.07809698581695557, "Total Training Time": 70.33604025840759, "Average Time per Epoch": 3.336241608574277, "_wandb": {"runtime": 70}}