{"epoch": 23, "_timestamp": 1705615877.4952676, "loss": 0.01035830657929182, "root_mean_squared_error": 0.10177576541900635, "mean_absolute_percentage_error": 419971.0625, "mean_absolute_error": 0.07007470726966858, "val_loss": 0.016239868476986885, "val_root_mean_squared_error": 0.12743574380874634, "val_mean_absolute_percentage_error": 99607.296875, "val_mean_absolute_error": 0.09211818128824234, "_runtime": 20.63103151321411, "_step": 24, "best_val_loss": 0.015136979520320892, "best_epoch": 13, "Final MSE": 0.013326460495591164, "Final RMSE": 0.11544028669595718, "Final MAPE": 24362.71875, "Final MAE": 0.09119151532649994, "Total Training Time": 18.295228481292725, "Average Time per Epoch": 0.7568803330262502, "_wandb": {"runtime": 18}}