{"epoch": 24, "_timestamp": 1703198065.8100934, "loss": 0.013346594758331776, "root_mean_squared_error": 0.1155274361371994, "mean_absolute_percentage_error": 42116.8828125, "mean_absolute_error": 0.07928892225027084, "val_loss": 0.010040019638836384, "val_root_mean_squared_error": 0.10019990801811218, "val_mean_absolute_percentage_error": 150408.5625, "val_mean_absolute_error": 0.07617799192667007, "_runtime": 21.075803518295288, "_step": 25, "best_val_loss": 0.009829641319811344, "best_epoch": 14, "Final MSE": 0.03346611186861992, "Final RMSE": 0.18293742835521698, "Final MAPE": 302159.625, "Final MAE": 0.15465106070041656, "Total Training Time": 18.868388652801514, "Average Time per Epoch": 0.7492950057983399, "_wandb": {"runtime": 19}}