{"epoch": 0, "_timestamp": 1703501837.2769988, "loss": 0.006118066608905792, "root_mean_squared_error": 0.0838603526353836, "mean_absolute_percentage_error": 70681.8046875, "mean_absolute_error": 0.04180743917822838, "val_loss": 0.008903528563678265, "val_root_mean_squared_error": 0.09435851126909256, "val_mean_absolute_percentage_error": 17837.14453125, "val_mean_absolute_error": 0.050981681793928146, "_runtime": 7.477115869522095, "_step": 1, "best_val_loss": 0.008903528563678265, "best_epoch": 0, "Final MSE": 0.013929726555943489, "Final RMSE": 0.11802425980567932, "Final MAPE": 93289.4609375, "Final MAE": 0.06631187349557877, "Total Training Time": 6.19988226890564, "Average Time per Epoch": 6.036841630935669, "_wandb": {"runtime": 6}}