{"epoch": 0, "_timestamp": 1703736893.0133421, "loss": 0.008703910745680332, "root_mean_squared_error": 0.09791059792041779, "mean_absolute_percentage_error": 9376660.0, "mean_absolute_error": 0.05559631064534187, "val_loss": 0.011546371504664421, "val_root_mean_squared_error": 0.10745404660701752, "val_mean_absolute_percentage_error": 12970295.0, "val_mean_absolute_error": 0.06160495802760124, "_runtime": 6.115654230117798, "_step": 1, "best_val_loss": 0.011546371504664421, "best_epoch": 0, "Final MSE": 0.016234442591667175, "Final RMSE": 0.12741445004940033, "Final MAPE": 17226554.0, "Final MAE": 0.06968393176794052, "Total Training Time": 4.919020175933838, "Average Time per Epoch": 4.716341018676758, "_wandb": {"runtime": 5}}