{"epoch": 0, "_timestamp": 1703593243.003421, "loss": 0.005051589570939541, "root_mean_squared_error": 0.07380474358797073, "mean_absolute_percentage_error": 28486.861328125, "mean_absolute_error": 0.04839624837040901, "val_loss": 0.00820240005850792, "val_root_mean_squared_error": 0.09056710451841354, "val_mean_absolute_percentage_error": 102887.546875, "val_mean_absolute_error": 0.06709418445825577, "_runtime": 7.613027095794678, "_step": 1, "best_val_loss": 0.00820240005850792, "best_epoch": 0, "Final MSE": 0.008787774480879307, "Final RMSE": 0.09374313056468964, "Final MAPE": 151491.21875, "Final MAE": 0.0658806562423706, "Total Training Time": 6.354876518249512, "Average Time per Epoch": 6.19549560546875, "_wandb": {"runtime": 6}}