{"epoch": 0, "_timestamp": 1703674052.8497877, "loss": 0.009053993038833141, "root_mean_squared_error": 0.09608897566795349, "mean_absolute_percentage_error": 5989984.0, "mean_absolute_error": 0.05368474870920181, "val_loss": 0.009108706377446651, "val_root_mean_squared_error": 0.09543954581022263, "val_mean_absolute_percentage_error": 5210055.0, "val_mean_absolute_error": 0.05230911076068878, "_runtime": 7.401178598403931, "_step": 1, "best_val_loss": 0.009108706377446651, "best_epoch": 0, "Final MSE": 0.009849374182522297, "Final RMSE": 0.09924401342868805, "Final MAPE": 8775102.0, "Final MAE": 0.053586237132549286, "Total Training Time": 6.185823440551758, "Average Time per Epoch": 6.017589807510376, "_wandb": {"runtime": 6}}