{"epoch": 13, "_timestamp": 1703155135.2807329, "loss": 0.006040037609636784, "root_mean_squared_error": 0.07771767675876617, "mean_absolute_percentage_error": 6553.8818359375, "mean_absolute_error": 0.03479977697134018, "val_loss": 0.014234072528779507, "val_root_mean_squared_error": 0.11930663138628006, "val_mean_absolute_percentage_error": 109513.3359375, "val_mean_absolute_error": 0.08376039564609528, "_runtime": 20.999764919281006, "_step": 14, "best_val_loss": 0.010584780015051365, "best_epoch": 3, "Final MSE": 0.01652517169713974, "Final RMSE": 0.12855027616024017, "Final MAPE": 228906.890625, "Final MAE": 0.08725716173648834, "Total Training Time": 18.73753023147583, "Average Time per Epoch": 1.3273232664380754, "_wandb": {"runtime": 19}}