{"epoch": 13, "_timestamp": 1703148697.0142105, "loss": 0.006072208750993013, "root_mean_squared_error": 0.07792437821626663, "mean_absolute_percentage_error": 111746.9375, "mean_absolute_error": 0.04434306547045708, "val_loss": 0.007662728428840637, "val_root_mean_squared_error": 0.0875370129942894, "val_mean_absolute_percentage_error": 48907.31640625, "val_mean_absolute_error": 0.060437705367803574, "_runtime": 13.909067392349243, "_step": 14, "best_val_loss": 0.005947896279394627, "best_epoch": 3, "Final MSE": 0.012795506045222282, "Final RMSE": 0.11311722546815872, "Final MAPE": 411075.5, "Final MAE": 0.08116208016872406, "Total Training Time": 11.666995525360107, "Average Time per Epoch": 0.8242528438568115, "_wandb": {"runtime": 12}}