{"epoch": 0, "_timestamp": 1703560820.4294763, "loss": 0.005502363666892052, "root_mean_squared_error": 0.0764227882027626, "mean_absolute_percentage_error": 18345.93359375, "mean_absolute_error": 0.050108879804611206, "val_loss": 0.01142159104347229, "val_root_mean_squared_error": 0.1068718433380127, "val_mean_absolute_percentage_error": 122134.0, "val_mean_absolute_error": 0.07505343854427338, "_runtime": 3.7357983589172363, "_step": 1, "best_val_loss": 0.01142159104347229, "best_epoch": 0, "Final MSE": 0.008426228538155556, "Final RMSE": 0.09179449081420898, "Final MAPE": 85091.6484375, "Final MAE": 0.06646621227264404, "Total Training Time": 1.9171550273895264, "Average Time per Epoch": 1.807143211364746, "_wandb": {"runtime": 2}}