{"epoch": 0, "_timestamp": 1703656808.9590971, "loss": 0.0054657114669680595, "root_mean_squared_error": 0.07833458483219147, "mean_absolute_percentage_error": 8275.986328125, "mean_absolute_error": 0.04189380630850792, "val_loss": 0.009700663387775421, "val_root_mean_squared_error": 0.09849194437265396, "val_mean_absolute_percentage_error": 162110.3125, "val_mean_absolute_error": 0.0778365433216095, "_runtime": 4.5484771728515625, "_step": 1, "best_val_loss": 0.009700663387775421, "best_epoch": 0, "Final MSE": 0.00833947118371725, "Final RMSE": 0.0913207083940506, "Final MAPE": 44205.73046875, "Final MAE": 0.06768089532852173, "Total Training Time": 2.7487051486968994, "Average Time per Epoch": 2.5966684818267822, "_wandb": {"runtime": 2}}