{"epoch": 41, "_timestamp": 1703468968.9711523, "loss": 0.006995457224547863, "root_mean_squared_error": 0.08363884687423706, "mean_absolute_percentage_error": 6319117.5, "mean_absolute_error": 0.04873291403055191, "val_loss": 0.009072605520486832, "val_root_mean_squared_error": 0.09525022655725479, "val_mean_absolute_percentage_error": 7045018.5, "val_mean_absolute_error": 0.05459265410900116, "_runtime": 133.83418440818787, "_step": 42, "best_val_loss": 0.008390162140130997, "best_epoch": 31, "Final MSE": 0.012941896915435791, "Final RMSE": 0.11376246064901352, "Final MAPE": 15133179.0, "Final MAE": 0.07223452627658844, "Total Training Time": 131.54975366592407, "Average Time per Epoch": 3.125180233092535, "_wandb": {"runtime": 131}}