{"epoch": 0, "_timestamp": 1703557168.0211911, "loss": 0.008308595977723598, "root_mean_squared_error": 0.09381626546382904, "mean_absolute_percentage_error": 15814.6923828125, "mean_absolute_error": 0.061850231140851974, "val_loss": 0.013422396034002304, "val_root_mean_squared_error": 0.11585506796836853, "val_mean_absolute_percentage_error": 22947.341796875, "val_mean_absolute_error": 0.0802396908402443, "_runtime": 6.472597122192383, "_step": 1, "best_val_loss": 0.013422396034002304, "best_epoch": 0, "Final MSE": 0.012054886668920517, "Final RMSE": 0.1097947508096695, "Final MAPE": 69481.046875, "Final MAE": 0.07514479011297226, "Total Training Time": 4.789113759994507, "Average Time per Epoch": 4.584680080413818, "_wandb": {"runtime": 5}}