{"epoch": 15, "_timestamp": 1703532108.7857118, "loss": 0.013634157367050648, "root_mean_squared_error": 0.11676539480686188, "mean_absolute_percentage_error": 604880.125, "mean_absolute_error": 0.08263102173805237, "val_loss": 0.03261205926537514, "val_root_mean_squared_error": 0.18058809638023376, "val_mean_absolute_percentage_error": 367541.34375, "val_mean_absolute_error": 0.11920648068189621, "_runtime": 222.98017978668213, "_step": 16, "best_val_loss": 0.028832828626036644, "best_epoch": 5, "Final MSE": 0.03486306220293045, "Final RMSE": 0.18671652674674988, "Final MAPE": 113863.8515625, "Final MAE": 0.14714176952838898, "Total Training Time": 218.68014860153198, "Average Time per Epoch": 13.618487522006035, "_wandb": {"runtime": 221}}