{"epoch": 0, "_timestamp": 1703595400.3294444, "loss": 0.020646387711167336, "root_mean_squared_error": 0.14895154535770416, "mean_absolute_percentage_error": 67482.0703125, "mean_absolute_error": 0.08670912683010101, "val_loss": 0.021714750677347183, "val_root_mean_squared_error": 0.14735926687717438, "val_mean_absolute_percentage_error": 134067.46875, "val_mean_absolute_error": 0.10088948905467987, "_runtime": 3.661485433578491, "_step": 1, "best_val_loss": 0.021714750677347183, "best_epoch": 0, "Final MSE": 0.03321324661374092, "Final RMSE": 0.18224504590034485, "Final MAPE": 273314.9375, "Final MAE": 0.1196102648973465, "Total Training Time": 1.599156379699707, "Average Time per Epoch": 1.496126413345337, "_wandb": {"runtime": 1}}