{"epoch": 17, "_timestamp": 1703598803.6290135, "loss": 0.00920564029365778, "root_mean_squared_error": 0.09594602882862091, "mean_absolute_percentage_error": 24479.146484375, "mean_absolute_error": 0.053855303674936295, "val_loss": 0.010015582665801048, "val_root_mean_squared_error": 0.10007788240909576, "val_mean_absolute_percentage_error": 85592.4140625, "val_mean_absolute_error": 0.06288402527570724, "_runtime": 135.7224154472351, "_step": 18, "best_val_loss": 0.00876209419220686, "best_epoch": 7, "Final MSE": 0.014186149463057518, "Final RMSE": 0.11910562217235565, "Final MAPE": 143711.859375, "Final MAE": 0.08134140819311142, "Total Training Time": 133.29568123817444, "Average Time per Epoch": 7.378870791859097, "_wandb": {"runtime": 133}}