{"epoch": 17, "_timestamp": 1703289072.315348, "loss": 0.008888185024261475, "root_mean_squared_error": 0.09427717328071594, "mean_absolute_percentage_error": 12326.2861328125, "mean_absolute_error": 0.06533545255661011, "val_loss": 0.014004655182361603, "val_root_mean_squared_error": 0.11834126710891724, "val_mean_absolute_percentage_error": 113169.6328125, "val_mean_absolute_error": 0.08478378504514694, "_runtime": 26.362183809280396, "_step": 18, "best_val_loss": 0.013774617575109005, "best_epoch": 7, "Final MSE": 0.010587947443127632, "Final RMSE": 0.1028977558016777, "Final MAPE": 181417.546875, "Final MAE": 0.07904893904924393, "Total Training Time": 23.95170307159424, "Average Time per Epoch": 1.3215945031907823, "_wandb": {"runtime": 24}}