{"epoch": 12, "_timestamp": 1703594956.251729, "loss": 0.025934403762221336, "root_mean_squared_error": 0.16104164719581604, "mean_absolute_percentage_error": 30206.1484375, "mean_absolute_error": 0.10194826126098633, "val_loss": 0.020337307825684547, "val_root_mean_squared_error": 0.14260894060134888, "val_mean_absolute_percentage_error": 115446.46875, "val_mean_absolute_error": 0.11412202566862106, "_runtime": 12.544364929199219, "_step": 13, "best_val_loss": 0.018602631986141205, "best_epoch": 2, "Final MSE": 0.02356727421283722, "Final RMSE": 0.15351635217666626, "Final MAPE": 235216.5, "Final MAE": 0.1301632821559906, "Total Training Time": 10.391282796859741, "Average Time per Epoch": 0.7898681713984563, "_wandb": {"runtime": 10}}