{"epoch": 31, "_timestamp": 1703503433.273428, "loss": 0.010026871226727962, "root_mean_squared_error": 0.10013425350189209, "mean_absolute_percentage_error": 20643132.0, "mean_absolute_error": 0.07202119380235672, "val_loss": 0.011148090474307537, "val_root_mean_squared_error": 0.1055845394730568, "val_mean_absolute_percentage_error": 61148.59375, "val_mean_absolute_error": 0.07497470825910568, "_runtime": 25.657361030578613, "_step": 32, "best_val_loss": 0.01104849111288786, "best_epoch": 21, "Final MSE": 0.008185932412743568, "Final RMSE": 0.0904761552810669, "Final MAPE": 519229.21875, "Final MAE": 0.07734305411577225, "Total Training Time": 23.514812469482422, "Average Time per Epoch": 0.7302021980285645, "_wandb": {"runtime": 23}}