{"epoch": 13, "_timestamp": 1703644982.7108352, "loss": 0.006139166187494993, "root_mean_squared_error": 0.07835283130407333, "mean_absolute_percentage_error": 16342.7353515625, "mean_absolute_error": 0.0579114593565464, "val_loss": 0.008343033492565155, "val_root_mean_squared_error": 0.09134020656347275, "val_mean_absolute_percentage_error": 61350.234375, "val_mean_absolute_error": 0.06630554795265198, "_runtime": 37.23228931427002, "_step": 14, "best_val_loss": 0.007043889258056879, "best_epoch": 3, "Final MSE": 0.011216403916478157, "Final RMSE": 0.10590752214193344, "Final MAPE": 185039.4375, "Final MAE": 0.07737810164690018, "Total Training Time": 35.048723459243774, "Average Time per Epoch": 2.4886869192123413, "_wandb": {"runtime": 35}}