{"epoch": 28, "_timestamp": 1703890302.6517272, "loss": 0.015383830294013023, "root_mean_squared_error": 0.12403156608343124, "mean_absolute_percentage_error": 8326.357421875, "mean_absolute_error": 0.08109962940216064, "val_loss": 0.019864942878484726, "val_root_mean_squared_error": 0.14094305038452148, "val_mean_absolute_percentage_error": 135405.6875, "val_mean_absolute_error": 0.08236292749643326, "_runtime": 23.352195262908936, "_step": 29, "best_val_loss": 0.019310947507619858, "best_epoch": 18, "Final MSE": 0.024302668869495392, "Final RMSE": 0.15589313209056854, "Final MAPE": 316866.75, "Final MAE": 0.09821929782629013, "Total Training Time": 22.17983841896057, "Average Time per Epoch": 0.7599003643825136, "_wandb": {"runtime": 22}}