{"epoch": 42, "_timestamp": 1703496928.872239, "loss": 0.004877903964370489, "root_mean_squared_error": 0.06984199583530426, "mean_absolute_percentage_error": 69690.6328125, "mean_absolute_error": 0.033146586269140244, "val_loss": 0.006545858457684517, "val_root_mean_squared_error": 0.08090648055076599, "val_mean_absolute_percentage_error": 116711.765625, "val_mean_absolute_error": 0.0450894869863987, "_runtime": 100.22889113426208, "_step": 43, "best_val_loss": 0.006058844737708569, "best_epoch": 32, "Final MSE": 0.014490531757473946, "Final RMSE": 0.12037662416696548, "Final MAPE": 321493.5625, "Final MAE": 0.06311032176017761, "Total Training Time": 97.56477665901184, "Average Time per Epoch": 2.2638911480127377, "_wandb": {"runtime": 98}}