{"epoch": 0, "_timestamp": 1703641274.7142031, "loss": 0.006478926166892052, "root_mean_squared_error": 0.08764111250638962, "mean_absolute_percentage_error": 9116.2578125, "mean_absolute_error": 0.05074740946292877, "val_loss": 0.01174188032746315, "val_root_mean_squared_error": 0.10835995525121689, "val_mean_absolute_percentage_error": 11195.443359375, "val_mean_absolute_error": 0.06486491113901138, "_runtime": 12.807111024856567, "_step": 1, "best_val_loss": 0.01174188032746315, "best_epoch": 0, "Final MSE": 0.01615796610713005, "Final RMSE": 0.12711398303508759, "Final MAPE": 20034.416015625, "Final MAE": 0.085171177983284, "Total Training Time": 4.548839092254639, "Average Time per Epoch": 4.3978166580200195, "_wandb": {"runtime": 4}}