{"epoch": 41, "_timestamp": 1703896843.798038, "loss": 0.006707184016704559, "root_mean_squared_error": 0.08189740031957626, "mean_absolute_percentage_error": 13426.6298828125, "mean_absolute_error": 0.05379309505224228, "val_loss": 0.012191214598715305, "val_root_mean_squared_error": 0.11041383445262909, "val_mean_absolute_percentage_error": 74628.3125, "val_mean_absolute_error": 0.06972833722829819, "_runtime": 53.292733907699585, "_step": 42, "best_val_loss": 0.011701636016368866, "best_epoch": 31, "Final MSE": 0.02093668095767498, "Final RMSE": 0.14469513297080994, "Final MAPE": 94729.875, "Final MAE": 0.09862703084945679, "Total Training Time": 51.96844148635864, "Average Time per Epoch": 1.2327678600947063, "_wandb": {"runtime": 52}}