{"epoch": 0, "_timestamp": 1703811353.1170847, "loss": 0.010544968768954277, "root_mean_squared_error": 0.10774843394756317, "mean_absolute_percentage_error": 113626.15625, "mean_absolute_error": 0.06046752259135246, "val_loss": 0.009022972546517849, "val_root_mean_squared_error": 0.09498932957649231, "val_mean_absolute_percentage_error": 15787.7861328125, "val_mean_absolute_error": 0.05477214232087135, "_runtime": 5.601053714752197, "_step": 1, "best_val_loss": 0.009022972546517849, "best_epoch": 0, "Final MSE": 0.019182831048965454, "Final RMSE": 0.1385020911693573, "Final MAPE": 102240.7734375, "Final MAE": 0.08750125765800476, "Total Training Time": 4.417492628097534, "Average Time per Epoch": 4.225091218948364, "_wandb": {"runtime": 4}}