{"epoch": 38, "_timestamp": 1703463863.0660946, "loss": 0.0077150664292275906, "root_mean_squared_error": 0.08783545345067978, "mean_absolute_percentage_error": 8284891.0, "mean_absolute_error": 0.05050169676542282, "val_loss": 0.01229857001453638, "val_root_mean_squared_error": 0.11089891940355301, "val_mean_absolute_percentage_error": 13921408.0, "val_mean_absolute_error": 0.06576880067586899, "_runtime": 137.3752887248993, "_step": 39, "best_val_loss": 0.011440826579928398, "best_epoch": 28, "Final MSE": 0.01178346574306488, "Final RMSE": 0.10855167359113693, "Final MAPE": 19527378.0, "Final MAE": 0.06679189205169678, "Total Training Time": 135.0201563835144, "Average Time per Epoch": 3.454392494299473, "_wandb": {"runtime": 135}}