{"epoch": 15, "_timestamp": 1703518031.7217937, "loss": 0.006236355286091566, "root_mean_squared_error": 0.07897059619426727, "mean_absolute_percentage_error": 11643.828125, "mean_absolute_error": 0.04487164691090584, "val_loss": 0.02553035132586956, "val_root_mean_squared_error": 0.15978220105171204, "val_mean_absolute_percentage_error": 34378.875, "val_mean_absolute_error": 0.13013306260108948, "_runtime": 71.48602771759033, "_step": 16, "best_val_loss": 0.010088009759783745, "best_epoch": 5, "Final MSE": 0.03782114014029503, "Final RMSE": 0.19447657465934753, "Final MAPE": 56198.17578125, "Final MAE": 0.17003194987773895, "Total Training Time": 69.99005031585693, "Average Time per Epoch": 4.354565069079399, "_wandb": {"runtime": 70}}