{"epoch": 0, "_timestamp": 1703764690.5309641, "loss": 0.024390192702412605, "root_mean_squared_error": 0.1628640741109848, "mean_absolute_percentage_error": 104037.515625, "mean_absolute_error": 0.09895535558462143, "val_loss": 0.02892155759036541, "val_root_mean_squared_error": 0.17006337642669678, "val_mean_absolute_percentage_error": 85945.0, "val_mean_absolute_error": 0.12091388553380966, "_runtime": 2.6562130451202393, "_step": 1, "best_val_loss": 0.02892155759036541, "best_epoch": 0, "Final MSE": 0.04208190366625786, "Final RMSE": 0.20513871312141418, "Final MAPE": 695013.4375, "Final MAE": 0.14550019800662994, "Total Training Time": 1.5448169708251953, "Average Time per Epoch": 1.4521450996398926, "_wandb": {"runtime": 1}}