{"epoch": 12, "_timestamp": 1703346873.9002523, "loss": 0.07999959588050842, "root_mean_squared_error": 0.28284209966659546, "mean_absolute_percentage_error": 99603256.0, "mean_absolute_error": 0.23249228298664093, "val_loss": 0.08005862683057785, "val_root_mean_squared_error": 0.2829464077949524, "val_mean_absolute_percentage_error": 101060824.0, "val_mean_absolute_error": 0.22484320402145386, "_runtime": 11.947494268417358, "_step": 13, "best_val_loss": 0.08001874387264252, "best_epoch": 2, "Final MSE": 0.07134828716516495, "Final RMSE": 0.2671109735965729, "Final MAPE": 110283216.0, "Final MAE": 0.2121720165014267, "Total Training Time": 9.749902725219727, "Average Time per Epoch": 0.7411465461437519, "_wandb": {"runtime": 10}}