{"epoch": 30, "_timestamp": 1703920540.6993737, "loss": 0.009758557192981243, "root_mean_squared_error": 0.0987854078412056, "mean_absolute_percentage_error": 407867.9375, "mean_absolute_error": 0.067137710750103, "val_loss": 0.015614443458616734, "val_root_mean_squared_error": 0.12495777010917664, "val_mean_absolute_percentage_error": 114557.96875, "val_mean_absolute_error": 0.08348771929740906, "_runtime": 118.51690983772278, "_step": 31, "best_val_loss": 0.014824136160314083, "best_epoch": 20, "Final MSE": 0.013723248615860939, "Final RMSE": 0.11714626848697662, "Final MAPE": 139799.890625, "Final MAE": 0.09167000651359558, "Total Training Time": 115.95673370361328, "Average Time per Epoch": 3.730227985689717, "_wandb": {"runtime": 116}}