{"epoch": 24, "_timestamp": 1703149152.3210418, "loss": 0.0070653450675308704, "root_mean_squared_error": 0.08405561000108719, "mean_absolute_percentage_error": 39435.453125, "mean_absolute_error": 0.05402493476867676, "val_loss": 0.009486675262451172, "val_root_mean_squared_error": 0.09739956259727478, "val_mean_absolute_percentage_error": 23062.794921875, "val_mean_absolute_error": 0.06405042856931686, "_runtime": 22.16517972946167, "_step": 25, "best_val_loss": 0.009230001829564571, "best_epoch": 14, "Final MSE": 0.01619075797498226, "Final RMSE": 0.12724290788173676, "Final MAPE": 119255.1328125, "Final MAE": 0.08767341822385788, "Total Training Time": 19.956077814102173, "Average Time per Epoch": 0.7926423358917236, "_wandb": {"runtime": 20}}