{"epoch": 29, "_timestamp": 1703346755.6702015, "loss": 0.07207442820072174, "root_mean_squared_error": 0.26846668124198914, "mean_absolute_percentage_error": 90033352.0, "mean_absolute_error": 0.21647578477859497, "val_loss": 0.0830804780125618, "val_root_mean_squared_error": 0.2882368266582489, "val_mean_absolute_percentage_error": 93985600.0, "val_mean_absolute_error": 0.22457395493984222, "_runtime": 23.704813480377197, "_step": 30, "best_val_loss": 0.0828915536403656, "best_epoch": 19, "Final MSE": 0.07594875991344452, "Final RMSE": 0.2755880057811737, "Final MAPE": 102121664.0, "Final MAE": 0.21333113312721252, "Total Training Time": 21.34805655479431, "Average Time per Epoch": 0.7068964163462321, "_wandb": {"runtime": 21}}