{"epoch": 0, "_timestamp": 1703673694.5981226, "loss": 0.0077492049895226955, "root_mean_squared_error": 0.09079234302043915, "mean_absolute_percentage_error": 5451155.0, "mean_absolute_error": 0.049106597900390625, "val_loss": 0.010349798016250134, "val_root_mean_squared_error": 0.10173396021127701, "val_mean_absolute_percentage_error": 8209242.5, "val_mean_absolute_error": 0.055836766958236694, "_runtime": 7.216156482696533, "_step": 1, "best_val_loss": 0.010349798016250134, "best_epoch": 0, "Final MSE": 0.011010153219103813, "Final RMSE": 0.10492927581071854, "Final MAPE": 10555776.0, "Final MAE": 0.05655547231435776, "Total Training Time": 6.14821195602417, "Average Time per Epoch": 5.990023374557495, "_wandb": {"runtime": 6}}