{"epoch": 0, "_timestamp": 1703675165.3608925, "loss": 0.008135270327329636, "root_mean_squared_error": 0.09315039217472076, "mean_absolute_percentage_error": 5358720.0, "mean_absolute_error": 0.04971858114004135, "val_loss": 0.008022386580705643, "val_root_mean_squared_error": 0.08956777304410934, "val_mean_absolute_percentage_error": 3363811.0, "val_mean_absolute_error": 0.0451066792011261, "_runtime": 7.390931606292725, "_step": 1, "best_val_loss": 0.008022386580705643, "best_epoch": 0, "Final MSE": 0.012969249859452248, "Final RMSE": 0.11388261616230011, "Final MAPE": 5608172.0, "Final MAE": 0.05017963424324989, "Total Training Time": 6.24343466758728, "Average Time per Epoch": 6.074737787246704, "_wandb": {"runtime": 6}}