{"epoch": 17, "_timestamp": 1703345216.3741868, "loss": 0.06898914277553558, "root_mean_squared_error": 0.26265788078308105, "mean_absolute_percentage_error": 78312400.0, "mean_absolute_error": 0.2032841295003891, "val_loss": 0.0753900408744812, "val_root_mean_squared_error": 0.2745724320411682, "val_mean_absolute_percentage_error": 80321584.0, "val_mean_absolute_error": 0.2070373296737671, "_runtime": 15.169305801391602, "_step": 18, "best_val_loss": 0.07523693889379501, "best_epoch": 7, "Final MSE": 0.0767107903957367, "Final RMSE": 0.2769671380519867, "Final MAPE": 86190160.0, "Final MAE": 0.2044689953327179, "Total Training Time": 12.999580383300781, "Average Time per Epoch": 0.7150555451711019, "_wandb": {"runtime": 13}}