{"epoch": 0, "_timestamp": 1703811569.5022323, "loss": 0.004730068612843752, "root_mean_squared_error": 0.07794637978076935, "mean_absolute_percentage_error": 49604.92578125, "mean_absolute_error": 0.0380975566804409, "val_loss": 0.005755415186285973, "val_root_mean_squared_error": 0.07586444914340973, "val_mean_absolute_percentage_error": 53233.4453125, "val_mean_absolute_error": 0.03673749789595604, "_runtime": 6.115302324295044, "_step": 1, "best_val_loss": 0.005755415186285973, "best_epoch": 0, "Final MSE": 0.016170872375369072, "Final RMSE": 0.12716475129127502, "Final MAPE": 31317.759765625, "Final MAE": 0.06403527408838272, "Total Training Time": 4.386473178863525, "Average Time per Epoch": 4.1848368644714355, "_wandb": {"runtime": 4}}