{"epoch": 0, "_timestamp": 1703737499.0976145, "loss": 0.007300932426005602, "root_mean_squared_error": 0.08942577987909317, "mean_absolute_percentage_error": 7641147.0, "mean_absolute_error": 0.05108664557337761, "val_loss": 0.011141146533191204, "val_root_mean_squared_error": 0.10555163025856018, "val_mean_absolute_percentage_error": 7345530.5, "val_mean_absolute_error": 0.057174429297447205, "_runtime": 6.23130464553833, "_step": 1, "best_val_loss": 0.011141146533191204, "best_epoch": 0, "Final MSE": 0.011511906050145626, "Final RMSE": 0.10729355365037918, "Final MAPE": 12392444.0, "Final MAE": 0.06165443733334541, "Total Training Time": 5.075883626937866, "Average Time per Epoch": 4.86210298538208, "_wandb": {"runtime": 5}}