{"epoch": 36, "_timestamp": 1703160397.0084534, "loss": 0.006193980108946562, "root_mean_squared_error": 0.07870184630155563, "mean_absolute_percentage_error": 3554.09326171875, "mean_absolute_error": 0.04464669153094292, "val_loss": 0.011999213136732578, "val_root_mean_squared_error": 0.1095409169793129, "val_mean_absolute_percentage_error": 46342.69140625, "val_mean_absolute_error": 0.060112517327070236, "_runtime": 81.70304441452026, "_step": 37, "best_val_loss": 0.011134934611618519, "best_epoch": 26, "Final MSE": 0.013806059956550598, "Final RMSE": 0.11749918758869171, "Final MAPE": 26968.25390625, "Final MAE": 0.07859233766794205, "Total Training Time": 79.21946835517883, "Average Time per Epoch": 2.135039078222739, "_wandb": {"runtime": 79}}