{"epoch": 0, "_timestamp": 1703674187.745857, "loss": 0.008573608472943306, "root_mean_squared_error": 0.09302150458097458, "mean_absolute_percentage_error": 5328268.5, "mean_absolute_error": 0.04930448159575462, "val_loss": 0.014503534883260727, "val_root_mean_squared_error": 0.12043062597513199, "val_mean_absolute_percentage_error": 5047060.0, "val_mean_absolute_error": 0.05870687961578369, "_runtime": 7.276726961135864, "_step": 1, "best_val_loss": 0.014503534883260727, "best_epoch": 0, "Final MSE": 0.009698470123112202, "Final RMSE": 0.09848081320524216, "Final MAPE": 6512416.0, "Final MAE": 0.0466194674372673, "Total Training Time": 6.153679132461548, "Average Time per Epoch": 5.98948073387146, "_wandb": {"runtime": 6}}