{"epoch": 0, "_timestamp": 1703505526.3681371, "loss": 0.010454163886606693, "root_mean_squared_error": 0.1060151606798172, "mean_absolute_percentage_error": 116553.4140625, "mean_absolute_error": 0.049946222454309464, "val_loss": 0.007389458362013102, "val_root_mean_squared_error": 0.0859619677066803, "val_mean_absolute_percentage_error": 136885.78125, "val_mean_absolute_error": 0.053970012813806534, "_runtime": 3.577092170715332, "_step": 1, "best_val_loss": 0.007389458362013102, "best_epoch": 0, "Final MSE": 0.016899079084396362, "Final RMSE": 0.12999646365642548, "Final MAPE": 371634.78125, "Final MAE": 0.0751982182264328, "Total Training Time": 1.561293363571167, "Average Time per Epoch": 1.4612610340118408, "_wandb": {"runtime": 1}}