{"epoch": 18, "_timestamp": 1703675398.394853, "loss": 0.07199452817440033, "root_mean_squared_error": 0.26831790804862976, "mean_absolute_percentage_error": 84101512.0, "mean_absolute_error": 0.21068547666072845, "val_loss": 0.051646821200847626, "val_root_mean_squared_error": 0.22725938260555267, "val_mean_absolute_percentage_error": 82144360.0, "val_mean_absolute_error": 0.17473769187927246, "_runtime": 16.244458198547363, "_step": 19, "best_val_loss": 0.05135086178779602, "best_epoch": 8, "Final MSE": 0.04256339743733406, "Final RMSE": 0.2063089907169342, "Final MAPE": 91219952.0, "Final MAE": 0.1629074513912201, "Total Training Time": 14.19927453994751, "Average Time per Epoch": 0.7407509151257967, "_wandb": {"runtime": 14}}