{"epoch": 22, "_timestamp": 1703762442.2046702, "loss": 0.014423063956201077, "root_mean_squared_error": 0.12009600549936295, "mean_absolute_percentage_error": 21316.017578125, "mean_absolute_error": 0.08542077243328094, "val_loss": 0.019910182803869247, "val_root_mean_squared_error": 0.14110343158245087, "val_mean_absolute_percentage_error": 69852.6640625, "val_mean_absolute_error": 0.09602098912000656, "_runtime": 18.31545114517212, "_step": 23, "best_val_loss": 0.019909800961613655, "best_epoch": 12, "Final MSE": 0.037685103714466095, "Final RMSE": 0.19412653148174286, "Final MAPE": 143964.890625, "Final MAE": 0.12888702750205994, "Total Training Time": 17.07299017906189, "Average Time per Epoch": 0.7367784873298977, "_wandb": {"runtime": 17}}