{"epoch": 46, "_timestamp": 1703816013.28418, "loss": 0.008628809824585915, "root_mean_squared_error": 0.0928913876414299, "mean_absolute_percentage_error": 15707.466796875, "mean_absolute_error": 0.060984283685684204, "val_loss": 0.012665556743741035, "val_root_mean_squared_error": 0.11254135519266129, "val_mean_absolute_percentage_error": 53592.56640625, "val_mean_absolute_error": 0.08420052379369736, "_runtime": 65.8312439918518, "_step": 47, "best_val_loss": 0.012274038977921009, "best_epoch": 36, "Final MSE": 0.018877150490880013, "Final RMSE": 0.13739414513111115, "Final MAPE": 213455.421875, "Final MAE": 0.10183990001678467, "Total Training Time": 63.86793851852417, "Average Time per Epoch": 1.3552666826451079, "_wandb": {"runtime": 64}}