{"epoch": 0, "_timestamp": 1703815108.8717735, "loss": 0.004945520777255297, "root_mean_squared_error": 0.07759048789739609, "mean_absolute_percentage_error": 43001.06640625, "mean_absolute_error": 0.038396500051021576, "val_loss": 0.005984319373965263, "val_root_mean_squared_error": 0.07735837996006012, "val_mean_absolute_percentage_error": 90788.8046875, "val_mean_absolute_error": 0.040650624781847, "_runtime": 3.7705695629119873, "_step": 1, "best_val_loss": 0.005984319373965263, "best_epoch": 0, "Final MSE": 0.01707017607986927, "Final RMSE": 0.13065288960933685, "Final MAPE": 56024.08203125, "Final MAE": 0.06285674124956131, "Total Training Time": 1.8461337089538574, "Average Time per Epoch": 1.7303054332733154, "_wandb": {"runtime": 2}}