{"epoch": 0, "_timestamp": 1703648361.2183301, "loss": 0.0063092890195548534, "root_mean_squared_error": 0.08379829674959183, "mean_absolute_percentage_error": 39276.77734375, "mean_absolute_error": 0.06149642542004585, "val_loss": 0.007615650538355112, "val_root_mean_squared_error": 0.08726769685745239, "val_mean_absolute_percentage_error": 79285.109375, "val_mean_absolute_error": 0.06311839073896408, "_runtime": 6.296534061431885, "_step": 1, "best_val_loss": 0.007615650538355112, "best_epoch": 0, "Final MSE": 0.011032391339540482, "Final RMSE": 0.1050351932644844, "Final MAPE": 223119.078125, "Final MAE": 0.07808221876621246, "Total Training Time": 4.595760345458984, "Average Time per Epoch": 4.4057018756866455, "_wandb": {"runtime": 4}}