{"epoch": 0, "_timestamp": 1703741301.3721497, "loss": 0.007000318728387356, "root_mean_squared_error": 0.08449310064315796, "mean_absolute_percentage_error": 8520832.0, "mean_absolute_error": 0.04900461062788963, "val_loss": 0.007969791069626808, "val_root_mean_squared_error": 0.08927368372678757, "val_mean_absolute_percentage_error": 8095802.5, "val_mean_absolute_error": 0.04950198158621788, "_runtime": 3.715698719024658, "_step": 1, "best_val_loss": 0.007969791069626808, "best_epoch": 0, "Final MSE": 0.008816462941467762, "Final RMSE": 0.09389602392911911, "Final MAPE": 12546238.0, "Final MAE": 0.05582933500409126, "Total Training Time": 1.878270149230957, "Average Time per Epoch": 1.756342887878418, "_wandb": {"runtime": 2}}