{"epoch": 19, "_timestamp": 1705583947.6772625, "loss": 0.005022686440497637, "root_mean_squared_error": 0.07087091356515884, "mean_absolute_percentage_error": 67102.0703125, "mean_absolute_error": 0.034766171127557755, "val_loss": 0.005994394421577454, "val_root_mean_squared_error": 0.07742347568273544, "val_mean_absolute_percentage_error": 94444.03125, "val_mean_absolute_error": 0.04464557021856308, "_runtime": 28.12947154045105, "_step": 20, "best_val_loss": 0.005866875406354666, "best_epoch": 9, "Final MSE": 0.01328304223716259, "Final RMSE": 0.11525207757949829, "Final MAPE": 223563.5625, "Final MAE": 0.06799187511205673, "Total Training Time": 26.638343572616577, "Average Time per Epoch": 1.3225592136383058, "_wandb": {"runtime": 27}}