{"epoch": 0, "_timestamp": 1703764914.6870334, "loss": 0.015453316271305084, "root_mean_squared_error": 0.13488559424877167, "mean_absolute_percentage_error": 82186.875, "mean_absolute_error": 0.08989055454730988, "val_loss": 0.028700077906250954, "val_root_mean_squared_error": 0.16941098868846893, "val_mean_absolute_percentage_error": 57469.25390625, "val_mean_absolute_error": 0.11333680152893066, "_runtime": 3.232459306716919, "_step": 1, "best_val_loss": 0.028700077906250954, "best_epoch": 0, "Final MSE": 0.037724707275629044, "Final RMSE": 0.19422848522663116, "Final MAPE": 116411.1484375, "Final MAE": 0.13854138553142548, "Total Training Time": 1.5358498096466064, "Average Time per Epoch": 1.4449293613433838, "_wandb": {"runtime": 1}}