{"epoch": 33, "_timestamp": 1703800480.6554377, "loss": 0.00502011738717556, "root_mean_squared_error": 0.07085278630256653, "mean_absolute_percentage_error": 6440.84033203125, "mean_absolute_error": 0.04553690180182457, "val_loss": 0.01116996444761753, "val_root_mean_squared_error": 0.10568805038928986, "val_mean_absolute_percentage_error": 80352.5078125, "val_mean_absolute_error": 0.06942328810691833, "_runtime": 65.75020360946655, "_step": 34, "best_val_loss": 0.010793359950184822, "best_epoch": 23, "Final MSE": 0.008620070293545723, "Final RMSE": 0.09284433722496033, "Final MAPE": 103814.265625, "Final MAE": 0.06773833185434341, "Total Training Time": 64.18514013290405, "Average Time per Epoch": 1.8834413079654468, "_wandb": {"runtime": 64}}