{"epoch": 12, "_timestamp": 1703594811.705453, "loss": 0.024830950424075127, "root_mean_squared_error": 0.15757836401462555, "mean_absolute_percentage_error": 35640.6875, "mean_absolute_error": 0.11005009710788727, "val_loss": 0.030870219692587852, "val_root_mean_squared_error": 0.17569923400878906, "val_mean_absolute_percentage_error": 114910.875, "val_mean_absolute_error": 0.1104205772280693, "_runtime": 26.209250926971436, "_step": 13, "best_val_loss": 0.03015954978764057, "best_epoch": 2, "Final MSE": 0.033076416701078415, "Final RMSE": 0.1818692535161972, "Final MAPE": 233372.125, "Final MAE": 0.12256811559200287, "Total Training Time": 10.433820009231567, "Average Time per Epoch": 0.7934478246248685, "_wandb": {"runtime": 10}}