{"epoch": 40, "_timestamp": 1703089719.3861957, "loss": 0.008285576477646828, "root_mean_squared_error": 0.09102514386177063, "mean_absolute_percentage_error": 6854.8984375, "mean_absolute_error": 0.0589122474193573, "val_loss": 0.01814166083931923, "val_root_mean_squared_error": 0.13469098508358002, "val_mean_absolute_percentage_error": 42455.84765625, "val_mean_absolute_error": 0.09630613029003143, "_runtime": 103.02950167655945, "_step": 41, "best_val_loss": 0.016875173896551132, "best_epoch": 30, "Final MSE": 0.016120007261633873, "Final RMSE": 0.12696458399295807, "Final MAPE": 52509.99609375, "Final MAE": 0.09060169756412506, "Total Training Time": 99.332688331604, "Average Time per Epoch": 2.4172603502506163, "_wandb": {"runtime": 100}}