{"epoch": 13, "_timestamp": 1703655046.5157824, "loss": 0.006957329344004393, "root_mean_squared_error": 0.0834106057882309, "mean_absolute_percentage_error": 10377.7431640625, "mean_absolute_error": 0.05249927565455437, "val_loss": 0.017675131559371948, "val_root_mean_squared_error": 0.13294784724712372, "val_mean_absolute_percentage_error": 51044.59375, "val_mean_absolute_error": 0.08186923712491989, "_runtime": 23.503029346466064, "_step": 14, "best_val_loss": 0.016243889927864075, "best_epoch": 3, "Final MSE": 0.01990707777440548, "Final RMSE": 0.141092449426651, "Final MAPE": 337805.65625, "Final MAE": 0.09942284971475601, "Total Training Time": 21.362693786621094, "Average Time per Epoch": 1.5140018122536796, "_wandb": {"runtime": 21}}