{"epoch": 0, "_timestamp": 1703815593.746647, "loss": 0.007421782705932856, "root_mean_squared_error": 0.09639408439397812, "mean_absolute_percentage_error": 83158.359375, "mean_absolute_error": 0.06037596985697746, "val_loss": 0.01857825741171837, "val_root_mean_squared_error": 0.13630208373069763, "val_mean_absolute_percentage_error": 50527.42578125, "val_mean_absolute_error": 0.08274229615926743, "_runtime": 3.7732608318328857, "_step": 1, "best_val_loss": 0.01857825741171837, "best_epoch": 0, "Final MSE": 0.021974679082632065, "Final RMSE": 0.14823858439922333, "Final MAPE": 48746.00390625, "Final MAE": 0.10320499539375305, "Total Training Time": 1.8444163799285889, "Average Time per Epoch": 1.743631362915039, "_wandb": {"runtime": 2}}