{"epoch": 12, "_timestamp": 1703531881.8752186, "loss": 0.01090107299387455, "root_mean_squared_error": 0.10440820455551147, "mean_absolute_percentage_error": 191450.5625, "mean_absolute_error": 0.07523861527442932, "val_loss": 0.017669817432761192, "val_root_mean_squared_error": 0.13292786478996277, "val_mean_absolute_percentage_error": 44641.65625, "val_mean_absolute_error": 0.09293781220912933, "_runtime": 162.77669954299927, "_step": 13, "best_val_loss": 0.015771104022860527, "best_epoch": 2, "Final MSE": 0.024607323110103607, "Final RMSE": 0.15686722099781036, "Final MAPE": 471500.75, "Final MAE": 0.09492220729589462, "Total Training Time": 160.65302896499634, "Average Time per Epoch": 12.302583419359648, "_wandb": {"runtime": 161}}