{"epoch": 0, "_timestamp": 1703548109.5706003, "loss": 0.005321371369063854, "root_mean_squared_error": 0.07954561710357666, "mean_absolute_percentage_error": 145973.421875, "mean_absolute_error": 0.046234626322984695, "val_loss": 0.010093243792653084, "val_root_mean_squared_error": 0.10046513378620148, "val_mean_absolute_percentage_error": 342670.8125, "val_mean_absolute_error": 0.05700524523854256, "_runtime": 9.524240255355835, "_step": 1, "best_val_loss": 0.010093243792653084, "best_epoch": 0, "Final MSE": 0.013556532561779022, "Final RMSE": 0.11643252521753311, "Final MAPE": 52526.7109375, "Final MAE": 0.06669316440820694, "Total Training Time": 4.511483907699585, "Average Time per Epoch": 4.363482236862183, "_wandb": {"runtime": 4}}