{"epoch": 18, "_timestamp": 1703345492.6180477, "loss": 0.08171006292104721, "root_mean_squared_error": 0.2858497202396393, "mean_absolute_percentage_error": 98810120.0, "mean_absolute_error": 0.23543179035186768, "val_loss": 0.07225948572158813, "val_root_mean_squared_error": 0.26881128549575806, "val_mean_absolute_percentage_error": 102800856.0, "val_mean_absolute_error": 0.22026148438453674, "_runtime": 15.924360752105713, "_step": 19, "best_val_loss": 0.07206112891435623, "best_epoch": 8, "Final MSE": 0.0739428699016571, "Final RMSE": 0.27192437648773193, "Final MAPE": 114503320.0, "Final MAE": 0.21866878867149353, "Total Training Time": 13.631397008895874, "Average Time per Epoch": 0.7109375250966925, "_wandb": {"runtime": 13}}