{"epoch": 0, "_timestamp": 1702916101.8211834, "loss": 0.007850201800465584, "root_mean_squared_error": 0.09169360250234604, "mean_absolute_percentage_error": 16685.263671875, "mean_absolute_error": 0.06265901774168015, "val_loss": 0.007866951636970043, "val_root_mean_squared_error": 0.08869583904743195, "val_mean_absolute_percentage_error": 52095.38671875, "val_mean_absolute_error": 0.06230534613132477, "_runtime": 15.199729442596436, "_step": 1, "best_val_loss": 0.007866951636970043, "best_epoch": 0, "Final MSE": 0.011759728193283081, "Final RMSE": 0.1084422841668129, "Final MAPE": 74721.5703125, "Final MAE": 0.07779355347156525, "Total Training Time": 12.044330596923828, "Average Time per Epoch": 11.610153675079346, "_wandb": {"runtime": 13}}