{"epoch": 12, "_timestamp": 1703154002.7531881, "loss": 0.006444802973419428, "root_mean_squared_error": 0.08027952909469604, "mean_absolute_percentage_error": 112495.15625, "mean_absolute_error": 0.045705731958150864, "val_loss": 0.007007422391325235, "val_root_mean_squared_error": 0.08371035009622574, "val_mean_absolute_percentage_error": 52824.265625, "val_mean_absolute_error": 0.0621456615626812, "_runtime": 19.522603034973145, "_step": 13, "best_val_loss": 0.00565035454928875, "best_epoch": 2, "Final MSE": 0.012435351498425007, "Final RMSE": 0.1115139052271843, "Final MAPE": 615267.375, "Final MAE": 0.0854790061712265, "Total Training Time": 17.319769144058228, "Average Time per Epoch": 1.320288823201106, "_wandb": {"runtime": 17}}