{"epoch": 18, "_timestamp": 1703891177.1948905, "loss": 0.01962677389383316, "root_mean_squared_error": 0.14009559154510498, "mean_absolute_percentage_error": 145867.75, "mean_absolute_error": 0.08780759572982788, "val_loss": 0.01667390577495098, "val_root_mean_squared_error": 0.12912747263908386, "val_mean_absolute_percentage_error": 1292.3995361328125, "val_mean_absolute_error": 0.08696819841861725, "_runtime": 17.29949140548706, "_step": 19, "best_val_loss": 0.015829749405384064, "best_epoch": 8, "Final MSE": 0.019915536046028137, "Final RMSE": 0.14112241566181183, "Final MAPE": 203079.34375, "Final MAE": 0.09672565013170242, "Total Training Time": 14.87728238105774, "Average Time per Epoch": 0.7748190101824308, "_wandb": {"runtime": 15}}