{"epoch": 23, "_timestamp": 1703654260.080483, "loss": 0.016790520399808884, "root_mean_squared_error": 0.12957824766635895, "mean_absolute_percentage_error": 13734.396484375, "mean_absolute_error": 0.09003809094429016, "val_loss": 0.0247278343886137, "val_root_mean_squared_error": 0.15725086629390717, "val_mean_absolute_percentage_error": 25136.82421875, "val_mean_absolute_error": 0.10395175218582153, "_runtime": 37.500473976135254, "_step": 24, "best_val_loss": 0.02438613399863243, "best_epoch": 13, "Final MSE": 0.027568580582737923, "Final RMSE": 0.1660378873348236, "Final MAPE": 152281.03125, "Final MAE": 0.1127295047044754, "Total Training Time": 35.15182185173035, "Average Time per Epoch": 1.457159698009491, "_wandb": {"runtime": 35}}