{"epoch": 18, "_timestamp": 1703299089.4743838, "loss": 0.004597631748765707, "root_mean_squared_error": 0.06780584156513214, "mean_absolute_percentage_error": 8000.42138671875, "mean_absolute_error": 0.03446585312485695, "val_loss": 0.009972047060728073, "val_root_mean_squared_error": 0.09986013919115067, "val_mean_absolute_percentage_error": 204017.78125, "val_mean_absolute_error": 0.08139373362064362, "_runtime": 54.273096799850464, "_step": 19, "best_val_loss": 0.008715121075510979, "best_epoch": 8, "Final MSE": 0.008473062887787819, "Final RMSE": 0.092049241065979, "Final MAPE": 120652.2578125, "Final MAE": 0.06804727762937546, "Total Training Time": 51.791863203048706, "Average Time per Epoch": 2.7141509808992086, "_wandb": {"runtime": 52}}