{"epoch": 26, "_timestamp": 1703696606.588385, "loss": 0.008389788679778576, "root_mean_squared_error": 0.09159579128026962, "mean_absolute_percentage_error": 6587036.5, "mean_absolute_error": 0.05190984532237053, "val_loss": 0.04018860310316086, "val_root_mean_squared_error": 0.2004709541797638, "val_mean_absolute_percentage_error": 22740390.0, "val_mean_absolute_error": 0.1182519719004631, "_runtime": 392.4473969936371, "_step": 27, "best_val_loss": 0.02488425187766552, "best_epoch": 16, "Final MSE": 0.04685750976204872, "Final RMSE": 0.21646595001220703, "Final MAPE": 25479910.0, "Final MAE": 0.11914659291505814, "Total Training Time": 391.0236122608185, "Average Time per Epoch": 14.451201023878875, "_wandb": {"runtime": 391}}