{"epoch": 0, "_timestamp": 1703785801.5368083, "loss": 0.025218848139047623, "root_mean_squared_error": 0.16709600389003754, "mean_absolute_percentage_error": 20010.8125, "mean_absolute_error": 0.09863242506980896, "val_loss": 0.031045373529195786, "val_root_mean_squared_error": 0.17619697749614716, "val_mean_absolute_percentage_error": 28111.353515625, "val_mean_absolute_error": 0.08408823609352112, "_runtime": 26.261296272277832, "_step": 1, "best_val_loss": 0.031045373529195786, "best_epoch": 0, "Final MSE": 0.04587945342063904, "Final RMSE": 0.2141948938369751, "Final MAPE": 97524.625, "Final MAE": 0.14617592096328735, "Total Training Time": 24.794050931930542, "Average Time per Epoch": 23.723491191864014, "_wandb": {"runtime": 25}}