{"epoch": 18, "_timestamp": 1703154865.1929576, "loss": 0.003841088619083166, "root_mean_squared_error": 0.06197651848196983, "mean_absolute_percentage_error": 40602.4375, "mean_absolute_error": 0.03150569647550583, "val_loss": 0.010174988768994808, "val_root_mean_squared_error": 0.10087114572525024, "val_mean_absolute_percentage_error": 139152.234375, "val_mean_absolute_error": 0.05482139810919762, "_runtime": 26.97414255142212, "_step": 19, "best_val_loss": 0.008700860664248466, "best_epoch": 8, "Final MSE": 0.01469638291746378, "Final RMSE": 0.12122863531112671, "Final MAPE": 216989.703125, "Final MAE": 0.07341843843460083, "Total Training Time": 24.653855323791504, "Average Time per Epoch": 1.2890447566383763, "_wandb": {"runtime": 25}}