{"epoch": 23, "_timestamp": 1705577434.0379858, "loss": 0.005807361099869013, "root_mean_squared_error": 0.07620604336261749, "mean_absolute_percentage_error": 5390.10888671875, "mean_absolute_error": 0.033949337899684906, "val_loss": 0.009151224978268147, "val_root_mean_squared_error": 0.09566203504800797, "val_mean_absolute_percentage_error": 105018.6875, "val_mean_absolute_error": 0.06117817759513855, "_runtime": 21.94691491127014, "_step": 24, "best_val_loss": 0.008920028805732727, "best_epoch": 13, "Final MSE": 0.0110709760338068, "Final RMSE": 0.10521870851516724, "Final MAPE": 200880.84375, "Final MAE": 0.06359485536813736, "Total Training Time": 18.594419956207275, "Average Time per Epoch": 0.7692451278368632, "_wandb": {"runtime": 18}}