{"epoch": 19, "_timestamp": 1703920338.1256425, "loss": 0.005440803244709969, "root_mean_squared_error": 0.07376179844141006, "mean_absolute_percentage_error": 5028.6923828125, "mean_absolute_error": 0.033488500863313675, "val_loss": 0.010682147927582264, "val_root_mean_squared_error": 0.10335447639226913, "val_mean_absolute_percentage_error": 33721.1328125, "val_mean_absolute_error": 0.06114177778363228, "_runtime": 70.87022852897644, "_step": 20, "best_val_loss": 0.009575600735843182, "best_epoch": 9, "Final MSE": 0.013065153732895851, "Final RMSE": 0.11430290341377258, "Final MAPE": 175531.578125, "Final MAE": 0.06888201832771301, "Total Training Time": 69.30549573898315, "Average Time per Epoch": 3.450895082950592, "_wandb": {"runtime": 69}}