{"epoch": 0, "_timestamp": 1703560573.7885118, "loss": 0.009988196194171906, "root_mean_squared_error": 0.10279259085655212, "mean_absolute_percentage_error": 424671.78125, "mean_absolute_error": 0.07104288041591644, "val_loss": 0.015821179375052452, "val_root_mean_squared_error": 0.12578226625919342, "val_mean_absolute_percentage_error": 88589.296875, "val_mean_absolute_error": 0.08351952582597733, "_runtime": 3.8234498500823975, "_step": 1, "best_val_loss": 0.015821179375052452, "best_epoch": 0, "Final MSE": 0.014233075082302094, "Final RMSE": 0.11930245161056519, "Final MAPE": 127255.3046875, "Final MAE": 0.09114385396242142, "Total Training Time": 1.9284734725952148, "Average Time per Epoch": 1.8174421787261963, "_wandb": {"runtime": 2}}