{"epoch": 0, "_timestamp": 1703737049.9712093, "loss": 0.007965159602463245, "root_mean_squared_error": 0.09285756945610046, "mean_absolute_percentage_error": 9665889.0, "mean_absolute_error": 0.05333811417222023, "val_loss": 0.012434725649654865, "val_root_mean_squared_error": 0.11151110380887985, "val_mean_absolute_percentage_error": 15202918.0, "val_mean_absolute_error": 0.06726280599832535, "_runtime": 6.545556306838989, "_step": 1, "best_val_loss": 0.012434725649654865, "best_epoch": 0, "Final MSE": 0.01377419475466013, "Final RMSE": 0.11736351251602173, "Final MAPE": 26593258.0, "Final MAE": 0.07655850797891617, "Total Training Time": 4.776405572891235, "Average Time per Epoch": 4.585716485977173, "_wandb": {"runtime": 5}}