{"epoch": 35, "_timestamp": 1703675354.7239234, "loss": 0.0836176872253418, "root_mean_squared_error": 0.2891671657562256, "mean_absolute_percentage_error": 95276024.0, "mean_absolute_error": 0.23383884131908417, "val_loss": 0.07459049671888351, "val_root_mean_squared_error": 0.27311262488365173, "val_mean_absolute_percentage_error": 101254048.0, "val_mean_absolute_error": 0.21840335428714752, "_runtime": 27.395568370819092, "_step": 36, "best_val_loss": 0.07418860495090485, "best_epoch": 25, "Final MSE": 0.05593269690871239, "Final RMSE": 0.23650094866752625, "Final MAPE": 112496720.0, "Final MAE": 0.19834184646606445, "Total Training Time": 26.17348003387451, "Average Time per Epoch": 0.7234562370512221, "_wandb": {"runtime": 26}}