{"epoch": 27, "_timestamp": 1703762514.3659084, "loss": 0.029665466398000717, "root_mean_squared_error": 0.1722366213798523, "mean_absolute_percentage_error": 162743.46875, "mean_absolute_error": 0.10828496515750885, "val_loss": 0.021010933443903923, "val_root_mean_squared_error": 0.1449514925479889, "val_mean_absolute_percentage_error": 61702.48828125, "val_mean_absolute_error": 0.10962800681591034, "_runtime": 21.571558475494385, "_step": 28, "best_val_loss": 0.019830716773867607, "best_epoch": 17, "Final MSE": 0.02192051149904728, "Final RMSE": 0.148055762052536, "Final MAPE": 365613.65625, "Final MAE": 0.11192405968904495, "Total Training Time": 20.375721216201782, "Average Time per Epoch": 0.722969480923244, "_wandb": {"runtime": 20}}