{"epoch": 13, "_timestamp": 1703296342.2469742, "loss": 0.010019042529165745, "root_mean_squared_error": 0.10009516775608063, "mean_absolute_percentage_error": 16666.685546875, "mean_absolute_error": 0.06118394806981087, "val_loss": 0.013596657663583755, "val_root_mean_squared_error": 0.11660470813512802, "val_mean_absolute_percentage_error": 99081.96875, "val_mean_absolute_error": 0.0897739976644516, "_runtime": 39.68182420730591, "_step": 14, "best_val_loss": 0.011318414472043514, "best_epoch": 3, "Final MSE": 0.01688540168106556, "Final RMSE": 0.12994384765625, "Final MAPE": 138510.78125, "Final MAE": 0.09391035884618759, "Total Training Time": 37.18514013290405, "Average Time per Epoch": 2.640910335949489, "_wandb": {"runtime": 37}}