{"epoch": 0, "_timestamp": 1703804910.0656025, "loss": 0.004314812365919352, "root_mean_squared_error": 0.07293965667486191, "mean_absolute_percentage_error": 17823.287109375, "mean_absolute_error": 0.044957034289836884, "val_loss": 0.009200653061270714, "val_root_mean_squared_error": 0.09592003375291824, "val_mean_absolute_percentage_error": 35217.640625, "val_mean_absolute_error": 0.05954376235604286, "_runtime": 12.16691255569458, "_step": 1, "best_val_loss": 0.009200653061270714, "best_epoch": 0, "Final MSE": 0.010625108145177364, "Final RMSE": 0.10307816416025162, "Final MAPE": 100854.2265625, "Final MAE": 0.060998134315013885, "Total Training Time": 4.440380334854126, "Average Time per Epoch": 4.299805641174316, "_wandb": {"runtime": 4}}