{"epoch": 14, "_timestamp": 1703809669.5930982, "loss": 0.011195415630936623, "root_mean_squared_error": 0.10580839216709137, "mean_absolute_percentage_error": 5840.83154296875, "mean_absolute_error": 0.061865292489528656, "val_loss": 0.00941629521548748, "val_root_mean_squared_error": 0.09703759849071503, "val_mean_absolute_percentage_error": 169744.984375, "val_mean_absolute_error": 0.05922365188598633, "_runtime": 38.75422811508179, "_step": 15, "best_val_loss": 0.007661283481866121, "best_epoch": 4, "Final MSE": 0.0395188182592392, "Final RMSE": 0.1987934112548828, "Final MAPE": 275408.34375, "Final MAE": 0.12399148941040039, "Total Training Time": 37.285295724868774, "Average Time per Epoch": 2.4738697528839113, "_wandb": {"runtime": 37}}