{"epoch": 28, "_timestamp": 1703180146.5345063, "loss": 0.004787752870470285, "root_mean_squared_error": 0.06919358670711517, "mean_absolute_percentage_error": 62999.875, "mean_absolute_error": 0.0330398827791214, "val_loss": 0.006014907266944647, "val_root_mean_squared_error": 0.0775558352470398, "val_mean_absolute_percentage_error": 90067.359375, "val_mean_absolute_error": 0.04960173740983009, "_runtime": 99.47780323028564, "_step": 29, "best_val_loss": 0.005647238809615374, "best_epoch": 18, "Final MSE": 0.01506346557289362, "Final RMSE": 0.12273330986499786, "Final MAPE": 210093.0, "Final MAE": 0.0779128223657608, "Total Training Time": 97.1199963092804, "Average Time per Epoch": 3.339189151237751, "_wandb": {"runtime": 97}}