{"epoch": 16, "_timestamp": 1703300173.478392, "loss": 0.011462614871561527, "root_mean_squared_error": 0.10706359893083572, "mean_absolute_percentage_error": 13416.283203125, "mean_absolute_error": 0.06701810657978058, "val_loss": 0.007773241959512234, "val_root_mean_squared_error": 0.08816599100828171, "val_mean_absolute_percentage_error": 48899.37890625, "val_mean_absolute_error": 0.059540361166000366, "_runtime": 51.18227481842041, "_step": 17, "best_val_loss": 0.007607830222696066, "best_epoch": 6, "Final MSE": 0.015434090048074722, "Final RMSE": 0.12423401325941086, "Final MAPE": 142748.375, "Final MAE": 0.0770270898938179, "Total Training Time": 48.61457395553589, "Average Time per Epoch": 2.8462314886205338, "_wandb": {"runtime": 49}}