{"epoch": 24, "_timestamp": 1705642006.3481, "loss": 0.010346289724111557, "root_mean_squared_error": 0.10171671211719513, "mean_absolute_percentage_error": 8634.861328125, "mean_absolute_error": 0.05813542380928993, "val_loss": 0.008435210213065147, "val_root_mean_squared_error": 0.09184340387582779, "val_mean_absolute_percentage_error": 73108.640625, "val_mean_absolute_error": 0.05978197604417801, "_runtime": 83.51375389099121, "_step": 25, "best_val_loss": 0.008061532862484455, "best_epoch": 14, "Final MSE": 0.01562540791928768, "Final RMSE": 0.12500162422657013, "Final MAPE": 40530.02734375, "Final MAE": 0.07544923573732376, "Total Training Time": 81.22689747810364, "Average Time per Epoch": 3.2384080505371093, "_wandb": {"runtime": 81}}