{"epoch": 0, "_timestamp": 1703814797.5242906, "loss": 0.016034875065088272, "root_mean_squared_error": 0.1262969821691513, "mean_absolute_percentage_error": 250192.03125, "mean_absolute_error": 0.0773833841085434, "val_loss": 0.00844328198581934, "val_root_mean_squared_error": 0.09188733249902725, "val_mean_absolute_percentage_error": 240163.5625, "val_mean_absolute_error": 0.05139048770070076, "_runtime": 3.6810436248779297, "_step": 1, "best_val_loss": 0.00844328198581934, "best_epoch": 0, "Final MSE": 0.02048257179558277, "Final RMSE": 0.14311733841896057, "Final MAPE": 23432.40625, "Final MAE": 0.08228706568479538, "Total Training Time": 1.8397161960601807, "Average Time per Epoch": 1.738203763961792, "_wandb": {"runtime": 2}}