{"epoch": 17, "_timestamp": 1705616670.2273293, "loss": 0.005466550588607788, "root_mean_squared_error": 0.07393612712621689, "mean_absolute_percentage_error": 22373.6796875, "mean_absolute_error": 0.04762829840183258, "val_loss": 0.00888882391154766, "val_root_mean_squared_error": 0.09428055584430695, "val_mean_absolute_percentage_error": 110692.8515625, "val_mean_absolute_error": 0.05615866929292679, "_runtime": 16.405754327774048, "_step": 18, "best_val_loss": 0.008172108791768551, "best_epoch": 7, "Final MSE": 0.011417399160563946, "Final RMSE": 0.10685223340988159, "Final MAPE": 173228.015625, "Final MAE": 0.06541162729263306, "Total Training Time": 14.126976013183594, "Average Time per Epoch": 0.7780243025885688, "_wandb": {"runtime": 14}}