{"epoch": 41, "_timestamp": 1705616260.8024895, "loss": 0.0051411222666502, "root_mean_squared_error": 0.07170161604881287, "mean_absolute_percentage_error": 11938.0634765625, "mean_absolute_error": 0.04680973291397095, "val_loss": 0.011082826182246208, "val_root_mean_squared_error": 0.10527500510215759, "val_mean_absolute_percentage_error": 98263.6328125, "val_mean_absolute_error": 0.07029376924037933, "_runtime": 33.629857540130615, "_step": 42, "best_val_loss": 0.010663830675184727, "best_epoch": 31, "Final MSE": 0.008125693537294865, "Final RMSE": 0.0901426300406456, "Final MAPE": 68351.515625, "Final MAE": 0.0645442008972168, "Total Training Time": 31.459147930145264, "Average Time per Epoch": 0.745407087462289, "_wandb": {"runtime": 31}}