{"epoch": 19, "_timestamp": 1703526771.967515, "loss": 0.007450524717569351, "root_mean_squared_error": 0.08631642162799835, "mean_absolute_percentage_error": 8176.58642578125, "mean_absolute_error": 0.058992862701416016, "val_loss": 0.024422595277428627, "val_root_mean_squared_error": 0.15627729892730713, "val_mean_absolute_percentage_error": 300737.21875, "val_mean_absolute_error": 0.12648631632328033, "_runtime": 200.56291604042053, "_step": 20, "best_val_loss": 0.020654847845435143, "best_epoch": 9, "Final MSE": 0.016164079308509827, "Final RMSE": 0.12713803350925446, "Final MAPE": 77832.9140625, "Final MAE": 0.09511414915323257, "Total Training Time": 198.1534583568573, "Average Time per Epoch": 9.87763409614563, "_wandb": {"runtime": 198}}