{"epoch": 15, "_timestamp": 1703906889.1291723, "loss": 0.015450423583388329, "root_mean_squared_error": 0.12429973483085632, "mean_absolute_percentage_error": 305698.59375, "mean_absolute_error": 0.07723045349121094, "val_loss": 0.010493905283510685, "val_root_mean_squared_error": 0.1024397611618042, "val_mean_absolute_percentage_error": 422669.75, "val_mean_absolute_error": 0.06974867731332779, "_runtime": 48.81862139701843, "_step": 16, "best_val_loss": 0.009271443821489811, "best_epoch": 5, "Final MSE": 0.02205050364136696, "Final RMSE": 0.14849412441253662, "Final MAPE": 57491.65625, "Final MAE": 0.09849102795124054, "Total Training Time": 47.30056929588318, "Average Time per Epoch": 2.9404158741235733, "_wandb": {"runtime": 47}}