{"epoch": 26, "_timestamp": 1703903388.3110971, "loss": 0.003941258881241083, "root_mean_squared_error": 0.06277944892644882, "mean_absolute_percentage_error": 15379.2333984375, "mean_absolute_error": 0.03981807827949524, "val_loss": 0.009264959022402763, "val_root_mean_squared_error": 0.09625465422868729, "val_mean_absolute_percentage_error": 48718.703125, "val_mean_absolute_error": 0.0618036650121212, "_runtime": 72.1775951385498, "_step": 27, "best_val_loss": 0.009143526665866375, "best_epoch": 16, "Final MSE": 0.012358838692307472, "Final RMSE": 0.11117031425237656, "Final MAPE": 169189.828125, "Final MAE": 0.07405401021242142, "Total Training Time": 69.73691153526306, "Average Time per Epoch": 2.5737820201449924, "_wandb": {"runtime": 70}}