{"epoch": 33, "_timestamp": 1703294533.9616928, "loss": 0.014857877045869827, "root_mean_squared_error": 0.12189289182424545, "mean_absolute_percentage_error": 12854.0458984375, "mean_absolute_error": 0.0786178857088089, "val_loss": 0.014417107217013836, "val_root_mean_squared_error": 0.12007126212120056, "val_mean_absolute_percentage_error": 75137.953125, "val_mean_absolute_error": 0.08136654645204544, "_runtime": 80.13137078285217, "_step": 34, "best_val_loss": 0.013038610108196735, "best_epoch": 23, "Final MSE": 0.021224159747362137, "Final RMSE": 0.1456851363182068, "Final MAPE": 144543.984375, "Final MAE": 0.09943844377994537, "Total Training Time": 77.66405749320984, "Average Time per Epoch": 2.2775712223613964, "_wandb": {"runtime": 78}}