{"epoch": 24, "_timestamp": 1703316338.3189294, "loss": 0.010413105599582195, "root_mean_squared_error": 0.10204462707042694, "mean_absolute_percentage_error": 10504.1533203125, "mean_absolute_error": 0.05912461504340172, "val_loss": 0.010972080752253532, "val_root_mean_squared_error": 0.1047476977109909, "val_mean_absolute_percentage_error": 112.08185577392578, "val_mean_absolute_error": 0.07101765275001526, "_runtime": 92.67949748039246, "_step": 25, "best_val_loss": 0.007281976751983166, "best_epoch": 14, "Final MSE": 0.03598323464393616, "Final RMSE": 0.18969246745109558, "Final MAPE": 147523.234375, "Final MAE": 0.1358048915863037, "Total Training Time": 90.40659141540527, "Average Time per Epoch": 3.6045711517333983, "_wandb": {"runtime": 90}}