{"epoch": 0, "_timestamp": 1703793303.654027, "loss": 0.01834903471171856, "root_mean_squared_error": 0.15893259644508362, "mean_absolute_percentage_error": 39344.16015625, "mean_absolute_error": 0.11696164309978485, "val_loss": 0.0352882444858551, "val_root_mean_squared_error": 0.1878516525030136, "val_mean_absolute_percentage_error": 105690.890625, "val_mean_absolute_error": 0.12246889621019363, "_runtime": 72.16551399230957, "_step": 1, "best_val_loss": 0.0352882444858551, "best_epoch": 0, "Final MSE": 0.0762961134314537, "Final RMSE": 0.276217520236969, "Final MAPE": 160690.515625, "Final MAE": 0.21826761960983276, "Total Training Time": 69.94424819946289, "Average Time per Epoch": 66.57136917114258, "_wandb": {"runtime": 70}}