{"epoch": 18, "_timestamp": 1703290744.0874913, "loss": 0.006054629571735859, "root_mean_squared_error": 0.07781150192022324, "mean_absolute_percentage_error": 24269.26171875, "mean_absolute_error": 0.05455783009529114, "val_loss": 0.017674125730991364, "val_root_mean_squared_error": 0.13294407725334167, "val_mean_absolute_percentage_error": 138709.609375, "val_mean_absolute_error": 0.10957975685596466, "_runtime": 27.72838020324707, "_step": 19, "best_val_loss": 0.0071359118446707726, "best_epoch": 8, "Final MSE": 0.031454235315322876, "Final RMSE": 0.1773534119129181, "Final MAPE": 450853.4375, "Final MAE": 0.1553172767162323, "Total Training Time": 25.527700424194336, "Average Time per Epoch": 1.335040243048417, "_wandb": {"runtime": 25}}