{"epoch": 0, "_timestamp": 1703814948.1711793, "loss": 0.010704687796533108, "root_mean_squared_error": 0.10828518122434616, "mean_absolute_percentage_error": 114410.5078125, "mean_absolute_error": 0.06025915592908859, "val_loss": 0.008654982782900333, "val_root_mean_squared_error": 0.09303215891122818, "val_mean_absolute_percentage_error": 15302.0517578125, "val_mean_absolute_error": 0.04698190465569496, "_runtime": 3.674776315689087, "_step": 1, "best_val_loss": 0.008654982782900333, "best_epoch": 0, "Final MSE": 0.019382214173674583, "Final RMSE": 0.13922001421451569, "Final MAPE": 107159.0859375, "Final MAE": 0.08348502963781357, "Total Training Time": 1.8095674514770508, "Average Time per Epoch": 1.7138216495513916, "_wandb": {"runtime": 1}}