{"epoch": 23, "_timestamp": 1703675296.4080288, "loss": 0.07145284861326218, "root_mean_squared_error": 0.2673066556453705, "mean_absolute_percentage_error": 85357072.0, "mean_absolute_error": 0.22041374444961548, "val_loss": 0.06634291261434555, "val_root_mean_squared_error": 0.2575712502002716, "val_mean_absolute_percentage_error": 92531368.0, "val_mean_absolute_error": 0.2129540890455246, "_runtime": 19.909363746643066, "_step": 24, "best_val_loss": 0.06598174571990967, "best_epoch": 13, "Final MSE": 0.07620819658041, "Final RMSE": 0.2760583460330963, "Final MAPE": 105696096.0, "Final MAE": 0.22106346487998962, "Total Training Time": 17.857861518859863, "Average Time per Epoch": 0.7375675539175669, "_wandb": {"runtime": 18}}