{"epoch": 0, "_timestamp": 1703803800.9463735, "loss": 0.010378041304647923, "root_mean_squared_error": 0.10764895379543304, "mean_absolute_percentage_error": 95460.71875, "mean_absolute_error": 0.06010221317410469, "val_loss": 0.009798387996852398, "val_root_mean_squared_error": 0.09898680448532104, "val_mean_absolute_percentage_error": 9659.716796875, "val_mean_absolute_error": 0.051598940044641495, "_runtime": 10.039790391921997, "_step": 1, "best_val_loss": 0.009798387996852398, "best_epoch": 0, "Final MSE": 0.02045844867825508, "Final RMSE": 0.14303302764892578, "Final MAPE": 86288.0078125, "Final MAE": 0.0845862403512001, "Total Training Time": 4.4350244998931885, "Average Time per Epoch": 4.2844672203063965, "_wandb": {"runtime": 4}}