{"epoch": 0, "_timestamp": 1703640973.8776417, "loss": 0.009329102002084255, "root_mean_squared_error": 0.10538512468338013, "mean_absolute_percentage_error": 12482.646484375, "mean_absolute_error": 0.0635397881269455, "val_loss": 0.01363604050129652, "val_root_mean_squared_error": 0.11677345633506775, "val_mean_absolute_percentage_error": 50128.1484375, "val_mean_absolute_error": 0.07492709159851074, "_runtime": 12.147835731506348, "_step": 1, "best_val_loss": 0.01363604050129652, "best_epoch": 0, "Final MSE": 0.023678617551922798, "Final RMSE": 0.1538785845041275, "Final MAPE": 15348.0908203125, "Final MAE": 0.10725338011980057, "Total Training Time": 4.535622596740723, "Average Time per Epoch": 4.382577896118164, "_wandb": {"runtime": 4}}