{"epoch": 0, "_timestamp": 1703505055.8864572, "loss": 0.010881274938583374, "root_mean_squared_error": 0.1201515942811966, "mean_absolute_percentage_error": 91834.390625, "mean_absolute_error": 0.07519858330488205, "val_loss": 0.00969310849905014, "val_root_mean_squared_error": 0.098453588783741, "val_mean_absolute_percentage_error": 100798.6171875, "val_mean_absolute_error": 0.06513512879610062, "_runtime": 5.2799601554870605, "_step": 1, "best_val_loss": 0.00969310849905014, "best_epoch": 0, "Final MSE": 0.04072652384638786, "Final RMSE": 0.2018081247806549, "Final MAPE": 205132.15625, "Final MAE": 0.1304585337638855, "Total Training Time": 1.588735818862915, "Average Time per Epoch": 1.4857358932495117, "_wandb": {"runtime": 1}}