{"epoch": 13, "_timestamp": 1703762613.5636373, "loss": 0.028264906257390976, "root_mean_squared_error": 0.16812172532081604, "mean_absolute_percentage_error": 230117.71875, "mean_absolute_error": 0.13021080195903778, "val_loss": 0.0394076444208622, "val_root_mean_squared_error": 0.19851359724998474, "val_mean_absolute_percentage_error": 100766.6640625, "val_mean_absolute_error": 0.14903713762760162, "_runtime": 14.101290225982666, "_step": 14, "best_val_loss": 0.03855249285697937, "best_epoch": 3, "Final MSE": 0.04233052209019661, "Final RMSE": 0.20574383437633514, "Final MAPE": 614690.5625, "Final MAE": 0.16425248980522156, "Total Training Time": 10.575498580932617, "Average Time per Epoch": 0.7474779060908726, "_wandb": {"runtime": 10}}