{"epoch": 11, "_timestamp": 1703603618.9509404, "loss": 0.007779550738632679, "root_mean_squared_error": 0.08820176124572754, "mean_absolute_percentage_error": 12616.7666015625, "mean_absolute_error": 0.06382248550653458, "val_loss": 0.011565732769668102, "val_root_mean_squared_error": 0.10754409432411194, "val_mean_absolute_percentage_error": 148206.8125, "val_mean_absolute_error": 0.08965102583169937, "_runtime": 143.2731852531433, "_step": 12, "best_val_loss": 0.008926206268370152, "best_epoch": 1, "Final MSE": 0.03542962297797203, "Final RMSE": 0.188227578997612, "Final MAPE": 281537.40625, "Final MAE": 0.15980252623558044, "Total Training Time": 140.8025302886963, "Average Time per Epoch": 11.676590104897818, "_wandb": {"runtime": 141}}