{"epoch": 0, "_timestamp": 1703651726.3970437, "loss": 0.012302332557737827, "root_mean_squared_error": 0.11249906569719315, "mean_absolute_percentage_error": 23093.36328125, "mean_absolute_error": 0.0679607093334198, "val_loss": 0.0077677518129348755, "val_root_mean_squared_error": 0.08813484758138657, "val_mean_absolute_percentage_error": 92.48614501953125, "val_mean_absolute_error": 0.05861074849963188, "_runtime": 3.8647806644439697, "_step": 1, "best_val_loss": 0.0077677518129348755, "best_epoch": 0, "Final MSE": 0.028867635875940323, "Final RMSE": 0.16990478336811066, "Final MAPE": 93524.1875, "Final MAE": 0.11397252231836319, "Total Training Time": 1.8743209838867188, "Average Time per Epoch": 1.7668559551239014, "_wandb": {"runtime": 2}}