{"epoch": 17, "_timestamp": 1703736457.8271286, "loss": 0.007205999922007322, "root_mean_squared_error": 0.08488816022872925, "mean_absolute_percentage_error": 6356778.5, "mean_absolute_error": 0.04764833673834801, "val_loss": 0.010636149905622005, "val_root_mean_squared_error": 0.10313171148300171, "val_mean_absolute_percentage_error": 10214042.0, "val_mean_absolute_error": 0.059174928814172745, "_runtime": 60.5920946598053, "_step": 18, "best_val_loss": 0.007665357552468777, "best_epoch": 7, "Final MSE": 0.014051183126866817, "Final RMSE": 0.11853768676519394, "Final MAPE": 19637734.0, "Final MAE": 0.07174012809991837, "Total Training Time": 58.59964346885681, "Average Time per Epoch": 3.2396046453052096, "_wandb": {"runtime": 59}}