{"epoch": 11, "_timestamp": 1705621564.101907, "loss": 0.012217925861477852, "root_mean_squared_error": 0.11053472757339478, "mean_absolute_percentage_error": 1400.869384765625, "mean_absolute_error": 0.06582428514957428, "val_loss": 0.015031684190034866, "val_root_mean_squared_error": 0.12260376662015915, "val_mean_absolute_percentage_error": 258331.609375, "val_mean_absolute_error": 0.07963233441114426, "_runtime": 18.13334012031555, "_step": 12, "best_val_loss": 0.01087717991322279, "best_epoch": 1, "Final MSE": 0.04342582821846008, "Final RMSE": 0.20838864147663116, "Final MAPE": 368397.5625, "Final MAE": 0.13904395699501038, "Total Training Time": 15.75887393951416, "Average Time per Epoch": 1.3005343675613403, "_wandb": {"runtime": 16}}