{"epoch": 20, "_timestamp": 1703314159.3808703, "loss": 0.008613849058747292, "root_mean_squared_error": 0.09281082451343536, "mean_absolute_percentage_error": 7636.99658203125, "mean_absolute_error": 0.06376418471336365, "val_loss": 0.014310454949736595, "val_root_mean_squared_error": 0.11962631344795227, "val_mean_absolute_percentage_error": 113274.6171875, "val_mean_absolute_error": 0.08041886985301971, "_runtime": 78.10484528541565, "_step": 21, "best_val_loss": 0.013630913570523262, "best_epoch": 10, "Final MSE": 0.012469005770981312, "Final RMSE": 0.11166470497846603, "Final MAPE": 173862.609375, "Final MAE": 0.08598708361387253, "Total Training Time": 75.69356918334961, "Average Time per Epoch": 3.591094414393107, "_wandb": {"runtime": 76}}