{"epoch": 0, "_timestamp": 1703677190.9876344, "loss": 0.08368128538131714, "root_mean_squared_error": 0.28364408016204834, "mean_absolute_percentage_error": 96390632.0, "mean_absolute_error": 0.22889141738414764, "val_loss": 0.07492419332265854, "val_root_mean_squared_error": 0.27372288703918457, "val_mean_absolute_percentage_error": 105275248.0, "val_mean_absolute_error": 0.22169266641139984, "_runtime": 3.4693005084991455, "_step": 1, "best_val_loss": 0.07492419332265854, "best_epoch": 0, "Final MSE": 0.05697386711835861, "Final RMSE": 0.2386920005083084, "Final MAPE": 116829528.0, "Final MAE": 0.20274540781974792, "Total Training Time": 1.5278146266937256, "Average Time per Epoch": 1.4376943111419678, "_wandb": {"runtime": 1}}