{"epoch": 36, "_timestamp": 1703450198.575645, "loss": 0.007853427901864052, "root_mean_squared_error": 0.08861956745386124, "mean_absolute_percentage_error": 9873960.0, "mean_absolute_error": 0.0528947189450264, "val_loss": 0.009984324686229229, "val_root_mean_squared_error": 0.09992159157991409, "val_mean_absolute_percentage_error": 13045740.0, "val_mean_absolute_error": 0.06094762682914734, "_runtime": 80.79506301879883, "_step": 37, "best_val_loss": 0.008702488616108894, "best_epoch": 26, "Final MSE": 0.009697910398244858, "Final RMSE": 0.09847796708345413, "Final MAPE": 16997052.0, "Final MAE": 0.06402679532766342, "Total Training Time": 78.36422419548035, "Average Time per Epoch": 2.112065605215124, "_wandb": {"runtime": 78}}