{"epoch": 25, "_timestamp": 1703469481.6758564, "loss": 0.007545147556811571, "root_mean_squared_error": 0.08686280995607376, "mean_absolute_percentage_error": 8937189.0, "mean_absolute_error": 0.05139309912919998, "val_loss": 0.010523303411900997, "val_root_mean_squared_error": 0.1025831550359726, "val_mean_absolute_percentage_error": 9530661.0, "val_mean_absolute_error": 0.05576178804039955, "_runtime": 85.34026336669922, "_step": 26, "best_val_loss": 0.009989079087972641, "best_epoch": 15, "Final MSE": 0.011312855407595634, "Final RMSE": 0.10636191070079803, "Final MAPE": 14649878.0, "Final MAE": 0.062031034380197525, "Total Training Time": 83.02088236808777, "Average Time per Epoch": 3.182979932198158, "_wandb": {"runtime": 83}}