{"epoch": 23, "_timestamp": 1703702757.854491, "loss": 0.008577756583690643, "root_mean_squared_error": 0.09261617809534073, "mean_absolute_percentage_error": 5997091.5, "mean_absolute_error": 0.05299757421016693, "val_loss": 0.025343040004372597, "val_root_mean_squared_error": 0.1591949760913849, "val_mean_absolute_percentage_error": 31406774.0, "val_mean_absolute_error": 0.10752282291650772, "_runtime": 448.7543430328369, "_step": 24, "best_val_loss": 0.02307436801493168, "best_epoch": 13, "Final MSE": 0.03235681727528572, "Final RMSE": 0.17988000810146332, "Final MAPE": 25871934.0, "Final MAE": 0.10391932725906372, "Total Training Time": 446.3105220794678, "Average Time per Epoch": 18.553302764892578, "_wandb": {"runtime": 446}}