{"epoch": 26, "_timestamp": 1703282674.61222, "loss": 0.009047532454133034, "root_mean_squared_error": 0.09511851519346237, "mean_absolute_percentage_error": 13375.708984375, "mean_absolute_error": 0.058255746960639954, "val_loss": 0.012436095625162125, "val_root_mean_squared_error": 0.11151724308729172, "val_mean_absolute_percentage_error": 97920.609375, "val_mean_absolute_error": 0.07407233864068985, "_runtime": 23.667822122573853, "_step": 27, "best_val_loss": 0.01141823548823595, "best_epoch": 16, "Final MSE": 0.01741979829967022, "Final RMSE": 0.13198408484458923, "Final MAPE": 151780.984375, "Final MAE": 0.0868908166885376, "Total Training Time": 21.41838264465332, "Average Time per Epoch": 0.7879721411952266, "_wandb": {"runtime": 21}}