{"epoch": 26, "_timestamp": 1703639200.479792, "loss": 0.004233993124216795, "root_mean_squared_error": 0.06506913900375366, "mean_absolute_percentage_error": 14090.7451171875, "mean_absolute_error": 0.042132169008255005, "val_loss": 0.007319223135709763, "val_root_mean_squared_error": 0.08555246144533157, "val_mean_absolute_percentage_error": 563.865478515625, "val_mean_absolute_error": 0.05269436910748482, "_runtime": 54.55434608459473, "_step": 27, "best_val_loss": 0.00704643689095974, "best_epoch": 16, "Final MSE": 0.009054563008248806, "Final RMSE": 0.09515547007322311, "Final MAPE": 18276.021484375, "Final MAE": 0.058142274618148804, "Total Training Time": 50.870635986328125, "Average Time per Epoch": 1.8772825753247295, "_wandb": {"runtime": 51}}