{"epoch": 18, "_timestamp": 1703120881.3403118, "loss": 0.014370652846992016, "root_mean_squared_error": 0.1198776587843895, "mean_absolute_percentage_error": 36369.8125, "mean_absolute_error": 0.08879292756319046, "val_loss": 0.03273168206214905, "val_root_mean_squared_error": 0.18091899156570435, "val_mean_absolute_percentage_error": 65230.15625, "val_mean_absolute_error": 0.12029024213552475, "_runtime": 280.0468997955322, "_step": 19, "best_val_loss": 0.02929532341659069, "best_epoch": 8, "Final MSE": 0.07494112104177475, "Final RMSE": 0.2737537622451782, "Final MAPE": 168866.78125, "Final MAE": 0.21073368191719055, "Total Training Time": 277.6144139766693, "Average Time per Epoch": 14.565256256806222, "_wandb": {"runtime": 278}}