{"epoch": 0, "_timestamp": 1703591673.817377, "loss": 0.011968164704740047, "root_mean_squared_error": 0.11348743736743927, "mean_absolute_percentage_error": 21050.86328125, "mean_absolute_error": 0.06888309121131897, "val_loss": 0.016394775360822678, "val_root_mean_squared_error": 0.1280420869588852, "val_mean_absolute_percentage_error": 101372.59375, "val_mean_absolute_error": 0.08963387459516525, "_runtime": 7.565217018127441, "_step": 1, "best_val_loss": 0.016394775360822678, "best_epoch": 0, "Final MSE": 0.022300491109490395, "Final RMSE": 0.14933349192142487, "Final MAPE": 141296.65625, "Final MAE": 0.10159047693014145, "Total Training Time": 6.283329248428345, "Average Time per Epoch": 6.122783184051514, "_wandb": {"runtime": 6}}