{"epoch": 0, "_timestamp": 1703762002.208419, "loss": 0.008686556480824947, "root_mean_squared_error": 0.10103888064622879, "mean_absolute_percentage_error": 30248.962890625, "mean_absolute_error": 0.05823732167482376, "val_loss": 0.01340352650731802, "val_root_mean_squared_error": 0.11577360332012177, "val_mean_absolute_percentage_error": 488912.71875, "val_mean_absolute_error": 0.06391756981611252, "_runtime": 7.381335973739624, "_step": 1, "best_val_loss": 0.01340352650731802, "best_epoch": 0, "Final MSE": 0.02396356873214245, "Final RMSE": 0.15480171144008636, "Final MAPE": 62392.5234375, "Final MAE": 0.09946052730083466, "Total Training Time": 6.162798881530762, "Average Time per Epoch": 6.016049385070801, "_wandb": {"runtime": 6}}