{"epoch": 0, "_timestamp": 1703651613.1121058, "loss": 0.010568699799478054, "root_mean_squared_error": 0.1056976392865181, "mean_absolute_percentage_error": 28849.962890625, "mean_absolute_error": 0.06312210857868195, "val_loss": 0.010852680541574955, "val_root_mean_squared_error": 0.10417620092630386, "val_mean_absolute_percentage_error": 58419.9765625, "val_mean_absolute_error": 0.061170544475317, "_runtime": 3.8566038608551025, "_step": 1, "best_val_loss": 0.010852680541574955, "best_epoch": 0, "Final MSE": 0.015928370878100395, "Final RMSE": 0.1262076497077942, "Final MAPE": 134048.671875, "Final MAE": 0.07863473892211914, "Total Training Time": 1.8896598815917969, "Average Time per Epoch": 1.7806367874145508, "_wandb": {"runtime": 2}}