{"epoch": 18, "_timestamp": 1703282024.542653, "loss": 0.008048264309763908, "root_mean_squared_error": 0.08971212059259415, "mean_absolute_percentage_error": 11080.7177734375, "mean_absolute_error": 0.05304219573736191, "val_loss": 0.013191230595111847, "val_root_mean_squared_error": 0.11485308408737183, "val_mean_absolute_percentage_error": 61658.76953125, "val_mean_absolute_error": 0.07363472878932953, "_runtime": 18.08459496498108, "_step": 19, "best_val_loss": 0.012416510842740536, "best_epoch": 8, "Final MSE": 0.02350795641541481, "Final RMSE": 0.15332303941249847, "Final MAPE": 84573.3203125, "Final MAE": 0.10880781710147858, "Total Training Time": 15.392603635787964, "Average Time per Epoch": 0.8033035930834318, "_wandb": {"runtime": 15}}