{"epoch": 16, "_timestamp": 1703734040.2513664, "loss": 0.006293056067079306, "root_mean_squared_error": 0.07932878285646439, "mean_absolute_percentage_error": 6362166.0, "mean_absolute_error": 0.04534747824072838, "val_loss": 0.014176232740283012, "val_root_mean_squared_error": 0.11906398832798004, "val_mean_absolute_percentage_error": 8777806.0, "val_mean_absolute_error": 0.07011192291975021, "_runtime": 48.083627462387085, "_step": 17, "best_val_loss": 0.011446046642959118, "best_epoch": 6, "Final MSE": 0.014542454853653908, "Final RMSE": 0.12059210240840912, "Final MAPE": 15204187.0, "Final MAE": 0.07226983457803726, "Total Training Time": 46.54875111579895, "Average Time per Epoch": 2.7254667422350716, "_wandb": {"runtime": 47}}