{"epoch": 0, "_timestamp": 1703737629.4900875, "loss": 0.010285267606377602, "root_mean_squared_error": 0.10666019469499588, "mean_absolute_percentage_error": 8621242.0, "mean_absolute_error": 0.05894649401307106, "val_loss": 0.012206869199872017, "val_root_mean_squared_error": 0.11048470437526703, "val_mean_absolute_percentage_error": 7576696.5, "val_mean_absolute_error": 0.059888601303100586, "_runtime": 6.712057590484619, "_step": 1, "best_val_loss": 0.012206869199872017, "best_epoch": 0, "Final MSE": 0.012730532325804234, "Final RMSE": 0.11282966285943985, "Final MAPE": 12676881.0, "Final MAE": 0.06673942506313324, "Total Training Time": 5.017113447189331, "Average Time per Epoch": 4.826701879501343, "_wandb": {"runtime": 5}}