{"epoch": 10, "_timestamp": 1703198133.691591, "loss": 0.013415270484983921, "root_mean_squared_error": 0.11582427471876144, "mean_absolute_percentage_error": 46571.0703125, "mean_absolute_error": 0.07970329374074936, "val_loss": 0.011437506414949894, "val_root_mean_squared_error": 0.10694627463817596, "val_mean_absolute_percentage_error": 162429.359375, "val_mean_absolute_error": 0.08700442314147949, "_runtime": 11.028589010238647, "_step": 11, "best_val_loss": 0.010241816751658916, "best_epoch": 0, "Final MSE": 0.03451770544052124, "Final RMSE": 0.18578940629959106, "Final MAPE": 326789.21875, "Final MAE": 0.15972492098808289, "Total Training Time": 8.92916750907898, "Average Time per Epoch": 0.8008112690665505, "_wandb": {"runtime": 9}}