{"epoch": 0, "_timestamp": 1703565360.2258258, "loss": 0.0068605984561145306, "root_mean_squared_error": 0.08847425132989883, "mean_absolute_percentage_error": 7814.81494140625, "mean_absolute_error": 0.05075342208147049, "val_loss": 0.0119553217664361, "val_root_mean_squared_error": 0.10934039205312729, "val_mean_absolute_percentage_error": 43408.77734375, "val_mean_absolute_error": 0.05935924872756004, "_runtime": 4.56437087059021, "_step": 1, "best_val_loss": 0.0119553217664361, "best_epoch": 0, "Final MSE": 0.013694400899112225, "Final RMSE": 0.11702308058738708, "Final MAPE": 27625.708984375, "Final MAE": 0.080123171210289, "Total Training Time": 2.765166759490967, "Average Time per Epoch": 2.6131632328033447, "_wandb": {"runtime": 2}}