{"epoch": 25, "_timestamp": 1705619177.6089625, "loss": 0.00417530769482255, "root_mean_squared_error": 0.0646166205406189, "mean_absolute_percentage_error": 15376.20703125, "mean_absolute_error": 0.041392821818590164, "val_loss": 0.009513922035694122, "val_root_mean_squared_error": 0.09753933548927307, "val_mean_absolute_percentage_error": 70376.8671875, "val_mean_absolute_error": 0.06601616740226746, "_runtime": 34.23069953918457, "_step": 26, "best_val_loss": 0.009193183854222298, "best_epoch": 15, "Final MSE": 0.014185537584125996, "Final RMSE": 0.11910305172204971, "Final MAPE": 179866.828125, "Final MAE": 0.08727762848138809, "Total Training Time": 31.935658931732178, "Average Time per Epoch": 1.2216002207535963, "_wandb": {"runtime": 32}}