{"epoch": 27, "_timestamp": 1703402003.5626986, "loss": 0.011629628948867321, "root_mean_squared_error": 0.10784075409173965, "mean_absolute_percentage_error": 10670448.0, "mean_absolute_error": 0.0642215684056282, "val_loss": 0.03770187497138977, "val_root_mean_squared_error": 0.19416970014572144, "val_mean_absolute_percentage_error": 32419298.0, "val_mean_absolute_error": 0.12114495784044266, "_runtime": 596.6472516059875, "_step": 28, "best_val_loss": 0.034532979130744934, "best_epoch": 17, "Final MSE": 0.02889823168516159, "Final RMSE": 0.1699948012828827, "Final MAPE": 25462122.0, "Final MAE": 0.09353628754615784, "Total Training Time": 594.2917652130127, "Average Time per Epoch": 21.18156842674528, "_wandb": {"runtime": 594}}