{"epoch": 18, "_timestamp": 1703808373.4438794, "loss": 0.003560513723641634, "root_mean_squared_error": 0.059670042246580124, "mean_absolute_percentage_error": 12076.8427734375, "mean_absolute_error": 0.03285432606935501, "val_loss": 0.013328338973224163, "val_root_mean_squared_error": 0.11544842272996902, "val_mean_absolute_percentage_error": 134933.578125, "val_mean_absolute_error": 0.06922610849142075, "_runtime": 47.14704346656799, "_step": 19, "best_val_loss": 0.010767627507448196, "best_epoch": 8, "Final MSE": 0.021297626197338104, "Final RMSE": 0.14593705534934998, "Final MAPE": 21144.001953125, "Final MAE": 0.07965081930160522, "Total Training Time": 45.714155435562134, "Average Time per Epoch": 2.39543218361704, "_wandb": {"runtime": 46}}