{"epoch": 0, "_timestamp": 1703815317.3390186, "loss": 0.00542411720380187, "root_mean_squared_error": 0.08762107044458389, "mean_absolute_percentage_error": 105172.1015625, "mean_absolute_error": 0.04299607127904892, "val_loss": 0.005893568973988295, "val_root_mean_squared_error": 0.07676958292722702, "val_mean_absolute_percentage_error": 91458.859375, "val_mean_absolute_error": 0.04742300137877464, "_runtime": 3.192441701889038, "_step": 1, "best_val_loss": 0.005893568973988295, "best_epoch": 0, "Final MSE": 0.013943489640951157, "Final RMSE": 0.11808255314826965, "Final MAPE": 213896.578125, "Final MAE": 0.07165569812059402, "Total Training Time": 1.8485980033874512, "Average Time per Epoch": 1.7252755165100098, "_wandb": {"runtime": 2}}