{"epoch": 0, "_timestamp": 1703557044.853215, "loss": 0.004596938844770193, "root_mean_squared_error": 0.07749255001544952, "mean_absolute_percentage_error": 2042122.0, "mean_absolute_error": 0.04663945734500885, "val_loss": 0.008687919937074184, "val_root_mean_squared_error": 0.09320901334285736, "val_mean_absolute_percentage_error": 20860.732421875, "val_mean_absolute_error": 0.06922667473554611, "_runtime": 6.4709460735321045, "_step": 1, "best_val_loss": 0.008687919937074184, "best_epoch": 0, "Final MSE": 0.00563597958534956, "Final RMSE": 0.07507316023111343, "Final MAPE": 419663.4375, "Final MAE": 0.05990687385201454, "Total Training Time": 4.8341944217681885, "Average Time per Epoch": 4.628157615661621, "_wandb": {"runtime": 5}}