{"epoch": 28, "_timestamp": 1703282160.893123, "loss": 0.005413807462900877, "root_mean_squared_error": 0.07357858121395111, "mean_absolute_percentage_error": 30054.603515625, "mean_absolute_error": 0.05035987123847008, "val_loss": 0.008852417580783367, "val_root_mean_squared_error": 0.09408728778362274, "val_mean_absolute_percentage_error": 65359.57421875, "val_mean_absolute_error": 0.06109171360731125, "_runtime": 24.96521782875061, "_step": 29, "best_val_loss": 0.008219243958592415, "best_epoch": 18, "Final MSE": 0.008997227065265179, "Final RMSE": 0.0948537141084671, "Final MAPE": 144378.578125, "Final MAE": 0.06730750948190689, "Total Training Time": 22.761564254760742, "Average Time per Epoch": 0.7800581537444016, "_wandb": {"runtime": 23}}