{"epoch": 39, "_timestamp": 1703443714.086346, "loss": 0.008974640630185604, "root_mean_squared_error": 0.09473457932472229, "mean_absolute_percentage_error": 9255270.0, "mean_absolute_error": 0.05712483078241348, "val_loss": 0.010046865791082382, "val_root_mean_squared_error": 0.10023405402898788, "val_mean_absolute_percentage_error": 13021953.0, "val_mean_absolute_error": 0.059791333973407745, "_runtime": 50.243257999420166, "_step": 40, "best_val_loss": 0.008709617890417576, "best_epoch": 29, "Final MSE": 0.013122920878231525, "Final RMSE": 0.11455532163381577, "Final MAPE": 24906892.0, "Final MAE": 0.0717371329665184, "Total Training Time": 47.864057302474976, "Average Time per Epoch": 1.1919858753681183, "_wandb": {"runtime": 48}}