{"epoch": 29, "_timestamp": 1703288165.5826504, "loss": 0.004597878083586693, "root_mean_squared_error": 0.0678076520562172, "mean_absolute_percentage_error": 27108.2890625, "mean_absolute_error": 0.04760909825563431, "val_loss": 0.008677195757627487, "val_root_mean_squared_error": 0.09315146505832672, "val_mean_absolute_percentage_error": 95791.4296875, "val_mean_absolute_error": 0.06624047458171844, "_runtime": 41.274861335754395, "_step": 30, "best_val_loss": 0.007591147441416979, "best_epoch": 19, "Final MSE": 0.01685326360166073, "Final RMSE": 0.12982012331485748, "Final MAPE": 304468.9375, "Final MAE": 0.09650272876024246, "Total Training Time": 38.91481256484985, "Average Time per Epoch": 1.2910924116770426, "_wandb": {"runtime": 39}}