{"epoch": 0, "_timestamp": 1703505561.5150042, "loss": 0.010034292936325073, "root_mean_squared_error": 0.09933622181415558, "mean_absolute_percentage_error": 18133518.0, "mean_absolute_error": 0.07303538173437119, "val_loss": 0.011447533033788204, "val_root_mean_squared_error": 0.10699314624071121, "val_mean_absolute_percentage_error": 68349.203125, "val_mean_absolute_error": 0.07845006883144379, "_runtime": 3.5903501510620117, "_step": 1, "best_val_loss": 0.011447533033788204, "best_epoch": 0, "Final MSE": 0.009069197811186314, "Final RMSE": 0.09523233026266098, "Final MAPE": 557864.125, "Final MAE": 0.08311285078525543, "Total Training Time": 1.5464746952056885, "Average Time per Epoch": 1.447474479675293, "_wandb": {"runtime": 1}}