{"epoch": 0, "_timestamp": 1703593034.730768, "loss": 0.004581956192851067, "root_mean_squared_error": 0.07329706847667694, "mean_absolute_percentage_error": 39884.953125, "mean_absolute_error": 0.04747506603598595, "val_loss": 0.007474464830011129, "val_root_mean_squared_error": 0.08645498752593994, "val_mean_absolute_percentage_error": 115927.96875, "val_mean_absolute_error": 0.05967414379119873, "_runtime": 7.763390064239502, "_step": 1, "best_val_loss": 0.007474464830011129, "best_epoch": 0, "Final MSE": 0.009406228549778461, "Final RMSE": 0.09698571264743805, "Final MAPE": 201976.578125, "Final MAE": 0.06796373426914215, "Total Training Time": 6.481746673583984, "Average Time per Epoch": 6.285732269287109, "_wandb": {"runtime": 6}}