{"epoch": 14, "_timestamp": 1703769418.1208832, "loss": 0.011109980754554272, "root_mean_squared_error": 0.10540389269590378, "mean_absolute_percentage_error": 18568.23046875, "mean_absolute_error": 0.06504490226507187, "val_loss": 0.018300632014870644, "val_root_mean_squared_error": 0.1352798342704773, "val_mean_absolute_percentage_error": 569634.4375, "val_mean_absolute_error": 0.08574683219194412, "_runtime": 83.93273615837097, "_step": 15, "best_val_loss": 0.015415824949741364, "best_epoch": 4, "Final MSE": 0.03169749677181244, "Final RMSE": 0.17803791165351868, "Final MAPE": 198227.984375, "Final MAE": 0.1289025992155075, "Total Training Time": 81.56626868247986, "Average Time per Epoch": 5.411200650533041, "_wandb": {"runtime": 82}}