{"epoch": 22, "_timestamp": 1703893620.3502028, "loss": 0.005025643855333328, "root_mean_squared_error": 0.07089177519083023, "mean_absolute_percentage_error": 47656.66015625, "mean_absolute_error": 0.03400524705648422, "val_loss": 0.006119015626609325, "val_root_mean_squared_error": 0.07822413742542267, "val_mean_absolute_percentage_error": 113242.2578125, "val_mean_absolute_error": 0.04917680844664574, "_runtime": 20.129488706588745, "_step": 23, "best_val_loss": 0.0059459577314555645, "best_epoch": 12, "Final MSE": 0.012882511131465435, "Final RMSE": 0.1135011538863182, "Final MAPE": 252086.609375, "Final MAE": 0.07079064846038818, "Total Training Time": 17.912944793701172, "Average Time per Epoch": 0.7725018832994544, "_wandb": {"runtime": 18}}