{"epoch": 23, "_timestamp": 1703802641.568669, "loss": 0.00984489731490612, "root_mean_squared_error": 0.09922145307064056, "mean_absolute_percentage_error": 459284.03125, "mean_absolute_error": 0.06768854707479477, "val_loss": 0.01674150675535202, "val_root_mean_squared_error": 0.1293889731168747, "val_mean_absolute_percentage_error": 59887.3515625, "val_mean_absolute_error": 0.08484833687543869, "_runtime": 47.8321590423584, "_step": 24, "best_val_loss": 0.015081810764968395, "best_epoch": 13, "Final MSE": 0.013435167260468006, "Final RMSE": 0.11591017246246338, "Final MAPE": 89990.890625, "Final MAE": 0.08844494074583054, "Total Training Time": 45.802695512771606, "Average Time per Epoch": 1.902457704146703, "_wandb": {"runtime": 46}}