{"epoch": 22, "_timestamp": 1703782000.8409436, "loss": 0.018175320699810982, "root_mean_squared_error": 0.13481587171554565, "mean_absolute_percentage_error": 14167.1455078125, "mean_absolute_error": 0.09322039037942886, "val_loss": 0.023994170129299164, "val_root_mean_squared_error": 0.15490052103996277, "val_mean_absolute_percentage_error": 32183.4765625, "val_mean_absolute_error": 0.08037563413381577, "_runtime": 405.29141449928284, "_step": 23, "best_val_loss": 0.022913716733455658, "best_epoch": 12, "Final MSE": 0.03478791192173958, "Final RMSE": 0.1865151822566986, "Final MAPE": 89846.7109375, "Final MAE": 0.12006144970655441, "Total Training Time": 403.4476811885834, "Average Time per Epoch": 17.498104955839075, "_wandb": {"runtime": 403}}