{"epoch": 0, "_timestamp": 1703505702.5457547, "loss": 0.011625472456216812, "root_mean_squared_error": 0.1104014664888382, "mean_absolute_percentage_error": 38036.625, "mean_absolute_error": 0.08162997663021088, "val_loss": 0.023436203598976135, "val_root_mean_squared_error": 0.15308889746665955, "val_mean_absolute_percentage_error": 377024.53125, "val_mean_absolute_error": 0.11884230375289917, "_runtime": 3.5991885662078857, "_step": 1, "best_val_loss": 0.023436203598976135, "best_epoch": 0, "Final MSE": 0.016204165294766426, "Final RMSE": 0.1272955685853958, "Final MAPE": 153752.359375, "Final MAE": 0.0955851823091507, "Total Training Time": 1.553102970123291, "Average Time per Epoch": 1.4510705471038818, "_wandb": {"runtime": 1}}