{"epoch": 17, "_timestamp": 1705583012.1433167, "loss": 0.005331113934516907, "root_mean_squared_error": 0.07301447540521622, "mean_absolute_percentage_error": 161308.8125, "mean_absolute_error": 0.0437435656785965, "val_loss": 0.010674091055989265, "val_root_mean_squared_error": 0.10331549495458603, "val_mean_absolute_percentage_error": 322090.34375, "val_mean_absolute_error": 0.057097986340522766, "_runtime": 25.226411819458008, "_step": 18, "best_val_loss": 0.010546424426138401, "best_epoch": 7, "Final MSE": 0.014779411256313324, "Final RMSE": 0.12157060205936432, "Final MAPE": 29305.822265625, "Final MAE": 0.07016725093126297, "Total Training Time": 23.90337109565735, "Average Time per Epoch": 1.3188515106836955, "_wandb": {"runtime": 24}}