{"epoch": 36, "_timestamp": 1705621829.3329396, "loss": 0.005368691869080067, "root_mean_squared_error": 0.07327135652303696, "mean_absolute_percentage_error": 30389.369140625, "mean_absolute_error": 0.04678267985582352, "val_loss": 0.008074271492660046, "val_root_mean_squared_error": 0.08985695242881775, "val_mean_absolute_percentage_error": 87867.8359375, "val_mean_absolute_error": 0.053434960544109344, "_runtime": 48.10436773300171, "_step": 37, "best_val_loss": 0.007908795028924942, "best_epoch": 26, "Final MSE": 0.010153907351195812, "Final RMSE": 0.10076659917831421, "Final MAPE": 209706.28125, "Final MAE": 0.05941270291805267, "Total Training Time": 45.81969666481018, "Average Time per Epoch": 1.23313155689755, "_wandb": {"runtime": 46}}