{"epoch": 11, "_timestamp": 1703782219.8052278, "loss": 0.006838688161224127, "root_mean_squared_error": 0.08269636332988739, "mean_absolute_percentage_error": 101701.765625, "mean_absolute_error": 0.040996700525283813, "val_loss": 0.018832048401236534, "val_root_mean_squared_error": 0.13722990453243256, "val_mean_absolute_percentage_error": 303557.21875, "val_mean_absolute_error": 0.11410527676343918, "_runtime": 215.30166172981262, "_step": 12, "best_val_loss": 0.00817844457924366, "best_epoch": 1, "Final MSE": 0.04461013153195381, "Final RMSE": 0.21121110022068024, "Final MAPE": 1003302.875, "Final MAE": 0.17320695519447327, "Total Training Time": 213.77107691764832, "Average Time per Epoch": 17.73085496822993, "_wandb": {"runtime": 214}}