{"epoch": 0, "_timestamp": 1703819521.0278318, "loss": 0.022994378581643105, "root_mean_squared_error": 0.1497611105442047, "mean_absolute_percentage_error": 173348.953125, "mean_absolute_error": 0.09296488761901855, "val_loss": 0.016366200521588326, "val_root_mean_squared_error": 0.1279304474592209, "val_mean_absolute_percentage_error": 4057.439697265625, "val_mean_absolute_error": 0.07950132340192795, "_runtime": 3.8094117641448975, "_step": 1, "best_val_loss": 0.016366200521588326, "best_epoch": 0, "Final MSE": 0.018388668075203896, "Final RMSE": 0.1356048285961151, "Final MAPE": 384398.375, "Final MAE": 0.08703431487083435, "Total Training Time": 2.591900110244751, "Average Time per Epoch": 2.447479486465454, "_wandb": {"runtime": 2}}