{"epoch": 28, "_timestamp": 1703813276.2852626, "loss": 0.009590170346200466, "root_mean_squared_error": 0.09792941808700562, "mean_absolute_percentage_error": 38626.63671875, "mean_absolute_error": 0.0653628334403038, "val_loss": 0.015366706997156143, "val_root_mean_squared_error": 0.12396252155303955, "val_mean_absolute_percentage_error": 68591.078125, "val_mean_absolute_error": 0.08416002243757248, "_runtime": 26.355228662490845, "_step": 29, "best_val_loss": 0.0148203419521451, "best_epoch": 18, "Final MSE": 0.026561638340353966, "Final RMSE": 0.1629774123430252, "Final MAPE": 167878.21875, "Final MAE": 0.12231998890638351, "Total Training Time": 24.359575271606445, "Average Time per Epoch": 0.8360588139501112, "_wandb": {"runtime": 24}}