{"epoch": 14, "_timestamp": 1703318484.7580278, "loss": 0.006029173266142607, "root_mean_squared_error": 0.07764775305986404, "mean_absolute_percentage_error": 13738.599609375, "mean_absolute_error": 0.05436454340815544, "val_loss": 0.007662970572710037, "val_root_mean_squared_error": 0.08753839135169983, "val_mean_absolute_percentage_error": 88608.9921875, "val_mean_absolute_error": 0.07364653050899506, "_runtime": 56.85364079475403, "_step": 15, "best_val_loss": 0.006542283110320568, "best_epoch": 4, "Final MSE": 0.027085108682513237, "Final RMSE": 0.16457554697990417, "Final MAPE": 366015.15625, "Final MAE": 0.14249718189239502, "Total Training Time": 54.50283646583557, "Average Time per Epoch": 3.6154557863871255, "_wandb": {"runtime": 54}}