{"epoch": 0, "_timestamp": 1703596241.3734553, "loss": 0.01600324735045433, "root_mean_squared_error": 0.1289673149585724, "mean_absolute_percentage_error": 88130.3671875, "mean_absolute_error": 0.08172287791967392, "val_loss": 0.015813259407877922, "val_root_mean_squared_error": 0.12575076520442963, "val_mean_absolute_percentage_error": 107952.3671875, "val_mean_absolute_error": 0.07817474007606506, "_runtime": 3.6635823249816895, "_step": 1, "best_val_loss": 0.015813259407877922, "best_epoch": 0, "Final MSE": 0.036424167454242706, "Final RMSE": 0.19085118174552917, "Final MAPE": 219028.046875, "Final MAE": 0.13945674896240234, "Total Training Time": 1.5985095500946045, "Average Time per Epoch": 1.493495225906372, "_wandb": {"runtime": 1}}