{"epoch": 0, "_timestamp": 1703761765.3752873, "loss": 0.012972960248589516, "root_mean_squared_error": 0.12684476375579834, "mean_absolute_percentage_error": 23615.26171875, "mean_absolute_error": 0.07455494999885559, "val_loss": 0.019923243671655655, "val_root_mean_squared_error": 0.14114971458911896, "val_mean_absolute_percentage_error": 40559.14453125, "val_mean_absolute_error": 0.08265479654073715, "_runtime": 7.306533336639404, "_step": 1, "best_val_loss": 0.019923243671655655, "best_epoch": 0, "Final MSE": 0.03698938339948654, "Final RMSE": 0.19232624769210815, "Final MAPE": 89942.46875, "Final MAE": 0.1314891278743744, "Total Training Time": 6.125549077987671, "Average Time per Epoch": 5.969189882278442, "_wandb": {"runtime": 6}}