{"epoch": 22, "_timestamp": 1705618465.3370905, "loss": 0.00454345578327775, "root_mean_squared_error": 0.06740516424179077, "mean_absolute_percentage_error": 59548.2109375, "mean_absolute_error": 0.03513363376259804, "val_loss": 0.014112365432083607, "val_root_mean_squared_error": 0.1187954768538475, "val_mean_absolute_percentage_error": 26740.6875, "val_mean_absolute_error": 0.0759306475520134, "_runtime": 31.096311569213867, "_step": 23, "best_val_loss": 0.012946300208568573, "best_epoch": 12, "Final MSE": 0.01979214698076248, "Final RMSE": 0.1406845599412918, "Final MAPE": 4154.33056640625, "Final MAE": 0.09457942098379135, "Total Training Time": 28.798764944076538, "Average Time per Epoch": 1.2450129985809326, "_wandb": {"runtime": 29}}