{"epoch": 27, "_timestamp": 1703514344.5337436, "loss": 0.00382208451628685, "root_mean_squared_error": 0.06182301044464111, "mean_absolute_percentage_error": 226581.609375, "mean_absolute_error": 0.03515588864684105, "val_loss": 0.006891721859574318, "val_root_mean_squared_error": 0.08301639556884766, "val_mean_absolute_percentage_error": 50.62480926513672, "val_mean_absolute_error": 0.05072661116719246, "_runtime": 345.6698546409607, "_step": 28, "best_val_loss": 0.006719840690493584, "best_epoch": 17, "Final MSE": 0.009085949510335922, "Final RMSE": 0.09532024711370468, "Final MAPE": 397309.625, "Final MAE": 0.06739623844623566, "Total Training Time": 343.1850278377533, "Average Time per Epoch": 12.229994918618884, "_wandb": {"runtime": 343}}