{"epoch": 22, "_timestamp": 1703162036.506095, "loss": 0.003715443192049861, "root_mean_squared_error": 0.06095443665981293, "mean_absolute_percentage_error": 230413.140625, "mean_absolute_error": 0.03424319624900818, "val_loss": 0.0068369219079613686, "val_root_mean_squared_error": 0.0826856791973114, "val_mean_absolute_percentage_error": 30.986841201782227, "val_mean_absolute_error": 0.04317231476306915, "_runtime": 53.812175035476685, "_step": 23, "best_val_loss": 0.006061682477593422, "best_epoch": 12, "Final MSE": 0.0072069065645337105, "Final RMSE": 0.08489350229501724, "Final MAPE": 168399.96875, "Final MAE": 0.05152611806988716, "Total Training Time": 51.37284970283508, "Average Time per Epoch": 2.2247487980386484, "_wandb": {"runtime": 51}}