{"epoch": 26, "_timestamp": 1703913752.9792821, "loss": 0.0073099141009151936, "root_mean_squared_error": 0.08549803495407104, "mean_absolute_percentage_error": 101675.0546875, "mean_absolute_error": 0.053740307688713074, "val_loss": 0.018159078434109688, "val_root_mean_squared_error": 0.13475562632083893, "val_mean_absolute_percentage_error": 29522.265625, "val_mean_absolute_error": 0.08602473139762878, "_runtime": 108.42666506767273, "_step": 27, "best_val_loss": 0.017643962055444717, "best_epoch": 16, "Final MSE": 0.022956397384405136, "Final RMSE": 0.15151368081569672, "Final MAPE": 100525.890625, "Final MAE": 0.10738683491945267, "Total Training Time": 107.0025999546051, "Average Time per Epoch": 3.9512356828760216, "_wandb": {"runtime": 107}}