{"epoch": 0, "_timestamp": 1703741042.2936523, "loss": 0.009435385465621948, "root_mean_squared_error": 0.10133123397827148, "mean_absolute_percentage_error": 8713116.0, "mean_absolute_error": 0.05697520077228546, "val_loss": 0.01526251994073391, "val_root_mean_squared_error": 0.12354157119989395, "val_mean_absolute_percentage_error": 6753974.5, "val_mean_absolute_error": 0.06385187059640884, "_runtime": 2.9948372840881348, "_step": 1, "best_val_loss": 0.01526251994073391, "best_epoch": 0, "Final MSE": 0.012020011432468891, "Final RMSE": 0.10963581502437592, "Final MAPE": 10941401.0, "Final MAE": 0.056931108236312866, "Total Training Time": 1.8804290294647217, "Average Time per Epoch": 1.7850241661071777, "_wandb": {"runtime": 2}}