{"epoch": 39, "_timestamp": 1705627165.084801, "loss": 0.005704631097614765, "root_mean_squared_error": 0.07552900910377502, "mean_absolute_percentage_error": 112746.5078125, "mean_absolute_error": 0.04304715618491173, "val_loss": 0.0058259060606360435, "val_root_mean_squared_error": 0.0763276219367981, "val_mean_absolute_percentage_error": 20229.6640625, "val_mean_absolute_error": 0.04773667827248573, "_runtime": 94.05930590629578, "_step": 40, "best_val_loss": 0.0050052558071911335, "best_epoch": 29, "Final MSE": 0.009975037537515163, "Final RMSE": 0.09987510740756989, "Final MAPE": 304174.40625, "Final MAE": 0.06497194617986679, "Total Training Time": 91.49765682220459, "Average Time per Epoch": 2.281728821992874, "_wandb": {"runtime": 92}}