{"epoch": 24, "_timestamp": 1703149566.7962148, "loss": 0.01055592019110918, "root_mean_squared_error": 0.10274200886487961, "mean_absolute_percentage_error": 532669.6875, "mean_absolute_error": 0.07059705257415771, "val_loss": 0.015993306413292885, "val_root_mean_squared_error": 0.12646465003490448, "val_mean_absolute_percentage_error": 125157.9375, "val_mean_absolute_error": 0.08418582379817963, "_runtime": 22.52131986618042, "_step": 25, "best_val_loss": 0.015490921214222908, "best_epoch": 14, "Final MSE": 0.014047309756278992, "Final RMSE": 0.11852134764194489, "Final MAPE": 94786.578125, "Final MAE": 0.09115764498710632, "Total Training Time": 20.15182328224182, "Average Time per Epoch": 0.8004296112060547, "_wandb": {"runtime": 20}}