{"epoch": 49, "_timestamp": 1703343020.9194138, "loss": 0.005710740108042955, "root_mean_squared_error": 0.07556943595409393, "mean_absolute_percentage_error": 4384559.5, "mean_absolute_error": 0.039475563913583755, "val_loss": 0.008838437497615814, "val_root_mean_squared_error": 0.09401296824216843, "val_mean_absolute_percentage_error": 8453240.0, "val_mean_absolute_error": 0.051750168204307556, "_runtime": 119.35759282112122, "_step": 50, "best_val_loss": 0.008321123197674751, "best_epoch": 39, "Final MSE": 0.009276664815843105, "Final RMSE": 0.09631544351577759, "Final MAPE": 10484676.0, "Final MAE": 0.05273272097110748, "Total Training Time": 116.69724416732788, "Average Time per Epoch": 2.3291648483276366, "_wandb": {"runtime": 117}}