{"epoch": 11, "_timestamp": 1703651206.8723474, "loss": 0.0064750658348202705, "root_mean_squared_error": 0.08046779036521912, "mean_absolute_percentage_error": 25474.328125, "mean_absolute_error": 0.06002906337380409, "val_loss": 0.00838425662368536, "val_root_mean_squared_error": 0.0915655866265297, "val_mean_absolute_percentage_error": 76653.3359375, "val_mean_absolute_error": 0.06730280816555023, "_runtime": 12.839813470840454, "_step": 12, "best_val_loss": 0.0073026930913329124, "best_epoch": 1, "Final MSE": 0.011209753341972828, "Final RMSE": 0.105876125395298, "Final MAPE": 225405.015625, "Final MAE": 0.082374706864357, "Total Training Time": 10.852880239486694, "Average Time per Epoch": 0.894426425298055, "_wandb": {"runtime": 11}}