{"epoch": 36, "_timestamp": 1703261204.015393, "loss": 0.005404175259172916, "root_mean_squared_error": 0.07351309806108475, "mean_absolute_percentage_error": 22052.56640625, "mean_absolute_error": 0.04105357825756073, "val_loss": 0.0087087731808424, "val_root_mean_squared_error": 0.0933208093047142, "val_mean_absolute_percentage_error": 98513.859375, "val_mean_absolute_error": 0.06479790806770325, "_runtime": 446.2471899986267, "_step": 37, "best_val_loss": 0.0063782017678022385, "best_epoch": 26, "Final MSE": 0.05908232927322388, "Final RMSE": 0.24306857585906982, "Final MAPE": 487295.0625, "Final MAE": 0.18536920845508575, "Total Training Time": 443.8255286216736, "Average Time per Epoch": 11.97465831524617, "_wandb": {"runtime": 444}}