{"epoch": 0, "_timestamp": 1703536222.4683166, "loss": 0.005976880434900522, "root_mean_squared_error": 0.09327766299247742, "mean_absolute_percentage_error": 17348.78515625, "mean_absolute_error": 0.05154775083065033, "val_loss": 0.01635131798684597, "val_root_mean_squared_error": 0.1278722733259201, "val_mean_absolute_percentage_error": 85060.7109375, "val_mean_absolute_error": 0.07622992247343063, "_runtime": 27.615145444869995, "_step": 1, "best_val_loss": 0.01635131798684597, "best_epoch": 0, "Final MSE": 0.028152229264378548, "Final RMSE": 0.16778625547885895, "Final MAPE": 43259.37109375, "Final MAE": 0.08288480341434479, "Total Training Time": 17.975166082382202, "Average Time per Epoch": 17.254434823989868, "_wandb": {"runtime": 18}}