{"epoch": 0, "_timestamp": 1703565497.1432905, "loss": 0.008175453171133995, "root_mean_squared_error": 0.09789621084928513, "mean_absolute_percentage_error": 38416.265625, "mean_absolute_error": 0.055494070053100586, "val_loss": 0.01318154577165842, "val_root_mean_squared_error": 0.11481091380119324, "val_mean_absolute_percentage_error": 408101.78125, "val_mean_absolute_error": 0.06086363270878792, "_runtime": 4.609748601913452, "_step": 1, "best_val_loss": 0.01318154577165842, "best_epoch": 0, "Final MSE": 0.01873059570789337, "Final RMSE": 0.13685975968837738, "Final MAPE": 47164.3671875, "Final MAE": 0.08895991742610931, "Total Training Time": 2.7457902431488037, "Average Time per Epoch": 2.594522476196289, "_wandb": {"runtime": 3}}