{"epoch": 0, "_timestamp": 1703535740.6620874, "loss": 0.00980950053781271, "root_mean_squared_error": 0.11103260517120361, "mean_absolute_percentage_error": 38403.921875, "mean_absolute_error": 0.07535137236118317, "val_loss": 0.02259245701134205, "val_root_mean_squared_error": 0.15030787885189056, "val_mean_absolute_percentage_error": 65912.7109375, "val_mean_absolute_error": 0.10843943059444427, "_runtime": 18.554895401000977, "_step": 1, "best_val_loss": 0.02259245701134205, "best_epoch": 0, "Final MSE": 0.03074079565703869, "Final RMSE": 0.1753305345773697, "Final MAPE": 209693.890625, "Final MAE": 0.14178280532360077, "Total Training Time": 17.161901473999023, "Average Time per Epoch": 16.46714448928833, "_wandb": {"runtime": 17}}