{"epoch": 0, "_timestamp": 1703596312.0221996, "loss": 0.014342966489493847, "root_mean_squared_error": 0.12315261363983154, "mean_absolute_percentage_error": 45569.421875, "mean_absolute_error": 0.08259204775094986, "val_loss": 0.028193259611725807, "val_root_mean_squared_error": 0.16790848970413208, "val_mean_absolute_percentage_error": 68885.8359375, "val_mean_absolute_error": 0.10627558082342148, "_runtime": 3.7780375480651855, "_step": 1, "best_val_loss": 0.028193259611725807, "best_epoch": 0, "Final MSE": 0.03534175083041191, "Final RMSE": 0.18799401819705963, "Final MAPE": 140350.578125, "Final MAE": 0.13423843681812286, "Total Training Time": 1.5914065837860107, "Average Time per Epoch": 1.4843668937683105, "_wandb": {"runtime": 1}}