{"epoch": 20, "_timestamp": 1703762995.2664697, "loss": 0.014398178085684776, "root_mean_squared_error": 0.11999242752790451, "mean_absolute_percentage_error": 21157.576171875, "mean_absolute_error": 0.08515189588069916, "val_loss": 0.020053347572684288, "val_root_mean_squared_error": 0.14160986244678497, "val_mean_absolute_percentage_error": 78544.4375, "val_mean_absolute_error": 0.1016714870929718, "_runtime": 17.44483470916748, "_step": 21, "best_val_loss": 0.0199073925614357, "best_epoch": 10, "Final MSE": 0.03657623007893562, "Final RMSE": 0.19124914705753326, "Final MAPE": 159956.921875, "Final MAE": 0.13082998991012573, "Total Training Time": 15.407157182693481, "Average Time per Epoch": 0.7276138010479155, "_wandb": {"runtime": 15}}