{"epoch": 17, "_timestamp": 1703675851.3207293, "loss": 0.06812363117933273, "root_mean_squared_error": 0.2610049843788147, "mean_absolute_percentage_error": 85145592.0, "mean_absolute_error": 0.20967581868171692, "val_loss": 0.06673427671194077, "val_root_mean_squared_error": 0.25832974910736084, "val_mean_absolute_percentage_error": 93027856.0, "val_mean_absolute_error": 0.2063593715429306, "_runtime": 15.305529356002808, "_step": 18, "best_val_loss": 0.06663727015256882, "best_epoch": 7, "Final MSE": 0.06908374279737473, "Final RMSE": 0.26283785700798035, "Final MAPE": 103218528.0, "Final MAE": 0.2091393619775772, "Total Training Time": 13.348263025283813, "Average Time per Epoch": 0.7346005969577365, "_wandb": {"runtime": 13}}