{"epoch": 10, "_timestamp": 1703504577.955416, "loss": 0.027523403987288475, "root_mean_squared_error": 0.1659018099308014, "mean_absolute_percentage_error": 22198.7109375, "mean_absolute_error": 0.11692909151315689, "val_loss": 0.014939460903406143, "val_root_mean_squared_error": 0.12222707271575928, "val_mean_absolute_percentage_error": 88184.96875, "val_mean_absolute_error": 0.09442044794559479, "_runtime": 10.559367895126343, "_step": 11, "best_val_loss": 0.013392024673521519, "best_epoch": 0, "Final MSE": 0.02406950294971466, "Final RMSE": 0.15514348447322845, "Final MAPE": 179447.796875, "Final MAE": 0.10864471644163132, "Total Training Time": 8.530193090438843, "Average Time per Epoch": 0.7651846842332319, "_wandb": {"runtime": 8}}