{"epoch": 44, "_timestamp": 1705631557.2874675, "loss": 0.006736971903592348, "root_mean_squared_error": 0.08207906037569046, "mean_absolute_percentage_error": 41125.15234375, "mean_absolute_error": 0.045519884675741196, "val_loss": 0.012720414437353611, "val_root_mean_squared_error": 0.11278481781482697, "val_mean_absolute_percentage_error": 446996.5625, "val_mean_absolute_error": 0.05935743451118469, "_runtime": 108.99199748039246, "_step": 45, "best_val_loss": 0.012532361783087254, "best_epoch": 34, "Final MSE": 0.021669462323188782, "Final RMSE": 0.14720551669597626, "Final MAPE": 10152.419921875, "Final MAE": 0.09498870372772217, "Total Training Time": 106.43488645553589, "Average Time per Epoch": 2.3597345087263317, "_wandb": {"runtime": 107}}