{"epoch": 10, "_timestamp": 1703598014.4224367, "loss": 0.012156765908002853, "root_mean_squared_error": 0.11025772243738174, "mean_absolute_percentage_error": 23972.39453125, "mean_absolute_error": 0.06887902319431305, "val_loss": 0.0219182800501585, "val_root_mean_squared_error": 0.14804823696613312, "val_mean_absolute_percentage_error": 151154.171875, "val_mean_absolute_error": 0.13355228304862976, "_runtime": 88.77441382408142, "_step": 11, "best_val_loss": 0.010916807688772678, "best_epoch": 0, "Final MSE": 0.02311796136200428, "Final RMSE": 0.15204592049121857, "Final MAPE": 293965.65625, "Final MAE": 0.1180574968457222, "Total Training Time": 86.78166890144348, "Average Time per Epoch": 7.845279606905851, "_wandb": {"runtime": 87}}