{"epoch": 16, "_timestamp": 1703812884.6338263, "loss": 0.0106651084497571, "root_mean_squared_error": 0.10327201336622238, "mean_absolute_percentage_error": 453022.8125, "mean_absolute_error": 0.07051244378089905, "val_loss": 0.016675012186169624, "val_root_mean_squared_error": 0.1291317641735077, "val_mean_absolute_percentage_error": 115810.3203125, "val_mean_absolute_error": 0.08534112572669983, "_runtime": 17.267909288406372, "_step": 17, "best_val_loss": 0.01532196905463934, "best_epoch": 6, "Final MSE": 0.013241247273981571, "Final RMSE": 0.11507061868906021, "Final MAPE": 115256.4921875, "Final MAE": 0.08874675631523132, "Total Training Time": 14.590573787689209, "Average Time per Epoch": 0.8517384949852439, "_wandb": {"runtime": 14}}