{"epoch": 57, "_timestamp": 1703497131.7761414, "loss": 0.00636886665597558, "root_mean_squared_error": 0.07980518043041229, "mean_absolute_percentage_error": 7273.53662109375, "mean_absolute_error": 0.043845806270837784, "val_loss": 0.011396550573408604, "val_root_mean_squared_error": 0.10675463080406189, "val_mean_absolute_percentage_error": 51597.92578125, "val_mean_absolute_error": 0.06308542191982269, "_runtime": 133.27463936805725, "_step": 58, "best_val_loss": 0.011226124130189419, "best_epoch": 47, "Final MSE": 0.014841463416814804, "Final RMSE": 0.12182554602622986, "Final MAPE": 61667.9375, "Final MAE": 0.08827771991491318, "Total Training Time": 130.60106325149536, "Average Time per Epoch": 2.247828590458837, "_wandb": {"runtime": 131}}