{"epoch": 29, "_timestamp": 1703856032.7315953, "loss": 0.016003457829356194, "root_mean_squared_error": 0.1265047788619995, "mean_absolute_percentage_error": 109852.0078125, "mean_absolute_error": 0.07985097169876099, "val_loss": 0.01864890567958355, "val_root_mean_squared_error": 0.13656099140644073, "val_mean_absolute_percentage_error": 754617.125, "val_mean_absolute_error": 0.0860842615365982, "_runtime": 23.746869325637817, "_step": 30, "best_val_loss": 0.01860882341861725, "best_epoch": 19, "Final MSE": 0.047561176121234894, "Final RMSE": 0.21808524429798126, "Final MAPE": 192072.25, "Final MAE": 0.14735224843025208, "Total Training Time": 21.66697335243225, "Average Time per Epoch": 0.7179760694503784, "_wandb": {"runtime": 21}}