{"epoch": 21, "_timestamp": 1703921199.1278207, "loss": 0.015143151395022869, "root_mean_squared_error": 0.12305751442909241, "mean_absolute_percentage_error": 293127.40625, "mean_absolute_error": 0.07608897238969803, "val_loss": 0.009217346087098122, "val_root_mean_squared_error": 0.09600701183080673, "val_mean_absolute_percentage_error": 257023.78125, "val_mean_absolute_error": 0.06172911822795868, "_runtime": 86.89866876602173, "_step": 22, "best_val_loss": 0.008902150206267834, "best_epoch": 11, "Final MSE": 0.021398989483714104, "Final RMSE": 0.14628393948078156, "Final MAPE": 50814.94921875, "Final MAE": 0.09167852997779846, "Total Training Time": 84.57418870925903, "Average Time per Epoch": 3.832702224904841, "_wandb": {"runtime": 85}}