{"epoch": 0, "_timestamp": 1703761315.98619, "loss": 0.0055398885160684586, "root_mean_squared_error": 0.0847725123167038, "mean_absolute_percentage_error": 48875.95703125, "mean_absolute_error": 0.04072168841958046, "val_loss": 0.0072328392416238785, "val_root_mean_squared_error": 0.08504609763622284, "val_mean_absolute_percentage_error": 61128.54296875, "val_mean_absolute_error": 0.040784358978271484, "_runtime": 7.478960037231445, "_step": 1, "best_val_loss": 0.0072328392416238785, "best_epoch": 0, "Final MSE": 0.019415101036429405, "Final RMSE": 0.13933807611465454, "Final MAPE": 47541.87109375, "Final MAE": 0.06399057805538177, "Total Training Time": 6.259658575057983, "Average Time per Epoch": 6.10056209564209, "_wandb": {"runtime": 6}}