{"epoch": 24, "_timestamp": 1703877649.350984, "loss": 0.01596519537270069, "root_mean_squared_error": 0.126353457570076, "mean_absolute_percentage_error": 682962.625, "mean_absolute_error": 0.08914900571107864, "val_loss": 0.025216463953256607, "val_root_mean_squared_error": 0.15879692137241364, "val_mean_absolute_percentage_error": 213312.609375, "val_mean_absolute_error": 0.1087179183959961, "_runtime": 222.29003810882568, "_step": 25, "best_val_loss": 0.02394157461822033, "best_epoch": 14, "Final MSE": 0.02804705873131752, "Final RMSE": 0.16747255623340607, "Final MAPE": 217362.265625, "Final MAE": 0.1296454221010208, "Total Training Time": 220.64563822746277, "Average Time per Epoch": 8.803332538604737, "_wandb": {"runtime": 221}}