{"epoch": 0, "_timestamp": 1703728651.392012, "loss": 0.008829095400869846, "root_mean_squared_error": 0.09540524333715439, "mean_absolute_percentage_error": 10559932.0, "mean_absolute_error": 0.05284978821873665, "val_loss": 0.012081390246748924, "val_root_mean_squared_error": 0.10991537570953369, "val_mean_absolute_percentage_error": 17414600.0, "val_mean_absolute_error": 0.06557397544384003, "_runtime": 11.288553953170776, "_step": 1, "best_val_loss": 0.012081390246748924, "best_epoch": 0, "Final MSE": 0.010745077393949032, "Final RMSE": 0.10365846753120422, "Final MAPE": 19947966.0, "Final MAE": 0.05937108024954796, "Total Training Time": 4.504038095474243, "Average Time per Epoch": 4.369346380233765, "_wandb": {"runtime": 4}}