{"epoch": 0, "_timestamp": 1703805077.3095126, "loss": 0.008021672256290913, "root_mean_squared_error": 0.08952189981937408, "mean_absolute_percentage_error": 39308.45703125, "mean_absolute_error": 0.050290122628211975, "val_loss": 0.013270188122987747, "val_root_mean_squared_error": 0.11519630253314972, "val_mean_absolute_percentage_error": 356428.65625, "val_mean_absolute_error": 0.06286484003067017, "_runtime": 12.427757501602173, "_step": 1, "best_val_loss": 0.013270188122987747, "best_epoch": 0, "Final MSE": 0.019381942227482796, "Final RMSE": 0.13921904563903809, "Final MAPE": 16730.6796875, "Final MAE": 0.090492844581604, "Total Training Time": 4.414554119110107, "Average Time per Epoch": 4.263925313949585, "_wandb": {"runtime": 4}}