{"epoch": 0, "_timestamp": 1703565610.5749345, "loss": 0.00962806399911642, "root_mean_squared_error": 0.10234884917736053, "mean_absolute_percentage_error": 22509.25390625, "mean_absolute_error": 0.06881100684404373, "val_loss": 0.014733817428350449, "val_root_mean_squared_error": 0.121382936835289, "val_mean_absolute_percentage_error": 54014.01953125, "val_mean_absolute_error": 0.07881780713796616, "_runtime": 4.638164520263672, "_step": 1, "best_val_loss": 0.014733817428350449, "best_epoch": 0, "Final MSE": 0.027437765151262283, "Final RMSE": 0.16564348340034485, "Final MAPE": 199671.421875, "Final MAE": 0.11900820583105087, "Total Training Time": 2.7439794540405273, "Average Time per Epoch": 2.5929312705993652, "_wandb": {"runtime": 3}}