{"epoch": 15, "_timestamp": 1703559543.2358303, "loss": 0.0036316830664873123, "root_mean_squared_error": 0.06026344746351242, "mean_absolute_percentage_error": 233117.359375, "mean_absolute_error": 0.03368910774588585, "val_loss": 0.006675909738987684, "val_root_mean_squared_error": 0.08170624077320099, "val_mean_absolute_percentage_error": 33.65967559814453, "val_mean_absolute_error": 0.043090011924505234, "_runtime": 16.954402208328247, "_step": 16, "best_val_loss": 0.006357699632644653, "best_epoch": 5, "Final MSE": 0.009341886267066002, "Final RMSE": 0.09665343165397644, "Final MAPE": 303809.59375, "Final MAE": 0.06974543631076813, "Total Training Time": 14.706913471221924, "Average Time per Epoch": 0.9110085517168045, "_wandb": {"runtime": 15}}