{"epoch": 0, "_timestamp": 1703737822.2813878, "loss": 0.007757483050227165, "root_mean_squared_error": 0.09208723902702332, "mean_absolute_percentage_error": 8930846.0, "mean_absolute_error": 0.05195741727948189, "val_loss": 0.013150431215763092, "val_root_mean_squared_error": 0.11467532813549042, "val_mean_absolute_percentage_error": 14351215.0, "val_mean_absolute_error": 0.06580079346895218, "_runtime": 6.724575757980347, "_step": 1, "best_val_loss": 0.013150431215763092, "best_epoch": 0, "Final MSE": 0.016919072717428207, "Final RMSE": 0.13007333874702454, "Final MAPE": 20307818.0, "Final MAE": 0.07472503185272217, "Total Training Time": 5.033416271209717, "Average Time per Epoch": 4.813038110733032, "_wandb": {"runtime": 5}}