{"epoch": 0, "_timestamp": 1703761924.3986259, "loss": 0.006269470788538456, "root_mean_squared_error": 0.08153384923934937, "mean_absolute_percentage_error": 19945.861328125, "mean_absolute_error": 0.05428815633058548, "val_loss": 0.011928359977900982, "val_root_mean_squared_error": 0.10921703279018402, "val_mean_absolute_percentage_error": 117744.859375, "val_mean_absolute_error": 0.07511693239212036, "_runtime": 7.369672775268555, "_step": 1, "best_val_loss": 0.011928359977900982, "best_epoch": 0, "Final MSE": 0.009254494681954384, "Final RMSE": 0.09620028734207153, "Final MAPE": 83845.140625, "Final MAE": 0.06785491108894348, "Total Training Time": 6.183037996292114, "Average Time per Epoch": 6.037816047668457, "_wandb": {"runtime": 6}}