{"epoch": 20, "_timestamp": 1703754758.477804, "loss": 0.006707429885864258, "root_mean_squared_error": 0.08189889788627625, "mean_absolute_percentage_error": 157095.65625, "mean_absolute_error": 0.0516936220228672, "val_loss": 0.015452134422957897, "val_root_mean_squared_error": 0.12430661171674728, "val_mean_absolute_percentage_error": 618189.5625, "val_mean_absolute_error": 0.0894472599029541, "_runtime": 52.150410890579224, "_step": 21, "best_val_loss": 0.013782746158540249, "best_epoch": 10, "Final MSE": 0.030665995553135872, "Final RMSE": 0.17511709034442902, "Final MAPE": 620984.8125, "Final MAE": 0.13441765308380127, "Total Training Time": 50.17305111885071, "Average Time per Epoch": 2.3806605225517634, "_wandb": {"runtime": 50}}