{"epoch": 0, "_timestamp": 1703564594.5349433, "loss": 0.01165833044797182, "root_mean_squared_error": 0.1093720942735672, "mean_absolute_percentage_error": 21264.4140625, "mean_absolute_error": 0.06394169479608536, "val_loss": 0.008685662411153316, "val_root_mean_squared_error": 0.09319689869880676, "val_mean_absolute_percentage_error": 68437.59375, "val_mean_absolute_error": 0.0640273317694664, "_runtime": 4.53596043586731, "_step": 1, "best_val_loss": 0.008685662411153316, "best_epoch": 0, "Final MSE": 0.015511377714574337, "Final RMSE": 0.12454468011856079, "Final MAPE": 59184.48046875, "Final MAE": 0.08310513943433762, "Total Training Time": 2.7511215209960938, "Average Time per Epoch": 2.5996053218841553, "_wandb": {"runtime": 2}}