{"epoch": 35, "_timestamp": 1703470274.5538206, "loss": 0.007431318983435631, "root_mean_squared_error": 0.08620509505271912, "mean_absolute_percentage_error": 7227790.5, "mean_absolute_error": 0.04980413243174553, "val_loss": 0.009600029326975346, "val_root_mean_squared_error": 0.09797973930835724, "val_mean_absolute_percentage_error": 9927768.0, "val_mean_absolute_error": 0.05928942933678627, "_runtime": 122.62897968292236, "_step": 36, "best_val_loss": 0.009451134130358696, "best_epoch": 25, "Final MSE": 0.008014185354113579, "Final RMSE": 0.08952198177576065, "Final MAPE": 13150990.0, "Final MAE": 0.05405013635754585, "Total Training Time": 120.09999465942383, "Average Time per Epoch": 3.3282105326652527, "_wandb": {"runtime": 120}}