{"epoch": 0, "_timestamp": 1703786852.258699, "loss": 0.013057276606559753, "root_mean_squared_error": 0.12724284827709198, "mean_absolute_percentage_error": 101349.0078125, "mean_absolute_error": 0.09106182307004929, "val_loss": 0.009796054102480412, "val_root_mean_squared_error": 0.09897501766681671, "val_mean_absolute_percentage_error": 87080.1875, "val_mean_absolute_error": 0.06998716294765472, "_runtime": 53.37622904777527, "_step": 1, "best_val_loss": 0.009796054102480412, "best_epoch": 0, "Final MSE": 0.03813454881310463, "Final RMSE": 0.19528068602085114, "Final MAPE": 218638.53125, "Final MAE": 0.14901314675807953, "Total Training Time": 52.08325505256653, "Average Time per Epoch": 50.28930425643921, "_wandb": {"runtime": 52}}