{"epoch": 15, "_timestamp": 1703871006.0507364, "loss": 0.011378468945622444, "root_mean_squared_error": 0.10666990280151367, "mean_absolute_percentage_error": 15378.189453125, "mean_absolute_error": 0.07486025243997574, "val_loss": 0.025754094123840332, "val_root_mean_squared_error": 0.1604808270931244, "val_mean_absolute_percentage_error": 13545.220703125, "val_mean_absolute_error": 0.10432104766368866, "_runtime": 82.22656035423279, "_step": 16, "best_val_loss": 0.02216348797082901, "best_epoch": 5, "Final MSE": 0.040253981947898865, "Final RMSE": 0.2006339430809021, "Final MAPE": 189257.015625, "Final MAE": 0.13716915249824524, "Total Training Time": 80.85151362419128, "Average Time per Epoch": 5.032031342387199, "_wandb": {"runtime": 81}}