{"epoch": 0, "_timestamp": 1703621316.9706473, "loss": 0.023912373930215836, "root_mean_squared_error": 0.1603926569223404, "mean_absolute_percentage_error": 66120.3203125, "mean_absolute_error": 0.10865510255098343, "val_loss": 0.03030991554260254, "val_root_mean_squared_error": 0.1740974336862564, "val_mean_absolute_percentage_error": 136788.734375, "val_mean_absolute_error": 0.12871763110160828, "_runtime": 32.29355335235596, "_step": 1, "best_val_loss": 0.03030991554260254, "best_epoch": 0, "Final MSE": 0.03318202123045921, "Final RMSE": 0.18215933442115784, "Final MAPE": 280078.5625, "Final MAE": 0.13693220913410187, "Total Training Time": 30.818939447402954, "Average Time per Epoch": 29.43272113800049, "_wandb": {"runtime": 31}}