{"epoch": 0, "_timestamp": 1702916583.7549453, "loss": 0.005862523335963488, "root_mean_squared_error": 0.08399208635091782, "mean_absolute_percentage_error": 8686.8056640625, "mean_absolute_error": 0.051702387630939484, "val_loss": 0.006573698949068785, "val_root_mean_squared_error": 0.08107835054397583, "val_mean_absolute_percentage_error": 3844.392578125, "val_mean_absolute_error": 0.045575134456157684, "_runtime": 14.276172161102295, "_step": 1, "best_val_loss": 0.006573698949068785, "best_epoch": 0, "Final MSE": 0.011633587069809437, "Final RMSE": 0.10785910487174988, "Final MAPE": 16608.4609375, "Final MAE": 0.061142999678850174, "Total Training Time": 11.19464111328125, "Average Time per Epoch": 10.815606594085693, "_wandb": {"runtime": 12}}