{"epoch": 12, "_timestamp": 1703636857.2660513, "loss": 0.009113693609833717, "root_mean_squared_error": 0.09546566754579544, "mean_absolute_percentage_error": 37282.66015625, "mean_absolute_error": 0.05646061152219772, "val_loss": 0.006791925989091396, "val_root_mean_squared_error": 0.08241314440965652, "val_mean_absolute_percentage_error": 37720.10546875, "val_mean_absolute_error": 0.054451361298561096, "_runtime": 28.538634300231934, "_step": 13, "best_val_loss": 0.006430464796721935, "best_epoch": 2, "Final MSE": 0.014114395715296268, "Final RMSE": 0.11880402266979218, "Final MAPE": 127518.59375, "Final MAE": 0.08609849959611893, "Total Training Time": 26.10336923599243, "Average Time per Epoch": 1.9950126868027906, "_wandb": {"runtime": 26}}