{"epoch": 10, "_timestamp": 1703745261.1155064, "loss": 0.008472717367112637, "root_mean_squared_error": 0.09204736351966858, "mean_absolute_percentage_error": 8979142.0, "mean_absolute_error": 0.05522965267300606, "val_loss": 0.01121773011982441, "val_root_mean_squared_error": 0.10591378808021545, "val_mean_absolute_percentage_error": 11161223.0, "val_mean_absolute_error": 0.06285786628723145, "_runtime": 18.31493043899536, "_step": 11, "best_val_loss": 0.010509942658245564, "best_epoch": 0, "Final MSE": 0.012833302840590477, "Final RMSE": 0.113284170627594, "Final MAPE": 19365216.0, "Final MAE": 0.07042667269706726, "Total Training Time": 16.831822395324707, "Average Time per Epoch": 1.514140866019509, "_wandb": {"runtime": 17}}