{"epoch": 0, "_timestamp": 1703656679.7937286, "loss": 0.0033749639987945557, "root_mean_squared_error": 0.06672973930835724, "mean_absolute_percentage_error": 12758.42578125, "mean_absolute_error": 0.03939441218972206, "val_loss": 0.008899888023734093, "val_root_mean_squared_error": 0.09433921426534653, "val_mean_absolute_percentage_error": 74966.5234375, "val_mean_absolute_error": 0.07071992754936218, "_runtime": 4.614004611968994, "_step": 1, "best_val_loss": 0.008899888023734093, "best_epoch": 0, "Final MSE": 0.011853002943098545, "Final RMSE": 0.10887149721384048, "Final MAPE": 75380.09375, "Final MAE": 0.06483627110719681, "Total Training Time": 2.692852020263672, "Average Time per Epoch": 2.544318437576294, "_wandb": {"runtime": 2}}