{"epoch": 31, "_timestamp": 1703300267.8677669, "loss": 0.0036155683919787407, "root_mean_squared_error": 0.060129597783088684, "mean_absolute_percentage_error": 14287.724609375, "mean_absolute_error": 0.04224516078829765, "val_loss": 0.00772455707192421, "val_root_mean_squared_error": 0.08788946270942688, "val_mean_absolute_percentage_error": 17035.384765625, "val_mean_absolute_error": 0.060232359915971756, "_runtime": 91.2747209072113, "_step": 32, "best_val_loss": 0.0060671428218483925, "best_epoch": 21, "Final MSE": 0.00721059599891305, "Final RMSE": 0.08491522818803787, "Final MAPE": 16619.076171875, "Final MAE": 0.061652012169361115, "Total Training Time": 88.83681654930115, "Average Time per Epoch": 2.768306151032448, "_wandb": {"runtime": 89}}