{"epoch": 35, "_timestamp": 1703461979.9171937, "loss": 0.008036550134420395, "root_mean_squared_error": 0.08964680880308151, "mean_absolute_percentage_error": 8507008.0, "mean_absolute_error": 0.052196528762578964, "val_loss": 0.011748986318707466, "val_root_mean_squared_error": 0.10839273780584335, "val_mean_absolute_percentage_error": 11627721.0, "val_mean_absolute_error": 0.06465061753988266, "_runtime": 110.78138661384583, "_step": 36, "best_val_loss": 0.010194939561188221, "best_epoch": 25, "Final MSE": 0.013582674786448479, "Final RMSE": 0.11654473096132278, "Final MAPE": 17661466.0, "Final MAE": 0.07044483721256256, "Total Training Time": 108.42626619338989, "Average Time per Epoch": 3.0042574405670166, "_wandb": {"runtime": 108}}