{"epoch": 24, "_timestamp": 1703676902.9066103, "loss": 0.06262717396020889, "root_mean_squared_error": 0.25025418400764465, "mean_absolute_percentage_error": 78831672.0, "mean_absolute_error": 0.19981250166893005, "val_loss": 0.06347936391830444, "val_root_mean_squared_error": 0.2519511580467224, "val_mean_absolute_percentage_error": 87070184.0, "val_mean_absolute_error": 0.20177549123764038, "_runtime": 19.36563229560852, "_step": 25, "best_val_loss": 0.06342102587223053, "best_epoch": 14, "Final MSE": 0.06233753263950348, "Final RMSE": 0.24967485666275024, "Final MAPE": 96554672.0, "Final MAE": 0.1987246423959732, "Total Training Time": 18.033374071121216, "Average Time per Epoch": 0.714703483581543, "_wandb": {"runtime": 18}}