{"epoch": 41, "_timestamp": 1703738824.9845302, "loss": 0.006784689612686634, "root_mean_squared_error": 0.08236923068761826, "mean_absolute_percentage_error": 7740574.5, "mean_absolute_error": 0.04765021800994873, "val_loss": 0.0076476517133414745, "val_root_mean_squared_error": 0.08745085448026657, "val_mean_absolute_percentage_error": 9132302.0, "val_mean_absolute_error": 0.04954466596245766, "_runtime": 38.156928300857544, "_step": 42, "best_val_loss": 0.0074200937524437904, "best_epoch": 31, "Final MSE": 0.008794279769062996, "Final RMSE": 0.09377782046794891, "Final MAPE": 14242587.0, "Final MAE": 0.05619770660996437, "Total Training Time": 35.944979667663574, "Average Time per Epoch": 0.8520569176900954, "_wandb": {"runtime": 36}}