{"epoch": 0, "_timestamp": 1703657150.2993991, "loss": 0.006420293357223272, "root_mean_squared_error": 0.08414711803197861, "mean_absolute_percentage_error": 46804.97265625, "mean_absolute_error": 0.059721048921346664, "val_loss": 0.008995382115244865, "val_root_mean_squared_error": 0.09484399110078812, "val_mean_absolute_percentage_error": 112969.8671875, "val_mean_absolute_error": 0.06911401450634003, "_runtime": 4.616181135177612, "_step": 1, "best_val_loss": 0.008995382115244865, "best_epoch": 0, "Final MSE": 0.013335920870304108, "Final RMSE": 0.11548125743865967, "Final MAPE": 209000.453125, "Final MAE": 0.09810807555913925, "Total Training Time": 2.7065834999084473, "Average Time per Epoch": 2.556581974029541, "_wandb": {"runtime": 3}}