{"epoch": 0, "_timestamp": 1703505169.4295688, "loss": 0.007194466423243284, "root_mean_squared_error": 0.0842164158821106, "mean_absolute_percentage_error": 19934.923828125, "mean_absolute_error": 0.0439116433262825, "val_loss": 0.005220418330281973, "val_root_mean_squared_error": 0.07225246727466583, "val_mean_absolute_percentage_error": 87691.34375, "val_mean_absolute_error": 0.049800243228673935, "_runtime": 3.6514508724212646, "_step": 1, "best_val_loss": 0.005220418330281973, "best_epoch": 0, "Final MSE": 0.006665807217359543, "Final RMSE": 0.08164440095424652, "Final MAPE": 89269.7265625, "Final MAE": 0.04999089241027832, "Total Training Time": 1.555311918258667, "Average Time per Epoch": 1.452873945236206, "_wandb": {"runtime": 1}}