{"epoch": 0, "_timestamp": 1703713686.5400841, "loss": 0.019471991807222366, "root_mean_squared_error": 0.15214358270168304, "mean_absolute_percentage_error": 21078730.0, "mean_absolute_error": 0.094466932117939, "val_loss": 0.025999438017606735, "val_root_mean_squared_error": 0.16124340891838074, "val_mean_absolute_percentage_error": 32472664.0, "val_mean_absolute_error": 0.11210427433252335, "_runtime": 43.36440706253052, "_step": 1, "best_val_loss": 0.025999438017606735, "best_epoch": 0, "Final MSE": 0.04026135802268982, "Final RMSE": 0.2006523311138153, "Final MAPE": 35278504.0, "Final MAE": 0.1257150024175644, "Total Training Time": 42.13982820510864, "Average Time per Epoch": 40.18046188354492, "_wandb": {"runtime": 42}}