{"epoch": 0, "_timestamp": 1703793455.4667244, "loss": 0.010356195271015167, "root_mean_squared_error": 0.11897127330303192, "mean_absolute_percentage_error": 44286.375, "mean_absolute_error": 0.08122976124286652, "val_loss": 0.02068759687244892, "val_root_mean_squared_error": 0.14383183419704437, "val_mean_absolute_percentage_error": 61095.03125, "val_mean_absolute_error": 0.10105720162391663, "_runtime": 71.70062446594238, "_step": 1, "best_val_loss": 0.02068759687244892, "best_epoch": 0, "Final MSE": 0.036775462329387665, "Final RMSE": 0.1917693018913269, "Final MAPE": 173540.75, "Final MAE": 0.13876758515834808, "Total Training Time": 70.56771755218506, "Average Time per Epoch": 67.0915937423706, "_wandb": {"runtime": 70}}