{"epoch": 11, "_timestamp": 1703162101.6200166, "loss": 0.003832731395959854, "root_mean_squared_error": 0.06190905719995499, "mean_absolute_percentage_error": 254046.28125, "mean_absolute_error": 0.03443694859743118, "val_loss": 0.006636369042098522, "val_root_mean_squared_error": 0.08146391063928604, "val_mean_absolute_percentage_error": 35.422515869140625, "val_mean_absolute_error": 0.043352387845516205, "_runtime": 30.668400526046753, "_step": 12, "best_val_loss": 0.006348555441945791, "best_epoch": 1, "Final MSE": 0.008235001005232334, "Final RMSE": 0.0907469093799591, "Final MAPE": 285975.875, "Final MAE": 0.06242591515183449, "Total Training Time": 28.19581174850464, "Average Time per Epoch": 2.3339295784632363, "_wandb": {"runtime": 28}}