{"epoch": 0, "_timestamp": 1703728272.2829888, "loss": 0.008663005195558071, "root_mean_squared_error": 0.0949123203754425, "mean_absolute_percentage_error": 9497086.0, "mean_absolute_error": 0.05421726778149605, "val_loss": 0.01548820547759533, "val_root_mean_squared_error": 0.12445162236690521, "val_mean_absolute_percentage_error": 10875838.0, "val_mean_absolute_error": 0.07001190632581711, "_runtime": 10.675009727478027, "_step": 1, "best_val_loss": 0.01548820547759533, "best_epoch": 0, "Final MSE": 0.011351565830409527, "Final RMSE": 0.10654372721910477, "Final MAPE": 16120868.0, "Final MAE": 0.059030767530202866, "Total Training Time": 4.5030012130737305, "Average Time per Epoch": 4.35198974609375, "_wandb": {"runtime": 4}}