{"epoch": 20, "_timestamp": 1703191116.8677006, "loss": 0.010080288164317608, "root_mean_squared_error": 0.1004006415605545, "mean_absolute_percentage_error": 8578.1376953125, "mean_absolute_error": 0.06934035569429398, "val_loss": 0.025730786845088005, "val_root_mean_squared_error": 0.16040818393230438, "val_mean_absolute_percentage_error": 92514.8359375, "val_mean_absolute_error": 0.10372356325387955, "_runtime": 55.52288055419922, "_step": 21, "best_val_loss": 0.019021907821297646, "best_epoch": 10, "Final MSE": 0.019471004605293274, "Final RMSE": 0.13953854143619537, "Final MAPE": 104533.4921875, "Final MAE": 0.10500991344451904, "Total Training Time": 52.02760910987854, "Average Time per Epoch": 2.4686479227883473, "_wandb": {"runtime": 52}}