{"epoch": 10, "_timestamp": 1703656094.215553, "loss": 0.0060446904972195625, "root_mean_squared_error": 0.07774760574102402, "mean_absolute_percentage_error": 19486.033203125, "mean_absolute_error": 0.04562104120850563, "val_loss": 0.01149764470756054, "val_root_mean_squared_error": 0.10722707211971283, "val_mean_absolute_percentage_error": 84879.5859375, "val_mean_absolute_error": 0.06625697016716003, "_runtime": 19.291263103485107, "_step": 11, "best_val_loss": 0.010535822249948978, "best_epoch": 0, "Final MSE": 0.01663895510137081, "Final RMSE": 0.12899208068847656, "Final MAPE": 200628.75, "Final MAE": 0.09031157940626144, "Total Training Time": 16.905710220336914, "Average Time per Epoch": 1.5219561836936257, "_wandb": {"runtime": 17}}