{"epoch": 32, "_timestamp": 1705603410.0163693, "loss": 0.008786019869148731, "root_mean_squared_error": 0.0937337726354599, "mean_absolute_percentage_error": 36967.25, "mean_absolute_error": 0.061932776123285294, "val_loss": 0.015212546102702618, "val_root_mean_squared_error": 0.12333915382623672, "val_mean_absolute_percentage_error": 53913.3828125, "val_mean_absolute_error": 0.0800231397151947, "_runtime": 114.61040139198303, "_step": 33, "best_val_loss": 0.014414694160223007, "best_epoch": 22, "Final MSE": 0.02715642750263214, "Final RMSE": 0.16479207575321198, "Final MAPE": 154900.6875, "Final MAE": 0.12161397933959961, "Total Training Time": 113.19476366043091, "Average Time per Epoch": 3.4210903066577334, "_wandb": {"runtime": 113}}