{"epoch": 29, "_timestamp": 1703739053.68424, "loss": 0.008786147460341454, "root_mean_squared_error": 0.09373445063829422, "mean_absolute_percentage_error": 9711273.0, "mean_absolute_error": 0.05564099922776222, "val_loss": 0.012363971211016178, "val_root_mean_squared_error": 0.11119339615106583, "val_mean_absolute_percentage_error": 9707134.0, "val_mean_absolute_error": 0.06362780928611755, "_runtime": 27.255528211593628, "_step": 30, "best_val_loss": 0.01102530863136053, "best_epoch": 19, "Final MSE": 0.010799349285662174, "Final RMSE": 0.10391991585493088, "Final MAPE": 13890832.0, "Final MAE": 0.062021564692258835, "Total Training Time": 25.97109055519104, "Average Time per Epoch": 0.8606604496637981, "_wandb": {"runtime": 26}}