{"epoch": 23, "_timestamp": 1703180851.4755816, "loss": 0.00552142970263958, "root_mean_squared_error": 0.07430632412433624, "mean_absolute_percentage_error": 134312.03125, "mean_absolute_error": 0.041164692491292953, "val_loss": 0.00534936273470521, "val_root_mean_squared_error": 0.07313933968544006, "val_mean_absolute_percentage_error": 339521.59375, "val_mean_absolute_error": 0.04367837682366371, "_runtime": 82.4382815361023, "_step": 24, "best_val_loss": 0.0049558947794139385, "best_epoch": 13, "Final MSE": 0.023746304214000702, "Final RMSE": 0.15409836173057556, "Final MAPE": 75800.6640625, "Final MAE": 0.10014484822750092, "Total Training Time": 80.0054657459259, "Average Time per Epoch": 3.321810632944107, "_wandb": {"runtime": 80}}