{"epoch": 14, "_timestamp": 1703739388.2580018, "loss": 0.008962473832070827, "root_mean_squared_error": 0.09467034041881561, "mean_absolute_percentage_error": 10182406.0, "mean_absolute_error": 0.05674908682703972, "val_loss": 0.012084649875760078, "val_root_mean_squared_error": 0.10993020236492157, "val_mean_absolute_percentage_error": 15357709.0, "val_mean_absolute_error": 0.06881050020456314, "_runtime": 15.75712776184082, "_step": 15, "best_val_loss": 0.011446403339505196, "best_epoch": 4, "Final MSE": 0.013669194653630257, "Final RMSE": 0.11691533029079437, "Final MAPE": 22630700.0, "Final MAE": 0.07426104694604874, "Total Training Time": 13.635671377182007, "Average Time per Epoch": 0.9005624294281006, "_wandb": {"runtime": 14}}