{"epoch": 53, "_timestamp": 1703554148.5013669, "loss": 0.006052006967365742, "root_mean_squared_error": 0.077794648706913, "mean_absolute_percentage_error": 36720.27734375, "mean_absolute_error": 0.042903464287519455, "val_loss": 0.012797276489436626, "val_root_mean_squared_error": 0.11312504857778549, "val_mean_absolute_percentage_error": 484611.28125, "val_mean_absolute_error": 0.05989859625697136, "_runtime": 146.1034688949585, "_step": 54, "best_val_loss": 0.012215733528137207, "best_epoch": 43, "Final MSE": 0.022031359374523163, "Final RMSE": 0.14842964708805084, "Final MAPE": 36493.6171875, "Final MAE": 0.09210112690925598, "Total Training Time": 143.75055623054504, "Average Time per Epoch": 2.656638538395917, "_wandb": {"runtime": 144}}