{"epoch": 0, "_timestamp": 1703789311.5727098, "loss": 0.027069075033068657, "root_mean_squared_error": 0.16962985694408417, "mean_absolute_percentage_error": 292083.9375, "mean_absolute_error": 0.1275658905506134, "val_loss": 0.0382639579474926, "val_root_mean_squared_error": 0.19561176002025604, "val_mean_absolute_percentage_error": 93720.3828125, "val_mean_absolute_error": 0.15050451457500458, "_runtime": 46.57915687561035, "_step": 1, "best_val_loss": 0.0382639579474926, "best_epoch": 0, "Final MSE": 0.0388653539121151, "Final RMSE": 0.19714297354221344, "Final MAPE": 871033.0, "Final MAE": 0.15330754220485687, "Total Training Time": 45.344268798828125, "Average Time per Epoch": 43.137736797332764, "_wandb": {"runtime": 45}}