{"epoch": 0, "_timestamp": 1703737078.5279996, "loss": 0.007665941491723061, "root_mean_squared_error": 0.09123720973730087, "mean_absolute_percentage_error": 8941174.0, "mean_absolute_error": 0.05219466984272003, "val_loss": 0.01081448420882225, "val_root_mean_squared_error": 0.10399271547794342, "val_mean_absolute_percentage_error": 11017303.0, "val_mean_absolute_error": 0.059154849499464035, "_runtime": 5.905886650085449, "_step": 1, "best_val_loss": 0.01081448420882225, "best_epoch": 0, "Final MSE": 0.01016669999808073, "Final RMSE": 0.10083005577325821, "Final MAPE": 18625862.0, "Final MAE": 0.06186116486787796, "Total Training Time": 4.720592975616455, "Average Time per Epoch": 4.547924280166626, "_wandb": {"runtime": 4}}