{"epoch": 0, "_timestamp": 1703760690.4219153, "loss": 0.0118307089433074, "root_mean_squared_error": 0.12024062871932983, "mean_absolute_percentage_error": 46707.39453125, "mean_absolute_error": 0.06968016922473907, "val_loss": 0.008221381343901157, "val_root_mean_squared_error": 0.0906718298792839, "val_mean_absolute_percentage_error": 45833.015625, "val_mean_absolute_error": 0.050551362335681915, "_runtime": 7.2725913524627686, "_step": 1, "best_val_loss": 0.008221381343901157, "best_epoch": 0, "Final MSE": 0.01671646349132061, "Final RMSE": 0.12929216027259827, "Final MAPE": 28852.54296875, "Final MAE": 0.07521132379770279, "Total Training Time": 6.121271133422852, "Average Time per Epoch": 5.9536614418029785, "_wandb": {"runtime": 6}}