{"epoch": 31, "_timestamp": 1703675488.5683486, "loss": 0.08966046571731567, "root_mean_squared_error": 0.2994336485862732, "mean_absolute_percentage_error": 107390816.0, "mean_absolute_error": 0.24996662139892578, "val_loss": 0.08791021257638931, "val_root_mean_squared_error": 0.29649651050567627, "val_mean_absolute_percentage_error": 125477256.0, "val_mean_absolute_error": 0.25321078300476074, "_runtime": 25.06981372833252, "_step": 32, "best_val_loss": 0.08724766224622726, "best_epoch": 21, "Final MSE": 0.08575048297643661, "Final RMSE": 0.29283177852630615, "Final MAPE": 136235184.0, "Final MAE": 0.24849894642829895, "Total Training Time": 22.921780824661255, "Average Time per Epoch": 0.7121472582221031, "_wandb": {"runtime": 23}}