{"epoch": 20, "_timestamp": 1705644454.3191721, "loss": 0.00486822659149766, "root_mean_squared_error": 0.06977267563343048, "mean_absolute_percentage_error": 68059.8984375, "mean_absolute_error": 0.033454377204179764, "val_loss": 0.0087197944521904, "val_root_mean_squared_error": 0.09337984025478363, "val_mean_absolute_percentage_error": 96134.734375, "val_mean_absolute_error": 0.06512995064258575, "_runtime": 68.68907904624939, "_step": 21, "best_val_loss": 0.006049575284123421, "best_epoch": 10, "Final MSE": 0.021604863926768303, "Final RMSE": 0.14698593318462372, "Final MAPE": 257157.90625, "Final MAE": 0.10350465774536133, "Total Training Time": 66.29014325141907, "Average Time per Epoch": 3.144551084155128, "_wandb": {"runtime": 66}}