{"epoch": 0, "_timestamp": 1703673534.2354944, "loss": 0.007895405404269695, "root_mean_squared_error": 0.08933179825544357, "mean_absolute_percentage_error": 5657763.0, "mean_absolute_error": 0.04942562058568001, "val_loss": 0.011144895106554031, "val_root_mean_squared_error": 0.10556938499212265, "val_mean_absolute_percentage_error": 10528439.0, "val_mean_absolute_error": 0.0603889562189579, "_runtime": 7.416864395141602, "_step": 1, "best_val_loss": 0.011144895106554031, "best_epoch": 0, "Final MSE": 0.009232714772224426, "Final RMSE": 0.0960870161652565, "Final MAPE": 14787369.0, "Final MAE": 0.05931592360138893, "Total Training Time": 6.145771503448486, "Average Time per Epoch": 6.004943370819092, "_wandb": {"runtime": 6}}