{"epoch": 23, "_timestamp": 1703745532.1939175, "loss": 0.006534195970743895, "root_mean_squared_error": 0.08083437383174896, "mean_absolute_percentage_error": 7558579.5, "mean_absolute_error": 0.04730111360549927, "val_loss": 0.0071495589800179005, "val_root_mean_squared_error": 0.08455506712198257, "val_mean_absolute_percentage_error": 9605217.0, "val_mean_absolute_error": 0.05289450287818909, "_runtime": 36.16385746002197, "_step": 24, "best_val_loss": 0.006409293040633202, "best_epoch": 13, "Final MSE": 0.00794301275163889, "Final RMSE": 0.08912358433008194, "Final MAPE": 13603134.0, "Final MAE": 0.056728117167949677, "Total Training Time": 34.785661458969116, "Average Time per Epoch": 1.4426995515823364, "_wandb": {"runtime": 35}}