{"epoch": 20, "_timestamp": 1703159236.111532, "loss": 0.004426900763064623, "root_mean_squared_error": 0.06653495877981186, "mean_absolute_percentage_error": 7735.9501953125, "mean_absolute_error": 0.03680730238556862, "val_loss": 0.007821769453585148, "val_root_mean_squared_error": 0.08844076842069626, "val_mean_absolute_percentage_error": 19040.54296875, "val_mean_absolute_error": 0.05260074883699417, "_runtime": 50.848520040512085, "_step": 21, "best_val_loss": 0.007777529302984476, "best_epoch": 10, "Final MSE": 0.009725046344101429, "Final RMSE": 0.09861564636230469, "Final MAPE": 50689.7265625, "Final MAE": 0.0678664967417717, "Total Training Time": 48.377161502838135, "Average Time per Epoch": 2.2939854235876176, "_wandb": {"runtime": 48}}