{"epoch": 0, "_timestamp": 1703502081.348431, "loss": 0.006625575944781303, "root_mean_squared_error": 0.08599646389484406, "mean_absolute_percentage_error": 24068.19140625, "mean_absolute_error": 0.039031900465488434, "val_loss": 0.010612727142870426, "val_root_mean_squared_error": 0.10301809012889862, "val_mean_absolute_percentage_error": 66682.125, "val_mean_absolute_error": 0.060950011014938354, "_runtime": 7.514461994171143, "_step": 1, "best_val_loss": 0.010612727142870426, "best_epoch": 0, "Final MSE": 0.014817759394645691, "Final RMSE": 0.12172821909189224, "Final MAPE": 158034.0625, "Final MAE": 0.0709344893693924, "Total Training Time": 6.239215612411499, "Average Time per Epoch": 6.078655958175659, "_wandb": {"runtime": 6}}