{"epoch": 0, "_timestamp": 1703537361.7858121, "loss": 0.008154507726430893, "root_mean_squared_error": 0.09731043875217438, "mean_absolute_percentage_error": 91377.328125, "mean_absolute_error": 0.04763307794928551, "val_loss": 0.008436833508312702, "val_root_mean_squared_error": 0.09185224026441574, "val_mean_absolute_percentage_error": 68320.609375, "val_mean_absolute_error": 0.055579643696546555, "_runtime": 24.56178617477417, "_step": 1, "best_val_loss": 0.008436833508312702, "best_epoch": 0, "Final MSE": 0.01998191699385643, "Final RMSE": 0.1413574069738388, "Final MAPE": 222257.328125, "Final MAE": 0.08322244882583618, "Total Training Time": 23.25658869743347, "Average Time per Epoch": 22.23696994781494, "_wandb": {"runtime": 23}}