{"epoch": 14, "_timestamp": 1703547216.0630734, "loss": 0.007564709056168795, "root_mean_squared_error": 0.0869753360748291, "mean_absolute_percentage_error": 80121.3046875, "mean_absolute_error": 0.05927492305636406, "val_loss": 0.010656177066266537, "val_root_mean_squared_error": 0.10322876274585724, "val_mean_absolute_percentage_error": 25675.8984375, "val_mean_absolute_error": 0.06993871927261353, "_runtime": 32.55437231063843, "_step": 15, "best_val_loss": 0.009581123478710651, "best_epoch": 4, "Final MSE": 0.022998232394456863, "Final RMSE": 0.15165168046951294, "Final MAPE": 267638.03125, "Final MAE": 0.09040814638137817, "Total Training Time": 30.468324184417725, "Average Time per Epoch": 2.019878609975179, "_wandb": {"runtime": 31}}