{"epoch": 25, "_timestamp": 1703917610.1633894, "loss": 0.010452174581587315, "root_mean_squared_error": 0.10223587602376938, "mean_absolute_percentage_error": 188505.203125, "mean_absolute_error": 0.052438318729400635, "val_loss": 0.008182065561413765, "val_root_mean_squared_error": 0.09045477211475372, "val_mean_absolute_percentage_error": 113.57386779785156, "val_mean_absolute_error": 0.051974982023239136, "_runtime": 97.32910633087158, "_step": 26, "best_val_loss": 0.007956202141940594, "best_epoch": 15, "Final MSE": 0.014681095257401466, "Final RMSE": 0.12116556614637375, "Final MAPE": 75079.265625, "Final MAE": 0.07445782423019409, "Total Training Time": 95.0412962436676, "Average Time per Epoch": 3.644637474646935, "_wandb": {"runtime": 95}}