{"epoch": 15, "_timestamp": 1705616382.3029184, "loss": 0.0117544149979949, "root_mean_squared_error": 0.10841777920722961, "mean_absolute_percentage_error": 691.227783203125, "mean_absolute_error": 0.06359242647886276, "val_loss": 0.009151576086878777, "val_root_mean_squared_error": 0.09566386789083481, "val_mean_absolute_percentage_error": 167856.921875, "val_mean_absolute_error": 0.06428280472755432, "_runtime": 14.836849451065063, "_step": 16, "best_val_loss": 0.006618681363761425, "best_epoch": 5, "Final MSE": 0.036951418966054916, "Final RMSE": 0.19222751259803772, "Final MAPE": 291143.34375, "Final MAE": 0.1289312094449997, "Total Training Time": 12.620826959609985, "Average Time per Epoch": 0.7811516970396042, "_wandb": {"runtime": 12}}