{"epoch": 25, "_timestamp": 1703800918.3478663, "loss": 0.021999208256602287, "root_mean_squared_error": 0.14832130074501038, "mean_absolute_percentage_error": 67907.6484375, "mean_absolute_error": 0.10249459743499756, "val_loss": 0.027418391779065132, "val_root_mean_squared_error": 0.165584996342659, "val_mean_absolute_percentage_error": 101090.1328125, "val_mean_absolute_error": 0.11431065201759338, "_runtime": 50.91842341423035, "_step": 26, "best_val_loss": 0.027179813012480736, "best_epoch": 15, "Final MSE": 0.03259653598070145, "Final RMSE": 0.18054510653018951, "Final MAPE": 223425.46875, "Final MAE": 0.12170350551605225, "Total Training Time": 48.42160248756409, "Average Time per Epoch": 1.8544291716355543, "_wandb": {"runtime": 49}}