{"epoch": 0, "_timestamp": 1703549107.7455435, "loss": 0.014983082190155983, "root_mean_squared_error": 0.12103100121021271, "mean_absolute_percentage_error": 15504.521484375, "mean_absolute_error": 0.0773482695221901, "val_loss": 0.008904862217605114, "val_root_mean_squared_error": 0.09436557441949844, "val_mean_absolute_percentage_error": 58128.99609375, "val_mean_absolute_error": 0.05542142689228058, "_runtime": 11.537294387817383, "_step": 1, "best_val_loss": 0.008904862217605114, "best_epoch": 0, "Final MSE": 0.01440716814249754, "Final RMSE": 0.12002986669540405, "Final MAPE": 51081.83203125, "Final MAE": 0.07313580065965652, "Total Training Time": 4.538711309432983, "Average Time per Epoch": 4.389676809310913, "_wandb": {"runtime": 4}}