{"epoch": 39, "_timestamp": 1703754134.9005275, "loss": 0.008752378635108471, "root_mean_squared_error": 0.09355414658784866, "mean_absolute_percentage_error": 68277.65625, "mean_absolute_error": 0.06312306225299835, "val_loss": 0.009114072658121586, "val_root_mean_squared_error": 0.09546764940023422, "val_mean_absolute_percentage_error": 100647.0, "val_mean_absolute_error": 0.0739365890622139, "_runtime": 91.83984851837158, "_step": 40, "best_val_loss": 0.007699200417846441, "best_epoch": 29, "Final MSE": 0.024768121540546417, "Final RMSE": 0.1573789119720459, "Final MAPE": 336360.375, "Final MAE": 0.11973418295383453, "Total Training Time": 90.10539984703064, "Average Time per Epoch": 2.247707325220108, "_wandb": {"runtime": 90}}