{"epoch": 0, "_timestamp": 1703741467.4377146, "loss": 0.007178859319537878, "root_mean_squared_error": 0.08789093792438507, "mean_absolute_percentage_error": 8865643.0, "mean_absolute_error": 0.052564091980457306, "val_loss": 0.00966488104313612, "val_root_mean_squared_error": 0.09831012785434723, "val_mean_absolute_percentage_error": 9103847.0, "val_mean_absolute_error": 0.06073931232094765, "_runtime": 3.0878396034240723, "_step": 1, "best_val_loss": 0.00966488104313612, "best_epoch": 0, "Final MSE": 0.01160878874361515, "Final RMSE": 0.10774409025907516, "Final MAPE": 16310929.0, "Final MAE": 0.06646046787500381, "Total Training Time": 1.9107880592346191, "Average Time per Epoch": 1.793611764907837, "_wandb": {"runtime": 2}}