{"epoch": 0, "_timestamp": 1703647861.7245584, "loss": 0.006524976342916489, "root_mean_squared_error": 0.09415167570114136, "mean_absolute_percentage_error": 54753.1640625, "mean_absolute_error": 0.06644786149263382, "val_loss": 0.00698326900601387, "val_root_mean_squared_error": 0.08356595784425735, "val_mean_absolute_percentage_error": 77180.515625, "val_mean_absolute_error": 0.06877655535936356, "_runtime": 6.594014406204224, "_step": 1, "best_val_loss": 0.00698326900601387, "best_epoch": 0, "Final MSE": 0.02308337390422821, "Final RMSE": 0.15193213522434235, "Final MAPE": 285641.3125, "Final MAE": 0.12876839935779572, "Total Training Time": 4.798933982849121, "Average Time per Epoch": 4.597398042678833, "_wandb": {"runtime": 4}}