{"epoch": 26, "_timestamp": 1703853829.0783947, "loss": 0.014413713477551937, "root_mean_squared_error": 0.12005715817213058, "mean_absolute_percentage_error": 21213.205078125, "mean_absolute_error": 0.08534663170576096, "val_loss": 0.019919034093618393, "val_root_mean_squared_error": 0.14113478362560272, "val_mean_absolute_percentage_error": 73706.953125, "val_mean_absolute_error": 0.09851361811161041, "_runtime": 20.43757963180542, "_step": 27, "best_val_loss": 0.019896946847438812, "best_epoch": 16, "Final MSE": 0.03709011524915695, "Final RMSE": 0.1925879418849945, "Final MAPE": 151138.234375, "Final MAE": 0.12975937128067017, "Total Training Time": 19.221123456954956, "Average Time per Epoch": 0.7075418631235758, "_wandb": {"runtime": 19}}