{"epoch": 58, "_timestamp": 1703283330.504242, "loss": 0.01632028818130493, "root_mean_squared_error": 0.12775088846683502, "mean_absolute_percentage_error": 13181.8271484375, "mean_absolute_error": 0.08835477381944656, "val_loss": 0.02404167316854, "val_root_mean_squared_error": 0.1550537794828415, "val_mean_absolute_percentage_error": 50097.4921875, "val_mean_absolute_error": 0.10088778287172318, "_runtime": 47.99921894073486, "_step": 59, "best_val_loss": 0.02381870336830616, "best_epoch": 48, "Final MSE": 0.02622123621404171, "Final RMSE": 0.16192972660064697, "Final MAPE": 155491.734375, "Final MAE": 0.11037565767765045, "Total Training Time": 45.78868508338928, "Average Time per Epoch": 0.7729605456530038, "_wandb": {"runtime": 46}}