{"epoch": 22, "_timestamp": 1703898500.0324166, "loss": 0.011911001987755299, "root_mean_squared_error": 0.10913753509521484, "mean_absolute_percentage_error": 4037.859130859375, "mean_absolute_error": 0.06444231420755386, "val_loss": 0.008056818507611752, "val_root_mean_squared_error": 0.08975978195667267, "val_mean_absolute_percentage_error": 230667.796875, "val_mean_absolute_error": 0.056527163833379745, "_runtime": 31.462955474853516, "_step": 23, "best_val_loss": 0.006796317175030708, "best_epoch": 12, "Final MSE": 0.03595753386616707, "Final RMSE": 0.18962471187114716, "Final MAPE": 240715.0625, "Final MAE": 0.11679457873106003, "Total Training Time": 29.25626301765442, "Average Time per Epoch": 1.2643857727880063, "_wandb": {"runtime": 29}}