{"epoch": 0, "_timestamp": 1703641362.3410115, "loss": 0.004564480856060982, "root_mean_squared_error": 0.07237335294485092, "mean_absolute_percentage_error": 10508.908203125, "mean_absolute_error": 0.045918602496385574, "val_loss": 0.008904685266315937, "val_root_mean_squared_error": 0.09436464309692383, "val_mean_absolute_percentage_error": 12336.267578125, "val_mean_absolute_error": 0.057520557194948196, "_runtime": 12.902899503707886, "_step": 1, "best_val_loss": 0.008904685266315937, "best_epoch": 0, "Final MSE": 0.010889709927141666, "Final RMSE": 0.10435377061367035, "Final MAPE": 3300.530029296875, "Final MAE": 0.06369984149932861, "Total Training Time": 4.569746494293213, "Average Time per Epoch": 4.4212563037872314, "_wandb": {"runtime": 4}}