{"epoch": 0, "_timestamp": 1703501625.91417, "loss": 0.006336645223200321, "root_mean_squared_error": 0.09036805480718613, "mean_absolute_percentage_error": 50311.60546875, "mean_absolute_error": 0.053001005202531815, "val_loss": 0.007501903921365738, "val_root_mean_squared_error": 0.08661352843046188, "val_mean_absolute_percentage_error": 19152.236328125, "val_mean_absolute_error": 0.04912487789988518, "_runtime": 7.448045969009399, "_step": 1, "best_val_loss": 0.007501903921365738, "best_epoch": 0, "Final MSE": 0.022336291149258614, "Final RMSE": 0.1494533121585846, "Final MAPE": 119554.4140625, "Final MAE": 0.0902814120054245, "Total Training Time": 6.226036548614502, "Average Time per Epoch": 6.0630059242248535, "_wandb": {"runtime": 6}}