{"epoch": 12, "_timestamp": 1703763190.6787603, "loss": 0.020492274314165115, "root_mean_squared_error": 0.14315126836299896, "mean_absolute_percentage_error": 729975.125, "mean_absolute_error": 0.10305808484554291, "val_loss": 0.029821107164025307, "val_root_mean_squared_error": 0.17268788814544678, "val_mean_absolute_percentage_error": 175129.109375, "val_mean_absolute_error": 0.11111365258693695, "_runtime": 11.759281396865845, "_step": 13, "best_val_loss": 0.028494885191321373, "best_epoch": 2, "Final MSE": 0.033901240676641464, "Final RMSE": 0.18412289023399353, "Final MAPE": 178784.734375, "Final MAE": 0.14481472969055176, "Total Training Time": 9.733545064926147, "Average Time per Epoch": 0.7413933277130127, "_wandb": {"runtime": 9}}