{"epoch": 0, "_timestamp": 1703595442.7171469, "loss": 0.02489364892244339, "root_mean_squared_error": 0.1608133465051651, "mean_absolute_percentage_error": 61382.56640625, "mean_absolute_error": 0.11137597262859344, "val_loss": 0.030486442148685455, "val_root_mean_squared_error": 0.17460370063781738, "val_mean_absolute_percentage_error": 119680.6015625, "val_mean_absolute_error": 0.11271468549966812, "_runtime": 3.609644889831543, "_step": 1, "best_val_loss": 0.030486442148685455, "best_epoch": 0, "Final MSE": 0.03280643746256828, "Final RMSE": 0.1811254471540451, "Final MAPE": 243700.578125, "Final MAE": 0.12529480457305908, "Total Training Time": 1.6033313274383545, "Average Time per Epoch": 1.4983201026916504, "_wandb": {"runtime": 1}}