{"epoch": 20, "_timestamp": 1703289526.8264067, "loss": 0.011348509229719639, "root_mean_squared_error": 0.10652938485145569, "mean_absolute_percentage_error": 5145.57568359375, "mean_absolute_error": 0.06671051681041718, "val_loss": 0.008610851131379604, "val_root_mean_squared_error": 0.09279467165470123, "val_mean_absolute_percentage_error": 91674.3125, "val_mean_absolute_error": 0.06708595901727676, "_runtime": 29.7602276802063, "_step": 21, "best_val_loss": 0.007644989527761936, "best_epoch": 10, "Final MSE": 0.01704278774559498, "Final RMSE": 0.13054803013801575, "Final MAPE": 135676.890625, "Final MAE": 0.08461908996105194, "Total Training Time": 27.544736862182617, "Average Time per Epoch": 1.3038233121236165, "_wandb": {"runtime": 27}}