{"epoch": 0, "_timestamp": 1703640054.2770395, "loss": 0.016972500830888748, "root_mean_squared_error": 0.12579558789730072, "mean_absolute_percentage_error": 17473.517578125, "mean_absolute_error": 0.07863596081733704, "val_loss": 0.01367608830332756, "val_root_mean_squared_error": 0.1169448122382164, "val_mean_absolute_percentage_error": 22175.044921875, "val_mean_absolute_error": 0.079292431473732, "_runtime": 11.039812564849854, "_step": 1, "best_val_loss": 0.01367608830332756, "best_epoch": 0, "Final MSE": 0.016848362982273102, "Final RMSE": 0.12980124354362488, "Final MAPE": 38173.2890625, "Final MAE": 0.09229638427495956, "Total Training Time": 4.4944164752960205, "Average Time per Epoch": 4.346384763717651, "_wandb": {"runtime": 4}}