{"epoch": 43, "_timestamp": 1703365256.7514975, "loss": 0.009668511338531971, "root_mean_squared_error": 0.0983285903930664, "mean_absolute_percentage_error": 7131607.5, "mean_absolute_error": 0.05446562543511391, "val_loss": 0.03807458654046059, "val_root_mean_squared_error": 0.19512709975242615, "val_mean_absolute_percentage_error": 5445390.0, "val_mean_absolute_error": 0.09750551730394363, "_runtime": 644.0628845691681, "_step": 44, "best_val_loss": 0.03165967017412186, "best_epoch": 33, "Final MSE": 0.04558125510811806, "Final RMSE": 0.21349766850471497, "Final MAPE": 15871451.0, "Final MAE": 0.10881831496953964, "Total Training Time": 641.6907651424408, "Average Time per Epoch": 14.56367330117659, "_wandb": {"runtime": 642}}