{"epoch": 16, "_timestamp": 1703512417.8477857, "loss": 0.013344643637537956, "root_mean_squared_error": 0.11551901698112488, "mean_absolute_percentage_error": 14658.5224609375, "mean_absolute_error": 0.06779506802558899, "val_loss": 0.010072939097881317, "val_root_mean_squared_error": 0.10036402940750122, "val_mean_absolute_percentage_error": 105124.4140625, "val_mean_absolute_error": 0.07864446192979813, "_runtime": 155.81494665145874, "_step": 17, "best_val_loss": 0.008946510963141918, "best_epoch": 6, "Final MSE": 0.02346816286444664, "Final RMSE": 0.15319322049617767, "Final MAPE": 86765.453125, "Final MAE": 0.12143270671367645, "Total Training Time": 153.3785707950592, "Average Time per Epoch": 8.988496331607594, "_wandb": {"runtime": 153}}