{"epoch": 31, "_timestamp": 1705629161.0950944, "loss": 0.005248416680842638, "root_mean_squared_error": 0.07244595885276794, "mean_absolute_percentage_error": 11124.546875, "mean_absolute_error": 0.032760441303253174, "val_loss": 0.009571349248290062, "val_root_mean_squared_error": 0.09783327579498291, "val_mean_absolute_percentage_error": 83035.859375, "val_mean_absolute_error": 0.056698624044656754, "_runtime": 77.38866233825684, "_step": 32, "best_val_loss": 0.008974009193480015, "best_epoch": 21, "Final MSE": 0.012356073595583439, "Final RMSE": 0.11115787923336029, "Final MAPE": 190667.03125, "Final MAE": 0.06427191197872162, "Total Training Time": 74.92110776901245, "Average Time per Epoch": 2.334368221461773, "_wandb": {"runtime": 75}}