{"epoch": 14, "_timestamp": 1705603468.9678833, "loss": 0.0073219407349824905, "root_mean_squared_error": 0.08556833863258362, "mean_absolute_percentage_error": 39545.859375, "mean_absolute_error": 0.05450773239135742, "val_loss": 0.00999614130705595, "val_root_mean_squared_error": 0.09998070448637009, "val_mean_absolute_percentage_error": 27845.6953125, "val_mean_absolute_error": 0.07461821287870407, "_runtime": 53.93511438369751, "_step": 15, "best_val_loss": 0.009404458105564117, "best_epoch": 4, "Final MSE": 0.0145945455878973, "Final RMSE": 0.12080788612365723, "Final MAPE": 102374.4921875, "Final MAE": 0.08796721696853638, "Total Training Time": 52.42869424819946, "Average Time per Epoch": 3.4776493549346923, "_wandb": {"runtime": 52}}