{"epoch": 21, "_timestamp": 1705622233.0392005, "loss": 0.006086020730435848, "root_mean_squared_error": 0.07801295071840286, "mean_absolute_percentage_error": 45505.54296875, "mean_absolute_error": 0.047713275998830795, "val_loss": 0.007776874583214521, "val_root_mean_squared_error": 0.0881865918636322, "val_mean_absolute_percentage_error": 16523.76953125, "val_mean_absolute_error": 0.04817526042461395, "_runtime": 30.63830065727234, "_step": 22, "best_val_loss": 0.006924071814864874, "best_epoch": 11, "Final MSE": 0.02165285125374794, "Final RMSE": 0.14714907109737396, "Final MAPE": 12934.7548828125, "Final MAE": 0.09565266966819763, "Total Training Time": 28.433071851730347, "Average Time per Epoch": 1.2849396900697188, "_wandb": {"runtime": 28}}