{"epoch": 24, "_timestamp": 1703801850.1996424, "loss": 0.006993885617703199, "root_mean_squared_error": 0.08362945169210434, "mean_absolute_percentage_error": 35135.61328125, "mean_absolute_error": 0.04591447114944458, "val_loss": 0.01348914299160242, "val_root_mean_squared_error": 0.11614277213811874, "val_mean_absolute_percentage_error": 439547.53125, "val_mean_absolute_error": 0.066574327647686, "_runtime": 49.61399841308594, "_step": 25, "best_val_loss": 0.013376589864492416, "best_epoch": 14, "Final MSE": 0.020417345687747, "Final RMSE": 0.14288927614688873, "Final MAPE": 25225.69140625, "Final MAE": 0.09537036716938019, "Total Training Time": 47.14520859718323, "Average Time per Epoch": 1.8785431385040283, "_wandb": {"runtime": 47}}