{"epoch": 15, "_timestamp": 1705597295.864688, "loss": 0.004564132075756788, "root_mean_squared_error": 0.06755836308002472, "mean_absolute_percentage_error": 2358389.0, "mean_absolute_error": 0.0410272516310215, "val_loss": 0.00923910178244114, "val_root_mean_squared_error": 0.09612024575471878, "val_mean_absolute_percentage_error": 26164.876953125, "val_mean_absolute_error": 0.06495674699544907, "_runtime": 61.66947793960571, "_step": 16, "best_val_loss": 0.008383453823626041, "best_epoch": 5, "Final MSE": 0.005375123117119074, "Final RMSE": 0.07331523299217224, "Final MAPE": 322902.40625, "Final MAE": 0.0537491999566555, "Total Training Time": 60.215553522109985, "Average Time per Epoch": 3.7476741820573807, "_wandb": {"runtime": 60}}