{"epoch": 0, "_timestamp": 1703803932.0112169, "loss": 0.022646727040410042, "root_mean_squared_error": 0.14851835370063782, "mean_absolute_percentage_error": 149666.78125, "mean_absolute_error": 0.09184200316667557, "val_loss": 0.01619875617325306, "val_root_mean_squared_error": 0.12727433443069458, "val_mean_absolute_percentage_error": 5375.18212890625, "val_mean_absolute_error": 0.070972740650177, "_runtime": 10.320044994354248, "_step": 1, "best_val_loss": 0.01619875617325306, "best_epoch": 0, "Final MSE": 0.01784621924161911, "Final RMSE": 0.1335897445678711, "Final MAPE": 346624.0, "Final MAE": 0.08136779814958572, "Total Training Time": 4.448559761047363, "Average Time per Epoch": 4.304559230804443, "_wandb": {"runtime": 4}}