{"epoch": 35, "_timestamp": 1703187134.7034562, "loss": 0.005288237240165472, "root_mean_squared_error": 0.07272026687860489, "mean_absolute_percentage_error": 19979.921875, "mean_absolute_error": 0.049193695187568665, "val_loss": 0.010602586902678013, "val_root_mean_squared_error": 0.10296886414289474, "val_mean_absolute_percentage_error": 105027.9453125, "val_mean_absolute_error": 0.07069095224142075, "_runtime": 89.49266314506531, "_step": 36, "best_val_loss": 0.009729933924973011, "best_epoch": 25, "Final MSE": 0.013290585950016975, "Final RMSE": 0.11528480052947998, "Final MAPE": 120048.328125, "Final MAE": 0.09542348980903625, "Total Training Time": 86.83231544494629, "Average Time per Epoch": 2.4060915840996637, "_wandb": {"runtime": 87}}