{"epoch": 0, "_timestamp": 1703593304.2224383, "loss": 0.007460499182343483, "root_mean_squared_error": 0.09799966216087341, "mean_absolute_percentage_error": 37798.32421875, "mean_absolute_error": 0.060678064823150635, "val_loss": 0.021211953833699226, "val_root_mean_squared_error": 0.1456432342529297, "val_mean_absolute_percentage_error": 32894.25390625, "val_mean_absolute_error": 0.08705586940050125, "_runtime": 7.621390342712402, "_step": 1, "best_val_loss": 0.021211953833699226, "best_epoch": 0, "Final MSE": 0.025245090946555138, "Final RMSE": 0.15888704359531403, "Final MAPE": 202253.5625, "Final MAE": 0.11007000505924225, "Total Training Time": 6.347165584564209, "Average Time per Epoch": 6.1841325759887695, "_wandb": {"runtime": 6}}