{"epoch": 18, "_timestamp": 1703855045.231093, "loss": 0.008160404860973358, "root_mean_squared_error": 0.09033498167991638, "mean_absolute_percentage_error": 66009.75, "mean_absolute_error": 0.047315631061792374, "val_loss": 0.00855339877307415, "val_root_mean_squared_error": 0.09248457849025726, "val_mean_absolute_percentage_error": 131499.328125, "val_mean_absolute_error": 0.054760903120040894, "_runtime": 15.062517881393433, "_step": 19, "best_val_loss": 0.008542210794985294, "best_epoch": 8, "Final MSE": 0.027721870690584183, "Final RMSE": 0.16649885475635529, "Final MAPE": 89605.15625, "Final MAE": 0.08331895619630814, "Total Training Time": 13.782607555389404, "Average Time per Epoch": 0.7194750183507016, "_wandb": {"runtime": 14}}