{"epoch": 24, "_timestamp": 1703180043.9633055, "loss": 0.005366817116737366, "root_mean_squared_error": 0.07325856387615204, "mean_absolute_percentage_error": 27075.41015625, "mean_absolute_error": 0.0460551418364048, "val_loss": 0.009060896933078766, "val_root_mean_squared_error": 0.09518874436616898, "val_mean_absolute_percentage_error": 59510.5078125, "val_mean_absolute_error": 0.055558666586875916, "_runtime": 83.72705435752869, "_step": 25, "best_val_loss": 0.00816841796040535, "best_epoch": 14, "Final MSE": 0.011973594315350056, "Final RMSE": 0.1094239205121994, "Final MAPE": 189741.65625, "Final MAE": 0.06453851610422134, "Total Training Time": 82.30543923377991, "Average Time per Epoch": 3.281213808059692, "_wandb": {"runtime": 82}}