{"epoch": 39, "_timestamp": 1703098196.7874706, "loss": 0.008207506500184536, "root_mean_squared_error": 0.0905953049659729, "mean_absolute_percentage_error": 84830.875, "mean_absolute_error": 0.051636409014463425, "val_loss": 0.011326664127409458, "val_root_mean_squared_error": 0.10642679035663605, "val_mean_absolute_percentage_error": 32881.15625, "val_mean_absolute_error": 0.05455716326832771, "_runtime": 32.23155951499939, "_step": 40, "best_val_loss": 0.011321915313601494, "best_epoch": 29, "Final MSE": 0.018921924754977226, "Final RMSE": 0.1375569999217987, "Final MAPE": 200991.234375, "Final MAE": 0.07165589928627014, "Total Training Time": 30.02979016304016, "Average Time per Epoch": 0.746769267320633, "_wandb": {"runtime": 30}}