{"epoch": 22, "_timestamp": 1703147180.3568008, "loss": 0.004735476337373257, "root_mean_squared_error": 0.06881479918956757, "mean_absolute_percentage_error": 110793.28125, "mean_absolute_error": 0.037416066974401474, "val_loss": 0.008762705139815807, "val_root_mean_squared_error": 0.09360932558774948, "val_mean_absolute_percentage_error": 49931.05859375, "val_mean_absolute_error": 0.059568263590335846, "_runtime": 20.476147890090942, "_step": 23, "best_val_loss": 0.007910098880529404, "best_epoch": 12, "Final MSE": 0.013377264142036438, "Final RMSE": 0.11566012352705002, "Final MAPE": 104759.2421875, "Final MAE": 0.07539013773202896, "Total Training Time": 18.203288078308105, "Average Time per Epoch": 0.7858065522235372, "_wandb": {"runtime": 18}}