{"epoch": 35, "_timestamp": 1703456810.7410264, "loss": 0.006216373294591904, "root_mean_squared_error": 0.07884398102760315, "mean_absolute_percentage_error": 7659877.5, "mean_absolute_error": 0.04641866311430931, "val_loss": 0.01020592451095581, "val_root_mean_squared_error": 0.10102437436580658, "val_mean_absolute_percentage_error": 17925478.0, "val_mean_absolute_error": 0.06798449158668518, "_runtime": 91.14852046966553, "_step": 36, "best_val_loss": 0.009700215421617031, "best_epoch": 25, "Final MSE": 0.010807773098349571, "Final RMSE": 0.10396043956279755, "Final MAPE": 22204078.0, "Final MAE": 0.07039520144462585, "Total Training Time": 88.68561363220215, "Average Time per Epoch": 2.4570813046561346, "_wandb": {"runtime": 89}}