{"epoch": 18, "_timestamp": 1703855151.1228755, "loss": 0.01794574223458767, "root_mean_squared_error": 0.1339617371559143, "mean_absolute_percentage_error": 11663.4404296875, "mean_absolute_error": 0.06124215945601463, "val_loss": 0.015061904676258564, "val_root_mean_squared_error": 0.12272696197032928, "val_mean_absolute_percentage_error": 88448.9609375, "val_mean_absolute_error": 0.06673352420330048, "_runtime": 16.122987508773804, "_step": 19, "best_val_loss": 0.014568452723324299, "best_epoch": 8, "Final MSE": 0.013481765054166317, "Final RMSE": 0.11611100286245346, "Final MAPE": 182012.609375, "Final MAE": 0.0678102970123291, "Total Training Time": 13.988692283630371, "Average Time per Epoch": 0.7310966943439684, "_wandb": {"runtime": 14}}