{"epoch": 30, "_timestamp": 1703151703.7853277, "loss": 0.004481680225580931, "root_mean_squared_error": 0.06694535166025162, "mean_absolute_percentage_error": 2499235.0, "mean_absolute_error": 0.040941622108221054, "val_loss": 0.008381377905607224, "val_root_mean_squared_error": 0.09154986590147018, "val_mean_absolute_percentage_error": 43818.890625, "val_mean_absolute_error": 0.06357509642839432, "_runtime": 41.75798273086548, "_step": 31, "best_val_loss": 0.0074305301532149315, "best_epoch": 20, "Final MSE": 0.006127162370830774, "Final RMSE": 0.07827619463205338, "Final MAPE": 440277.78125, "Final MAE": 0.06457754969596863, "Total Training Time": 39.523743629455566, "Average Time per Epoch": 1.269153118133545, "_wandb": {"runtime": 39}}