{"epoch": 35, "_timestamp": 1703345141.930686, "loss": 0.08974338322877884, "root_mean_squared_error": 0.2995718717575073, "mean_absolute_percentage_error": 107520824.0, "mean_absolute_error": 0.250079870223999, "val_loss": 0.08795257657766342, "val_root_mean_squared_error": 0.29656797647476196, "val_mean_absolute_percentage_error": 125913872.0, "val_mean_absolute_error": 0.25351911783218384, "_runtime": 27.0661780834198, "_step": 36, "best_val_loss": 0.08728199452161789, "best_epoch": 25, "Final MSE": 0.08587895333766937, "Final RMSE": 0.2930511236190796, "Final MAPE": 137016688.0, "Final MAE": 0.2491312026977539, "Total Training Time": 25.225393056869507, "Average Time per Epoch": 0.6964786516295539, "_wandb": {"runtime": 25}}