{"epoch": 0, "_timestamp": 1703621079.0602446, "loss": 0.019048331305384636, "root_mean_squared_error": 0.14425724744796753, "mean_absolute_percentage_error": 69874.59375, "mean_absolute_error": 0.0889204666018486, "val_loss": 0.03416508808732033, "val_root_mean_squared_error": 0.18483801186084747, "val_mean_absolute_percentage_error": 188923.59375, "val_mean_absolute_error": 0.15173843502998352, "_runtime": 31.43465757369995, "_step": 1, "best_val_loss": 0.03416508808732033, "best_epoch": 0, "Final MSE": 0.03657270595431328, "Final RMSE": 0.19123992323875427, "Final MAPE": 461629.40625, "Final MAE": 0.13511373102664948, "Total Training Time": 29.911693334579468, "Average Time per Epoch": 28.58988356590271, "_wandb": {"runtime": 30}}