{"epoch": 26, "_timestamp": 1703650833.9844475, "loss": 0.004260266199707985, "root_mean_squared_error": 0.06527071446180344, "mean_absolute_percentage_error": 19829.259765625, "mean_absolute_error": 0.045551981776952744, "val_loss": 0.00589370634406805, "val_root_mean_squared_error": 0.07677047699689865, "val_mean_absolute_percentage_error": 98680.4140625, "val_mean_absolute_error": 0.05128144472837448, "_runtime": 25.37377142906189, "_step": 27, "best_val_loss": 0.005570587702095509, "best_epoch": 16, "Final MSE": 0.011534680612385273, "Final RMSE": 0.10739962756633759, "Final MAPE": 192221.125, "Final MAE": 0.07581542432308197, "Total Training Time": 23.29595637321472, "Average Time per Epoch": 0.8574341491416648, "_wandb": {"runtime": 23}}