{"epoch": 0, "_timestamp": 1703652152.053048, "loss": 0.006785950157791376, "root_mean_squared_error": 0.08550534397363663, "mean_absolute_percentage_error": 44099.66015625, "mean_absolute_error": 0.06398101896047592, "val_loss": 0.008558549918234348, "val_root_mean_squared_error": 0.09251242876052856, "val_mean_absolute_percentage_error": 80610.90625, "val_mean_absolute_error": 0.06758780032396317, "_runtime": 3.914428949356079, "_step": 1, "best_val_loss": 0.008558549918234348, "best_epoch": 0, "Final MSE": 0.010852492414414883, "Final RMSE": 0.10417529940605164, "Final MAPE": 207179.34375, "Final MAE": 0.07884657382965088, "Total Training Time": 1.8926489353179932, "Average Time per Epoch": 1.7836477756500244, "_wandb": {"runtime": 2}}