{"epoch": 26, "_timestamp": 1703675733.4409137, "loss": 0.06900769472122192, "root_mean_squared_error": 0.2626931667327881, "mean_absolute_percentage_error": 78155088.0, "mean_absolute_error": 0.2031489908695221, "val_loss": 0.07523682713508606, "val_root_mean_squared_error": 0.27429336309432983, "val_mean_absolute_percentage_error": 85214744.0, "val_mean_absolute_error": 0.21114633977413177, "_runtime": 20.7862446308136, "_step": 27, "best_val_loss": 0.07522030174732208, "best_epoch": 16, "Final MSE": 0.07682476937770844, "Final RMSE": 0.2771728038787842, "Final MAPE": 91508600.0, "Final MAE": 0.20930492877960205, "Total Training Time": 19.518445014953613, "Average Time per Epoch": 0.7182567737720631, "_wandb": {"runtime": 19}}