{"epoch": 28, "_timestamp": 1705607968.5784805, "loss": 0.0052693611942231655, "root_mean_squared_error": 0.07259036600589752, "mean_absolute_percentage_error": 21696.5078125, "mean_absolute_error": 0.045285746455192566, "val_loss": 0.008337002247571945, "val_root_mean_squared_error": 0.09130718559026718, "val_mean_absolute_percentage_error": 68540.21875, "val_mean_absolute_error": 0.05654133856296539, "_runtime": 96.0631365776062, "_step": 29, "best_val_loss": 0.007913612760603428, "best_epoch": 18, "Final MSE": 0.010575982742011547, "Final RMSE": 0.10283959656953812, "Final MAPE": 193965.9375, "Final MAE": 0.0623822882771492, "Total Training Time": 93.72367787361145, "Average Time per Epoch": 3.2220171402240623, "_wandb": {"runtime": 94}}