{"epoch": 0, "_timestamp": 1703536189.6129072, "loss": 0.005911645479500294, "root_mean_squared_error": 0.0869850367307663, "mean_absolute_percentage_error": 56054.1328125, "mean_absolute_error": 0.051326073706150055, "val_loss": 0.016215065494179726, "val_root_mean_squared_error": 0.12733839452266693, "val_mean_absolute_percentage_error": 78897.9375, "val_mean_absolute_error": 0.07508451491594315, "_runtime": 18.013517141342163, "_step": 1, "best_val_loss": 0.016215065494179726, "best_epoch": 0, "Final MSE": 0.028281524777412415, "Final RMSE": 0.16817112267017365, "Final MAPE": 45467.16796875, "Final MAE": 0.0875069871544838, "Total Training Time": 16.595336437225342, "Average Time per Epoch": 15.933269500732422, "_wandb": {"runtime": 16}}