{"epoch": 0, "_timestamp": 1703746495.8616233, "loss": 0.008790940046310425, "root_mean_squared_error": 0.0966014415025711, "mean_absolute_percentage_error": 10213089.0, "mean_absolute_error": 0.058144886046648026, "val_loss": 0.01315732765942812, "val_root_mean_squared_error": 0.1147053986787796, "val_mean_absolute_percentage_error": 17424748.0, "val_mean_absolute_error": 0.07011574506759644, "_runtime": 4.582655191421509, "_step": 1, "best_val_loss": 0.01315732765942812, "best_epoch": 0, "Final MSE": 0.012942264787852764, "Final RMSE": 0.11376407742500305, "Final MAPE": 18492260.0, "Final MAE": 0.069846011698246, "Total Training Time": 2.7603201866149902, "Average Time per Epoch": 2.6160848140716553, "_wandb": {"runtime": 2}}