{"epoch": 19, "_timestamp": 1703593992.4167733, "loss": 0.014355733059346676, "root_mean_squared_error": 0.11981545388698578, "mean_absolute_percentage_error": 19310.453125, "mean_absolute_error": 0.08069710433483124, "val_loss": 0.026929641142487526, "val_root_mean_squared_error": 0.16410250961780548, "val_mean_absolute_percentage_error": 75352.3984375, "val_mean_absolute_error": 0.10686425864696503, "_runtime": 17.48871922492981, "_step": 20, "best_val_loss": 0.026374654844403267, "best_epoch": 9, "Final MSE": 0.033659324049949646, "Final RMSE": 0.18346478044986725, "Final MAPE": 154374.5625, "Final MAE": 0.13379094004631042, "Total Training Time": 15.486459970474243, "Average Time per Epoch": 0.7679275631904602, "_wandb": {"runtime": 15}}