{"epoch": 44, "_timestamp": 1703453175.176193, "loss": 0.007809754926711321, "root_mean_squared_error": 0.08837281912565231, "mean_absolute_percentage_error": 8409417.0, "mean_absolute_error": 0.05016512796282768, "val_loss": 0.014365545473992825, "val_root_mean_squared_error": 0.1198563501238823, "val_mean_absolute_percentage_error": 11978214.0, "val_mean_absolute_error": 0.0666603222489357, "_runtime": 109.1248939037323, "_step": 45, "best_val_loss": 0.01367767620831728, "best_epoch": 34, "Final MSE": 0.013466727919876575, "Final RMSE": 0.1160462349653244, "Final MAPE": 12385575.0, "Final MAE": 0.06223973631858826, "Total Training Time": 106.63977575302124, "Average Time per Epoch": 2.3645458963182238, "_wandb": {"runtime": 107}}