{"epoch": 0, "_timestamp": 1703560326.395137, "loss": 0.006025656592100859, "root_mean_squared_error": 0.0838470384478569, "mean_absolute_percentage_error": 70007.6875, "mean_absolute_error": 0.041051845997571945, "val_loss": 0.009070374071598053, "val_root_mean_squared_error": 0.09523851424455643, "val_mean_absolute_percentage_error": 14647.4580078125, "val_mean_absolute_error": 0.05201951041817665, "_runtime": 3.7609570026397705, "_step": 1, "best_val_loss": 0.009070374071598053, "best_epoch": 0, "Final MSE": 0.014102466404438019, "Final RMSE": 0.11875380575656891, "Final MAPE": 2943.09326171875, "Final MAE": 0.06668345630168915, "Total Training Time": 1.913121223449707, "Average Time per Epoch": 1.8005139827728271, "_wandb": {"runtime": 2}}