{"epoch": 52, "_timestamp": 1702639735.9853976, "loss": 0.00750728091225028, "root_mean_squared_error": 0.08664456754922867, "mean_absolute_percentage_error": 66040.8046875, "mean_absolute_error": 0.05814347788691521, "val_loss": 0.01079978235065937, "val_root_mean_squared_error": 0.10392200201749802, "val_mean_absolute_percentage_error": 70340.609375, "val_mean_absolute_error": 0.06765580922365189, "_runtime": 303.06654262542725, "_step": 53, "best_val_loss": 0.010591184720396996, "best_epoch": 42, "Final MSE": 0.020200172439217567, "Final RMSE": 0.14212730526924133, "Final MAPE": 32551.595703125, "Final MAE": 0.09093932062387466, "Total Training Time": 301.38073682785034, "Average Time per Epoch": 5.678428177563649, "_wandb": {"runtime": 302}}