{"epoch": 20, "_timestamp": 1703249786.85032, "loss": 0.006478641182184219, "root_mean_squared_error": 0.08049000799655914, "mean_absolute_percentage_error": 16684.90234375, "mean_absolute_error": 0.04859839379787445, "val_loss": 0.024038733914494514, "val_root_mean_squared_error": 0.1550443023443222, "val_mean_absolute_percentage_error": 136506.625, "val_mean_absolute_error": 0.13210609555244446, "_runtime": 186.0837640762329, "_step": 21, "best_val_loss": 0.018392590805888176, "best_epoch": 10, "Final MSE": 0.023659607395529747, "Final RMSE": 0.1538168042898178, "Final MAPE": 193167.65625, "Final MAE": 0.12868373095989227, "Total Training Time": 183.68116736412048, "Average Time per Epoch": 8.720345996675038, "_wandb": {"runtime": 184}}