{"epoch": 0, "_timestamp": 1703746434.6550272, "loss": 0.009922441095113754, "root_mean_squared_error": 0.1006913036108017, "mean_absolute_percentage_error": 11627883.0, "mean_absolute_error": 0.058060456067323685, "val_loss": 0.015490426681935787, "val_root_mean_squared_error": 0.12446054071187973, "val_mean_absolute_percentage_error": 14674485.0, "val_mean_absolute_error": 0.06967003643512726, "_runtime": 3.875728130340576, "_step": 1, "best_val_loss": 0.015490426681935787, "best_epoch": 0, "Final MSE": 0.01502961665391922, "Final RMSE": 0.12259534001350403, "Final MAPE": 20253450.0, "Final MAE": 0.07007943093776703, "Total Training Time": 2.7419919967651367, "Average Time per Epoch": 2.598440647125244, "_wandb": {"runtime": 2}}