{"epoch": 10, "_timestamp": 1703756306.115122, "loss": 0.0163761954754591, "root_mean_squared_error": 0.12796950340270996, "mean_absolute_percentage_error": 356609.1875, "mean_absolute_error": 0.08116646111011505, "val_loss": 0.009805387817323208, "val_root_mean_squared_error": 0.09902215749025345, "val_mean_absolute_percentage_error": 341406.0625, "val_mean_absolute_error": 0.059872813522815704, "_runtime": 29.609042167663574, "_step": 11, "best_val_loss": 0.009191574528813362, "best_epoch": 0, "Final MSE": 0.02268298529088497, "Final RMSE": 0.15060871839523315, "Final MAPE": 48452.4375, "Final MAE": 0.08863554149866104, "Total Training Time": 27.929278135299683, "Average Time per Epoch": 2.525441148064353, "_wandb": {"runtime": 28}}