{"epoch": 0, "_timestamp": 1703814913.6592467, "loss": 0.00820312649011612, "root_mean_squared_error": 0.09868133068084717, "mean_absolute_percentage_error": 27495.4375, "mean_absolute_error": 0.0644768550992012, "val_loss": 0.012108273804187775, "val_root_mean_squared_error": 0.11003760248422623, "val_mean_absolute_percentage_error": 26820.91015625, "val_mean_absolute_error": 0.07590757310390472, "_runtime": 2.9178435802459717, "_step": 1, "best_val_loss": 0.012108273804187775, "best_epoch": 0, "Final MSE": 0.021237365901470184, "Final RMSE": 0.14573045074939728, "Final MAPE": 146737.578125, "Final MAE": 0.10335177183151245, "Total Training Time": 1.8309998512268066, "Average Time per Epoch": 1.7145264148712158, "_wandb": {"runtime": 1}}