{"epoch": 36, "_timestamp": 1702645927.7405927, "loss": 0.008808063343167305, "root_mean_squared_error": 0.09385128319263458, "mean_absolute_percentage_error": 27077.12890625, "mean_absolute_error": 0.054305724799633026, "val_loss": 0.009419837966561317, "val_root_mean_squared_error": 0.09705585241317749, "val_mean_absolute_percentage_error": 32545282.0, "val_mean_absolute_error": 0.0680893212556839, "_runtime": 87.5125777721405, "_step": 37, "best_val_loss": 0.008556668646633625, "best_epoch": 26, "Final MSE": 0.01341223157942295, "Final RMSE": 0.11581119149923325, "Final MAPE": 46084.00390625, "Final MAE": 0.06200380250811577, "Total Training Time": 85.36022019386292, "Average Time per Epoch": 2.2998604903350004, "_wandb": {"runtime": 85}}