{"epoch": 29, "_timestamp": 1703594171.4328074, "loss": 0.02684548683464527, "root_mean_squared_error": 0.16384592652320862, "mean_absolute_percentage_error": 29743.26953125, "mean_absolute_error": 0.11646479368209839, "val_loss": 0.01153994258493185, "val_root_mean_squared_error": 0.10742411762475967, "val_mean_absolute_percentage_error": 127.45892333984375, "val_mean_absolute_error": 0.08420344442129135, "_runtime": 25.141029357910156, "_step": 30, "best_val_loss": 0.010481209494173527, "best_epoch": 19, "Final MSE": 0.03468898683786392, "Final RMSE": 0.18624980747699738, "Final MAPE": 207711.265625, "Final MAE": 0.11956242471933365, "Total Training Time": 22.864884853363037, "Average Time per Epoch": 0.7574228445688883, "_wandb": {"runtime": 23}}