{"epoch": 16, "_timestamp": 1705641002.4424102, "loss": 0.003980468492954969, "root_mean_squared_error": 0.06309095770120621, "mean_absolute_percentage_error": 38454.484375, "mean_absolute_error": 0.03154335543513298, "val_loss": 0.008824732154607773, "val_root_mean_squared_error": 0.09394004195928574, "val_mean_absolute_percentage_error": 69684.5078125, "val_mean_absolute_error": 0.051031772047281265, "_runtime": 54.61219120025635, "_step": 17, "best_val_loss": 0.008740081451833248, "best_epoch": 6, "Final MSE": 0.012867685407400131, "Final RMSE": 0.11343581974506378, "Final MAPE": 95173.546875, "Final MAE": 0.06462496519088745, "Total Training Time": 52.264426708221436, "Average Time per Epoch": 3.0599933792563045, "_wandb": {"runtime": 52}}