{"epoch": 0, "_timestamp": 1703505645.9784608, "loss": 0.008619426749646664, "root_mean_squared_error": 0.09825310111045837, "mean_absolute_percentage_error": 46573.28515625, "mean_absolute_error": 0.06948567181825638, "val_loss": 0.016044508665800095, "val_root_mean_squared_error": 0.12666693329811096, "val_mean_absolute_percentage_error": 92639.015625, "val_mean_absolute_error": 0.09249758720397949, "_runtime": 3.5552268028259277, "_step": 1, "best_val_loss": 0.016044508665800095, "best_epoch": 0, "Final MSE": 0.016917739063501358, "Final RMSE": 0.13006822764873505, "Final MAPE": 188729.609375, "Final MAE": 0.0945136621594429, "Total Training Time": 1.5621354579925537, "Average Time per Epoch": 1.4618206024169922, "_wandb": {"runtime": 1}}