{"epoch": 0, "_timestamp": 1703556048.8904407, "loss": 0.004928573966026306, "root_mean_squared_error": 0.07414301484823227, "mean_absolute_percentage_error": 12091.314453125, "mean_absolute_error": 0.042684994637966156, "val_loss": 0.008705304935574532, "val_root_mean_squared_error": 0.09330222010612488, "val_mean_absolute_percentage_error": 41903.18359375, "val_mean_absolute_error": 0.059724219143390656, "_runtime": 6.482076644897461, "_step": 1, "best_val_loss": 0.008705304935574532, "best_epoch": 0, "Final MSE": 0.009567582048475742, "Final RMSE": 0.09781401604413986, "Final MAPE": 41450.87109375, "Final MAE": 0.06925609707832336, "Total Training Time": 4.745592832565308, "Average Time per Epoch": 4.5475733280181885, "_wandb": {"runtime": 4}}