{"epoch": 15, "_timestamp": 1703223316.5928352, "loss": 0.016432348638772964, "root_mean_squared_error": 0.12818872928619385, "mean_absolute_percentage_error": 30551.74609375, "mean_absolute_error": 0.09819136559963226, "val_loss": 0.02537517622113228, "val_root_mean_squared_error": 0.15929587185382843, "val_mean_absolute_percentage_error": 125797.1328125, "val_mean_absolute_error": 0.1062815859913826, "_runtime": 186.46701622009277, "_step": 16, "best_val_loss": 0.021583855152130127, "best_epoch": 5, "Final MSE": 0.05263233557343483, "Final RMSE": 0.22941738367080688, "Final MAPE": 372868.65625, "Final MAE": 0.18260686099529266, "Total Training Time": 184.07761359214783, "Average Time per Epoch": 11.462721288204193, "_wandb": {"runtime": 184}}