{"epoch": 0, "_timestamp": 1703560002.3451917, "loss": 0.0065794046968221664, "root_mean_squared_error": 0.08407975733280182, "mean_absolute_percentage_error": 143082.296875, "mean_absolute_error": 0.04869971424341202, "val_loss": 0.008292241021990776, "val_root_mean_squared_error": 0.09106174111366272, "val_mean_absolute_percentage_error": 47841.75390625, "val_mean_absolute_error": 0.06697533279657364, "_runtime": 3.88569974899292, "_step": 1, "best_val_loss": 0.008292241021990776, "best_epoch": 0, "Final MSE": 0.013090241700410843, "Final RMSE": 0.1144125908613205, "Final MAPE": 527975.75, "Final MAE": 0.08463191241025925, "Total Training Time": 1.9354863166809082, "Average Time per Epoch": 1.82448410987854, "_wandb": {"runtime": 2}}