{"epoch": 17, "_timestamp": 1703281700.3792758, "loss": 0.006159411743283272, "root_mean_squared_error": 0.07848192006349564, "mean_absolute_percentage_error": 19048.60546875, "mean_absolute_error": 0.04992863908410072, "val_loss": 0.007339897565543652, "val_root_mean_squared_error": 0.08567320555448532, "val_mean_absolute_percentage_error": 136047.015625, "val_mean_absolute_error": 0.061150744557380676, "_runtime": 16.668781757354736, "_step": 18, "best_val_loss": 0.006868736818432808, "best_epoch": 7, "Final MSE": 0.010883964598178864, "Final RMSE": 0.10432624071836472, "Final MAPE": 61648.6171875, "Final MAE": 0.07444971054792404, "Total Training Time": 14.452149391174316, "Average Time per Epoch": 0.7958537207709419, "_wandb": {"runtime": 14}}