{"epoch": 14, "_timestamp": 1703671955.352153, "loss": 0.006846617441624403, "root_mean_squared_error": 0.0827442929148674, "mean_absolute_percentage_error": 4491824.5, "mean_absolute_error": 0.04401054233312607, "val_loss": 0.007326648570597172, "val_root_mean_squared_error": 0.08559584617614746, "val_mean_absolute_percentage_error": 5566780.0, "val_mean_absolute_error": 0.047248102724552155, "_runtime": 40.11059617996216, "_step": 15, "best_val_loss": 0.006270470563322306, "best_epoch": 4, "Final MSE": 0.008986287750303745, "Final RMSE": 0.09479603171348572, "Final MAPE": 6865040.5, "Final MAE": 0.05150387063622475, "Total Training Time": 36.40568280220032, "Average Time per Epoch": 2.414654016494751, "_wandb": {"runtime": 39}}