{"epoch": 11, "_timestamp": 1703897809.9084334, "loss": 0.01100104209035635, "root_mean_squared_error": 0.10488585382699966, "mean_absolute_percentage_error": 6910.60546875, "mean_absolute_error": 0.060088854283094406, "val_loss": 0.011668668128550053, "val_root_mean_squared_error": 0.10802160948514938, "val_mean_absolute_percentage_error": 140488.234375, "val_mean_absolute_error": 0.0785343125462532, "_runtime": 17.138428449630737, "_step": 12, "best_val_loss": 0.009157715365290642, "best_epoch": 1, "Final MSE": 0.019033830612897873, "Final RMSE": 0.13796314597129822, "Final MAPE": 32426.513671875, "Final MAE": 0.0942603051662445, "Total Training Time": 15.78308892250061, "Average Time per Epoch": 1.299405574798584, "_wandb": {"runtime": 16}}