{"epoch": 0, "_timestamp": 1703761220.0907593, "loss": 0.011165292002260685, "root_mean_squared_error": 0.1077481359243393, "mean_absolute_percentage_error": 173593.96875, "mean_absolute_error": 0.05620589479804039, "val_loss": 0.008650497533380985, "val_root_mean_squared_error": 0.09300804883241653, "val_mean_absolute_percentage_error": 82.02349853515625, "val_mean_absolute_error": 0.04397142678499222, "_runtime": 7.417606353759766, "_step": 1, "best_val_loss": 0.008650497533380985, "best_epoch": 0, "Final MSE": 0.014692342840135098, "Final RMSE": 0.12121197581291199, "Final MAPE": 75994.8828125, "Final MAE": 0.06379757821559906, "Total Training Time": 6.183101654052734, "Average Time per Epoch": 6.048919916152954, "_wandb": {"runtime": 6}}