{"epoch": 12, "_timestamp": 1703855685.6757581, "loss": 0.015837449580430984, "root_mean_squared_error": 0.12584690749645233, "mean_absolute_percentage_error": 17337.48828125, "mean_absolute_error": 0.0778701901435852, "val_loss": 0.01713208667933941, "val_root_mean_squared_error": 0.13088959455490112, "val_mean_absolute_percentage_error": 802056.5, "val_mean_absolute_error": 0.09084029495716095, "_runtime": 10.953715085983276, "_step": 13, "best_val_loss": 0.01680777408182621, "best_epoch": 2, "Final MSE": 0.04115810990333557, "Final RMSE": 0.20287464559078217, "Final MAPE": 136597.0, "Final MAE": 0.1471039205789566, "Total Training Time": 9.74032473564148, "Average Time per Epoch": 0.7415672082167405, "_wandb": {"runtime": 10}}