{"epoch": 20, "_timestamp": 1703174047.154926, "loss": 0.0036894152872264385, "root_mean_squared_error": 0.06074055656790733, "mean_absolute_percentage_error": 14421.9619140625, "mean_absolute_error": 0.03359939903020859, "val_loss": 0.010568947531282902, "val_root_mean_squared_error": 0.10280538350343704, "val_mean_absolute_percentage_error": 120515.78125, "val_mean_absolute_error": 0.059699639678001404, "_runtime": 72.48437595367432, "_step": 21, "best_val_loss": 0.01019157376140356, "best_epoch": 10, "Final MSE": 0.01868082396686077, "Final RMSE": 0.1366778165102005, "Final MAPE": 45704.83203125, "Final MAE": 0.0799485594034195, "Total Training Time": 70.1877167224884, "Average Time per Epoch": 3.3291658673967635, "_wandb": {"runtime": 70}}