{"epoch": 10, "_timestamp": 1703646687.4974973, "loss": 0.004651470575481653, "root_mean_squared_error": 0.0682016909122467, "mean_absolute_percentage_error": 8803.291015625, "mean_absolute_error": 0.043699800968170166, "val_loss": 0.009055282920598984, "val_root_mean_squared_error": 0.09515924751758575, "val_mean_absolute_percentage_error": 102696.9140625, "val_mean_absolute_error": 0.05853226035833359, "_runtime": 32.543548345565796, "_step": 11, "best_val_loss": 0.008434229530394077, "best_epoch": 0, "Final MSE": 0.019396059215068817, "Final RMSE": 0.13926973938941956, "Final MAPE": 169706.78125, "Final MAE": 0.09320830553770065, "Total Training Time": 30.141414403915405, "Average Time per Epoch": 2.720117677341808, "_wandb": {"runtime": 30}}