{"epoch": 0, "_timestamp": 1703761606.0010824, "loss": 0.016896609216928482, "root_mean_squared_error": 0.133391872048378, "mean_absolute_percentage_error": 28762.125, "mean_absolute_error": 0.0859968438744545, "val_loss": 0.020011570304632187, "val_root_mean_squared_error": 0.14146225154399872, "val_mean_absolute_percentage_error": 58793.046875, "val_mean_absolute_error": 0.07694701105356216, "_runtime": 7.484488487243652, "_step": 1, "best_val_loss": 0.020011570304632187, "best_epoch": 0, "Final MSE": 0.024027446284890175, "Final RMSE": 0.15500788390636444, "Final MAPE": 139949.34375, "Final MAE": 0.09413827955722809, "Total Training Time": 6.250820875167847, "Average Time per Epoch": 6.061734437942505, "_wandb": {"runtime": 6}}