{"epoch": 49, "_timestamp": 1703902949.9260104, "loss": 0.0074221063405275345, "root_mean_squared_error": 0.08615164458751678, "mean_absolute_percentage_error": 15400.640625, "mean_absolute_error": 0.05624600872397423, "val_loss": 0.01352771744132042, "val_root_mean_squared_error": 0.11630871891975403, "val_mean_absolute_percentage_error": 13220.2421875, "val_mean_absolute_error": 0.07402586191892624, "_runtime": 133.48783230781555, "_step": 50, "best_val_loss": 0.013058855198323727, "best_epoch": 39, "Final MSE": 0.012658595107495785, "Final RMSE": 0.11251042038202286, "Final MAPE": 42482.25390625, "Final MAE": 0.07327867299318314, "Total Training Time": 130.92977166175842, "Average Time per Epoch": 2.6134917736053467, "_wandb": {"runtime": 131}}