{"epoch": 0, "_timestamp": 1703737069.0417933, "loss": 0.007884903810918331, "root_mean_squared_error": 0.09140757471323013, "mean_absolute_percentage_error": 9052150.0, "mean_absolute_error": 0.05290023237466812, "val_loss": 0.011762759648263454, "val_root_mean_squared_error": 0.10845625400543213, "val_mean_absolute_percentage_error": 11638818.0, "val_mean_absolute_error": 0.062277793884277344, "_runtime": 5.892848253250122, "_step": 1, "best_val_loss": 0.011762759648263454, "best_epoch": 0, "Final MSE": 0.013056453317403793, "Final RMSE": 0.1142648383975029, "Final MAPE": 23191946.0, "Final MAE": 0.07254809141159058, "Total Training Time": 4.750022649765015, "Average Time per Epoch": 4.554018497467041, "_wandb": {"runtime": 4}}