{"epoch": 0, "_timestamp": 1703593207.4565315, "loss": 0.004916657228022814, "root_mean_squared_error": 0.07300397008657455, "mean_absolute_percentage_error": 28732.16796875, "mean_absolute_error": 0.04845869541168213, "val_loss": 0.006801253650337458, "val_root_mean_squared_error": 0.08246971666812897, "val_mean_absolute_percentage_error": 79935.0546875, "val_mean_absolute_error": 0.05572737008333206, "_runtime": 7.546995639801025, "_step": 1, "best_val_loss": 0.006801253650337458, "best_epoch": 0, "Final MSE": 0.00792135950177908, "Final RMSE": 0.08900202065706253, "Final MAPE": 115469.6015625, "Final MAE": 0.0577608197927475, "Total Training Time": 6.339056015014648, "Average Time per Epoch": 6.177572011947632, "_wandb": {"runtime": 6}}