{"epoch": 0, "_timestamp": 1703820067.3344858, "loss": 0.005805954337120056, "root_mean_squared_error": 0.07844915986061096, "mean_absolute_percentage_error": 22828.1640625, "mean_absolute_error": 0.05226263031363487, "val_loss": 0.012325876392424107, "val_root_mean_squared_error": 0.1110219657421112, "val_mean_absolute_percentage_error": 152167.640625, "val_mean_absolute_error": 0.08256421238183975, "_runtime": 4.354693651199341, "_step": 1, "best_val_loss": 0.012325876392424107, "best_epoch": 0, "Final MSE": 0.00897464994341135, "Final RMSE": 0.09473463147878647, "Final MAPE": 124802.2578125, "Final MAE": 0.07018692791461945, "Total Training Time": 2.560394763946533, "Average Time per Epoch": 2.4168028831481934, "_wandb": {"runtime": 2}}