{"epoch": 52, "_timestamp": 1703680151.9630377, "loss": 0.011705799028277397, "root_mean_squared_error": 0.10819333791732788, "mean_absolute_percentage_error": 12247055.0, "mean_absolute_error": 0.06634720414876938, "val_loss": 0.05405521020293236, "val_root_mean_squared_error": 0.23249776661396027, "val_mean_absolute_percentage_error": 19883734.0, "val_mean_absolute_error": 0.13574229180812836, "_runtime": 418.7155327796936, "_step": 53, "best_val_loss": 0.030003942549228668, "best_epoch": 42, "Final MSE": 0.05757366493344307, "Final RMSE": 0.23994512856006622, "Final MAPE": 19138558.0, "Final MAE": 0.12936004996299744, "Total Training Time": 417.16564297676086, "Average Time per Epoch": 7.860582194238339, "_wandb": {"runtime": 417}}