{"epoch": 17, "_timestamp": 1703645838.37239, "loss": 0.00800352729856968, "root_mean_squared_error": 0.08946243673563004, "mean_absolute_percentage_error": 28366.07421875, "mean_absolute_error": 0.06003625690937042, "val_loss": 0.010786546394228935, "val_root_mean_squared_error": 0.10385829955339432, "val_mean_absolute_percentage_error": 51781.859375, "val_mean_absolute_error": 0.06841789186000824, "_runtime": 48.614866971969604, "_step": 18, "best_val_loss": 0.010242695920169353, "best_epoch": 7, "Final MSE": 0.020887678489089012, "Final RMSE": 0.1445257067680359, "Final MAPE": 279195.21875, "Final MAE": 0.10333667695522308, "Total Training Time": 46.51891851425171, "Average Time per Epoch": 2.57216133011712, "_wandb": {"runtime": 46}}