{"epoch": 0, "_timestamp": 1703677895.6751115, "loss": 0.07194644957780838, "root_mean_squared_error": 0.2692370116710663, "mean_absolute_percentage_error": 92182944.0, "mean_absolute_error": 0.21668347716331482, "val_loss": 0.08315495401620865, "val_root_mean_squared_error": 0.2883659899234772, "val_mean_absolute_percentage_error": 92444600.0, "val_mean_absolute_error": 0.22350285947322845, "_runtime": 2.629450559616089, "_step": 1, "best_val_loss": 0.08315495401620865, "best_epoch": 0, "Final MSE": 0.07584553211927414, "Final RMSE": 0.27540069818496704, "Final MAPE": 100418512.0, "Final MAE": 0.2118125557899475, "Total Training Time": 1.5464532375335693, "Average Time per Epoch": 1.4476525783538818, "_wandb": {"runtime": 1}}