{"epoch": 16, "_timestamp": 1703100503.614339, "loss": 0.012900631874799728, "root_mean_squared_error": 0.11358094960451126, "mean_absolute_percentage_error": 195426.25, "mean_absolute_error": 0.08328668028116226, "val_loss": 0.022052064538002014, "val_root_mean_squared_error": 0.14849936962127686, "val_mean_absolute_percentage_error": 35792.69140625, "val_mean_absolute_error": 0.09884640574455261, "_runtime": 81.09294319152832, "_step": 17, "best_val_loss": 0.015962978824973106, "best_epoch": 6, "Final MSE": 0.023834099993109703, "Final RMSE": 0.15438295900821686, "Final MAPE": 298422.4375, "Final MAE": 0.08496037870645523, "Total Training Time": 78.75090098381042, "Average Time per Epoch": 4.613234660204719, "_wandb": {"runtime": 79}}