{"epoch": 0, "_timestamp": 1703504856.367097, "loss": 0.01046533603221178, "root_mean_squared_error": 0.10653100907802582, "mean_absolute_percentage_error": 47409.29296875, "mean_absolute_error": 0.06518461555242538, "val_loss": 0.007902742363512516, "val_root_mean_squared_error": 0.08889736235141754, "val_mean_absolute_percentage_error": 48183.17578125, "val_mean_absolute_error": 0.06553438305854797, "_runtime": 3.659454822540283, "_step": 1, "best_val_loss": 0.007902742363512516, "best_epoch": 0, "Final MSE": 0.014419570565223694, "Final RMSE": 0.12008150666952133, "Final MAPE": 682781.0625, "Final MAE": 0.08264540135860443, "Total Training Time": 1.5573599338531494, "Average Time per Epoch": 1.456360101699829, "_wandb": {"runtime": 1}}