{"epoch": 22, "_timestamp": 1703464670.959042, "loss": 0.009390621446073055, "root_mean_squared_error": 0.09690521657466888, "mean_absolute_percentage_error": 8141835.0, "mean_absolute_error": 0.05542730540037155, "val_loss": 0.013060973025858402, "val_root_mean_squared_error": 0.11428461223840714, "val_mean_absolute_percentage_error": 8159319.5, "val_mean_absolute_error": 0.06235024333000183, "_runtime": 83.91343402862549, "_step": 23, "best_val_loss": 0.012891083024442196, "best_epoch": 12, "Final MSE": 0.016811173409223557, "Final RMSE": 0.12965790927410126, "Final MAPE": 20704074.0, "Final MAE": 0.08108876645565033, "Total Training Time": 81.54759335517883, "Average Time per Epoch": 3.5333926677703857, "_wandb": {"runtime": 82}}