{"epoch": 37, "_timestamp": 1703551578.0946603, "loss": 0.0063310908153653145, "root_mean_squared_error": 0.07956815510988235, "mean_absolute_percentage_error": 4553.56494140625, "mean_absolute_error": 0.04436860233545303, "val_loss": 0.011656208895146847, "val_root_mean_squared_error": 0.107963927090168, "val_mean_absolute_percentage_error": 45830.91796875, "val_mean_absolute_error": 0.05915180221199989, "_runtime": 94.41901731491089, "_step": 38, "best_val_loss": 0.011264381930232048, "best_epoch": 27, "Final MSE": 0.013797244057059288, "Final RMSE": 0.1174616739153862, "Final MAPE": 60619.4453125, "Final MAE": 0.08531823009252548, "Total Training Time": 92.0996904373169, "Average Time per Epoch": 2.416904330253601, "_wandb": {"runtime": 92}}