{"epoch": 12, "_timestamp": 1703344547.9038742, "loss": 0.06886058300733566, "root_mean_squared_error": 0.26241299510002136, "mean_absolute_percentage_error": 91746920.0, "mean_absolute_error": 0.2141028642654419, "val_loss": 0.07281182706356049, "val_root_mean_squared_error": 0.2698366343975067, "val_mean_absolute_percentage_error": 117108888.0, "val_mean_absolute_error": 0.22861875593662262, "_runtime": 12.341657161712646, "_step": 13, "best_val_loss": 0.07165265828371048, "best_epoch": 2, "Final MSE": 0.0670170858502388, "Final RMSE": 0.25887659192085266, "Final MAPE": 127006640.0, "Final MAE": 0.21954062581062317, "Total Training Time": 10.128339052200317, "Average Time per Epoch": 0.7701029594127948, "_wandb": {"runtime": 10}}