{"epoch": 31, "_timestamp": 1703121342.2536612, "loss": 0.00825223047286272, "root_mean_squared_error": 0.09084178507328033, "mean_absolute_percentage_error": 34435.20703125, "mean_absolute_error": 0.06171067804098129, "val_loss": 0.011944400146603584, "val_root_mean_squared_error": 0.10929043591022491, "val_mean_absolute_percentage_error": 40003.5546875, "val_mean_absolute_error": 0.0740237757563591, "_runtime": 457.5846302509308, "_step": 32, "best_val_loss": 0.011212569661438465, "best_epoch": 21, "Final MSE": 0.02253335528075695, "Final RMSE": 0.1501111388206482, "Final MAPE": 113322.8046875, "Final MAE": 0.10558181256055832, "Total Training Time": 455.00581526756287, "Average Time per Epoch": 14.191771231591702, "_wandb": {"runtime": 455}}