{"epoch": 16, "_timestamp": 1703854333.479049, "loss": 0.02030353434383869, "root_mean_squared_error": 0.14249049127101898, "mean_absolute_percentage_error": 27306.009765625, "mean_absolute_error": 0.10837065428495407, "val_loss": 0.031707823276519775, "val_root_mean_squared_error": 0.1780669242143631, "val_mean_absolute_percentage_error": 86217.5078125, "val_mean_absolute_error": 0.1381739377975464, "_runtime": 14.621561050415039, "_step": 17, "best_val_loss": 0.03169809654355049, "best_epoch": 6, "Final MSE": 0.027691280469298363, "Final RMSE": 0.16640695929527283, "Final MAPE": 175594.359375, "Final MAE": 0.1324436515569687, "Total Training Time": 12.475949048995972, "Average Time per Epoch": 0.7253567751716165, "_wandb": {"runtime": 12}}