{"epoch": 0, "_timestamp": 1703564651.9743896, "loss": 0.005373451858758926, "root_mean_squared_error": 0.07991708815097809, "mean_absolute_percentage_error": 154689.84375, "mean_absolute_error": 0.046384502202272415, "val_loss": 0.009865576401352882, "val_root_mean_squared_error": 0.09932560473680496, "val_mean_absolute_percentage_error": 321660.0625, "val_mean_absolute_error": 0.056090131402015686, "_runtime": 4.5905985832214355, "_step": 1, "best_val_loss": 0.009865576401352882, "best_epoch": 0, "Final MSE": 0.0136895552277565, "Final RMSE": 0.11700237542390823, "Final MAPE": 40593.0859375, "Final MAE": 0.06740166246891022, "Total Training Time": 2.7473397254943848, "Average Time per Epoch": 2.5963213443756104, "_wandb": {"runtime": 2}}