{"epoch": 0, "_timestamp": 1703534941.606098, "loss": 0.007065924350172281, "root_mean_squared_error": 0.09174714237451553, "mean_absolute_percentage_error": 17506.3046875, "mean_absolute_error": 0.05221275985240936, "val_loss": 0.011270337738096714, "val_root_mean_squared_error": 0.10616184771060944, "val_mean_absolute_percentage_error": 36559.38671875, "val_mean_absolute_error": 0.07188823074102402, "_runtime": 20.51771092414856, "_step": 1, "best_val_loss": 0.011270337738096714, "best_epoch": 0, "Final MSE": 0.018644649535417557, "Final RMSE": 0.13654540479183197, "Final MAPE": 74789.8046875, "Final MAE": 0.10340969264507294, "Total Training Time": 19.040443181991577, "Average Time per Epoch": 18.260666131973267, "_wandb": {"runtime": 19}}