{"epoch": 0, "_timestamp": 1703505348.6692538, "loss": 0.017928823828697205, "root_mean_squared_error": 0.1326429396867752, "mean_absolute_percentage_error": 26918.048828125, "mean_absolute_error": 0.062036480754613876, "val_loss": 0.016223805025219917, "val_root_mean_squared_error": 0.12737269699573517, "val_mean_absolute_percentage_error": 73760.359375, "val_mean_absolute_error": 0.06849592924118042, "_runtime": 3.6705708503723145, "_step": 1, "best_val_loss": 0.016223805025219917, "best_epoch": 0, "Final MSE": 0.014411812648177147, "Final RMSE": 0.12004921585321426, "Final MAPE": 150460.265625, "Final MAE": 0.06657512485980988, "Total Training Time": 1.5876986980438232, "Average Time per Epoch": 1.484287977218628, "_wandb": {"runtime": 1}}