{"epoch": 17, "_timestamp": 1703313572.000993, "loss": 0.0037757728714495897, "root_mean_squared_error": 0.06144731864333153, "mean_absolute_percentage_error": 17553.0546875, "mean_absolute_error": 0.03340129181742668, "val_loss": 0.007303312886506319, "val_root_mean_squared_error": 0.08545942604541779, "val_mean_absolute_percentage_error": 69722.046875, "val_mean_absolute_error": 0.04987289756536484, "_runtime": 66.10233211517334, "_step": 18, "best_val_loss": 0.006164825987070799, "best_epoch": 7, "Final MSE": 0.02066858671605587, "Final RMSE": 0.14376573264598846, "Final MAPE": 265346.46875, "Final MAE": 0.0973874032497406, "Total Training Time": 63.69050216674805, "Average Time per Epoch": 3.523330291112264, "_wandb": {"runtime": 64}}