{"epoch": 0, "_timestamp": 1703538706.0599136, "loss": 0.01823382079601288, "root_mean_squared_error": 0.14744369685649872, "mean_absolute_percentage_error": 19500.53515625, "mean_absolute_error": 0.10705501586198807, "val_loss": 0.03410251438617706, "val_root_mean_squared_error": 0.1846686601638794, "val_mean_absolute_percentage_error": 69894.390625, "val_mean_absolute_error": 0.12626130878925323, "_runtime": 29.159045696258545, "_step": 1, "best_val_loss": 0.03410251438617706, "best_epoch": 0, "Final MSE": 0.07278823107481003, "Final RMSE": 0.26979294419288635, "Final MAPE": 222949.546875, "Final MAE": 0.22448097169399261, "Total Training Time": 28.0345938205719, "Average Time per Epoch": 26.778817415237427, "_wandb": {"runtime": 28}}