{"epoch": 0, "_timestamp": 1703819200.1040878, "loss": 0.023676680400967598, "root_mean_squared_error": 0.15705709159374237, "mean_absolute_percentage_error": 85251.9296875, "mean_absolute_error": 0.10856165736913681, "val_loss": 0.027676383033394814, "val_root_mean_squared_error": 0.1663622111082077, "val_mean_absolute_percentage_error": 89916.015625, "val_mean_absolute_error": 0.11836709082126617, "_runtime": 4.440701723098755, "_step": 1, "best_val_loss": 0.027676383033394814, "best_epoch": 0, "Final MSE": 0.03187045827507973, "Final RMSE": 0.178522989153862, "Final MAPE": 292897.625, "Final MAE": 0.12393178045749664, "Total Training Time": 2.5957436561584473, "Average Time per Epoch": 2.4559683799743652, "_wandb": {"runtime": 2}}