{"epoch": 26, "_timestamp": 1703680456.5827985, "loss": 0.012357491068542004, "root_mean_squared_error": 0.11116424947977066, "mean_absolute_percentage_error": 12732440.0, "mean_absolute_error": 0.06551775336265564, "val_loss": 0.03314196318387985, "val_root_mean_squared_error": 0.18204934895038605, "val_mean_absolute_percentage_error": 46713992.0, "val_mean_absolute_error": 0.1279498189687729, "_runtime": 201.55471348762512, "_step": 27, "best_val_loss": 0.02562187798321247, "best_epoch": 16, "Final MSE": 0.019560644403100014, "Final RMSE": 0.1398593783378601, "Final MAPE": 54145588.0, "Final MAE": 0.11346378177404404, "Total Training Time": 199.95729184150696, "Average Time per Epoch": 7.387259783568205, "_wandb": {"runtime": 200}}