{"epoch": 52, "_timestamp": 1703161019.848173, "loss": 0.007262132130563259, "root_mean_squared_error": 0.085218146443367, "mean_absolute_percentage_error": 11546.5810546875, "mean_absolute_error": 0.05624387785792351, "val_loss": 0.01399905700236559, "val_root_mean_squared_error": 0.118317611515522, "val_mean_absolute_percentage_error": 25879.482421875, "val_mean_absolute_error": 0.07933182269334793, "_runtime": 125.96967387199402, "_step": 53, "best_val_loss": 0.013167258352041245, "best_epoch": 42, "Final MSE": 0.013590329326689243, "Final RMSE": 0.11657756567001343, "Final MAPE": 65302.38671875, "Final MAE": 0.07843182235956192, "Total Training Time": 123.5337586402893, "Average Time per Epoch": 2.325842906843941, "_wandb": {"runtime": 124}}