{"epoch": 25, "_timestamp": 1703753994.437092, "loss": 0.01632365770637989, "root_mean_squared_error": 0.12776407599449158, "mean_absolute_percentage_error": 352259.6875, "mean_absolute_error": 0.08026623725891113, "val_loss": 0.01035966258496046, "val_root_mean_squared_error": 0.10178242623806, "val_mean_absolute_percentage_error": 427035.8125, "val_mean_absolute_error": 0.062193747609853745, "_runtime": 62.86146116256714, "_step": 26, "best_val_loss": 0.009839832782745361, "best_epoch": 15, "Final MSE": 0.022936418652534485, "Final RMSE": 0.15144774317741394, "Final MAPE": 72475.421875, "Final MAE": 0.09696785360574722, "Total Training Time": 60.75691199302673, "Average Time per Epoch": 2.3274294963249793, "_wandb": {"runtime": 61}}