{"epoch": 10, "_timestamp": 1703654281.9002616, "loss": 0.008950055576860905, "root_mean_squared_error": 0.0946047306060791, "mean_absolute_percentage_error": 28439.330078125, "mean_absolute_error": 0.05439234524965286, "val_loss": 0.007455209270119667, "val_root_mean_squared_error": 0.08634355664253235, "val_mean_absolute_percentage_error": 55197.390625, "val_mean_absolute_error": 0.055954571813344955, "_runtime": 19.1107497215271, "_step": 11, "best_val_loss": 0.006561037618666887, "best_epoch": 0, "Final MSE": 0.013795354403555393, "Final RMSE": 0.11745362728834152, "Final MAPE": 151794.65625, "Final MAE": 0.08325958997011185, "Total Training Time": 16.773002862930298, "Average Time per Epoch": 1.5101512562144885, "_wandb": {"runtime": 17}}