{"epoch": 0, "_timestamp": 1703651669.8968432, "loss": 0.009690726175904274, "root_mean_squared_error": 0.10133049637079239, "mean_absolute_percentage_error": 38064.75, "mean_absolute_error": 0.059906113892793655, "val_loss": 0.006621665321290493, "val_root_mean_squared_error": 0.08137361705303192, "val_mean_absolute_percentage_error": 42282.76953125, "val_mean_absolute_error": 0.05373876914381981, "_runtime": 3.8391072750091553, "_step": 1, "best_val_loss": 0.006621665321290493, "best_epoch": 0, "Final MSE": 0.013763670809566975, "Final RMSE": 0.11731867492198944, "Final MAPE": 117528.390625, "Final MAE": 0.08227173238992691, "Total Training Time": 1.8695461750030518, "Average Time per Epoch": 1.7595140933990479, "_wandb": {"runtime": 2}}