{"epoch": 54, "_timestamp": 1703281962.0882363, "loss": 0.01417977549135685, "root_mean_squared_error": 0.1190788596868515, "mean_absolute_percentage_error": 19488.736328125, "mean_absolute_error": 0.07603699713945389, "val_loss": 0.015183561481535435, "val_root_mean_squared_error": 0.12322159856557846, "val_mean_absolute_percentage_error": 42638.3828125, "val_mean_absolute_error": 0.0937638208270073, "_runtime": 44.60818433761597, "_step": 55, "best_val_loss": 0.013708285056054592, "best_epoch": 44, "Final MSE": 0.021004654467105865, "Final RMSE": 0.14492982625961304, "Final MAPE": 62728.34765625, "Final MAE": 0.10902497172355652, "Total Training Time": 42.28317451477051, "Average Time per Epoch": 0.7657484618100253, "_wandb": {"runtime": 42}}