{"epoch": 20, "_timestamp": 1705579071.2670786, "loss": 0.004806254059076309, "root_mean_squared_error": 0.06932715326547623, "mean_absolute_percentage_error": 107163.765625, "mean_absolute_error": 0.03854364901781082, "val_loss": 0.009094233624637127, "val_root_mean_squared_error": 0.09536369144916534, "val_mean_absolute_percentage_error": 49884.53125, "val_mean_absolute_error": 0.05549170821905136, "_runtime": 29.282909631729126, "_step": 21, "best_val_loss": 0.008382444269955158, "best_epoch": 10, "Final MSE": 0.015071039088070393, "Final RMSE": 0.12276416271924973, "Final MAPE": 80879.3125, "Final MAE": 0.07535623759031296, "Total Training Time": 26.92523741722107, "Average Time per Epoch": 1.2743006206694103, "_wandb": {"runtime": 27}}