{"epoch": 0, "_timestamp": 1703651799.6098475, "loss": 0.006530713755637407, "root_mean_squared_error": 0.09102003276348114, "mean_absolute_percentage_error": 31833.677734375, "mean_absolute_error": 0.06253530085086823, "val_loss": 0.010938767343759537, "val_root_mean_squared_error": 0.10458856076002121, "val_mean_absolute_percentage_error": 51102.77734375, "val_mean_absolute_error": 0.07336042821407318, "_runtime": 3.7852766513824463, "_step": 1, "best_val_loss": 0.010938767343759537, "best_epoch": 0, "Final MSE": 0.01602986827492714, "Final RMSE": 0.12660911679267883, "Final MAPE": 177646.46875, "Final MAE": 0.0895131453871727, "Total Training Time": 1.8790745735168457, "Average Time per Epoch": 1.7660508155822754, "_wandb": {"runtime": 2}}