{"epoch": 33, "_timestamp": 1703924056.3662152, "loss": 0.005087856203317642, "root_mean_squared_error": 0.07132921367883682, "mean_absolute_percentage_error": 30109.34375, "mean_absolute_error": 0.04515773430466652, "val_loss": 0.008557400666177273, "val_root_mean_squared_error": 0.09250622242689133, "val_mean_absolute_percentage_error": 145269.0, "val_mean_absolute_error": 0.06496001780033112, "_runtime": 142.32664918899536, "_step": 34, "best_val_loss": 0.007985441014170647, "best_epoch": 23, "Final MSE": 0.010627379640936852, "Final RMSE": 0.10308918356895447, "Final MAPE": 227133.515625, "Final MAE": 0.069484643638134, "Total Training Time": 141.04687023162842, "Average Time per Epoch": 4.137528889319476, "_wandb": {"runtime": 141}}