{"epoch": 0, "_timestamp": 1703505724.0324063, "loss": 0.0157709289342165, "root_mean_squared_error": 0.13729128241539001, "mean_absolute_percentage_error": 32631.10546875, "mean_absolute_error": 0.08606869727373123, "val_loss": 0.017013244330883026, "val_root_mean_squared_error": 0.1304348111152649, "val_mean_absolute_percentage_error": 775798.75, "val_mean_absolute_error": 0.08866757154464722, "_runtime": 3.5962653160095215, "_step": 1, "best_val_loss": 0.017013244330883026, "best_epoch": 0, "Final MSE": 0.04168650507926941, "Final RMSE": 0.20417271554470062, "Final MAPE": 131886.390625, "Final MAE": 0.1473800390958786, "Total Training Time": 1.5547878742218018, "Average Time per Epoch": 1.4525997638702393, "_wandb": {"runtime": 1}}