{"epoch": 21, "_timestamp": 1705622317.8072348, "loss": 0.00624105567112565, "root_mean_squared_error": 0.07900035381317139, "mean_absolute_percentage_error": 47366.1953125, "mean_absolute_error": 0.04804538935422897, "val_loss": 0.0084913931787014, "val_root_mean_squared_error": 0.09214875847101212, "val_mean_absolute_percentage_error": 9282.775390625, "val_mean_absolute_error": 0.06289368867874146, "_runtime": 35.1246976852417, "_step": 22, "best_val_loss": 0.0070718456991016865, "best_epoch": 11, "Final MSE": 0.018375445157289505, "Final RMSE": 0.13555605709552765, "Final MAPE": 116306.6328125, "Final MAE": 0.09741903096437454, "Total Training Time": 28.365423917770386, "Average Time per Epoch": 1.2819780328057029, "_wandb": {"runtime": 28}}