{"epoch": 15, "_timestamp": 1703100132.0527167, "loss": 0.010473625734448433, "root_mean_squared_error": 0.10234078019857407, "mean_absolute_percentage_error": 79510.0703125, "mean_absolute_error": 0.04685361310839653, "val_loss": 0.007347760256379843, "val_root_mean_squared_error": 0.08571907877922058, "val_mean_absolute_percentage_error": 132906.96875, "val_mean_absolute_error": 0.05291776359081268, "_runtime": 14.597425699234009, "_step": 16, "best_val_loss": 0.007280654739588499, "best_epoch": 5, "Final MSE": 0.016885166987776756, "Final RMSE": 0.12994292378425598, "Final MAPE": 361237.71875, "Final MAE": 0.07388585805892944, "Total Training Time": 12.423228979110718, "Average Time per Epoch": 0.7683887034654617, "_wandb": {"runtime": 12}}