{"epoch": 19, "_timestamp": 1703588348.152661, "loss": 0.011101631447672844, "root_mean_squared_error": 0.10536427795886993, "mean_absolute_percentage_error": 10609.837890625, "mean_absolute_error": 0.06096220761537552, "val_loss": 0.008170734159648418, "val_root_mean_squared_error": 0.0903921127319336, "val_mean_absolute_percentage_error": 91.43839263916016, "val_mean_absolute_error": 0.059054818004369736, "_runtime": 52.48050808906555, "_step": 20, "best_val_loss": 0.0068352301605045795, "best_epoch": 9, "Final MSE": 0.03179607167840004, "Final RMSE": 0.17831453680992126, "Final MAPE": 102118.0859375, "Final MAE": 0.10755013674497604, "Total Training Time": 49.880825996398926, "Average Time per Epoch": 2.4844411253929137, "_wandb": {"runtime": 50}}