{"epoch": 25, "_timestamp": 1705598339.8410065, "loss": 0.004384786356240511, "root_mean_squared_error": 0.06621772050857544, "mean_absolute_percentage_error": 6041.8955078125, "mean_absolute_error": 0.0360427089035511, "val_loss": 0.008860532194375992, "val_root_mean_squared_error": 0.09413039684295654, "val_mean_absolute_percentage_error": 47619.53515625, "val_mean_absolute_error": 0.061931125819683075, "_runtime": 93.9251184463501, "_step": 26, "best_val_loss": 0.007889664731919765, "best_epoch": 15, "Final MSE": 0.011044839397072792, "Final RMSE": 0.10509443283081055, "Final MAPE": 73210.6875, "Final MAE": 0.08026885241270065, "Total Training Time": 92.46296548843384, "Average Time per Epoch": 3.5441767252408543, "_wandb": {"runtime": 93}}