{"epoch": 0, "_timestamp": 1703764354.071201, "loss": 0.02968493476510048, "root_mean_squared_error": 0.16944296658039093, "mean_absolute_percentage_error": 182984.0, "mean_absolute_error": 0.1080954521894455, "val_loss": 0.020776761695742607, "val_root_mean_squared_error": 0.14414146542549133, "val_mean_absolute_percentage_error": 59572.1484375, "val_mean_absolute_error": 0.10716206580400467, "_runtime": 3.5212900638580322, "_step": 1, "best_val_loss": 0.020776761695742607, "best_epoch": 0, "Final MSE": 0.021773263812065125, "Final RMSE": 0.14755767583847046, "Final MAPE": 355038.53125, "Final MAE": 0.11015614867210388, "Total Training Time": 1.5332696437835693, "Average Time per Epoch": 1.4383835792541504, "_wandb": {"runtime": 1}}