{"epoch": 0, "_timestamp": 1703673590.6504085, "loss": 0.008412644267082214, "root_mean_squared_error": 0.09270395338535309, "mean_absolute_percentage_error": 5942366.0, "mean_absolute_error": 0.05215802788734436, "val_loss": 0.011286629363894463, "val_root_mean_squared_error": 0.10623855143785477, "val_mean_absolute_percentage_error": 7102100.5, "val_mean_absolute_error": 0.05885683000087738, "_runtime": 7.334896564483643, "_step": 1, "best_val_loss": 0.011286629363894463, "best_epoch": 0, "Final MSE": 0.009929541498422623, "Final RMSE": 0.09964708238840103, "Final MAPE": 9249093.0, "Final MAE": 0.054959531873464584, "Total Training Time": 6.11985969543457, "Average Time per Epoch": 5.967750310897827, "_wandb": {"runtime": 6}}