{"epoch": 10, "_timestamp": 1705619524.2708142, "loss": 0.00379116740077734, "root_mean_squared_error": 0.06157245486974716, "mean_absolute_percentage_error": 241782.21875, "mean_absolute_error": 0.034282930195331573, "val_loss": 0.006887849420309067, "val_root_mean_squared_error": 0.08299306780099869, "val_mean_absolute_percentage_error": 33.675209045410156, "val_mean_absolute_error": 0.044323597103357315, "_runtime": 16.849724292755127, "_step": 11, "best_val_loss": 0.006504186429083347, "best_epoch": 0, "Final MSE": 0.008631288073956966, "Final RMSE": 0.0929047241806984, "Final MAPE": 221551.96875, "Final MAE": 0.06593044102191925, "Total Training Time": 14.498899698257446, "Average Time per Epoch": 1.3045918508009477, "_wandb": {"runtime": 14}}