{"epoch": 17, "_timestamp": 1703726682.9176722, "loss": 0.007682107388973236, "root_mean_squared_error": 0.08764763176441193, "mean_absolute_percentage_error": 8550731.0, "mean_absolute_error": 0.04982418194413185, "val_loss": 0.017177866771817207, "val_root_mean_squared_error": 0.13106435537338257, "val_mean_absolute_percentage_error": 12353534.0, "val_mean_absolute_error": 0.07338575273752213, "_runtime": 39.208150148391724, "_step": 18, "best_val_loss": 0.014092382043600082, "best_epoch": 7, "Final MSE": 0.011251742951571941, "Final RMSE": 0.10607423633337021, "Final MAPE": 17129804.0, "Final MAE": 0.05941708758473396, "Total Training Time": 36.76213717460632, "Average Time per Epoch": 2.0321086645126343, "_wandb": {"runtime": 37}}