{"epoch": 0, "_timestamp": 1703812390.2731905, "loss": 0.006316987331956625, "root_mean_squared_error": 0.09073664247989655, "mean_absolute_percentage_error": 17249.017578125, "mean_absolute_error": 0.05881522223353386, "val_loss": 0.014170665293931961, "val_root_mean_squared_error": 0.1190406009554863, "val_mean_absolute_percentage_error": 48776.5546875, "val_mean_absolute_error": 0.08424529433250427, "_runtime": 6.223127603530884, "_step": 1, "best_val_loss": 0.014170665293931961, "best_epoch": 0, "Final MSE": 0.023854810744524002, "Final RMSE": 0.15445002913475037, "Final MAPE": 20272.474609375, "Final MAE": 0.118375763297081, "Total Training Time": 4.502408266067505, "Average Time per Epoch": 4.3058555126190186, "_wandb": {"runtime": 4}}