{"epoch": 17, "_timestamp": 1703164382.0547569, "loss": 0.005526083521544933, "root_mean_squared_error": 0.07433763146400452, "mean_absolute_percentage_error": 4896.05810546875, "mean_absolute_error": 0.03365066275000572, "val_loss": 0.01018641795963049, "val_root_mean_squared_error": 0.10092778503894806, "val_mean_absolute_percentage_error": 77451.4296875, "val_mean_absolute_error": 0.06486032903194427, "_runtime": 48.4206109046936, "_step": 18, "best_val_loss": 0.009747041389346123, "best_epoch": 7, "Final MSE": 0.013344481587409973, "Final RMSE": 0.11551831662654877, "Final MAPE": 176723.875, "Final MAE": 0.0732981264591217, "Total Training Time": 45.94188737869263, "Average Time per Epoch": 2.5403270853890314, "_wandb": {"runtime": 46}}