{"epoch": 34, "_timestamp": 1703448862.9220352, "loss": 0.008322404697537422, "root_mean_squared_error": 0.0912272110581398, "mean_absolute_percentage_error": 9722643.0, "mean_absolute_error": 0.05442813038825989, "val_loss": 0.011364840902388096, "val_root_mean_squared_error": 0.10660600662231445, "val_mean_absolute_percentage_error": 13839698.0, "val_mean_absolute_error": 0.06675142049789429, "_runtime": 75.46043920516968, "_step": 35, "best_val_loss": 0.010319751687347889, "best_epoch": 24, "Final MSE": 0.012426530010998249, "Final RMSE": 0.11147435009479523, "Final MAPE": 22948182.0, "Final MAE": 0.07168605923652649, "Total Training Time": 72.95794820785522, "Average Time per Epoch": 2.078234679358346, "_wandb": {"runtime": 73}}