{"epoch": 0, "_timestamp": 1703557258.19237, "loss": 0.005496354773640633, "root_mean_squared_error": 0.07657639682292938, "mean_absolute_percentage_error": 21536.35546875, "mean_absolute_error": 0.05090797320008278, "val_loss": 0.011436659842729568, "val_root_mean_squared_error": 0.106942318379879, "val_mean_absolute_percentage_error": 76170.15625, "val_mean_absolute_error": 0.07282503694295883, "_runtime": 6.615341901779175, "_step": 1, "best_val_loss": 0.011436659842729568, "best_epoch": 0, "Final MSE": 0.008425694890320301, "Final RMSE": 0.09179158508777618, "Final MAPE": 92818.7109375, "Final MAE": 0.0673937201499939, "Total Training Time": 4.746164321899414, "Average Time per Epoch": 4.543161392211914, "_wandb": {"runtime": 4}}