{"epoch": 10, "_timestamp": 1703619760.7363229, "loss": 0.006360611412674189, "root_mean_squared_error": 0.07975344359874725, "mean_absolute_percentage_error": 16072.38671875, "mean_absolute_error": 0.05660953000187874, "val_loss": 0.02936832420527935, "val_root_mean_squared_error": 0.17137189209461212, "val_mean_absolute_percentage_error": 158666.5, "val_mean_absolute_error": 0.14965689182281494, "_runtime": 254.37601590156555, "_step": 11, "best_val_loss": 0.01840963400900364, "best_epoch": 0, "Final MSE": 0.02761070430278778, "Final RMSE": 0.16616469621658325, "Final MAPE": 384547.5, "Final MAE": 0.14026375114917755, "Total Training Time": 251.93208360671997, "Average Time per Epoch": 22.789551973342896, "_wandb": {"runtime": 252}}