{"epoch": 0, "_timestamp": 1703595421.5068252, "loss": 0.02483818680047989, "root_mean_squared_error": 0.16081055998802185, "mean_absolute_percentage_error": 62000.65234375, "mean_absolute_error": 0.11051889508962631, "val_loss": 0.030257008969783783, "val_root_mean_squared_error": 0.17394542694091797, "val_mean_absolute_percentage_error": 124440.2109375, "val_mean_absolute_error": 0.1152423545718193, "_runtime": 3.7152862548828125, "_step": 1, "best_val_loss": 0.030257008969783783, "best_epoch": 0, "Final MSE": 0.032694011926651, "Final RMSE": 0.18081484735012054, "Final MAPE": 253356.21875, "Final MAE": 0.1281345933675766, "Total Training Time": 1.5837469100952148, "Average Time per Epoch": 1.4797437191009521, "_wandb": {"runtime": 1}}