{"epoch": 17, "_timestamp": 1703891259.2968652, "loss": 0.020138652995228767, "root_mean_squared_error": 0.14191071689128876, "mean_absolute_percentage_error": 134701.171875, "mean_absolute_error": 0.0887923538684845, "val_loss": 0.01599513553082943, "val_root_mean_squared_error": 0.1264718770980835, "val_mean_absolute_percentage_error": 6543.52783203125, "val_mean_absolute_error": 0.07593291997909546, "_runtime": 15.361371278762817, "_step": 18, "best_val_loss": 0.015967845916748047, "best_epoch": 7, "Final MSE": 0.02071509137749672, "Final RMSE": 0.14392738044261932, "Final MAPE": 356058.375, "Final MAE": 0.08948802947998047, "Total Training Time": 14.110330820083618, "Average Time per Epoch": 0.7774479256735908, "_wandb": {"runtime": 14}}