{"epoch": 10, "_timestamp": 1702651694.7691782, "loss": 0.010976535268127918, "root_mean_squared_error": 0.10476896166801453, "mean_absolute_percentage_error": 90306.734375, "mean_absolute_error": 0.07366053760051727, "val_loss": 0.03512989357113838, "val_root_mean_squared_error": 0.18742969632148743, "val_mean_absolute_percentage_error": 108810.25, "val_mean_absolute_error": 0.1544683277606964, "_runtime": 148.5322391986847, "_step": 10, "best_val_loss": 0.01882173866033554, "best_epoch": 9}