{"epoch": 0, "_timestamp": 1703804247.4489312, "loss": 0.006455563940107822, "root_mean_squared_error": 0.0845627412199974, "mean_absolute_percentage_error": 16855.43359375, "mean_absolute_error": 0.03940293937921524, "val_loss": 0.009717755950987339, "val_root_mean_squared_error": 0.09857867658138275, "val_mean_absolute_percentage_error": 50522.56640625, "val_mean_absolute_error": 0.05984131991863251, "_runtime": 10.830510139465332, "_step": 1, "best_val_loss": 0.009717755950987339, "best_epoch": 0, "Final MSE": 0.012436064891517162, "Final RMSE": 0.11151710897684097, "Final MAPE": 104553.671875, "Final MAE": 0.06748613715171814, "Total Training Time": 4.429022789001465, "Average Time per Epoch": 4.272937536239624, "_wandb": {"runtime": 4}}