{"epoch": 17, "_timestamp": 1703211142.424968, "loss": 0.00901571661233902, "root_mean_squared_error": 0.09495113044977188, "mean_absolute_percentage_error": 34979.39453125, "mean_absolute_error": 0.07016412913799286, "val_loss": 0.02390078455209732, "val_root_mean_squared_error": 0.15459878742694855, "val_mean_absolute_percentage_error": 165076.5625, "val_mean_absolute_error": 0.1155044212937355, "_runtime": 233.81424403190613, "_step": 18, "best_val_loss": 0.022449977695941925, "best_epoch": 7, "Final MSE": 0.0240616537630558, "Final RMSE": 0.1551181972026825, "Final MAPE": 214628.171875, "Final MAE": 0.12342891842126846, "Total Training Time": 231.33704137802124, "Average Time per Epoch": 12.810199207729763, "_wandb": {"runtime": 231}}