{"epoch": 46, "_timestamp": 1703440830.639798, "loss": 0.007468127179890871, "root_mean_squared_error": 0.08641832321882248, "mean_absolute_percentage_error": 9594897.0, "mean_absolute_error": 0.05041041970252991, "val_loss": 0.012845922261476517, "val_root_mean_squared_error": 0.1133398562669754, "val_mean_absolute_percentage_error": 16433729.0, "val_mean_absolute_error": 0.06657563149929047, "_runtime": 37.0054988861084, "_step": 47, "best_val_loss": 0.011912728659808636, "best_epoch": 36, "Final MSE": 0.016357995569705963, "Final RMSE": 0.12789838016033173, "Final MAPE": 22895182.0, "Final MAE": 0.07313703000545502, "Total Training Time": 34.74215650558472, "Average Time per Epoch": 0.7357676333569466, "_wandb": {"runtime": 35}}