{"epoch": 22, "_timestamp": 1703129773.974709, "loss": 0.00818862859159708, "root_mean_squared_error": 0.09049104154109955, "mean_absolute_percentage_error": 10001.6591796875, "mean_absolute_error": 0.06336371600627899, "val_loss": 0.0325978584587574, "val_root_mean_squared_error": 0.1805487722158432, "val_mean_absolute_percentage_error": 206711.09375, "val_mean_absolute_error": 0.14597663283348083, "_runtime": 166.4999589920044, "_step": 23, "best_val_loss": 0.023878447711467743, "best_epoch": 12, "Final MSE": 0.0312650129199028, "Final RMSE": 0.17681916058063507, "Final MAPE": 217946.8125, "Final MAE": 0.14063897728919983, "Total Training Time": 164.08341479301453, "Average Time per Epoch": 7.113354848778767, "_wandb": {"runtime": 164}}