{"epoch": 11, "_timestamp": 1703743838.213803, "loss": 0.00905209593474865, "root_mean_squared_error": 0.09514250606298447, "mean_absolute_percentage_error": 8297018.0, "mean_absolute_error": 0.054009754210710526, "val_loss": 0.0201954934746027, "val_root_mean_squared_error": 0.14211085438728333, "val_mean_absolute_percentage_error": 9816824.0, "val_mean_absolute_error": 0.07904154807329178, "_runtime": 20.342308044433594, "_step": 12, "best_val_loss": 0.015425097197294235, "best_epoch": 1, "Final MSE": 0.022990334779024124, "Final RMSE": 0.1516256332397461, "Final MAPE": 15740976.0, "Final MAE": 0.08916719257831573, "Total Training Time": 18.139232635498047, "Average Time per Epoch": 1.5009686748186748, "_wandb": {"runtime": 18}}