{"epoch": 22, "_timestamp": 1703359340.1467838, "loss": 0.014003043062984943, "root_mean_squared_error": 0.11833445727825165, "mean_absolute_percentage_error": 15924618.0, "mean_absolute_error": 0.07529111951589584, "val_loss": 0.056340351700782776, "val_root_mean_squared_error": 0.23736122250556946, "val_mean_absolute_percentage_error": 70871496.0, "val_mean_absolute_error": 0.16936007142066956, "_runtime": 314.5207898616791, "_step": 23, "best_val_loss": 0.0549451969563961, "best_epoch": 12, "Final MSE": 0.05906262993812561, "Final RMSE": 0.24302804470062256, "Final MAPE": 48312292.0, "Final MAE": 0.15222106873989105, "Total Training Time": 312.22869658470154, "Average Time per Epoch": 13.540337821711665, "_wandb": {"runtime": 312}}