{"epoch": 0, "_timestamp": 1703560375.8796513, "loss": 0.004047361668199301, "root_mean_squared_error": 0.07611873000860214, "mean_absolute_percentage_error": 18125.7265625, "mean_absolute_error": 0.040692057460546494, "val_loss": 0.00992542877793312, "val_root_mean_squared_error": 0.09962644428014755, "val_mean_absolute_percentage_error": 120554.6953125, "val_mean_absolute_error": 0.05736057832837105, "_runtime": 3.9936022758483887, "_step": 1, "best_val_loss": 0.00992542877793312, "best_epoch": 0, "Final MSE": 0.01731858216226101, "Final RMSE": 0.13160008192062378, "Final MAPE": 12862.5830078125, "Final MAE": 0.08018489181995392, "Total Training Time": 1.9101288318634033, "Average Time per Epoch": 1.803126335144043, "_wandb": {"runtime": 2}}