{"epoch": 16, "_timestamp": 1703810099.5898187, "loss": 0.0050713857635855675, "root_mean_squared_error": 0.07121366262435913, "mean_absolute_percentage_error": 6434.73291015625, "mean_absolute_error": 0.0318579338490963, "val_loss": 0.01036160346120596, "val_root_mean_squared_error": 0.10179196298122406, "val_mean_absolute_percentage_error": 48881.51953125, "val_mean_absolute_error": 0.05915708839893341, "_runtime": 43.35758876800537, "_step": 17, "best_val_loss": 0.009171879850327969, "best_epoch": 6, "Final MSE": 0.012092981487512589, "Final RMSE": 0.10996809601783752, "Final MAPE": 123209.3359375, "Final MAE": 0.061487868428230286, "Total Training Time": 41.95178580284119, "Average Time per Epoch": 2.4554289088529697, "_wandb": {"runtime": 42}}