{"epoch": 34, "_timestamp": 1703300628.8660915, "loss": 0.003608371363952756, "root_mean_squared_error": 0.060069721192121506, "mean_absolute_percentage_error": 11020.2529296875, "mean_absolute_error": 0.0421149879693985, "val_loss": 0.006781748961657286, "val_root_mean_squared_error": 0.08235137164592743, "val_mean_absolute_percentage_error": 28530.49609375, "val_mean_absolute_error": 0.0600954107940197, "_runtime": 97.17541360855103, "_step": 35, "best_val_loss": 0.006063920445740223, "best_epoch": 24, "Final MSE": 0.007750868797302246, "Final RMSE": 0.08803901821374893, "Final MAPE": 59607.13671875, "Final MAE": 0.07044993340969086, "Total Training Time": 94.50717616081238, "Average Time per Epoch": 2.6928867408207484, "_wandb": {"runtime": 95}}