{"epoch": 0, "_timestamp": 1703656752.226131, "loss": 0.0041476464830338955, "root_mean_squared_error": 0.07300311326980591, "mean_absolute_percentage_error": 31919.708984375, "mean_absolute_error": 0.040882717818021774, "val_loss": 0.005278752185404301, "val_root_mean_squared_error": 0.07265502214431763, "val_mean_absolute_percentage_error": 34420.08984375, "val_mean_absolute_error": 0.04963209852576256, "_runtime": 4.60044002532959, "_step": 1, "best_val_loss": 0.005278752185404301, "best_epoch": 0, "Final MSE": 0.012593306601047516, "Final RMSE": 0.112219899892807, "Final MAPE": 51802.89453125, "Final MAE": 0.058941345661878586, "Total Training Time": 2.746819019317627, "Average Time per Epoch": 2.6007864475250244, "_wandb": {"runtime": 2}}