{"epoch": 21, "_timestamp": 1703307423.5561886, "loss": 0.006851143203675747, "root_mean_squared_error": 0.08277163654565811, "mean_absolute_percentage_error": 11772.294921875, "mean_absolute_error": 0.05177806690335274, "val_loss": 0.017199359834194183, "val_root_mean_squared_error": 0.13114632666110992, "val_mean_absolute_percentage_error": 51791.20703125, "val_mean_absolute_error": 0.08292651176452637, "_runtime": 86.33973860740662, "_step": 22, "best_val_loss": 0.015645232051610947, "best_epoch": 11, "Final MSE": 0.02078159712255001, "Final RMSE": 0.1441582292318344, "Final MAPE": 279959.46875, "Final MAE": 0.10315395891666412, "Total Training Time": 84.02717089653015, "Average Time per Epoch": 3.805797566067089, "_wandb": {"runtime": 84}}