{"epoch": 0, "_timestamp": 1702916654.7558694, "loss": 0.005071659572422504, "root_mean_squared_error": 0.07816831022500992, "mean_absolute_percentage_error": 24369.423828125, "mean_absolute_error": 0.0507546067237854, "val_loss": 0.004065170884132385, "val_root_mean_squared_error": 0.06375869363546371, "val_mean_absolute_percentage_error": 18713.25, "val_mean_absolute_error": 0.04247242212295532, "_runtime": 16.43299436569214, "_step": 1, "best_val_loss": 0.004065170884132385, "best_epoch": 0, "Final MSE": 0.006799825932830572, "Final RMSE": 0.08246105909347534, "Final MAPE": 21426.751953125, "Final MAE": 0.05625889450311661, "Total Training Time": 11.304349422454834, "Average Time per Epoch": 10.92232608795166, "_wandb": {"runtime": 12}}