{"epoch": 0, "_timestamp": 1703560248.9691076, "loss": 0.005262346938252449, "root_mean_squared_error": 0.08505062013864517, "mean_absolute_percentage_error": 93811.390625, "mean_absolute_error": 0.04671581834554672, "val_loss": 0.007960340939462185, "val_root_mean_squared_error": 0.08922073990106583, "val_mean_absolute_percentage_error": 43875.15625, "val_mean_absolute_error": 0.04825840890407562, "_runtime": 3.9817545413970947, "_step": 1, "best_val_loss": 0.007960340939462185, "best_epoch": 0, "Final MSE": 0.0130894361063838, "Final RMSE": 0.11440907418727875, "Final MAPE": 45917.9609375, "Final MAE": 0.06954305619001389, "Total Training Time": 1.9417946338653564, "Average Time per Epoch": 1.8287923336029053, "_wandb": {"runtime": 2}}