{"epoch": 23, "_timestamp": 1703870180.5539062, "loss": 0.01144335325807333, "root_mean_squared_error": 0.10697361081838608, "mean_absolute_percentage_error": 202010.703125, "mean_absolute_error": 0.05396562069654465, "val_loss": 0.00892858300358057, "val_root_mean_squared_error": 0.09449117630720139, "val_mean_absolute_percentage_error": 127.71479034423828, "val_mean_absolute_error": 0.05732094869017601, "_runtime": 133.38248014450073, "_step": 24, "best_val_loss": 0.00857529230415821, "best_epoch": 13, "Final MSE": 0.014992306008934975, "Final RMSE": 0.1224430724978447, "Final MAPE": 91231.171875, "Final MAE": 0.07481196522712708, "Total Training Time": 131.04387021064758, "Average Time per Epoch": 5.442916661500931, "_wandb": {"runtime": 131}}