{"epoch": 14, "_timestamp": 1703855622.897076, "loss": 0.03099396452307701, "root_mean_squared_error": 0.1760510355234146, "mean_absolute_percentage_error": 18531.392578125, "mean_absolute_error": 0.12457379698753357, "val_loss": 0.011859733611345291, "val_root_mean_squared_error": 0.10890239477157593, "val_mean_absolute_percentage_error": 191923.453125, "val_mean_absolute_error": 0.08672061562538147, "_runtime": 12.386230945587158, "_step": 15, "best_val_loss": 0.010626870207488537, "best_epoch": 4, "Final MSE": 0.03999696671962738, "Final RMSE": 0.19999241828918457, "Final MAPE": 261195.78125, "Final MAE": 0.13112932443618774, "Total Training Time": 11.069291114807129, "Average Time per Epoch": 0.7304507255554199, "_wandb": {"runtime": 11}}