{"epoch": 23, "_timestamp": 1703891708.3869915, "loss": 0.003790895687416196, "root_mean_squared_error": 0.06157024949789047, "mean_absolute_percentage_error": 18397.701171875, "mean_absolute_error": 0.034612517803907394, "val_loss": 0.011664168909192085, "val_root_mean_squared_error": 0.10800078511238098, "val_mean_absolute_percentage_error": 143677.734375, "val_mean_absolute_error": 0.06478628516197205, "_runtime": 19.83082151412964, "_step": 24, "best_val_loss": 0.010264088399708271, "best_epoch": 13, "Final MSE": 0.01938246376812458, "Final RMSE": 0.1392209231853485, "Final MAPE": 34748.21875, "Final MAE": 0.07885003834962845, "Total Training Time": 18.556329011917114, "Average Time per Epoch": 0.7664133210976919, "_wandb": {"runtime": 18}}