{"epoch": 0, "_timestamp": 1703819791.7224803, "loss": 0.010541697964072227, "root_mean_squared_error": 0.10469479113817215, "mean_absolute_percentage_error": 443175.875, "mean_absolute_error": 0.07292547821998596, "val_loss": 0.015661166980862617, "val_root_mean_squared_error": 0.1251445859670639, "val_mean_absolute_percentage_error": 143549.1875, "val_mean_absolute_error": 0.08499883115291595, "_runtime": 4.018012285232544, "_step": 1, "best_val_loss": 0.015661166980862617, "best_epoch": 0, "Final MSE": 0.01339761447161436, "Final RMSE": 0.11574806272983551, "Final MAPE": 85549.0390625, "Final MAE": 0.0919552892446518, "Total Training Time": 2.580397367477417, "Average Time per Epoch": 2.435152053833008, "_wandb": {"runtime": 2}}