{"epoch": 0, "_timestamp": 1703560125.984033, "loss": 0.005359286908060312, "root_mean_squared_error": 0.079698346555233, "mean_absolute_percentage_error": 148403.296875, "mean_absolute_error": 0.04655855894088745, "val_loss": 0.009711075574159622, "val_root_mean_squared_error": 0.09854479134082794, "val_mean_absolute_percentage_error": 340207.0, "val_mean_absolute_error": 0.057606134563684464, "_runtime": 3.8236331939697266, "_step": 1, "best_val_loss": 0.009711075574159622, "best_epoch": 0, "Final MSE": 0.013441866263747215, "Final RMSE": 0.11593906581401825, "Final MAPE": 24903.68359375, "Final MAE": 0.0676817074418068, "Total Training Time": 1.902972936630249, "Average Time per Epoch": 1.7929718494415283, "_wandb": {"runtime": 2}}