{"epoch": 25, "_timestamp": 1703150552.2992308, "loss": 0.0048063588328659534, "root_mean_squared_error": 0.06932790577411652, "mean_absolute_percentage_error": 67113.9453125, "mean_absolute_error": 0.03341956064105034, "val_loss": 0.006034788675606251, "val_root_mean_squared_error": 0.07768390327692032, "val_mean_absolute_percentage_error": 90585.3359375, "val_mean_absolute_error": 0.04305379465222359, "_runtime": 23.146508932113647, "_step": 26, "best_val_loss": 0.005890261381864548, "best_epoch": 15, "Final MSE": 0.013645767234265804, "Final RMSE": 0.11681509763002396, "Final MAPE": 121707.8515625, "Final MAE": 0.06615432351827621, "Total Training Time": 20.893160820007324, "Average Time per Epoch": 0.7981988650101882, "_wandb": {"runtime": 21}}