{"epoch": 13, "_timestamp": 1703504286.30275, "loss": 0.0075296442955732346, "root_mean_squared_error": 0.08677353709936142, "mean_absolute_percentage_error": 178144.6875, "mean_absolute_error": 0.05376371741294861, "val_loss": 0.014186691492795944, "val_root_mean_squared_error": 0.11910790205001831, "val_mean_absolute_percentage_error": 265470.78125, "val_mean_absolute_error": 0.06592971831560135, "_runtime": 12.729077100753784, "_step": 14, "best_val_loss": 0.01370668038725853, "best_epoch": 3, "Final MSE": 0.019631627947092056, "Final RMSE": 0.14011292159557343, "Final MAPE": 90376.484375, "Final MAE": 0.07611405849456787, "Total Training Time": 10.660475015640259, "Average Time per Epoch": 0.7531058277402606, "_wandb": {"runtime": 10}}