{"epoch": 0, "_timestamp": 1703811146.4120996, "loss": 0.015988057479262352, "root_mean_squared_error": 0.12886013090610504, "mean_absolute_percentage_error": 269824.15625, "mean_absolute_error": 0.0812157392501831, "val_loss": 0.00886799767613411, "val_root_mean_squared_error": 0.09417004883289337, "val_mean_absolute_percentage_error": 324120.40625, "val_mean_absolute_error": 0.05946321785449982, "_runtime": 5.627817630767822, "_step": 1, "best_val_loss": 0.00886799767613411, "best_epoch": 0, "Final MSE": 0.020818663761019707, "Final RMSE": 0.14428673684597015, "Final MAPE": 45024.92578125, "Final MAE": 0.09301397204399109, "Total Training Time": 4.509524345397949, "Average Time per Epoch": 4.3132243156433105, "_wandb": {"runtime": 4}}