{"epoch": 0, "_timestamp": 1703648391.5183048, "loss": 0.008272516541182995, "root_mean_squared_error": 0.0931444987654686, "mean_absolute_percentage_error": 27535.90234375, "mean_absolute_error": 0.06492961943149567, "val_loss": 0.014101434499025345, "val_root_mean_squared_error": 0.1187494620680809, "val_mean_absolute_percentage_error": 107685.25, "val_mean_absolute_error": 0.08209196478128433, "_runtime": 6.262990713119507, "_step": 1, "best_val_loss": 0.014101434499025345, "best_epoch": 0, "Final MSE": 0.011487872339785099, "Final RMSE": 0.10718148946762085, "Final MAPE": 146273.359375, "Final MAE": 0.08011762797832489, "Total Training Time": 4.579160690307617, "Average Time per Epoch": 4.38813042640686, "_wandb": {"runtime": 4}}