{"epoch": 0, "_timestamp": 1703803347.0276594, "loss": 0.023357626050710678, "root_mean_squared_error": 0.15223130583763123, "mean_absolute_percentage_error": 102585.0859375, "mean_absolute_error": 0.1044221892952919, "val_loss": 0.027570463716983795, "val_root_mean_squared_error": 0.16604356467723846, "val_mean_absolute_percentage_error": 83783.1640625, "val_mean_absolute_error": 0.1052996814250946, "_runtime": 8.967584371566772, "_step": 1, "best_val_loss": 0.027570463716983795, "best_epoch": 0, "Final MSE": 0.03342195600271225, "Final RMSE": 0.18281672894954681, "Final MAPE": 278704.53125, "Final MAE": 0.11736679822206497, "Total Training Time": 4.421574831008911, "Average Time per Epoch": 4.277199029922485, "_wandb": {"runtime": 4}}