{"epoch": 18, "_timestamp": 1705580232.7254026, "loss": 0.00547174084931612, "root_mean_squared_error": 0.0739712193608284, "mean_absolute_percentage_error": 69042.375, "mean_absolute_error": 0.03884941712021828, "val_loss": 0.008737406693398952, "val_root_mean_squared_error": 0.09347409754991531, "val_mean_absolute_percentage_error": 8469.787109375, "val_mean_absolute_error": 0.047368235886096954, "_runtime": 26.914358615875244, "_step": 19, "best_val_loss": 0.008249908685684204, "best_epoch": 8, "Final MSE": 0.013476370833814144, "Final RMSE": 0.11608777195215225, "Final MAPE": 208728.84375, "Final MAE": 0.06413279473781586, "Total Training Time": 24.575254678726196, "Average Time per Epoch": 1.2847691711626554, "_wandb": {"runtime": 24}}