{"epoch": 0, "_timestamp": 1703639852.6451657, "loss": 0.006931601092219353, "root_mean_squared_error": 0.0888119488954544, "mean_absolute_percentage_error": 16870.00390625, "mean_absolute_error": 0.05998995900154114, "val_loss": 0.009563243947923183, "val_root_mean_squared_error": 0.09779184311628342, "val_mean_absolute_percentage_error": 62952.609375, "val_mean_absolute_error": 0.06820372492074966, "_runtime": 9.86180567741394, "_step": 1, "best_val_loss": 0.009563243947923183, "best_epoch": 0, "Final MSE": 0.014395032078027725, "Final RMSE": 0.11997929960489273, "Final MAPE": 63260.16796875, "Final MAE": 0.08401866257190704, "Total Training Time": 4.473304271697998, "Average Time per Epoch": 4.326248645782471, "_wandb": {"runtime": 4}}