{"epoch": 0, "_timestamp": 1703501376.9109306, "loss": 0.007678442634642124, "root_mean_squared_error": 0.09379741549491882, "mean_absolute_percentage_error": 44420.2734375, "mean_absolute_error": 0.06030956655740738, "val_loss": 0.009594189003109932, "val_root_mean_squared_error": 0.09794992953538895, "val_mean_absolute_percentage_error": 6265.5146484375, "val_mean_absolute_error": 0.06064837425947189, "_runtime": 7.384431600570679, "_step": 1, "best_val_loss": 0.009594189003109932, "best_epoch": 0, "Final MSE": 0.017476055771112442, "Final RMSE": 0.1321970373392105, "Final MAPE": 137745.890625, "Final MAE": 0.08938751369714737, "Total Training Time": 6.13979172706604, "Average Time per Epoch": 5.98275351524353, "_wandb": {"runtime": 6}}