{"epoch": 20, "_timestamp": 1703194324.7710812, "loss": 0.004585233982652426, "root_mean_squared_error": 0.06771435588598251, "mean_absolute_percentage_error": 13694.6650390625, "mean_absolute_error": 0.034861356019973755, "val_loss": 0.005192541051656008, "val_root_mean_squared_error": 0.07205928862094879, "val_mean_absolute_percentage_error": 70824.9453125, "val_mean_absolute_error": 0.04101262986660004, "_runtime": 63.60964512825012, "_step": 21, "best_val_loss": 0.0048604500479996204, "best_epoch": 10, "Final MSE": 0.011069265194237232, "Final RMSE": 0.1052105724811554, "Final MAPE": 289999.125, "Final MAE": 0.06107262894511223, "Total Training Time": 60.90875053405762, "Average Time per Epoch": 2.8894165584019254, "_wandb": {"runtime": 61}}