{"epoch": 19, "_timestamp": 1703555461.1771877, "loss": 0.0043250746093690395, "root_mean_squared_error": 0.06576529890298843, "mean_absolute_percentage_error": 1864776.125, "mean_absolute_error": 0.03952356427907944, "val_loss": 0.007818066515028477, "val_root_mean_squared_error": 0.0884198322892189, "val_mean_absolute_percentage_error": 368.600830078125, "val_mean_absolute_error": 0.05820472911000252, "_runtime": 61.29780173301697, "_step": 20, "best_val_loss": 0.007498786319047213, "best_epoch": 9, "Final MSE": 0.0043189916759729385, "Final RMSE": 0.06571903824806213, "Final MAPE": 256437.546875, "Final MAE": 0.04424554854631424, "Total Training Time": 59.22845530509949, "Average Time per Epoch": 2.9491220474243165, "_wandb": {"runtime": 59}}