{"epoch": 0, "_timestamp": 1703591889.2206502, "loss": 0.012785548344254494, "root_mean_squared_error": 0.11475352197885513, "mean_absolute_percentage_error": 48643.39453125, "mean_absolute_error": 0.07094527035951614, "val_loss": 0.010578550398349762, "val_root_mean_squared_error": 0.10285208374261856, "val_mean_absolute_percentage_error": 115126.7109375, "val_mean_absolute_error": 0.08534619212150574, "_runtime": 7.5272181034088135, "_step": 1, "best_val_loss": 0.010578550398349762, "best_epoch": 0, "Final MSE": 0.01643628254532814, "Final RMSE": 0.12820406258106232, "Final MAPE": 262051.375, "Final MAE": 0.09122271835803986, "Total Training Time": 6.258545398712158, "Average Time per Epoch": 6.099514961242676, "_wandb": {"runtime": 6}}