{"epoch": 16, "_timestamp": 1703529850.4409587, "loss": 0.005829243455082178, "root_mean_squared_error": 0.07634948194026947, "mean_absolute_percentage_error": 118086.5, "mean_absolute_error": 0.04582162946462631, "val_loss": 0.015648217871785164, "val_root_mean_squared_error": 0.12509283423423767, "val_mean_absolute_percentage_error": 54249.58203125, "val_mean_absolute_error": 0.0753147155046463, "_runtime": 203.5873236656189, "_step": 17, "best_val_loss": 0.01229671947658062, "best_epoch": 6, "Final MSE": 0.03986671566963196, "Final RMSE": 0.19966651499271393, "Final MAPE": 218607.453125, "Final MAE": 0.13682352006435394, "Total Training Time": 201.85815620422363, "Average Time per Epoch": 11.83293579606449, "_wandb": {"runtime": 202}}