{"epoch": 0, "_timestamp": 1703677956.121181, "loss": 0.06805359572172165, "root_mean_squared_error": 0.26193732023239136, "mean_absolute_percentage_error": 88159952.0, "mean_absolute_error": 0.21001718938350677, "val_loss": 0.06777936965227127, "val_root_mean_squared_error": 0.2603447139263153, "val_mean_absolute_percentage_error": 106782552.0, "val_mean_absolute_error": 0.2170962542295456, "_runtime": 3.546462059020996, "_step": 1, "best_val_loss": 0.06777936965227127, "best_epoch": 0, "Final MSE": 0.07074959576129913, "Final RMSE": 0.26598796248435974, "Final MAPE": 117807848.0, "Final MAE": 0.22157129645347595, "Total Training Time": 1.5362370014190674, "Average Time per Epoch": 1.4535529613494873, "_wandb": {"runtime": 1}}