{"epoch": 60, "_timestamp": 1703183981.122707, "loss": 0.01056686881929636, "root_mean_squared_error": 0.10279527306556702, "mean_absolute_percentage_error": 15686.2138671875, "mean_absolute_error": 0.060704078525304794, "val_loss": 0.014139235951006413, "val_root_mean_squared_error": 0.11890851706266403, "val_mean_absolute_percentage_error": 51707.484375, "val_mean_absolute_error": 0.07326240092515945, "_runtime": 146.51421284675598, "_step": 61, "best_val_loss": 0.012627677991986275, "best_epoch": 50, "Final MSE": 0.023229721933603287, "Final RMSE": 0.1524129956960678, "Final MAPE": 99359.1328125, "Final MAE": 0.09615854918956757, "Total Training Time": 143.88789296150208, "Average Time per Epoch": 2.354701014815784, "_wandb": {"runtime": 144}}