{"epoch": 0, "_timestamp": 1703715911.9784255, "loss": 0.032728709280490875, "root_mean_squared_error": 0.18921522796154022, "mean_absolute_percentage_error": 42213736.0, "mean_absolute_error": 0.1311912089586258, "val_loss": 0.036342281848192215, "val_root_mean_squared_error": 0.1906365156173706, "val_mean_absolute_percentage_error": 49682468.0, "val_mean_absolute_error": 0.1361536681652069, "_runtime": 64.0981285572052, "_step": 1, "best_val_loss": 0.036342281848192215, "best_epoch": 0, "Final MSE": 0.04425670579075813, "Final RMSE": 0.21037277579307556, "Final MAPE": 66701544.0, "Final MAE": 0.14804795384407043, "Total Training Time": 50.83191776275635, "Average Time per Epoch": 48.481457471847534, "_wandb": {"runtime": 51}}