{"epoch": 20, "_timestamp": 1703853640.2979019, "loss": 0.020334936678409576, "root_mean_squared_error": 0.14260061085224152, "mean_absolute_percentage_error": 15188.5947265625, "mean_absolute_error": 0.0816417932510376, "val_loss": 0.03061096929013729, "val_root_mean_squared_error": 0.1749599128961563, "val_mean_absolute_percentage_error": 123150.4453125, "val_mean_absolute_error": 0.10102194547653198, "_runtime": 17.589736938476562, "_step": 21, "best_val_loss": 0.03031306527554989, "best_epoch": 10, "Final MSE": 0.03274207189679146, "Final RMSE": 0.1809477061033249, "Final MAPE": 249544.21875, "Final MAE": 0.10286705195903778, "Total Training Time": 15.45857048034668, "Average Time per Epoch": 0.7295671304066976, "_wandb": {"runtime": 15}}