{"epoch": 22, "_timestamp": 1703861070.9522994, "loss": 0.012621955946087837, "root_mean_squared_error": 0.11234747618436813, "mean_absolute_percentage_error": 29422.130859375, "mean_absolute_error": 0.0758446753025055, "val_loss": 0.01980714686214924, "val_root_mean_squared_error": 0.1407378613948822, "val_mean_absolute_percentage_error": 66169.84375, "val_mean_absolute_error": 0.09830302745103836, "_runtime": 141.23124837875366, "_step": 23, "best_val_loss": 0.019782960414886475, "best_epoch": 12, "Final MSE": 0.03576163947582245, "Final RMSE": 0.1891074776649475, "Final MAPE": 169843.28125, "Final MAE": 0.13219253718852997, "Total Training Time": 138.87222385406494, "Average Time per Epoch": 6.021157015924868, "_wandb": {"runtime": 139}}