{"epoch": 0, "_timestamp": 1703811711.5491946, "loss": 0.011886972934007645, "root_mean_squared_error": 0.11520260572433472, "mean_absolute_percentage_error": 237270.5, "mean_absolute_error": 0.07952496409416199, "val_loss": 0.01472176518291235, "val_root_mean_squared_error": 0.1213332787156105, "val_mean_absolute_percentage_error": 62286.1796875, "val_mean_absolute_error": 0.08218207210302353, "_runtime": 5.674715518951416, "_step": 1, "best_val_loss": 0.01472176518291235, "best_epoch": 0, "Final MSE": 0.020203305408358574, "Final RMSE": 0.14213833212852478, "Final MAPE": 328236.6875, "Final MAE": 0.09950932115316391, "Total Training Time": 4.41881537437439, "Average Time per Epoch": 4.22956657409668, "_wandb": {"runtime": 4}}