{"epoch": 14, "_timestamp": 1703545274.233977, "loss": 0.010798189789056778, "root_mean_squared_error": 0.10391433537006378, "mean_absolute_percentage_error": 6460.8662109375, "mean_absolute_error": 0.06026170402765274, "val_loss": 0.008490007370710373, "val_root_mean_squared_error": 0.09214123338460922, "val_mean_absolute_percentage_error": 66217.734375, "val_mean_absolute_error": 0.05594232678413391, "_runtime": 33.5992591381073, "_step": 15, "best_val_loss": 0.008329284377396107, "best_epoch": 4, "Final MSE": 0.015824684873223305, "Final RMSE": 0.12579619884490967, "Final MAPE": 36800.59765625, "Final MAE": 0.07711146771907806, "Total Training Time": 31.093726634979248, "Average Time per Epoch": 2.0613539854685468, "_wandb": {"runtime": 31}}