{"epoch": 38, "_timestamp": 1703117609.956665, "loss": 0.006302875932306051, "root_mean_squared_error": 0.07939065247774124, "mean_absolute_percentage_error": 78648.4375, "mean_absolute_error": 0.04692360386252403, "val_loss": 0.006236978340893984, "val_root_mean_squared_error": 0.07897454500198364, "val_mean_absolute_percentage_error": 41478.6015625, "val_mean_absolute_error": 0.048876840621232986, "_runtime": 358.4930970668793, "_step": 39, "best_val_loss": 0.005712718702852726, "best_epoch": 28, "Final MSE": 0.013311930000782013, "Final RMSE": 0.11537733674049377, "Final MAPE": 461550.65625, "Final MAE": 0.07466666400432587, "Total Training Time": 356.0692367553711, "Average Time per Epoch": 9.114720130578066, "_wandb": {"runtime": 356}}