{"epoch": 20, "_timestamp": 1703499202.3323772, "loss": 0.005377517081797123, "root_mean_squared_error": 0.0733315572142601, "mean_absolute_percentage_error": 4046.386474609375, "mean_absolute_error": 0.047858454287052155, "val_loss": 0.017816908657550812, "val_root_mean_squared_error": 0.1334799975156784, "val_mean_absolute_percentage_error": 152370.0625, "val_mean_absolute_error": 0.10411067306995392, "_runtime": 52.59858012199402, "_step": 21, "best_val_loss": 0.013646494597196579, "best_epoch": 10, "Final MSE": 0.015211276710033417, "Final RMSE": 0.12333400547504425, "Final MAPE": 89370.8671875, "Final MAE": 0.09700649231672287, "Total Training Time": 49.93200874328613, "Average Time per Epoch": 2.3689518656049455, "_wandb": {"runtime": 50}}