{"epoch": 0, "_timestamp": 1703548150.3983874, "loss": 0.012603407725691795, "root_mean_squared_error": 0.11288803070783615, "mean_absolute_percentage_error": 6811.61767578125, "mean_absolute_error": 0.06649896502494812, "val_loss": 0.007516240235418081, "val_root_mean_squared_error": 0.08669625222682953, "val_mean_absolute_percentage_error": 130214.6171875, "val_mean_absolute_error": 0.05594496428966522, "_runtime": 9.547130346298218, "_step": 1, "best_val_loss": 0.007516240235418081, "best_epoch": 0, "Final MSE": 0.03523191064596176, "Final RMSE": 0.18770165741443634, "Final MAPE": 205028.578125, "Final MAE": 0.12015536427497864, "Total Training Time": 4.500497102737427, "Average Time per Epoch": 4.350292682647705, "_wandb": {"runtime": 4}}