{"epoch": 22, "_timestamp": 1703283354.5350983, "loss": 0.003765026805922389, "root_mean_squared_error": 0.061359815299510956, "mean_absolute_percentage_error": 11895.1181640625, "mean_absolute_error": 0.03370321914553642, "val_loss": 0.0063124713487923145, "val_root_mean_squared_error": 0.0794510617852211, "val_mean_absolute_percentage_error": 31257.607421875, "val_mean_absolute_error": 0.055131521075963974, "_runtime": 20.813185214996338, "_step": 23, "best_val_loss": 0.00576845882460475, "best_epoch": 12, "Final MSE": 0.015063614584505558, "Final RMSE": 0.12273392081260681, "Final MAPE": 161526.546875, "Final MAE": 0.06939442455768585, "Total Training Time": 18.479876041412354, "Average Time per Epoch": 0.7977640317833942, "_wandb": {"runtime": 18}}