{"epoch": 0, "_timestamp": 1703502104.6430342, "loss": 0.007208460476249456, "root_mean_squared_error": 0.08990123122930527, "mean_absolute_percentage_error": 98586.8203125, "mean_absolute_error": 0.04802330583333969, "val_loss": 0.005082270130515099, "val_root_mean_squared_error": 0.0712900459766388, "val_mean_absolute_percentage_error": 273214.53125, "val_mean_absolute_error": 0.04063256457448006, "_runtime": 7.447119235992432, "_step": 1, "best_val_loss": 0.005082270130515099, "best_epoch": 0, "Final MSE": 0.023195717483758926, "Final RMSE": 0.15230140089988708, "Final MAPE": 113575.1484375, "Final MAE": 0.09549859911203384, "Total Training Time": 6.2675065994262695, "Average Time per Epoch": 6.1144654750823975, "_wandb": {"runtime": 6}}