{"epoch": 0, "_timestamp": 1703736941.172908, "loss": 0.007939273491501808, "root_mean_squared_error": 0.09168252348899841, "mean_absolute_percentage_error": 8946231.0, "mean_absolute_error": 0.05299123004078865, "val_loss": 0.012768288142979145, "val_root_mean_squared_error": 0.11299684643745422, "val_mean_absolute_percentage_error": 10413894.0, "val_mean_absolute_error": 0.06317097693681717, "_runtime": 6.023694038391113, "_step": 1, "best_val_loss": 0.012768288142979145, "best_epoch": 0, "Final MSE": 0.012375161051750183, "Final RMSE": 0.11124370247125626, "Final MAPE": 12459485.0, "Final MAE": 0.061814434826374054, "Total Training Time": 4.896198749542236, "Average Time per Epoch": 4.692569017410278, "_wandb": {"runtime": 5}}