{"epoch": 0, "_timestamp": 1703565619.0462878, "loss": 0.009413705207407475, "root_mean_squared_error": 0.10777196288108826, "mean_absolute_percentage_error": 53953.91796875, "mean_absolute_error": 0.07187813520431519, "val_loss": 0.014832552522420883, "val_root_mean_squared_error": 0.12178896367549896, "val_mean_absolute_percentage_error": 63156.16015625, "val_mean_absolute_error": 0.07956858724355698, "_runtime": 4.682802677154541, "_step": 1, "best_val_loss": 0.014832552522420883, "best_epoch": 0, "Final MSE": 0.02750026434659958, "Final RMSE": 0.1658320426940918, "Final MAPE": 195769.390625, "Final MAE": 0.11863851547241211, "Total Training Time": 2.716668128967285, "Average Time per Epoch": 2.5671536922454834, "_wandb": {"runtime": 2}}