{"epoch": 22, "_timestamp": 1703147231.604755, "loss": 0.004646534565836191, "root_mean_squared_error": 0.06816549599170685, "mean_absolute_percentage_error": 101044.3125, "mean_absolute_error": 0.03731735423207283, "val_loss": 0.008829372003674507, "val_root_mean_squared_error": 0.09396474063396454, "val_mean_absolute_percentage_error": 54610.3984375, "val_mean_absolute_error": 0.054576944559812546, "_runtime": 21.111986875534058, "_step": 23, "best_val_loss": 0.008180604316294193, "best_epoch": 12, "Final MSE": 0.01358826644718647, "Final RMSE": 0.11656872183084488, "Final MAPE": 109388.609375, "Final MAE": 0.07429241389036179, "Total Training Time": 18.874532461166382, "Average Time per Epoch": 0.8145663116289221, "_wandb": {"runtime": 19}}