{"epoch": 13, "_timestamp": 1703853895.9672835, "loss": 0.014496694318950176, "root_mean_squared_error": 0.12040220946073532, "mean_absolute_percentage_error": 21482.01953125, "mean_absolute_error": 0.08552031219005585, "val_loss": 0.019943246617913246, "val_root_mean_squared_error": 0.1412205696105957, "val_mean_absolute_percentage_error": 74797.25, "val_mean_absolute_error": 0.09893056005239487, "_runtime": 12.639684438705444, "_step": 14, "best_val_loss": 0.019898036494851112, "best_epoch": 3, "Final MSE": 0.03706144541501999, "Final RMSE": 0.19251351058483124, "Final MAPE": 151903.59375, "Final MAE": 0.1298985630273819, "Total Training Time": 10.476058959960938, "Average Time per Epoch": 0.7393515620912824, "_wandb": {"runtime": 10}}