{"epoch": 0, "_timestamp": 1703537304.2765045, "loss": 0.008301747031509876, "root_mean_squared_error": 0.09690269827842712, "mean_absolute_percentage_error": 103022.2890625, "mean_absolute_error": 0.047118354588747025, "val_loss": 0.00801648385822773, "val_root_mean_squared_error": 0.08953481912612915, "val_mean_absolute_percentage_error": 152235.625, "val_mean_absolute_error": 0.06210968270897865, "_runtime": 24.94113254547119, "_step": 1, "best_val_loss": 0.00801648385822773, "best_epoch": 0, "Final MSE": 0.017921563237905502, "Final RMSE": 0.1338714361190796, "Final MAPE": 408454.53125, "Final MAE": 0.0882032960653305, "Total Training Time": 23.53463840484619, "Average Time per Epoch": 22.516119956970215, "_wandb": {"runtime": 23}}