{"epoch": 22, "_timestamp": 1703810774.8498743, "loss": 0.0051031592302024364, "root_mean_squared_error": 0.07143639773130417, "mean_absolute_percentage_error": 24475.0390625, "mean_absolute_error": 0.04480382800102234, "val_loss": 0.008270460180938244, "val_root_mean_squared_error": 0.09094206988811493, "val_mean_absolute_percentage_error": 68781.3828125, "val_mean_absolute_error": 0.05445706099271774, "_runtime": 53.957364320755005, "_step": 23, "best_val_loss": 0.007730170153081417, "best_epoch": 12, "Final MSE": 0.010588216595351696, "Final RMSE": 0.10289905965328217, "Final MAPE": 120481.8984375, "Final MAE": 0.06041661277413368, "Total Training Time": 52.58607363700867, "Average Time per Epoch": 2.2769911600195845, "_wandb": {"runtime": 53}}