{"epoch": 14, "_timestamp": 1705614700.8124788, "loss": 0.004155402537435293, "root_mean_squared_error": 0.06446240842342377, "mean_absolute_percentage_error": 14689.4501953125, "mean_absolute_error": 0.041510701179504395, "val_loss": 0.010680092498660088, "val_root_mean_squared_error": 0.10334452986717224, "val_mean_absolute_percentage_error": 53367.625, "val_mean_absolute_error": 0.06732462346553802, "_runtime": 14.389314889907837, "_step": 15, "best_val_loss": 0.009764398448169231, "best_epoch": 4, "Final MSE": 0.011797653511166573, "Final RMSE": 0.10861700028181076, "Final MAPE": 148969.796875, "Final MAE": 0.07202059030532837, "Total Training Time": 12.198710918426514, "Average Time per Epoch": 0.8050681749979655, "_wandb": {"runtime": 12}}