{"epoch": 0, "_timestamp": 1703652464.273686, "loss": 0.006693910341709852, "root_mean_squared_error": 0.08935879170894623, "mean_absolute_percentage_error": 16603.333984375, "mean_absolute_error": 0.05218331888318062, "val_loss": 0.010555739514529705, "val_root_mean_squared_error": 0.10274112969636917, "val_mean_absolute_percentage_error": 37648.75, "val_mean_absolute_error": 0.05490300431847572, "_runtime": 3.8432228565216064, "_step": 1, "best_val_loss": 0.010555739514529705, "best_epoch": 0, "Final MSE": 0.016761664301156998, "Final RMSE": 0.12946684658527374, "Final MAPE": 66327.453125, "Final MAE": 0.08343411237001419, "Total Training Time": 1.9067142009735107, "Average Time per Epoch": 1.7975633144378662, "_wandb": {"runtime": 2}}