{"epoch": 16, "_timestamp": 1703533483.9024143, "loss": 0.011377479881048203, "root_mean_squared_error": 0.10666526854038239, "mean_absolute_percentage_error": 8162.48486328125, "mean_absolute_error": 0.0737709030508995, "val_loss": 0.03271869942545891, "val_root_mean_squared_error": 0.18088310956954956, "val_mean_absolute_percentage_error": 66173.4609375, "val_mean_absolute_error": 0.13471944630146027, "_runtime": 236.45962524414062, "_step": 17, "best_val_loss": 0.026384785771369934, "best_epoch": 6, "Final MSE": 0.03571226820349693, "Final RMSE": 0.18897689878940582, "Final MAPE": 25802.498046875, "Final MAE": 0.15179850161075592, "Total Training Time": 233.98281741142273, "Average Time per Epoch": 13.716456497416777, "_wandb": {"runtime": 234}}