{"epoch": 19, "_timestamp": 1703854403.7284772, "loss": 0.008590702898800373, "root_mean_squared_error": 0.09268604218959808, "mean_absolute_percentage_error": 24432.541015625, "mean_absolute_error": 0.06601867824792862, "val_loss": 0.016707057133316994, "val_root_mean_squared_error": 0.12925578653812408, "val_mean_absolute_percentage_error": 86296.9765625, "val_mean_absolute_error": 0.09215647727251053, "_runtime": 15.618459224700928, "_step": 20, "best_val_loss": 0.015719447284936905, "best_epoch": 9, "Final MSE": 0.016732947900891304, "Final RMSE": 0.12935590744018555, "Final MAPE": 174802.25, "Final MAE": 0.09118607640266418, "Total Training Time": 14.461206436157227, "Average Time per Epoch": 0.7180738091468811, "_wandb": {"runtime": 14}}