{"epoch": 18, "_timestamp": 1703451405.513348, "loss": 0.006269256118685007, "root_mean_squared_error": 0.07917863130569458, "mean_absolute_percentage_error": 8017864.0, "mean_absolute_error": 0.04658227786421776, "val_loss": 0.007474819663912058, "val_root_mean_squared_error": 0.0864570364356041, "val_mean_absolute_percentage_error": 7516578.5, "val_mean_absolute_error": 0.050841573625802994, "_runtime": 51.03363108634949, "_step": 19, "best_val_loss": 0.007059710565954447, "best_epoch": 8, "Final MSE": 0.007203321438282728, "Final RMSE": 0.08487237989902496, "Final MAPE": 15066239.0, "Final MAE": 0.054240915924310684, "Total Training Time": 48.48873329162598, "Average Time per Epoch": 2.5408740922024378, "_wandb": {"runtime": 49}}