{"epoch": 1, "_timestamp": 1702911816.8202903, "loss": 0.007573889568448067, "root_mean_squared_error": 0.08702809363603592, "mean_absolute_percentage_error": 71725.8046875, "mean_absolute_error": 0.0504767931997776, "val_loss": 0.00736707728356123, "val_root_mean_squared_error": 0.08583167940378189, "val_mean_absolute_percentage_error": 207207.484375, "val_mean_absolute_error": 0.05825529620051384, "_runtime": 20.909452438354492, "_step": 2, "best_val_loss": 0.00736707728356123, "best_epoch": 1, "Final MSE": 0.013434533961117268, "Final RMSE": 0.11590743809938431, "Final MAPE": 785588.875, "Final MAE": 0.08086840063333511, "Total Training Time": 18.315091371536255, "Average Time per Epoch": 8.970044374465942, "_wandb": {"runtime": 19}}