{"epoch": 12, "_timestamp": 1703095243.871478, "loss": 0.00818642508238554, "root_mean_squared_error": 0.09047886729240417, "mean_absolute_percentage_error": 21979.85546875, "mean_absolute_error": 0.05106954649090767, "val_loss": 0.015244862996041775, "val_root_mean_squared_error": 0.12347009032964706, "val_mean_absolute_percentage_error": 418046.75, "val_mean_absolute_error": 0.06759198009967804, "_runtime": 36.80571007728577, "_step": 13, "best_val_loss": 0.01503766980022192, "best_epoch": 2, "Final MSE": 0.031798917800188065, "Final RMSE": 0.17832250893115997, "Final MAPE": 43977.5390625, "Final MAE": 0.11937707662582397, "Total Training Time": 34.054099321365356, "Average Time per Epoch": 2.606006934092595, "_wandb": {"runtime": 34}}