{"epoch": 14, "_timestamp": 1703730356.896371, "loss": 0.008937588892877102, "root_mean_squared_error": 0.09453882277011871, "mean_absolute_percentage_error": 10088039.0, "mean_absolute_error": 0.05646514520049095, "val_loss": 0.012734665535390377, "val_root_mean_squared_error": 0.11284797638654709, "val_mean_absolute_percentage_error": 16209082.0, "val_mean_absolute_error": 0.06656230241060257, "_runtime": 37.992549896240234, "_step": 15, "best_val_loss": 0.012558759190142155, "best_epoch": 4, "Final MSE": 0.016284415498375893, "Final RMSE": 0.12761040031909943, "Final MAPE": 15890892.0, "Final MAE": 0.06804860383272171, "Total Training Time": 35.737417221069336, "Average Time per Epoch": 2.3705207029978435, "_wandb": {"runtime": 36}}