{"epoch": 0, "_timestamp": 1703652085.0681303, "loss": 0.005522348918020725, "root_mean_squared_error": 0.07536953687667847, "mean_absolute_percentage_error": 26058.70703125, "mean_absolute_error": 0.048860590904951096, "val_loss": 0.008437353186309338, "val_root_mean_squared_error": 0.09185506403446198, "val_mean_absolute_percentage_error": 131387.46875, "val_mean_absolute_error": 0.05714871734380722, "_runtime": 3.8902852535247803, "_step": 1, "best_val_loss": 0.008437353186309338, "best_epoch": 0, "Final MSE": 0.018341977149248123, "Final RMSE": 0.13543255627155304, "Final MAPE": 148710.46875, "Final MAE": 0.08976467698812485, "Total Training Time": 1.907958984375, "Average Time per Epoch": 1.7989556789398193, "_wandb": {"runtime": 2}}