{"epoch": 22, "_timestamp": 1703902623.4512815, "loss": 0.008066674694418907, "root_mean_squared_error": 0.0898146703839302, "mean_absolute_percentage_error": 14354.5849609375, "mean_absolute_error": 0.05916478857398033, "val_loss": 0.015487278811633587, "val_root_mean_squared_error": 0.12444789707660675, "val_mean_absolute_percentage_error": 30799.87890625, "val_mean_absolute_error": 0.08616932481527328, "_runtime": 54.396098613739014, "_step": 23, "best_val_loss": 0.014640111476182938, "best_epoch": 12, "Final MSE": 0.01457104180008173, "Final RMSE": 0.1207105740904808, "Final MAPE": 83513.2421875, "Final MAE": 0.08422848582267761, "Total Training Time": 52.00650382041931, "Average Time per Epoch": 2.252095129178918, "_wandb": {"runtime": 52}}