{"epoch": 0, "_timestamp": 1703727923.5728648, "loss": 0.008434112183749676, "root_mean_squared_error": 0.093286894261837, "mean_absolute_percentage_error": 9872001.0, "mean_absolute_error": 0.05554017797112465, "val_loss": 0.011255772784352303, "val_root_mean_squared_error": 0.10609322786331177, "val_mean_absolute_percentage_error": 10625934.0, "val_mean_absolute_error": 0.06327051669359207, "_runtime": 10.074679851531982, "_step": 1, "best_val_loss": 0.011255772784352303, "best_epoch": 0, "Final MSE": 0.010763140395283699, "Final RMSE": 0.10374555736780167, "Final MAPE": 15476591.0, "Final MAE": 0.06238269805908203, "Total Training Time": 4.477234601974487, "Average Time per Epoch": 4.341489791870117, "_wandb": {"runtime": 4}}