{"epoch": 34, "_timestamp": 1703282775.0890417, "loss": 0.007680993527173996, "root_mean_squared_error": 0.08764127641916275, "mean_absolute_percentage_error": 20678.642578125, "mean_absolute_error": 0.049973782151937485, "val_loss": 0.007480088155716658, "val_root_mean_squared_error": 0.08648750185966492, "val_mean_absolute_percentage_error": 92204.7109375, "val_mean_absolute_error": 0.056956224143505096, "_runtime": 29.538208723068237, "_step": 35, "best_val_loss": 0.007135591469705105, "best_epoch": 24, "Final MSE": 0.013056511990725994, "Final RMSE": 0.1142650917172432, "Final MAPE": 97497.3046875, "Final MAE": 0.08091592788696289, "Total Training Time": 27.331794261932373, "Average Time per Epoch": 0.7768259797777448, "_wandb": {"runtime": 27}}