{"epoch": 0, "_timestamp": 1703746123.280305, "loss": 0.00941200740635395, "root_mean_squared_error": 0.10413794964551926, "mean_absolute_percentage_error": 10947363.0, "mean_absolute_error": 0.06184617057442665, "val_loss": 0.011196433566510677, "val_root_mean_squared_error": 0.10581319779157639, "val_mean_absolute_percentage_error": 13191217.0, "val_mean_absolute_error": 0.06232971325516701, "_runtime": 4.007645845413208, "_step": 1, "best_val_loss": 0.011196433566510677, "best_epoch": 0, "Final MSE": 0.014563833363354206, "Final RMSE": 0.12068070471286774, "Final MAPE": 19594148.0, "Final MAE": 0.06889878213405609, "Total Training Time": 2.6512351036071777, "Average Time per Epoch": 2.5036778450012207, "_wandb": {"runtime": 2}}