{"epoch": 20, "_timestamp": 1703182166.3662262, "loss": 0.008548356592655182, "root_mean_squared_error": 0.09245732426643372, "mean_absolute_percentage_error": 23947.78515625, "mean_absolute_error": 0.07075721025466919, "val_loss": 0.012518771924078465, "val_root_mean_squared_error": 0.11188732087612152, "val_mean_absolute_percentage_error": 67347.96875, "val_mean_absolute_error": 0.08384619653224945, "_runtime": 54.92372512817383, "_step": 21, "best_val_loss": 0.012092065997421741, "best_epoch": 10, "Final MSE": 0.0163107980042696, "Final RMSE": 0.12771373987197876, "Final MAPE": 146509.09375, "Final MAE": 0.09539393335580826, "Total Training Time": 52.380534648895264, "Average Time per Epoch": 2.485456875392369, "_wandb": {"runtime": 53}}