{"epoch": 0, "_timestamp": 1703626853.1213372, "loss": 0.012257764115929604, "root_mean_squared_error": 0.11789524555206299, "mean_absolute_percentage_error": 54867.546875, "mean_absolute_error": 0.07731834053993225, "val_loss": 0.02149445191025734, "val_root_mean_squared_error": 0.1466098576784134, "val_mean_absolute_percentage_error": 164310.765625, "val_mean_absolute_error": 0.1183839812874794, "_runtime": 44.08092927932739, "_step": 1, "best_val_loss": 0.02149445191025734, "best_epoch": 0, "Final MSE": 0.027121540158987045, "Final RMSE": 0.1646861881017685, "Final MAPE": 265938.3125, "Final MAE": 0.12506365776062012, "Total Training Time": 42.84165573120117, "Average Time per Epoch": 40.8982207775116, "_wandb": {"runtime": 43}}