{"epoch": 21, "_timestamp": 1703498335.0589085, "loss": 0.0034198060166090727, "root_mean_squared_error": 0.05847910791635513, "mean_absolute_percentage_error": 5983.3037109375, "mean_absolute_error": 0.02723628468811512, "val_loss": 0.004055090714246035, "val_root_mean_squared_error": 0.06367959082126617, "val_mean_absolute_percentage_error": 45422.7421875, "val_mean_absolute_error": 0.03144660219550133, "_runtime": 54.983750343322754, "_step": 22, "best_val_loss": 0.003561729798093438, "best_epoch": 11, "Final MSE": 0.004367845598608255, "Final RMSE": 0.0660896748304367, "Final MAPE": 38333.91796875, "Final MAE": 0.03558771684765816, "Total Training Time": 52.31070065498352, "Average Time per Epoch": 2.369121551513672, "_wandb": {"runtime": 53}}