{"epoch": 29, "_timestamp": 1702639913.3520205, "loss": 0.0077964793890714645, "root_mean_squared_error": 0.08829767256975174, "mean_absolute_percentage_error": 69323.984375, "mean_absolute_error": 0.05942879617214203, "val_loss": 0.011173547245562077, "val_root_mean_squared_error": 0.10570500046014786, "val_mean_absolute_percentage_error": 67320.6875, "val_mean_absolute_error": 0.06772846728563309, "_runtime": 172.75921154022217, "_step": 30, "best_val_loss": 0.01067362166941166, "best_epoch": 19, "Final MSE": 0.02041175775229931, "Final RMSE": 0.1428697258234024, "Final MAPE": 28824.537109375, "Final MAE": 0.09016432613134384, "Total Training Time": 170.60253405570984, "Average Time per Epoch": 5.674189273516337, "_wandb": {"runtime": 171}}