{"epoch": 0, "_timestamp": 1703647799.0171213, "loss": 0.012226752936840057, "root_mean_squared_error": 0.11973784863948822, "mean_absolute_percentage_error": 27841.970703125, "mean_absolute_error": 0.07303252071142197, "val_loss": 0.008513524197041988, "val_root_mean_squared_error": 0.09226875752210617, "val_mean_absolute_percentage_error": 99.83975219726562, "val_mean_absolute_error": 0.06746682524681091, "_runtime": 6.3679094314575195, "_step": 1, "best_val_loss": 0.008513524197041988, "best_epoch": 0, "Final MSE": 0.029957860708236694, "Final RMSE": 0.17308339476585388, "Final MAPE": 146963.5625, "Final MAE": 0.12198534607887268, "Total Training Time": 4.713404893875122, "Average Time per Epoch": 4.516366481781006, "_wandb": {"runtime": 4}}