{"epoch": 0, "_timestamp": 1703812311.0467896, "loss": 0.008680161088705063, "root_mean_squared_error": 0.10404092073440552, "mean_absolute_percentage_error": 25532.818359375, "mean_absolute_error": 0.06805653125047684, "val_loss": 0.016482548788189888, "val_root_mean_squared_error": 0.12838438153266907, "val_mean_absolute_percentage_error": 59687.12109375, "val_mean_absolute_error": 0.0906122699379921, "_runtime": 5.7470667362213135, "_step": 1, "best_val_loss": 0.016482548788189888, "best_epoch": 0, "Final MSE": 0.02871568873524666, "Final RMSE": 0.16945704817771912, "Final MAPE": 151594.03125, "Final MAE": 0.12914712727069855, "Total Training Time": 4.50091552734375, "Average Time per Epoch": 4.307186126708984, "_wandb": {"runtime": 4}}