{"epoch": 44, "_timestamp": 1703734487.4665513, "loss": 0.006396459881216288, "root_mean_squared_error": 0.07997786998748779, "mean_absolute_percentage_error": 5172899.0, "mean_absolute_error": 0.04314741864800453, "val_loss": 0.0072648972272872925, "val_root_mean_squared_error": 0.08523436635732651, "val_mean_absolute_percentage_error": 6316346.5, "val_mean_absolute_error": 0.0475250706076622, "_runtime": 125.10635328292847, "_step": 45, "best_val_loss": 0.006127387285232544, "best_epoch": 34, "Final MSE": 0.00826715026050806, "Final RMSE": 0.09092386811971664, "Final MAPE": 8250514.0, "Final MAE": 0.050452347844839096, "Total Training Time": 123.14805555343628, "Average Time per Epoch": 2.729837025536431, "_wandb": {"runtime": 123}}