{"epoch": 25, "_timestamp": 1703093420.758348, "loss": 0.011263606138527393, "root_mean_squared_error": 0.10613013803958893, "mean_absolute_percentage_error": 477776.71875, "mean_absolute_error": 0.0734327882528305, "val_loss": 0.0211066622287035, "val_root_mean_squared_error": 0.14528131484985352, "val_mean_absolute_percentage_error": 115026.1640625, "val_mean_absolute_error": 0.09257317334413528, "_runtime": 66.93074893951416, "_step": 26, "best_val_loss": 0.02051711268723011, "best_epoch": 15, "Final MSE": 0.018591344356536865, "Final RMSE": 0.13635008037090302, "Final MAPE": 134076.515625, "Final MAE": 0.10834342241287231, "Total Training Time": 64.25505757331848, "Average Time per Epoch": 2.463693747153649, "_wandb": {"runtime": 65}}