{"epoch": 13, "_timestamp": 1705620425.5781353, "loss": 0.004075535573065281, "root_mean_squared_error": 0.06383991986513138, "mean_absolute_percentage_error": 44841.78515625, "mean_absolute_error": 0.03244314715266228, "val_loss": 0.009026937186717987, "val_root_mean_squared_error": 0.0950101986527443, "val_mean_absolute_percentage_error": 85910.5546875, "val_mean_absolute_error": 0.05384748429059982, "_runtime": 20.270631313323975, "_step": 14, "best_val_loss": 0.008683423511683941, "best_epoch": 3, "Final MSE": 0.012701146304607391, "Final RMSE": 0.11269935965538025, "Final MAPE": 79997.03125, "Final MAE": 0.06261750310659409, "Total Training Time": 17.946693658828735, "Average Time per Epoch": 1.2710051536560059, "_wandb": {"runtime": 18}}