{"epoch": 0, "_timestamp": 1703819605.43936, "loss": 0.010982826352119446, "root_mean_squared_error": 0.1063595786690712, "mean_absolute_percentage_error": 183336.578125, "mean_absolute_error": 0.05421550199389458, "val_loss": 0.008318571373820305, "val_root_mean_squared_error": 0.09120620042085648, "val_mean_absolute_percentage_error": 113.04087829589844, "val_mean_absolute_error": 0.052086517214775085, "_runtime": 3.8045899868011475, "_step": 1, "best_val_loss": 0.008318571373820305, "best_epoch": 0, "Final MSE": 0.014007972553372383, "Final RMSE": 0.11835528165102005, "Final MAPE": 75399.53125, "Final MAE": 0.07141844183206558, "Total Training Time": 2.606416702270508, "Average Time per Epoch": 2.464519739151001, "_wandb": {"runtime": 2}}