{"epoch": 0, "_timestamp": 1703565424.678009, "loss": 0.004416125826537609, "root_mean_squared_error": 0.07257123291492462, "mean_absolute_percentage_error": 35482.984375, "mean_absolute_error": 0.044915542006492615, "val_loss": 0.009475664235651493, "val_root_mean_squared_error": 0.09734302014112473, "val_mean_absolute_percentage_error": 57844.05859375, "val_mean_absolute_error": 0.06644631922245026, "_runtime": 4.524270057678223, "_step": 1, "best_val_loss": 0.009475664235651493, "best_epoch": 0, "Final MSE": 0.012026946060359478, "Final RMSE": 0.10966743528842926, "Final MAPE": 163723.71875, "Final MAE": 0.07774890214204788, "Total Training Time": 2.7427966594696045, "Average Time per Epoch": 2.5907959938049316, "_wandb": {"runtime": 2}}