{"epoch": 0, "_timestamp": 1703593059.1133463, "loss": 0.004577031824737787, "root_mean_squared_error": 0.07218440622091293, "mean_absolute_percentage_error": 42588.28515625, "mean_absolute_error": 0.04659014195203781, "val_loss": 0.008102606981992722, "val_root_mean_squared_error": 0.09001448005437851, "val_mean_absolute_percentage_error": 112013.8125, "val_mean_absolute_error": 0.0640796348452568, "_runtime": 7.782793283462524, "_step": 1, "best_val_loss": 0.008102606981992722, "best_epoch": 0, "Final MSE": 0.010037293657660484, "Final RMSE": 0.1001862958073616, "Final MAPE": 195053.203125, "Final MAE": 0.07256568968296051, "Total Training Time": 6.533766746520996, "Average Time per Epoch": 6.346728324890137, "_wandb": {"runtime": 6}}