{"epoch": 0, "_timestamp": 1703677432.9116066, "loss": 0.08177166432142258, "root_mean_squared_error": 0.2843972146511078, "mean_absolute_percentage_error": 99710104.0, "mean_absolute_error": 0.23282039165496826, "val_loss": 0.07328419387340546, "val_root_mean_squared_error": 0.2707105278968811, "val_mean_absolute_percentage_error": 114482464.0, "val_mean_absolute_error": 0.22914204001426697, "_runtime": 3.504547595977783, "_step": 1, "best_val_loss": 0.07328419387340546, "best_epoch": 0, "Final MSE": 0.07602093368768692, "Final RMSE": 0.27571889758110046, "Final MAPE": 127610688.0, "Final MAE": 0.22986967861652374, "Total Training Time": 1.525392770767212, "Average Time per Epoch": 1.438086986541748, "_wandb": {"runtime": 1}}