{"epoch": 0, "_timestamp": 1703737639.206519, "loss": 0.010248847305774689, "root_mean_squared_error": 0.10272249579429626, "mean_absolute_percentage_error": 7573571.0, "mean_absolute_error": 0.05713188275694847, "val_loss": 0.012744083069264889, "val_root_mean_squared_error": 0.11288969218730927, "val_mean_absolute_percentage_error": 7549805.5, "val_mean_absolute_error": 0.05978008732199669, "_runtime": 6.3645758628845215, "_step": 1, "best_val_loss": 0.012744083069264889, "best_epoch": 0, "Final MSE": 0.014295615255832672, "Final RMSE": 0.11956427246332169, "Final MAPE": 12442090.0, "Final MAE": 0.0690452829003334, "Total Training Time": 5.019748687744141, "Average Time per Epoch": 4.808940887451172, "_wandb": {"runtime": 5}}