{"epoch": 18, "_timestamp": 1703758023.9884486, "loss": 0.008315276354551315, "root_mean_squared_error": 0.09118814021348953, "mean_absolute_percentage_error": 9380.595703125, "mean_absolute_error": 0.04781641066074371, "val_loss": 0.010740987956523895, "val_root_mean_squared_error": 0.10363873839378357, "val_mean_absolute_percentage_error": 15501.201171875, "val_mean_absolute_error": 0.05662836506962776, "_runtime": 48.70549273490906, "_step": 19, "best_val_loss": 0.01027659885585308, "best_epoch": 8, "Final MSE": 0.01717423088848591, "Final RMSE": 0.1310504972934723, "Final MAPE": 187251.484375, "Final MAE": 0.08486392349004745, "Total Training Time": 47.06330585479736, "Average Time per Epoch": 2.4657471054478695, "_wandb": {"runtime": 47}}