{"epoch": 0, "_timestamp": 1703502853.3352127, "loss": 0.004518131725490093, "root_mean_squared_error": 0.0821060985326767, "mean_absolute_percentage_error": 48768.03125, "mean_absolute_error": 0.04235140234231949, "val_loss": 0.01934637688100338, "val_root_mean_squared_error": 0.13909125328063965, "val_mean_absolute_percentage_error": 13473.701171875, "val_mean_absolute_error": 0.08637624979019165, "_runtime": 7.8156657218933105, "_step": 1, "best_val_loss": 0.01934637688100338, "best_epoch": 0, "Final MSE": 0.024468902498483658, "Final RMSE": 0.1564253866672516, "Final MAPE": 31693.01953125, "Final MAE": 0.10429142415523529, "Total Training Time": 6.551930665969849, "Average Time per Epoch": 6.396249294281006, "_wandb": {"runtime": 6}}