{"epoch": 0, "_timestamp": 1703815350.7548516, "loss": 0.016279952600598335, "root_mean_squared_error": 0.12586912512779236, "mean_absolute_percentage_error": 42303.921875, "mean_absolute_error": 0.07374586910009384, "val_loss": 0.01693219132721424, "val_root_mean_squared_error": 0.13012374937534332, "val_mean_absolute_percentage_error": 32239.091796875, "val_mean_absolute_error": 0.07957253605127335, "_runtime": 2.9713025093078613, "_step": 1, "best_val_loss": 0.01693219132721424, "best_epoch": 0, "Final MSE": 0.022681256756186485, "Final RMSE": 0.15060298144817352, "Final MAPE": 458080.3125, "Final MAE": 0.09744983911514282, "Total Training Time": 1.8561489582061768, "Average Time per Epoch": 1.7602427005767822, "_wandb": {"runtime": 2}}