{"epoch": 12, "_timestamp": 1703676297.6541622, "loss": 0.0723053440451622, "root_mean_squared_error": 0.2688964605331421, "mean_absolute_percentage_error": 90652360.0, "mean_absolute_error": 0.2157280594110489, "val_loss": 0.06243036687374115, "val_root_mean_squared_error": 0.24986065924167633, "val_mean_absolute_percentage_error": 95586936.0, "val_mean_absolute_error": 0.20079803466796875, "_runtime": 11.73059606552124, "_step": 13, "best_val_loss": 0.06229127198457718, "best_epoch": 2, "Final MSE": 0.07194723188877106, "Final RMSE": 0.26822981238365173, "Final MAPE": 104305616.0, "Final MAE": 0.2087494432926178, "Total Training Time": 9.701000452041626, "Average Time per Epoch": 0.739018623645489, "_wandb": {"runtime": 9}}