{"epoch": 25, "_timestamp": 1703911149.8935761, "loss": 0.014920022338628769, "root_mean_squared_error": 0.12214754521846771, "mean_absolute_percentage_error": 7084.33203125, "mean_absolute_error": 0.07900343835353851, "val_loss": 0.022862525656819344, "val_root_mean_squared_error": 0.15120358765125275, "val_mean_absolute_percentage_error": 153497.359375, "val_mean_absolute_error": 0.10973931849002838, "_runtime": 87.80653309822083, "_step": 26, "best_val_loss": 0.02007482200860977, "best_epoch": 15, "Final MSE": 0.0273132286965847, "Final RMSE": 0.16526713967323303, "Final MAPE": 249604.453125, "Final MAE": 0.12525010108947754, "Total Training Time": 85.45814681053162, "Average Time per Epoch": 3.276468588755681, "_wandb": {"runtime": 85}}