{"epoch": 15, "_timestamp": 1703290925.4218767, "loss": 0.005221325904130936, "root_mean_squared_error": 0.07225874066352844, "mean_absolute_percentage_error": 13311.13671875, "mean_absolute_error": 0.04693983867764473, "val_loss": 0.009948774240911007, "val_root_mean_squared_error": 0.0997435450553894, "val_mean_absolute_percentage_error": 47617.015625, "val_mean_absolute_error": 0.06328639388084412, "_runtime": 23.798378705978394, "_step": 16, "best_val_loss": 0.008921642787754536, "best_epoch": 5, "Final MSE": 0.019771382212638855, "Final RMSE": 0.14061075448989868, "Final MAPE": 73200.4921875, "Final MAE": 0.09367106854915619, "Total Training Time": 21.525107622146606, "Average Time per Epoch": 1.3353178799152374, "_wandb": {"runtime": 21}}