{"epoch": 20, "_timestamp": 1703813125.262654, "loss": 0.005316920578479767, "root_mean_squared_error": 0.07291721552610397, "mean_absolute_percentage_error": 7195.50390625, "mean_absolute_error": 0.04720913991332054, "val_loss": 0.01178500521928072, "val_root_mean_squared_error": 0.1085587665438652, "val_mean_absolute_percentage_error": 190388.5625, "val_mean_absolute_error": 0.07703116536140442, "_runtime": 20.171149015426636, "_step": 21, "best_val_loss": 0.011767878197133541, "best_epoch": 10, "Final MSE": 0.00849190354347229, "Final RMSE": 0.09215152263641357, "Final MAPE": 107067.9140625, "Final MAE": 0.0674474686384201, "Total Training Time": 17.92479395866394, "Average Time per Epoch": 0.8470312640780494, "_wandb": {"runtime": 18}}