{"epoch": 27, "_timestamp": 1705603136.4222853, "loss": 0.008851775899529457, "root_mean_squared_error": 0.09408387541770935, "mean_absolute_percentage_error": 30885.419921875, "mean_absolute_error": 0.06224530562758446, "val_loss": 0.01570308394730091, "val_root_mean_squared_error": 0.125311940908432, "val_mean_absolute_percentage_error": 35518.72265625, "val_mean_absolute_error": 0.08451104909181595, "_runtime": 98.33441233634949, "_step": 28, "best_val_loss": 0.014792876318097115, "best_epoch": 17, "Final MSE": 0.02764951065182686, "Final RMSE": 0.16628141701221466, "Final MAPE": 102669.109375, "Final MAE": 0.12170474231243134, "Total Training Time": 96.86125755310059, "Average Time per Epoch": 3.449963935783931, "_wandb": {"runtime": 97}}