{"epoch": 30, "_timestamp": 1703888498.338399, "loss": 0.007817761041224003, "root_mean_squared_error": 0.08841810375452042, "mean_absolute_percentage_error": 131948.4375, "mean_absolute_error": 0.05614985525608063, "val_loss": 0.02010326460003853, "val_root_mean_squared_error": 0.14178597927093506, "val_mean_absolute_percentage_error": 205087.578125, "val_mean_absolute_error": 0.07384105771780014, "_runtime": 450.9972629547119, "_step": 31, "best_val_loss": 0.017919767647981644, "best_epoch": 20, "Final MSE": 0.04281995818018913, "Final RMSE": 0.20692983269691467, "Final MAPE": 371225.59375, "Final MAE": 0.14766241610050201, "Total Training Time": 449.5186777114868, "Average Time per Epoch": 14.473082942347373, "_wandb": {"runtime": 450}}