{"epoch": 13, "_timestamp": 1703174748.510682, "loss": 0.0037800392601639032, "root_mean_squared_error": 0.061482023447752, "mean_absolute_percentage_error": 241945.265625, "mean_absolute_error": 0.034046053886413574, "val_loss": 0.00705755827948451, "val_root_mean_squared_error": 0.08400927484035492, "val_mean_absolute_percentage_error": 42.15242385864258, "val_mean_absolute_error": 0.04770658165216446, "_runtime": 47.703402042388916, "_step": 14, "best_val_loss": 0.0068584224209189415, "best_epoch": 3, "Final MSE": 0.012024091556668282, "Final RMSE": 0.10965441912412643, "Final MAPE": 313206.78125, "Final MAE": 0.08852247893810272, "Total Training Time": 45.3737952709198, "Average Time per Epoch": 3.222741825239999, "_wandb": {"runtime": 45}}