{"epoch": 24, "_timestamp": 1703675443.5671773, "loss": 0.0763828381896019, "root_mean_squared_error": 0.2763745188713074, "mean_absolute_percentage_error": 92282280.0, "mean_absolute_error": 0.2263549417257309, "val_loss": 0.07757395505905151, "val_root_mean_squared_error": 0.27852100133895874, "val_mean_absolute_percentage_error": 93516320.0, "val_mean_absolute_error": 0.217976376414299, "_runtime": 20.190953254699707, "_step": 25, "best_val_loss": 0.07756339758634567, "best_epoch": 14, "Final MSE": 0.0699833407998085, "Final RMSE": 0.26454365253448486, "Final MAPE": 102141120.0, "Final MAE": 0.200589120388031, "Total Training Time": 18.05265522003174, "Average Time per Epoch": 0.7183578395843506, "_wandb": {"runtime": 18}}