{"epoch": 42, "_timestamp": 1703189511.7531352, "loss": 0.008553881198167801, "root_mean_squared_error": 0.09248719364404678, "mean_absolute_percentage_error": 9155.966796875, "mean_absolute_error": 0.06245957687497139, "val_loss": 0.011731399223208427, "val_root_mean_squared_error": 0.10831158608198166, "val_mean_absolute_percentage_error": 27441.4765625, "val_mean_absolute_error": 0.06886623799800873, "_runtime": 105.50622916221619, "_step": 43, "best_val_loss": 0.011036272160708904, "best_epoch": 32, "Final MSE": 0.023466844111680984, "Final RMSE": 0.15318891406059265, "Final MAPE": 183721.703125, "Final MAE": 0.10655423998832703, "Total Training Time": 102.90293574333191, "Average Time per Epoch": 2.3877818251765053, "_wandb": {"runtime": 103}}