{"epoch": 0, "_timestamp": 1703640113.576153, "loss": 0.017054861411452293, "root_mean_squared_error": 0.13083013892173767, "mean_absolute_percentage_error": 14804.0703125, "mean_absolute_error": 0.08376147598028183, "val_loss": 0.013513054698705673, "val_root_mean_squared_error": 0.11624566465616226, "val_mean_absolute_percentage_error": 16903.017578125, "val_mean_absolute_error": 0.07604417204856873, "_runtime": 10.624575138092041, "_step": 1, "best_val_loss": 0.013513054698705673, "best_epoch": 0, "Final MSE": 0.016402404755353928, "Final RMSE": 0.1280718743801117, "Final MAPE": 39771.0625, "Final MAE": 0.0886775478720665, "Total Training Time": 4.499862909317017, "Average Time per Epoch": 4.352855682373047, "_wandb": {"runtime": 4}}