{"epoch": 0, "_timestamp": 1703564790.6154196, "loss": 0.005495262332260609, "root_mean_squared_error": 0.08504234254360199, "mean_absolute_percentage_error": 13757.052734375, "mean_absolute_error": 0.053151149302721024, "val_loss": 0.0160287544131279, "val_root_mean_squared_error": 0.12660472095012665, "val_mean_absolute_percentage_error": 23261.1640625, "val_mean_absolute_error": 0.08015511929988861, "_runtime": 4.539684534072876, "_step": 1, "best_val_loss": 0.0160287544131279, "best_epoch": 0, "Final MSE": 0.019883863627910614, "Final RMSE": 0.14101015031337738, "Final MAPE": 61396.8359375, "Final MAE": 0.09360846877098083, "Total Training Time": 2.7175405025482178, "Average Time per Epoch": 2.5675199031829834, "_wandb": {"runtime": 2}}