{"epoch": 11, "_timestamp": 1703525421.8427653, "loss": 0.013721753843128681, "root_mean_squared_error": 0.11713989078998566, "mean_absolute_percentage_error": 532482.25, "mean_absolute_error": 0.0830763429403305, "val_loss": 0.028134668245911598, "val_root_mean_squared_error": 0.16773392260074615, "val_mean_absolute_percentage_error": 408905.8125, "val_mean_absolute_error": 0.11198777705430984, "_runtime": 106.61908030509949, "_step": 12, "best_val_loss": 0.02610853500664234, "best_epoch": 1, "Final MSE": 0.02945980243384838, "Final RMSE": 0.1716385781764984, "Final MAPE": 149083.53125, "Final MAE": 0.13297198712825775, "Total Training Time": 104.68526911735535, "Average Time per Epoch": 8.680119951566061, "_wandb": {"runtime": 105}}