{"epoch": 0, "_timestamp": 1703727661.5169728, "loss": 0.008677898906171322, "root_mean_squared_error": 0.09474422037601471, "mean_absolute_percentage_error": 8768231.0, "mean_absolute_error": 0.053981516510248184, "val_loss": 0.01028443593531847, "val_root_mean_squared_error": 0.10141220688819885, "val_mean_absolute_percentage_error": 11550457.0, "val_mean_absolute_error": 0.060820333659648895, "_runtime": 9.445621728897095, "_step": 1, "best_val_loss": 0.01028443593531847, "best_epoch": 0, "Final MSE": 0.010503566823899746, "Final RMSE": 0.10248690843582153, "Final MAPE": 9032315.0, "Final MAE": 0.05419936403632164, "Total Training Time": 4.5317933559417725, "Average Time per Epoch": 4.379922389984131, "_wandb": {"runtime": 4}}