{"epoch": 20, "_timestamp": 1705599622.4926724, "loss": 0.005314095411449671, "root_mean_squared_error": 0.07289784401655197, "mean_absolute_percentage_error": 46280.46875, "mean_absolute_error": 0.037067215889692307, "val_loss": 0.008439437486231327, "val_root_mean_squared_error": 0.09186641126871109, "val_mean_absolute_percentage_error": 13056.2900390625, "val_mean_absolute_error": 0.037229105830192566, "_runtime": 67.64445638656616, "_step": 21, "best_val_loss": 0.008242269046604633, "best_epoch": 10, "Final MSE": 0.013883009552955627, "Final RMSE": 0.1178261861205101, "Final MAPE": 60895.2265625, "Final MAE": 0.05179554969072342, "Total Training Time": 66.13347721099854, "Average Time per Epoch": 3.13654781523205, "_wandb": {"runtime": 66}}