{"epoch": 28, "_timestamp": 1705597988.5913234, "loss": 0.005341618787497282, "root_mean_squared_error": 0.07308638095855713, "mean_absolute_percentage_error": 10378.5166015625, "mean_absolute_error": 0.04686278477311134, "val_loss": 0.01625560037791729, "val_root_mean_squared_error": 0.12749744951725006, "val_mean_absolute_percentage_error": 84428.546875, "val_mean_absolute_error": 0.09091173857450485, "_runtime": 109.67522525787354, "_step": 29, "best_val_loss": 0.015235806815326214, "best_epoch": 18, "Final MSE": 0.019903814420104027, "Final RMSE": 0.14108088612556458, "Final MAPE": 81667.8125, "Final MAE": 0.1020735427737236, "Total Training Time": 107.35431337356567, "Average Time per Epoch": 3.691755648317008, "_wandb": {"runtime": 107}}