{"epoch": 31, "_timestamp": 1705614131.5713603, "loss": 0.004574460908770561, "root_mean_squared_error": 0.06763476133346558, "mean_absolute_percentage_error": 4962.02490234375, "mean_absolute_error": 0.03747621551156044, "val_loss": 0.00789504125714302, "val_root_mean_squared_error": 0.08885404467582703, "val_mean_absolute_percentage_error": 12156.033203125, "val_mean_absolute_error": 0.049604374915361404, "_runtime": 26.380552291870117, "_step": 32, "best_val_loss": 0.007462812587618828, "best_epoch": 21, "Final MSE": 0.009358001872897148, "Final RMSE": 0.09673676639795303, "Final MAPE": 23335.146484375, "Final MAE": 0.057674966752529144, "Total Training Time": 24.21077823638916, "Average Time per Epoch": 0.7520860731601715, "_wandb": {"runtime": 24}}