{"epoch": 0, "_timestamp": 1703502615.2474496, "loss": 0.004710901994258165, "root_mean_squared_error": 0.07586722075939178, "mean_absolute_percentage_error": 28679.3125, "mean_absolute_error": 0.04732774943113327, "val_loss": 0.010559909977018833, "val_root_mean_squared_error": 0.10276142507791519, "val_mean_absolute_percentage_error": 50675.28125, "val_mean_absolute_error": 0.07092534750699997, "_runtime": 7.665614604949951, "_step": 1, "best_val_loss": 0.010559909977018833, "best_epoch": 0, "Final MSE": 0.012935026548802853, "Final RMSE": 0.11373225599527359, "Final MAPE": 122420.5625, "Final MAE": 0.08093740046024323, "Total Training Time": 6.409652471542358, "Average Time per Epoch": 6.232098817825317, "_wandb": {"runtime": 6}}