{"epoch": 0, "_timestamp": 1703811500.314265, "loss": 0.004121793434023857, "root_mean_squared_error": 0.07721947878599167, "mean_absolute_percentage_error": 13620.3388671875, "mean_absolute_error": 0.0414937324821949, "val_loss": 0.012193947099149227, "val_root_mean_squared_error": 0.11042620986700058, "val_mean_absolute_percentage_error": 98037.25, "val_mean_absolute_error": 0.06384248286485672, "_runtime": 5.658766031265259, "_step": 1, "best_val_loss": 0.012193947099149227, "best_epoch": 0, "Final MSE": 0.020180391147732735, "Final RMSE": 0.14205770194530487, "Final MAPE": 10328.3857421875, "Final MAE": 0.07722016423940659, "Total Training Time": 4.427186727523804, "Average Time per Epoch": 4.225731134414673, "_wandb": {"runtime": 4}}