{"epoch": 0, "_timestamp": 1703764750.536973, "loss": 0.020282821729779243, "root_mean_squared_error": 0.1456301063299179, "mean_absolute_percentage_error": 42791.2421875, "mean_absolute_error": 0.11141806095838547, "val_loss": 0.03171907365322113, "val_root_mean_squared_error": 0.17809852957725525, "val_mean_absolute_percentage_error": 84995.0234375, "val_mean_absolute_error": 0.13753686845302582, "_runtime": 2.817486047744751, "_step": 1, "best_val_loss": 0.03171907365322113, "best_epoch": 0, "Final MSE": 0.027646448463201523, "Final RMSE": 0.16627220809459686, "Final MAPE": 172290.421875, "Final MAE": 0.13175128400325775, "Total Training Time": 1.5893471240997314, "Average Time per Epoch": 1.4751882553100586, "_wandb": {"runtime": 1}}