{"epoch": 16, "_timestamp": 1703099242.658827, "loss": 0.00744394538924098, "root_mean_squared_error": 0.08627829700708389, "mean_absolute_percentage_error": 65352.609375, "mean_absolute_error": 0.044987164437770844, "val_loss": 0.013187460601329803, "val_root_mean_squared_error": 0.1148366630077362, "val_mean_absolute_percentage_error": 139309.171875, "val_mean_absolute_error": 0.06284820288419724, "_runtime": 16.078586101531982, "_step": 17, "best_val_loss": 0.01311668660491705, "best_epoch": 6, "Final MSE": 0.0221340861171484, "Final RMSE": 0.14877526462078094, "Final MAPE": 95659.6328125, "Final MAE": 0.07959029078483582, "Total Training Time": 13.291492700576782, "Average Time per Epoch": 0.7744649718789494, "_wandb": {"runtime": 13}}