{"epoch/loss": 0.010474450886249542, "epoch/root_mean_squared_error": 0.10234476625919342, "epoch/mean_absolute_percentage_error": 64571.30078125, "epoch/mean_absolute_error": 0.07006826996803284, "epoch/val_loss": 0.01661648228764534, "epoch/val_root_mean_squared_error": 0.12890493869781494, "epoch/val_mean_absolute_percentage_error": 97106.4453125, "epoch/val_mean_absolute_error": 0.08695986866950989, "epoch/epoch": 41, "epoch/learning_rate": 0.0010000000474974513, "_timestamp": 1700575998.6710975, "_runtime": 55.801708459854126, "_step": 41, "_wandb": {"runtime": 54}}