{"epoch": 14, "_timestamp": 1703440087.2577493, "loss": 0.010653368197381496, "root_mean_squared_error": 0.10321515798568726, "mean_absolute_percentage_error": 11553666.0, "mean_absolute_error": 0.05885932594537735, "val_loss": 0.012653378769755363, "val_root_mean_squared_error": 0.11248724162578583, "val_mean_absolute_percentage_error": 15196072.0, "val_mean_absolute_error": 0.06571498513221741, "_runtime": 13.904032230377197, "_step": 15, "best_val_loss": 0.012456412427127361, "best_epoch": 4, "Final MSE": 0.012757662683725357, "Final RMSE": 0.11294982582330704, "Final MAPE": 21939678.0, "Final MAE": 0.06488557904958725, "Total Training Time": 11.7220778465271, "Average Time per Epoch": 0.7736935297648112, "_wandb": {"runtime": 12}}