{"epoch": 0, "_timestamp": 1703815376.5579193, "loss": 0.01593783125281334, "root_mean_squared_error": 0.12993822991847992, "mean_absolute_percentage_error": 86986.0703125, "mean_absolute_error": 0.07800942659378052, "val_loss": 0.01686212420463562, "val_root_mean_squared_error": 0.1298542469739914, "val_mean_absolute_percentage_error": 37738.640625, "val_mean_absolute_error": 0.08015664666891098, "_runtime": 3.734539270401001, "_step": 1, "best_val_loss": 0.01686212420463562, "best_epoch": 0, "Final MSE": 0.022383449599146843, "Final RMSE": 0.1496109962463379, "Final MAPE": 507379.40625, "Final MAE": 0.09653095155954361, "Total Training Time": 1.8490476608276367, "Average Time per Epoch": 1.7552871704101562, "_wandb": {"runtime": 2}}