{"epoch": 17, "_timestamp": 1703652925.3633747, "loss": 0.006180515978485346, "root_mean_squared_error": 0.07861625403165817, "mean_absolute_percentage_error": 18318.9765625, "mean_absolute_error": 0.05533980950713158, "val_loss": 0.008251656778156757, "val_root_mean_squared_error": 0.09083863347768784, "val_mean_absolute_percentage_error": 109963.96875, "val_mean_absolute_error": 0.07292237877845764, "_runtime": 28.464186668395996, "_step": 18, "best_val_loss": 0.0076527721248567104, "best_epoch": 7, "Final MSE": 0.025346506386995316, "Final RMSE": 0.1592058688402176, "Final MAPE": 213719.890625, "Final MAE": 0.13602624833583832, "Total Training Time": 26.143481731414795, "Average Time per Epoch": 1.4430260790718927, "_wandb": {"runtime": 26}}