{"epoch": 0, "_timestamp": 1703592013.5189047, "loss": 0.006601638160645962, "root_mean_squared_error": 0.09266206622123718, "mean_absolute_percentage_error": 55921.3359375, "mean_absolute_error": 0.06640913337469101, "val_loss": 0.008038576692342758, "val_root_mean_squared_error": 0.08965811133384705, "val_mean_absolute_percentage_error": 109664.984375, "val_mean_absolute_error": 0.07610179483890533, "_runtime": 7.63767671585083, "_step": 1, "best_val_loss": 0.008038576692342758, "best_epoch": 0, "Final MSE": 0.024388030171394348, "Final RMSE": 0.156166672706604, "Final MAPE": 313028.875, "Final MAE": 0.13447582721710205, "Total Training Time": 6.384875297546387, "Average Time per Epoch": 6.210852146148682, "_wandb": {"runtime": 6}}