{"epoch": 25, "_timestamp": 1703909277.5285127, "loss": 0.004824806470423937, "root_mean_squared_error": 0.06946082413196564, "mean_absolute_percentage_error": 57607.1796875, "mean_absolute_error": 0.033842191100120544, "val_loss": 0.007406049408018589, "val_root_mean_squared_error": 0.08605840802192688, "val_mean_absolute_percentage_error": 85876.953125, "val_mean_absolute_error": 0.059237390756607056, "_runtime": 74.67902660369873, "_step": 26, "best_val_loss": 0.006386432331055403, "best_epoch": 15, "Final MSE": 0.017780516296625137, "Final RMSE": 0.13334360718727112, "Final MAPE": 246413.625, "Final MAE": 0.08669554442167282, "Total Training Time": 72.17175698280334, "Average Time per Epoch": 2.7681699716127834, "_wandb": {"runtime": 72}}