{"epoch": 0, "_timestamp": 1703595576.4031558, "loss": 0.013648223131895065, "root_mean_squared_error": 0.1269526183605194, "mean_absolute_percentage_error": 77395.3828125, "mean_absolute_error": 0.08989544212818146, "val_loss": 0.010323707014322281, "val_root_mean_squared_error": 0.10160566121339798, "val_mean_absolute_percentage_error": 153502.265625, "val_mean_absolute_error": 0.07896764576435089, "_runtime": 3.6738038063049316, "_step": 1, "best_val_loss": 0.010323707014322281, "best_epoch": 0, "Final MSE": 0.033660806715488434, "Final RMSE": 0.1834688037633896, "Final MAPE": 314291.59375, "Final MAE": 0.15614967048168182, "Total Training Time": 1.6168434619903564, "Average Time per Epoch": 1.5098052024841309, "_wandb": {"runtime": 1}}