{"epoch": 18, "_timestamp": 1705645082.5449796, "loss": 0.005743666086345911, "root_mean_squared_error": 0.07578697800636292, "mean_absolute_percentage_error": 123957.6796875, "mean_absolute_error": 0.04242381080985069, "val_loss": 0.007166570518165827, "val_root_mean_squared_error": 0.08465559780597687, "val_mean_absolute_percentage_error": 404925.34375, "val_mean_absolute_error": 0.05707692727446556, "_runtime": 62.76797366142273, "_step": 19, "best_val_loss": 0.006607189308851957, "best_epoch": 8, "Final MSE": 0.023325536400079727, "Final RMSE": 0.15272699296474457, "Final MAPE": 75694.0234375, "Final MAE": 0.10277874767780304, "Total Training Time": 60.29773759841919, "Average Time per Epoch": 3.1604221494574296, "_wandb": {"runtime": 60}}