{"epoch": 49, "_timestamp": 1703342037.158571, "loss": 0.006435398478060961, "root_mean_squared_error": 0.08022093772888184, "mean_absolute_percentage_error": 4715703.0, "mean_absolute_error": 0.041615527123212814, "val_loss": 0.012529688887298107, "val_root_mean_squared_error": 0.11193609237670898, "val_mean_absolute_percentage_error": 6601569.0, "val_mean_absolute_error": 0.06070433557033539, "_runtime": 115.63959693908691, "_step": 50, "best_val_loss": 0.011574865318834782, "best_epoch": 39, "Final MSE": 0.014245091937482357, "Final RMSE": 0.1193528026342392, "Final MAPE": 8552869.0, "Final MAE": 0.061140384525060654, "Total Training Time": 112.96254849433899, "Average Time per Epoch": 2.254736065864563, "_wandb": {"runtime": 113}}