{"epoch": 15, "_timestamp": 1703654868.6594086, "loss": 0.0055693876929581165, "root_mean_squared_error": 0.0746283307671547, "mean_absolute_percentage_error": 18360.39453125, "mean_absolute_error": 0.051463209092617035, "val_loss": 0.008620751090347767, "val_root_mean_squared_error": 0.09284800291061401, "val_mean_absolute_percentage_error": 113374.203125, "val_mean_absolute_error": 0.06583379954099655, "_runtime": 26.444161653518677, "_step": 16, "best_val_loss": 0.008272170089185238, "best_epoch": 5, "Final MSE": 0.014369599521160126, "Final RMSE": 0.11987326294183731, "Final MAPE": 174681.296875, "Final MAE": 0.10183645039796829, "Total Training Time": 24.13934636116028, "Average Time per Epoch": 1.4978957772254944, "_wandb": {"runtime": 24}}