{"epoch": 0, "_timestamp": 1703675049.8621883, "loss": 0.007876175455749035, "root_mean_squared_error": 0.09076984971761703, "mean_absolute_percentage_error": 6760919.5, "mean_absolute_error": 0.05064721405506134, "val_loss": 0.013988540507853031, "val_root_mean_squared_error": 0.11827316135168076, "val_mean_absolute_percentage_error": 4385926.5, "val_mean_absolute_error": 0.0604836530983448, "_runtime": 7.366036415100098, "_step": 1, "best_val_loss": 0.013988540507853031, "best_epoch": 0, "Final MSE": 0.015242943540215492, "Final RMSE": 0.12346231937408447, "Final MAPE": 5210994.5, "Final MAE": 0.061946526169776917, "Total Training Time": 6.185091972351074, "Average Time per Epoch": 6.037681818008423, "_wandb": {"runtime": 6}}