{"epoch": 24, "_timestamp": 1703091155.3166537, "loss": 0.007032554131001234, "root_mean_squared_error": 0.08386032283306122, "mean_absolute_percentage_error": 22669.236328125, "mean_absolute_error": 0.055709850043058395, "val_loss": 0.013857539743185043, "val_root_mean_squared_error": 0.11771804839372635, "val_mean_absolute_percentage_error": 38329.66015625, "val_mean_absolute_error": 0.07326095551252365, "_runtime": 64.20152568817139, "_step": 25, "best_val_loss": 0.013167031109333038, "best_epoch": 14, "Final MSE": 0.022187616676092148, "Final RMSE": 0.1489550769329071, "Final MAPE": 54037.70703125, "Final MAE": 0.10228574275970459, "Total Training Time": 61.58402371406555, "Average Time per Epoch": 2.4556149196624757, "_wandb": {"runtime": 62}}