{"epoch": 36, "_timestamp": 1705621986.3367238, "loss": 0.005376939196139574, "root_mean_squared_error": 0.07332761585712433, "mean_absolute_percentage_error": 17647.072265625, "mean_absolute_error": 0.04687352478504181, "val_loss": 0.008687008172273636, "val_root_mean_squared_error": 0.09320411831140518, "val_mean_absolute_percentage_error": 107802.15625, "val_mean_absolute_error": 0.0544017069041729, "_runtime": 48.358595848083496, "_step": 37, "best_val_loss": 0.00806240551173687, "best_epoch": 26, "Final MSE": 0.011447986587882042, "Final RMSE": 0.10699526220560074, "Final MAPE": 215554.203125, "Final MAE": 0.06316537410020828, "Total Training Time": 46.13590931892395, "Average Time per Epoch": 1.2418775816221495, "_wandb": {"runtime": 46}}