{"epoch": 0, "_timestamp": 1703741461.223469, "loss": 0.007378560025244951, "root_mean_squared_error": 0.08895745873451233, "mean_absolute_percentage_error": 9394680.0, "mean_absolute_error": 0.053905025124549866, "val_loss": 0.009926671162247658, "val_root_mean_squared_error": 0.09963268041610718, "val_mean_absolute_percentage_error": 9902479.0, "val_mean_absolute_error": 0.06285513192415237, "_runtime": 3.8742430210113525, "_step": 1, "best_val_loss": 0.009926671162247658, "best_epoch": 0, "Final MSE": 0.011649509891867638, "Final RMSE": 0.10793289542198181, "Final MAPE": 15397312.0, "Final MAE": 0.0670735314488411, "Total Training Time": 1.920022964477539, "Average Time per Epoch": 1.7998449802398682, "_wandb": {"runtime": 2}}