{"epoch": 0, "_timestamp": 1703715761.068139, "loss": 0.03475486487150192, "root_mean_squared_error": 0.19770805537700653, "mean_absolute_percentage_error": 27251996.0, "mean_absolute_error": 0.1235257089138031, "val_loss": 0.0974879190325737, "val_root_mean_squared_error": 0.31223055720329285, "val_mean_absolute_percentage_error": 4717427.5, "val_mean_absolute_error": 0.15947653353214264, "_runtime": 52.71447515487671, "_step": 1, "best_val_loss": 0.0974879190325737, "best_epoch": 0, "Final MSE": 0.08216152340173721, "Final RMSE": 0.2866383194923401, "Final MAPE": 12797864.0, "Final MAE": 0.13974329829216003, "Total Training Time": 51.365357398986816, "Average Time per Epoch": 48.955137968063354, "_wandb": {"runtime": 51}}