{"epoch": 21, "_timestamp": 1703800835.1797266, "loss": 0.008570046164095402, "root_mean_squared_error": 0.09257454425096512, "mean_absolute_percentage_error": 5163.75830078125, "mean_absolute_error": 0.05012419447302818, "val_loss": 0.010330736637115479, "val_root_mean_squared_error": 0.1016402319073677, "val_mean_absolute_percentage_error": 14677.1259765625, "val_mean_absolute_error": 0.0560373030602932, "_runtime": 43.26954960823059, "_step": 22, "best_val_loss": 0.009284017607569695, "best_epoch": 11, "Final MSE": 0.017405755817890167, "Final RMSE": 0.131930872797966, "Final MAPE": 25865.60546875, "Final MAE": 0.07879851758480072, "Total Training Time": 41.273741245269775, "Average Time per Epoch": 1.8681027239019221, "_wandb": {"runtime": 41}}