{"epoch": 41, "_timestamp": 1703552706.3004713, "loss": 0.006649943999946117, "root_mean_squared_error": 0.08154718577861786, "mean_absolute_percentage_error": 32919.625, "mean_absolute_error": 0.05260264128446579, "val_loss": 0.01006371434777975, "val_root_mean_squared_error": 0.1003180667757988, "val_mean_absolute_percentage_error": 15985.376953125, "val_mean_absolute_error": 0.0749959647655487, "_runtime": 107.11825823783875, "_step": 42, "best_val_loss": 0.008888456970453262, "best_epoch": 31, "Final MSE": 0.014507743529975414, "Final RMSE": 0.12044809758663177, "Final MAPE": 75304.53125, "Final MAE": 0.08597647398710251, "Total Training Time": 104.74672532081604, "Average Time per Epoch": 2.487707257270813, "_wandb": {"runtime": 105}}