{"epoch": 30, "_timestamp": 1703459030.2425976, "loss": 0.008230570703744888, "root_mean_squared_error": 0.09072249382734299, "mean_absolute_percentage_error": 8534758.0, "mean_absolute_error": 0.05250762030482292, "val_loss": 0.015705479308962822, "val_root_mean_squared_error": 0.12532150745391846, "val_mean_absolute_percentage_error": 17134472.0, "val_mean_absolute_error": 0.07708016782999039, "_runtime": 85.56248450279236, "_step": 31, "best_val_loss": 0.011987597681581974, "best_epoch": 20, "Final MSE": 0.024111630395054817, "Final RMSE": 0.15527920424938202, "Final MAPE": 29138516.0, "Final MAE": 0.10092953592538834, "Total Training Time": 83.01565623283386, "Average Time per Epoch": 2.670039515341482, "_wandb": {"runtime": 83}}