{"epoch": 33, "_timestamp": 1703285538.120543, "loss": 0.006296486593782902, "root_mean_squared_error": 0.07935040444135666, "mean_absolute_percentage_error": 7510.09716796875, "mean_absolute_error": 0.04593847319483757, "val_loss": 0.007852231152355671, "val_root_mean_squared_error": 0.08861281722784042, "val_mean_absolute_percentage_error": 31244.96484375, "val_mean_absolute_error": 0.050920773297548294, "_runtime": 46.12393093109131, "_step": 34, "best_val_loss": 0.006822689436376095, "best_epoch": 23, "Final MSE": 0.008062534965574741, "Final RMSE": 0.08979161828756332, "Final MAPE": 24327.064453125, "Final MAE": 0.058878056704998016, "Total Training Time": 43.867502212524414, "Average Time per Epoch": 1.2848742709440344, "_wandb": {"runtime": 44}}