{"epoch": 13, "_timestamp": 1703196181.0266826, "loss": 0.016908466815948486, "root_mean_squared_error": 0.13003255426883698, "mean_absolute_percentage_error": 27055.822265625, "mean_absolute_error": 0.07922783493995667, "val_loss": 0.03339201956987381, "val_root_mean_squared_error": 0.18273481726646423, "val_mean_absolute_percentage_error": 85851.9140625, "val_mean_absolute_error": 0.0983063355088234, "_runtime": 13.26640772819519, "_step": 14, "best_val_loss": 0.03149117901921272, "best_epoch": 3, "Final MSE": 0.05476527288556099, "Final RMSE": 0.23401984572410583, "Final MAPE": 175448.546875, "Final MAE": 0.15410999953746796, "Total Training Time": 11.12217378616333, "Average Time per Epoch": 0.7856580870492118, "_wandb": {"runtime": 11}}