{"epoch": 41, "_timestamp": 1703894660.900145, "loss": 0.012596585787832737, "root_mean_squared_error": 0.11223451048135757, "mean_absolute_percentage_error": 19487.46484375, "mean_absolute_error": 0.06677652150392532, "val_loss": 0.018776072189211845, "val_root_mean_squared_error": 0.13702580332756042, "val_mean_absolute_percentage_error": 81696.9375, "val_mean_absolute_error": 0.10000775754451752, "_runtime": 52.865939140319824, "_step": 42, "best_val_loss": 0.017429906874895096, "best_epoch": 31, "Final MSE": 0.026144854724407196, "Final RMSE": 0.16169370710849762, "Final MAPE": 742648.0625, "Final MAE": 0.12594203650951385, "Total Training Time": 51.572840452194214, "Average Time per Epoch": 1.2237518004008703, "_wandb": {"runtime": 51}}