{"epoch": 20, "_timestamp": 1703098549.6276243, "loss": 0.006824866868555546, "root_mean_squared_error": 0.0826127827167511, "mean_absolute_percentage_error": 26981.205078125, "mean_absolute_error": 0.0494670532643795, "val_loss": 0.01644514687359333, "val_root_mean_squared_error": 0.12823863327503204, "val_mean_absolute_percentage_error": 78888.671875, "val_mean_absolute_error": 0.07774705439805984, "_runtime": 18.380925178527832, "_step": 21, "best_val_loss": 0.01621219888329506, "best_epoch": 10, "Final MSE": 0.031454380601644516, "Final RMSE": 0.17735379934310913, "Final MAPE": 81513.4375, "Final MAE": 0.1037941575050354, "Total Training Time": 16.1621732711792, "Average Time per Epoch": 0.7632934593019032, "_wandb": {"runtime": 16}}