{"epoch": 0, "_timestamp": 1703787538.7555392, "loss": 0.019809434190392494, "root_mean_squared_error": 0.14596961438655853, "mean_absolute_percentage_error": 43749.625, "mean_absolute_error": 0.08193476498126984, "val_loss": 0.030287180095911026, "val_root_mean_squared_error": 0.17403212189674377, "val_mean_absolute_percentage_error": 104258.3125, "val_mean_absolute_error": 0.08940369635820389, "_runtime": 38.15611815452576, "_step": 1, "best_val_loss": 0.030287180095911026, "best_epoch": 0, "Final MSE": 0.03224099799990654, "Final RMSE": 0.17955778539180756, "Final MAPE": 213300.4375, "Final MAE": 0.09239748120307922, "Total Training Time": 36.87937545776367, "Average Time per Epoch": 35.17711424827576, "_wandb": {"runtime": 37}}