{"epoch": 0, "_timestamp": 1703548815.7543583, "loss": 0.006079748272895813, "root_mean_squared_error": 0.08217007666826248, "mean_absolute_percentage_error": 33676.2578125, "mean_absolute_error": 0.038540832698345184, "val_loss": 0.008822191506624222, "val_root_mean_squared_error": 0.09392651915550232, "val_mean_absolute_percentage_error": 92359.234375, "val_mean_absolute_error": 0.056488100439310074, "_runtime": 11.33481740951538, "_step": 1, "best_val_loss": 0.008822191506624222, "best_epoch": 0, "Final MSE": 0.010970628820359707, "Final RMSE": 0.10474076867103577, "Final MAPE": 195231.578125, "Final MAE": 0.06323239207267761, "Total Training Time": 4.5753843784332275, "Average Time per Epoch": 4.423384666442871, "_wandb": {"runtime": 4}}