,architecture,train_time,avg_time_epoch,mse,mse_std,rmse,rmse_std,mape,mape_std,mae,mae_std
0,dense_soft_moe,57.46344180107117,2.307477798923874,0.020255280286073686,0.0002542051381107301,0.1423188030719757,0.0008938005969715749,40329.08515625,6595.362952551904,0.09533770084381103,0.003470570332620128
1,dense_soft_moe,61.560057926177976,2.30747991668641,0.014170189574360847,0.0012194045241703747,0.11895389556884765,0.005020017408874754,50855.79296875,16808.87041926576,0.0659968115389347,0.0064296909002090254
