,architecture,train_time,avg_time_epoch,mse,mse_std,rmse,rmse_std,mape,mape_std,mae,mae_std
0,dense_topk_moe,96.93752133846283,3.5786603148821947,0.020846780389547348,0.00014179516928080718,0.1443837285041809,0.0004910318585761709,38552.11328125,4024.465099492867,0.09299612417817116,0.0010014249256870339
1,dense_topk_moe,70.68229508399963,3.6159142291416293,0.013737967237830162,0.0005446202593687567,0.11719755828380585,0.0023235136115570773,52511.681640625,4583.076694494375,0.0630086250603199,0.0035079085433420295
