,user,architecture,train_time,avg_time_epoch,mse,rmse,mape,mae
0,user1,dense_topk_moe,99.65871667861938,3.5471559507506236,0.0209470447152853,0.14473094046115875,41397.83984375,0.09228800982236862
1,user1,dense_topk_moe,94.21632599830627,3.610164679013766,0.020746516063809395,0.14403651654720306,35706.38671875,0.0937042385339737
2,user2,dense_topk_moe,58.87408947944641,3.6594492942094803,0.014123071916401386,0.1188405305147171,49270.95703125,0.06548909097909927
3,user2,dense_topk_moe,82.49050068855286,3.5723791640737783,0.013352862559258938,0.11555458605289459,55752.40625,0.06052815914154053
