,user,architecture,train_time,avg_time_epoch,mse,rmse,mape,mae
0,user1,lstm_topk_moe,192.78646850585938,6.631513661351697,0.02001377008855343,0.1414700299501419,44600.65234375,0.09829512238502502
1,user1,lstm_topk_moe,160.9752333164215,6.68743113676707,0.020432032644748688,0.14294065535068512,25289.2890625,0.09203749150037766
2,user2,lstm_topk_moe,174.46890950202942,6.692152004975539,0.013914691284298897,0.11796054989099503,68983.7421875,0.06623514741659164
3,user2,lstm_topk_moe,147.15371108055115,6.667377883737737,0.013674040324985981,0.11693605035543442,79034.046875,0.06892405450344086
