,architecture,train_time,avg_time_epoch,mse,mse_std,rmse,rmse_std,mape,mape_std,mae,mae_std
0,lstm_soft_moe,141.52076172828674,5.533092766906774,0.020619235932826996,0.000522734191190459,0.14358823001384735,0.001820259166912747,34027.2880859375,2255.6720130530184,0.0990210473537445,0.009577966154509818
1,lstm_soft_moe,99.8090934753418,5.531176342070102,0.014168781694024801,0.0004722903404234907,0.11902442201972008,0.001984004941733634,56549.92578125,14984.471052547697,0.07066089659929276,0.0037011676488326703
