,architecture,train_time,avg_time_epoch,mse,mse_std,rmse,rmse_std,mape,mape_std,mae,mae_std
0,lstm_topk_moe,176.88085091114044,6.659472399059384,0.020222901366651058,0.0002957562898020871,0.1422053426504135,0.0010398891933092885,34944.970703125,13655.195930128772,0.09516630694270134,0.004424813232696529
1,lstm_topk_moe,160.81131029129028,6.679764944356638,0.013794365804642439,0.0001701659252292107,0.11744830012321472,0.0007244305689173743,74008.89453125,7106.638597522196,0.06757960096001625,0.0019013444350916432
