,user,architecture,train_time,avg_time_epoch,mse,rmse,mape,mae
0,user1,lstm_soft_moe,121.76615381240845,5.518144683404402,0.020988864824175835,0.14487534761428833,35622.2890625,0.10579369217157364
1,user1,lstm_soft_moe,161.27536964416504,5.548040850409146,0.020249607041478157,0.14230111241340637,32432.287109375,0.09224840253591537
2,user2,lstm_soft_moe,89.74503707885742,5.586567237973213,0.014502741396427155,0.12042732536792755,67145.546875,0.0732780173420906
3,user2,lstm_soft_moe,109.87314987182617,5.475785446166992,0.013834821991622448,0.1176215186715126,45954.3046875,0.0680437758564949
