{"epoch": 35, "_timestamp": 1703545123.384515, "loss": 0.006516952067613602, "root_mean_squared_error": 0.08072764426469803, "mean_absolute_percentage_error": 16831.25390625, "mean_absolute_error": 0.05214610695838928, "val_loss": 0.012081808410584927, "val_root_mean_squared_error": 0.1099172830581665, "val_mean_absolute_percentage_error": 54663.1015625, "val_mean_absolute_error": 0.07058925181627274, "_runtime": 72.36370611190796, "_step": 36, "best_val_loss": 0.011559038423001766, "best_epoch": 25, "Final MSE": 0.020176764577627182, "Final RMSE": 0.14204493165016174, "Final MAPE": 60484.046875, "Final MAE": 0.09595996886491776, "Total Training Time": 70.29281497001648, "Average Time per Epoch": 1.946820444530911, "_wandb": {"runtime": 70}}