{"epoch": 0, "_timestamp": 1703815051.6209815, "loss": 0.00421218341216445, "root_mean_squared_error": 0.07697775959968567, "mean_absolute_percentage_error": 16419.703125, "mean_absolute_error": 0.0413360595703125, "val_loss": 0.01114309299737215, "val_root_mean_squared_error": 0.10556084662675858, "val_mean_absolute_percentage_error": 124741.3203125, "val_mean_absolute_error": 0.06081213429570198, "_runtime": 3.694582462310791, "_step": 1, "best_val_loss": 0.01114309299737215, "best_epoch": 0, "Final MSE": 0.018331648781895638, "Final RMSE": 0.13539442420005798, "Final MAPE": 21241.439453125, "Final MAE": 0.07743186503648758, "Total Training Time": 1.8182306289672852, "Average Time per Epoch": 1.7066566944122314, "_wandb": {"runtime": 1}}