{"epoch": 22, "_timestamp": 1705616005.1563485, "loss": 0.010502981953322887, "root_mean_squared_error": 0.10248405486345291, "mean_absolute_percentage_error": 4432.8310546875, "mean_absolute_error": 0.05938808247447014, "val_loss": 0.009070278145372868, "val_root_mean_squared_error": 0.09523800760507584, "val_mean_absolute_percentage_error": 124810.25, "val_mean_absolute_error": 0.06568650156259537, "_runtime": 19.84847140312195, "_step": 23, "best_val_loss": 0.008012469857931137, "best_epoch": 12, "Final MSE": 0.017166422680020332, "Final RMSE": 0.1310206949710846, "Final MAPE": 28032.439453125, "Final MAE": 0.08545555174350739, "Total Training Time": 17.647427558898926, "Average Time per Epoch": 0.761388001234635, "_wandb": {"runtime": 18}}