{"epoch": 0, "_timestamp": 1703505652.9781837, "loss": 0.008612096309661865, "root_mean_squared_error": 0.09811412543058395, "mean_absolute_percentage_error": 47053.96875, "mean_absolute_error": 0.06920646876096725, "val_loss": 0.016451694071292877, "val_root_mean_squared_error": 0.1282641738653183, "val_mean_absolute_percentage_error": 87443.265625, "val_mean_absolute_error": 0.09217382222414017, "_runtime": 3.5806808471679688, "_step": 1, "best_val_loss": 0.016451694071292877, "best_epoch": 0, "Final MSE": 0.016772260889410973, "Final RMSE": 0.12950775027275085, "Final MAPE": 178170.015625, "Final MAE": 0.09225069731473923, "Total Training Time": 1.5624067783355713, "Average Time per Epoch": 1.4642372131347656, "_wandb": {"runtime": 1}}