{"epoch": 31, "_timestamp": 1703738669.3120732, "loss": 0.007789212744683027, "root_mean_squared_error": 0.08825651556253433, "mean_absolute_percentage_error": 8531428.0, "mean_absolute_error": 0.053069792687892914, "val_loss": 0.010862059891223907, "val_root_mean_squared_error": 0.10422120988368988, "val_mean_absolute_percentage_error": 9552628.0, "val_mean_absolute_error": 0.060781870037317276, "_runtime": 43.672587156295776, "_step": 32, "best_val_loss": 0.010763775557279587, "best_epoch": 21, "Final MSE": 0.013928065076470375, "Final RMSE": 0.11801722645759583, "Final MAPE": 14643818.0, "Final MAE": 0.06916514784097672, "Total Training Time": 27.579505681991577, "Average Time per Epoch": 0.855868473649025, "_wandb": {"runtime": 27}}