{"epoch": 0, "_timestamp": 1703789753.1045182, "loss": 0.020552795380353928, "root_mean_squared_error": 0.14782504737377167, "mean_absolute_percentage_error": 39764.15234375, "mean_absolute_error": 0.10847166180610657, "val_loss": 0.023579683154821396, "val_root_mean_squared_error": 0.15355677902698517, "val_mean_absolute_percentage_error": 69855.6640625, "val_mean_absolute_error": 0.11429880559444427, "_runtime": 49.19873809814453, "_step": 1, "best_val_loss": 0.023579683154821396, "best_epoch": 0, "Final MSE": 0.02925935946404934, "Final RMSE": 0.1710536777973175, "Final MAPE": 163320.53125, "Final MAE": 0.1311430186033249, "Total Training Time": 47.98423433303833, "Average Time per Epoch": 45.687989473342896, "_wandb": {"runtime": 48}}