{"epoch": 0, "_timestamp": 1703623514.1319077, "loss": 0.010163765400648117, "root_mean_squared_error": 0.10403796285390854, "mean_absolute_percentage_error": 64387.484375, "mean_absolute_error": 0.059821270406246185, "val_loss": 0.008521916344761848, "val_root_mean_squared_error": 0.0923142284154892, "val_mean_absolute_percentage_error": 83782.5078125, "val_mean_absolute_error": 0.04931414872407913, "_runtime": 41.97012376785278, "_step": 1, "best_val_loss": 0.008521916344761848, "best_epoch": 0, "Final MSE": 0.012618930079042912, "Final RMSE": 0.11233401298522949, "Final MAPE": 177897.1875, "Final MAE": 0.05662917345762253, "Total Training Time": 40.65576934814453, "Average Time per Epoch": 38.78835868835449, "_wandb": {"runtime": 40}}