{"epoch": 0, "_timestamp": 1703728024.8365576, "loss": 0.008451524190604687, "root_mean_squared_error": 0.09317269176244736, "mean_absolute_percentage_error": 11034796.0, "mean_absolute_error": 0.05599980056285858, "val_loss": 0.010581785812973976, "val_root_mean_squared_error": 0.10286780446767807, "val_mean_absolute_percentage_error": 12880928.0, "val_mean_absolute_error": 0.06326755881309509, "_runtime": 10.157896518707275, "_step": 1, "best_val_loss": 0.010581785812973976, "best_epoch": 0, "Final MSE": 0.010580826550722122, "Final RMSE": 0.10286314785480499, "Final MAPE": 18409150.0, "Final MAE": 0.06329434365034103, "Total Training Time": 4.503235340118408, "Average Time per Epoch": 4.373135328292847, "_wandb": {"runtime": 4}}