{"epoch": 24, "_timestamp": 1703558012.9898624, "loss": 0.005642343778163195, "root_mean_squared_error": 0.07511553913354874, "mean_absolute_percentage_error": 8459.7109375, "mean_absolute_error": 0.033635642379522324, "val_loss": 0.01135979127138853, "val_root_mean_squared_error": 0.10658232122659683, "val_mean_absolute_percentage_error": 62207.8515625, "val_mean_absolute_error": 0.06756589561700821, "_runtime": 25.04529333114624, "_step": 25, "best_val_loss": 0.010121301747858524, "best_epoch": 14, "Final MSE": 0.014525903388857841, "Final RMSE": 0.12052345275878906, "Final MAPE": 269763.5625, "Final MAE": 0.0771823450922966, "Total Training Time": 22.711732149124146, "Average Time per Epoch": 0.9027309608459473, "_wandb": {"runtime": 23}}