{"epoch": 38, "_timestamp": 1703438306.9471753, "loss": 0.008618098683655262, "root_mean_squared_error": 0.09283371269702911, "mean_absolute_percentage_error": 7460633.5, "mean_absolute_error": 0.05347714573144913, "val_loss": 0.00887239072471857, "val_root_mean_squared_error": 0.09419336915016174, "val_mean_absolute_percentage_error": 7835768.5, "val_mean_absolute_error": 0.051361970603466034, "_runtime": 30.826134204864502, "_step": 39, "best_val_loss": 0.008337385021150112, "best_epoch": 28, "Final MSE": 0.008027696050703526, "Final RMSE": 0.08959741145372391, "Final MAPE": 12676850.0, "Final MAE": 0.054259270429611206, "Total Training Time": 28.44672727584839, "Average Time per Epoch": 0.7253978863740579, "_wandb": {"runtime": 28}}