{"epoch": 13, "_timestamp": 1703314753.1275733, "loss": 0.009106730110943317, "root_mean_squared_error": 0.0954291895031929, "mean_absolute_percentage_error": 35362.93359375, "mean_absolute_error": 0.05538706108927727, "val_loss": 0.00974922813475132, "val_root_mean_squared_error": 0.0987381786108017, "val_mean_absolute_percentage_error": 120075.28125, "val_mean_absolute_error": 0.07636979967355728, "_runtime": 55.07633924484253, "_step": 14, "best_val_loss": 0.007045934442430735, "best_epoch": 3, "Final MSE": 0.01832577958703041, "Final RMSE": 0.13537274301052094, "Final MAPE": 289764.34375, "Final MAE": 0.10602489858865738, "Total Training Time": 52.68124723434448, "Average Time per Epoch": 3.7434190852301463, "_wandb": {"runtime": 53}}