{"epoch": 11, "_timestamp": 1703725931.3946757, "loss": 0.006362906191498041, "root_mean_squared_error": 0.07976782321929932, "mean_absolute_percentage_error": 7019811.5, "mean_absolute_error": 0.04637226089835167, "val_loss": 0.010226408950984478, "val_root_mean_squared_error": 0.10112570971250534, "val_mean_absolute_percentage_error": 16664546.0, "val_mean_absolute_error": 0.06721185892820358, "_runtime": 26.932299613952637, "_step": 12, "best_val_loss": 0.009496696293354034, "best_epoch": 1, "Final MSE": 0.010221270844340324, "Final RMSE": 0.10110030323266983, "Final MAPE": 18748146.0, "Final MAE": 0.06539400666952133, "Total Training Time": 24.53387689590454, "Average Time per Epoch": 2.0306661128997803, "_wandb": {"runtime": 25}}