{"epoch": 19, "_timestamp": 1703283908.7980978, "loss": 0.011109299957752228, "root_mean_squared_error": 0.10540066659450531, "mean_absolute_percentage_error": 20550.517578125, "mean_absolute_error": 0.06612424552440643, "val_loss": 0.009902171790599823, "val_root_mean_squared_error": 0.09950965642929077, "val_mean_absolute_percentage_error": 71505.96875, "val_mean_absolute_error": 0.07615090161561966, "_runtime": 18.4527587890625, "_step": 20, "best_val_loss": 0.008922172710299492, "best_epoch": 9, "Final MSE": 0.017088675871491432, "Final RMSE": 0.13072365522384644, "Final MAPE": 308371.96875, "Final MAE": 0.09038878977298737, "Total Training Time": 16.218797206878662, "Average Time per Epoch": 0.8044282913208007, "_wandb": {"runtime": 16}}