{"epoch": 24, "_timestamp": 1703546418.191389, "loss": 0.0039228713139891624, "root_mean_squared_error": 0.06263282895088196, "mean_absolute_percentage_error": 46571.11328125, "mean_absolute_error": 0.03317737206816673, "val_loss": 0.011660193093121052, "val_root_mean_squared_error": 0.10798237472772598, "val_mean_absolute_percentage_error": 23798.375, "val_mean_absolute_error": 0.06833792477846146, "_runtime": 51.448352098464966, "_step": 25, "best_val_loss": 0.011198288761079311, "best_epoch": 14, "Final MSE": 0.014685472473502159, "Final RMSE": 0.12118363380432129, "Final MAPE": 25673.236328125, "Final MAE": 0.08291473984718323, "Total Training Time": 49.41605067253113, "Average Time per Epoch": 1.9691864013671876, "_wandb": {"runtime": 49}}