{"epoch": 0, "_timestamp": 1703737941.6643162, "loss": 0.0077051157131791115, "root_mean_squared_error": 0.08908353000879288, "mean_absolute_percentage_error": 8439051.0, "mean_absolute_error": 0.051910366863012314, "val_loss": 0.009080590680241585, "val_root_mean_squared_error": 0.09529213607311249, "val_mean_absolute_percentage_error": 9347787.0, "val_mean_absolute_error": 0.05395415797829628, "_runtime": 6.679915189743042, "_step": 1, "best_val_loss": 0.009080590680241585, "best_epoch": 0, "Final MSE": 0.00921727530658245, "Final RMSE": 0.09600663930177689, "Final MAPE": 14982200.0, "Final MAE": 0.060558490455150604, "Total Training Time": 5.016099691390991, "Average Time per Epoch": 4.795637607574463, "_wandb": {"runtime": 5}}