{"epoch": 0, "_timestamp": 1703651899.7071688, "loss": 0.007855956442654133, "root_mean_squared_error": 0.08773983269929886, "mean_absolute_percentage_error": 25029.4765625, "mean_absolute_error": 0.05008050054311752, "val_loss": 0.007681513205170631, "val_root_mean_squared_error": 0.08764424175024033, "val_mean_absolute_percentage_error": 20188.98828125, "val_mean_absolute_error": 0.04606885090470314, "_runtime": 3.781014919281006, "_step": 1, "best_val_loss": 0.007681513205170631, "best_epoch": 0, "Final MSE": 0.006677044089883566, "Final RMSE": 0.08171318471431732, "Final MAPE": 48490.546875, "Final MAE": 0.046823900192976, "Total Training Time": 1.8784191608428955, "Average Time per Epoch": 1.7664189338684082, "_wandb": {"runtime": 2}}