{"epoch": 13, "_timestamp": 1703215253.0732453, "loss": 0.005244764499366283, "root_mean_squared_error": 0.07242074608802795, "mean_absolute_percentage_error": 17397.21875, "mean_absolute_error": 0.050170641392469406, "val_loss": 0.01754106767475605, "val_root_mean_squared_error": 0.13244269788265228, "val_mean_absolute_percentage_error": 92194.2578125, "val_mean_absolute_error": 0.10454321652650833, "_runtime": 244.44333028793335, "_step": 14, "best_val_loss": 0.014109999872744083, "best_epoch": 3, "Final MSE": 0.02038044109940529, "Final RMSE": 0.14276008307933807, "Final MAPE": 257581.90625, "Final MAE": 0.0875023901462555, "Total Training Time": 242.01194787025452, "Average Time per Epoch": 17.215764624731882, "_wandb": {"runtime": 242}}