{"epoch": 0, "_timestamp": 1703812066.2189834, "loss": 0.00448814919218421, "root_mean_squared_error": 0.07391494512557983, "mean_absolute_percentage_error": 16617.95703125, "mean_absolute_error": 0.046242836862802505, "val_loss": 0.00925484113395214, "val_root_mean_squared_error": 0.09620208293199539, "val_mean_absolute_percentage_error": 49172.33203125, "val_mean_absolute_error": 0.060762278735637665, "_runtime": 5.7425312995910645, "_step": 1, "best_val_loss": 0.00925484113395214, "best_epoch": 0, "Final MSE": 0.011258681304752827, "Final RMSE": 0.10610693693161011, "Final MAPE": 124355.7421875, "Final MAE": 0.06961578875780106, "Total Training Time": 4.5738019943237305, "Average Time per Epoch": 4.378960847854614, "_wandb": {"runtime": 4}}