{"epoch": 0, "_timestamp": 1703677324.5339484, "loss": 0.07647991180419922, "root_mean_squared_error": 0.27531933784484863, "mean_absolute_percentage_error": 93700464.0, "mean_absolute_error": 0.2236853390932083, "val_loss": 0.07760248333215714, "val_root_mean_squared_error": 0.2785721719264984, "val_mean_absolute_percentage_error": 100356496.0, "val_mean_absolute_error": 0.2230684906244278, "_runtime": 2.6808853149414062, "_step": 1, "best_val_loss": 0.07760248333215714, "best_epoch": 0, "Final MSE": 0.0709557980298996, "Final RMSE": 0.2663753032684326, "Final MAPE": 110498656.0, "Final MAE": 0.20864565670490265, "Total Training Time": 1.535151481628418, "Average Time per Epoch": 1.4161741733551025, "_wandb": {"runtime": 1}}