{"epoch": 0, "_timestamp": 1703792051.1134033, "loss": 0.013153639622032642, "root_mean_squared_error": 0.12291146069765091, "mean_absolute_percentage_error": 41848.16015625, "mean_absolute_error": 0.07483551651239395, "val_loss": 0.015309486538171768, "val_root_mean_squared_error": 0.12373150885105133, "val_mean_absolute_percentage_error": 616868.4375, "val_mean_absolute_error": 0.07628365606069565, "_runtime": 64.0469024181366, "_step": 1, "best_val_loss": 0.015309486538171768, "best_epoch": 0, "Final MSE": 0.02972782403230667, "Final RMSE": 0.17241758108139038, "Final MAPE": 163855.0625, "Final MAE": 0.12000101059675217, "Total Training Time": 62.93062353134155, "Average Time per Epoch": 59.97821092605591, "_wandb": {"runtime": 63}}