{"epoch": 24, "_timestamp": 1702646055.523569, "loss": 0.008779368363320827, "root_mean_squared_error": 0.09369828552007675, "mean_absolute_percentage_error": 23286.814453125, "mean_absolute_error": 0.05447136610746384, "val_loss": 0.009284105151891708, "val_root_mean_squared_error": 0.09635405987501144, "val_mean_absolute_percentage_error": 30209712.0, "val_mean_absolute_error": 0.06661771237850189, "_runtime": 59.96287202835083, "_step": 25, "best_val_loss": 0.00857479777187109, "best_epoch": 14, "Final MSE": 0.01317516714334488, "Final RMSE": 0.11478313058614731, "Final MAPE": 55296.5078125, "Final MAE": 0.06185189634561539, "Total Training Time": 57.7886176109314, "Average Time per Epoch": 2.3020235443115236, "_wandb": {"runtime": 58}}