{"epoch": 0, "_timestamp": 1703815656.4206908, "loss": 0.006449450738728046, "root_mean_squared_error": 0.09322742372751236, "mean_absolute_percentage_error": 35113.796875, "mean_absolute_error": 0.05979318171739578, "val_loss": 0.012055043131113052, "val_root_mean_squared_error": 0.1097954586148262, "val_mean_absolute_percentage_error": 85156.0, "val_mean_absolute_error": 0.0724855363368988, "_runtime": 3.75408673286438, "_step": 1, "best_val_loss": 0.012055043131113052, "best_epoch": 0, "Final MSE": 0.02088869735598564, "Final RMSE": 0.14452922344207764, "Final MAPE": 98137.4609375, "Final MAE": 0.10333512723445892, "Total Training Time": 1.8774640560150146, "Average Time per Epoch": 1.7797894477844238, "_wandb": {"runtime": 2}}