{"epoch": 11, "_timestamp": 1703503288.358272, "loss": 0.007444838527590036, "root_mean_squared_error": 0.08628346771001816, "mean_absolute_percentage_error": 56742.48046875, "mean_absolute_error": 0.04519332945346832, "val_loss": 0.013661138713359833, "val_root_mean_squared_error": 0.1168808713555336, "val_mean_absolute_percentage_error": 115274.1875, "val_mean_absolute_error": 0.05872226133942604, "_runtime": 11.503313064575195, "_step": 12, "best_val_loss": 0.013103044591844082, "best_epoch": 1, "Final MSE": 0.022994831204414368, "Final RMSE": 0.15164045989513397, "Final MAPE": 78513.203125, "Final MAE": 0.07295515388250351, "Total Training Time": 9.257134199142456, "Average Time per Epoch": 0.7617599566777548, "_wandb": {"runtime": 9}}