{"epoch": 41, "_timestamp": 1703867375.1738143, "loss": 0.010013412684202194, "root_mean_squared_error": 0.10006704181432724, "mean_absolute_percentage_error": 11787.7939453125, "mean_absolute_error": 0.06884943693876266, "val_loss": 0.025359295308589935, "val_root_mean_squared_error": 0.159246027469635, "val_mean_absolute_percentage_error": 27712.779296875, "val_mean_absolute_error": 0.10909969359636307, "_runtime": 328.68796133995056, "_step": 42, "best_val_loss": 0.024903634563088417, "best_epoch": 31, "Final MSE": 0.0234616007655859, "Final RMSE": 0.15317180752754211, "Final MAPE": 73280.46875, "Final MAE": 0.10930309444665909, "Total Training Time": 326.30787205696106, "Average Time per Epoch": 7.7563782305944535, "_wandb": {"runtime": 326}}