{"epoch": 18, "_timestamp": 1705625053.3130095, "loss": 0.005338887218385935, "root_mean_squared_error": 0.07306768745183945, "mean_absolute_percentage_error": 58430.7734375, "mean_absolute_error": 0.03782236948609352, "val_loss": 0.008681721054017544, "val_root_mean_squared_error": 0.09317575395107269, "val_mean_absolute_percentage_error": 19797.576171875, "val_mean_absolute_error": 0.04296864569187164, "_runtime": 43.658589601516724, "_step": 19, "best_val_loss": 0.008419700898230076, "best_epoch": 8, "Final MSE": 0.0142916115000844, "Final RMSE": 0.1195475310087204, "Final MAPE": 126264.9140625, "Final MAE": 0.06203664466738701, "Total Training Time": 41.18761873245239, "Average Time per Epoch": 2.1574799387078536, "_wandb": {"runtime": 41}}