{"epoch": 16, "_timestamp": 1703916272.946079, "loss": 0.004104838706552982, "root_mean_squared_error": 0.06406901776790619, "mean_absolute_percentage_error": 14049.107421875, "mean_absolute_error": 0.04090331494808197, "val_loss": 0.012069451622664928, "val_root_mean_squared_error": 0.10986105352640152, "val_mean_absolute_percentage_error": 65182.03125, "val_mean_absolute_error": 0.0792221948504448, "_runtime": 69.06771802902222, "_step": 17, "best_val_loss": 0.009590564295649529, "best_epoch": 6, "Final MSE": 0.017889777198433876, "Final RMSE": 0.13375267386436462, "Final MAPE": 156315.03125, "Final MAE": 0.10494241118431091, "Total Training Time": 66.96606922149658, "Average Time per Epoch": 3.9223791150485767, "_wandb": {"runtime": 67}}