{"epoch": 0, "_timestamp": 1703810982.7887769, "loss": 0.01481417566537857, "root_mean_squared_error": 0.12580697238445282, "mean_absolute_percentage_error": 111785.125, "mean_absolute_error": 0.07268871366977692, "val_loss": 0.01618945226073265, "val_root_mean_squared_error": 0.12723778188228607, "val_mean_absolute_percentage_error": 47136.57421875, "val_mean_absolute_error": 0.08468076586723328, "_runtime": 5.51340389251709, "_step": 1, "best_val_loss": 0.01618945226073265, "best_epoch": 0, "Final MSE": 0.02254238724708557, "Final RMSE": 0.15014122426509857, "Final MAPE": 496459.625, "Final MAE": 0.10378611832857132, "Total Training Time": 4.395625829696655, "Average Time per Epoch": 4.202509880065918, "_wandb": {"runtime": 4}}