{"epoch": 24, "_timestamp": 1705623914.27299, "loss": 0.004417194053530693, "root_mean_squared_error": 0.0664619728922844, "mean_absolute_percentage_error": 2208727.25, "mean_absolute_error": 0.040131825953722, "val_loss": 0.008699213154613972, "val_root_mean_squared_error": 0.09326957166194916, "val_mean_absolute_percentage_error": 7138.50537109375, "val_mean_absolute_error": 0.0524529367685318, "_runtime": 54.577117919921875, "_step": 25, "best_val_loss": 0.008093681186437607, "best_epoch": 14, "Final MSE": 0.004387106280773878, "Final RMSE": 0.06623523682355881, "Final MAPE": 69099.3046875, "Final MAE": 0.036955900490283966, "Total Training Time": 52.07896447181702, "Average Time per Epoch": 2.0752209758758546, "_wandb": {"runtime": 52}}