{"epoch": 0, "_timestamp": 1703815565.6017716, "loss": 0.005704774521291256, "root_mean_squared_error": 0.07896494120359421, "mean_absolute_percentage_error": 43176.03125, "mean_absolute_error": 0.04988803341984749, "val_loss": 0.008298497647047043, "val_root_mean_squared_error": 0.09109608829021454, "val_mean_absolute_percentage_error": 96171.9296875, "val_mean_absolute_error": 0.05200793594121933, "_runtime": 3.7161355018615723, "_step": 1, "best_val_loss": 0.008298497647047043, "best_epoch": 0, "Final MSE": 0.01054004579782486, "Final RMSE": 0.10266472399234772, "Final MAPE": 172719.171875, "Final MAE": 0.05903379246592522, "Total Training Time": 1.8566234111785889, "Average Time per Epoch": 1.7512829303741455, "_wandb": {"runtime": 2}}