{"epoch": 0, "_timestamp": 1703728497.8501563, "loss": 0.0071202474646270275, "root_mean_squared_error": 0.0868922770023346, "mean_absolute_percentage_error": 9374938.0, "mean_absolute_error": 0.05134815722703934, "val_loss": 0.010446841828525066, "val_root_mean_squared_error": 0.10220979154109955, "val_mean_absolute_percentage_error": 9846664.0, "val_mean_absolute_error": 0.06135259568691254, "_runtime": 11.142585277557373, "_step": 1, "best_val_loss": 0.010446841828525066, "best_epoch": 0, "Final MSE": 0.010699926875531673, "Final RMSE": 0.10344044864177704, "Final MAPE": 17152136.0, "Final MAE": 0.06320814043283463, "Total Training Time": 4.540540933609009, "Average Time per Epoch": 4.383476734161377, "_wandb": {"runtime": 4}}