{"epoch": 0, "_timestamp": 1703595449.7761102, "loss": 0.0248635932803154, "root_mean_squared_error": 0.16072826087474823, "mean_absolute_percentage_error": 59454.31640625, "mean_absolute_error": 0.11159998178482056, "val_loss": 0.030878234654664993, "val_root_mean_squared_error": 0.17572204768657684, "val_mean_absolute_percentage_error": 114623.8359375, "val_mean_absolute_error": 0.11041464656591415, "_runtime": 3.604072093963623, "_step": 1, "best_val_loss": 0.030878234654664993, "best_epoch": 0, "Final MSE": 0.0330730564892292, "Final RMSE": 0.18186001479625702, "Final MAPE": 233517.453125, "Final MAE": 0.12259560078382492, "Total Training Time": 1.5832910537719727, "Average Time per Epoch": 1.4792389869689941, "_wandb": {"runtime": 1}}