{"epoch": 0, "_timestamp": 1703712950.9286468, "loss": 0.023568082600831985, "root_mean_squared_error": 0.16710549592971802, "mean_absolute_percentage_error": 30751328.0, "mean_absolute_error": 0.1051810160279274, "val_loss": 0.030058348551392555, "val_root_mean_squared_error": 0.17337343096733093, "val_mean_absolute_percentage_error": 50429264.0, "val_mean_absolute_error": 0.12531854212284088, "_runtime": 39.06551384925842, "_step": 1, "best_val_loss": 0.030058348551392555, "best_epoch": 0, "Final MSE": 0.0404626801609993, "Final RMSE": 0.20115336775779724, "Final MAPE": 57680252.0, "Final MAE": 0.13874207437038422, "Total Training Time": 37.7693829536438, "Average Time per Epoch": 36.002866983413696, "_wandb": {"runtime": 38}}