{"epoch": 0, "_timestamp": 1703760873.9920685, "loss": 0.00956085603684187, "root_mean_squared_error": 0.1059289500117302, "mean_absolute_percentage_error": 98885.40625, "mean_absolute_error": 0.07206244021654129, "val_loss": 0.00802572350949049, "val_root_mean_squared_error": 0.08958639949560165, "val_mean_absolute_percentage_error": 47101.91015625, "val_mean_absolute_error": 0.06059296056628227, "_runtime": 7.3417744636535645, "_step": 1, "best_val_loss": 0.00802572350949049, "best_epoch": 0, "Final MSE": 0.024054603651165962, "Final RMSE": 0.15509547293186188, "Final MAPE": 330391.75, "Final MAE": 0.1092137023806572, "Total Training Time": 6.170103311538696, "Average Time per Epoch": 6.017778158187866, "_wandb": {"runtime": 6}}