{"epoch": 10, "_timestamp": 1703594611.2044072, "loss": 0.022863825783133507, "root_mean_squared_error": 0.1512078493833542, "mean_absolute_percentage_error": 70019.515625, "mean_absolute_error": 0.11556921154260635, "val_loss": 0.03159178048372269, "val_root_mean_squared_error": 0.17774075269699097, "val_mean_absolute_percentage_error": 244505.65625, "val_mean_absolute_error": 0.14962029457092285, "_runtime": 10.94491720199585, "_step": 11, "best_val_loss": 0.029030289500951767, "best_epoch": 0, "Final MSE": 0.020721368491649628, "Final RMSE": 0.14394918084144592, "Final MAPE": 497812.875, "Final MAE": 0.09572175145149231, "Total Training Time": 8.872880697250366, "Average Time per Epoch": 0.7958064296028831, "_wandb": {"runtime": 9}}