{"epoch": 20, "_timestamp": 1703495907.809058, "loss": 0.005146150942891836, "root_mean_squared_error": 0.07173667848110199, "mean_absolute_percentage_error": 107838.859375, "mean_absolute_error": 0.03984504193067551, "val_loss": 0.009915852919220924, "val_root_mean_squared_error": 0.0995783731341362, "val_mean_absolute_percentage_error": 67441.0390625, "val_mean_absolute_error": 0.06861338019371033, "_runtime": 51.92562198638916, "_step": 21, "best_val_loss": 0.009704233147203922, "best_epoch": 10, "Final MSE": 0.014309287071228027, "Final RMSE": 0.11962143331766129, "Final MAPE": 126754.8203125, "Final MAE": 0.08293807506561279, "Total Training Time": 49.835309743881226, "Average Time per Epoch": 2.3642024880363826, "_wandb": {"runtime": 50}}