{"epoch": 0, "_timestamp": 1703622838.8305626, "loss": 0.020681273192167282, "root_mean_squared_error": 0.14727850258350372, "mean_absolute_percentage_error": 37674.33984375, "mean_absolute_error": 0.08321772515773773, "val_loss": 0.026099123060703278, "val_root_mean_squared_error": 0.16155223548412323, "val_mean_absolute_percentage_error": 119957.1875, "val_mean_absolute_error": 0.09469552338123322, "_runtime": 41.09179759025574, "_step": 1, "best_val_loss": 0.026099123060703278, "best_epoch": 0, "Final MSE": 0.028423361480236053, "Final RMSE": 0.16859228909015656, "Final MAPE": 184538.1875, "Final MAE": 0.1049913763999939, "Total Training Time": 39.70779514312744, "Average Time per Epoch": 37.86422252655029, "_wandb": {"runtime": 39}}