{"epoch": 26, "_timestamp": 1703096104.3722317, "loss": 0.005161845125257969, "root_mean_squared_error": 0.07184597849845886, "mean_absolute_percentage_error": 56951.12890625, "mean_absolute_error": 0.03409408777952194, "val_loss": 0.005931860767304897, "val_root_mean_squared_error": 0.07701857388019562, "val_mean_absolute_percentage_error": 123772.734375, "val_mean_absolute_error": 0.04708629101514816, "_runtime": 68.9145188331604, "_step": 27, "best_val_loss": 0.0057804640382528305, "best_epoch": 16, "Final MSE": 0.012778143398463726, "Final RMSE": 0.11304044723510742, "Final MAPE": 296138.4375, "Final MAE": 0.06852566450834274, "Total Training Time": 66.32236981391907, "Average Time per Epoch": 2.448976031056157, "_wandb": {"runtime": 67}}