{"epoch": 42, "_timestamp": 1703893452.4244297, "loss": 0.006969767156988382, "root_mean_squared_error": 0.08348513394594193, "mean_absolute_percentage_error": 37396.8359375, "mean_absolute_error": 0.046230562031269073, "val_loss": 0.013328754343092442, "val_root_mean_squared_error": 0.11545022577047348, "val_mean_absolute_percentage_error": 493651.21875, "val_mean_absolute_error": 0.0654495358467102, "_runtime": 33.45398259162903, "_step": 43, "best_val_loss": 0.012910399585962296, "best_epoch": 32, "Final MSE": 0.02333822473883629, "Final RMSE": 0.15276853740215302, "Final MAPE": 100374.7421875, "Final MAE": 0.09748890995979309, "Total Training Time": 32.180294036865234, "Average Time per Epoch": 0.7446551988291186, "_wandb": {"runtime": 32}}