{"epoch": 36, "_timestamp": 1703456564.6658208, "loss": 0.006154158152639866, "root_mean_squared_error": 0.07844844460487366, "mean_absolute_percentage_error": 8053951.5, "mean_absolute_error": 0.04672833904623985, "val_loss": 0.012707704678177834, "val_root_mean_squared_error": 0.11272845417261124, "val_mean_absolute_percentage_error": 14443911.0, "val_mean_absolute_error": 0.07149048894643784, "_runtime": 94.31298089027405, "_step": 37, "best_val_loss": 0.010442143306136131, "best_epoch": 26, "Final MSE": 0.012214812450110912, "Final RMSE": 0.11052064597606659, "Final MAPE": 18644094.0, "Final MAE": 0.07274316251277924, "Total Training Time": 91.80450868606567, "Average Time per Epoch": 2.474827089825192, "_wandb": {"runtime": 92}}