{"epoch": 22, "_timestamp": 1705604814.4628, "loss": 0.005836162716150284, "root_mean_squared_error": 0.07639478147029877, "mean_absolute_percentage_error": 7033.0234375, "mean_absolute_error": 0.034373048692941666, "val_loss": 0.015530862845480442, "val_root_mean_squared_error": 0.1246228814125061, "val_mean_absolute_percentage_error": 136106.640625, "val_mean_absolute_error": 0.09207382053136826, "_runtime": 76.37764406204224, "_step": 23, "best_val_loss": 0.010049747303128242, "best_epoch": 12, "Final MSE": 0.015939192846417427, "Final RMSE": 0.1262505203485489, "Final MAPE": 292203.5625, "Final MAE": 0.08576928079128265, "Total Training Time": 74.95048713684082, "Average Time per Epoch": 3.2480697942816694, "_wandb": {"runtime": 75}}