{"epoch": 0, "_timestamp": 1703737146.4583962, "loss": 0.008498009294271469, "root_mean_squared_error": 0.09828917682170868, "mean_absolute_percentage_error": 8354988.0, "mean_absolute_error": 0.05472211912274361, "val_loss": 0.016546064987778664, "val_root_mean_squared_error": 0.12863150238990784, "val_mean_absolute_percentage_error": 9698235.0, "val_mean_absolute_error": 0.07010750472545624, "_runtime": 5.906508207321167, "_step": 1, "best_val_loss": 0.016546064987778664, "best_epoch": 0, "Final MSE": 0.01711473986506462, "Final RMSE": 0.1308233141899109, "Final MAPE": 18230174.0, "Final MAE": 0.0772947296500206, "Total Training Time": 4.756888151168823, "Average Time per Epoch": 4.552996397018433, "_wandb": {"runtime": 4}}