{"epoch": 17, "_timestamp": 1703309648.4557505, "loss": 0.003756539197638631, "root_mean_squared_error": 0.06129061430692673, "mean_absolute_percentage_error": 16818.486328125, "mean_absolute_error": 0.03974856063723564, "val_loss": 0.007631661370396614, "val_root_mean_squared_error": 0.08735938370227814, "val_mean_absolute_percentage_error": 75200.46875, "val_mean_absolute_error": 0.05840523913502693, "_runtime": 73.03217434883118, "_step": 18, "best_val_loss": 0.007172433193773031, "best_epoch": 7, "Final MSE": 0.01082672830671072, "Final RMSE": 0.10405156761407852, "Final MAPE": 161639.15625, "Final MAE": 0.07564502954483032, "Total Training Time": 70.69289588928223, "Average Time per Epoch": 3.9111049440171985, "_wandb": {"runtime": 71}}