{"epoch": 25, "_timestamp": 1703877038.940843, "loss": 0.016110088676214218, "root_mean_squared_error": 0.126925528049469, "mean_absolute_percentage_error": 654207.875, "mean_absolute_error": 0.09024243801832199, "val_loss": 0.03239504620432854, "val_root_mean_squared_error": 0.17998623847961426, "val_mean_absolute_percentage_error": 152067.703125, "val_mean_absolute_error": 0.11597184091806412, "_runtime": 266.2279920578003, "_step": 26, "best_val_loss": 0.024138156324625015, "best_epoch": 15, "Final MSE": 0.03339150920510292, "Final RMSE": 0.1827334314584732, "Final MAPE": 219203.703125, "Final MAE": 0.14150135219097137, "Total Training Time": 263.8151752948761, "Average Time per Epoch": 10.123781020824726, "_wandb": {"runtime": 264}}