{"epoch": 15, "_timestamp": 1703313316.3727214, "loss": 0.003859171411022544, "root_mean_squared_error": 0.06212222948670387, "mean_absolute_percentage_error": 10772.248046875, "mean_absolute_error": 0.033576104789972305, "val_loss": 0.0051038614474236965, "val_root_mean_squared_error": 0.07144131511449814, "val_mean_absolute_percentage_error": 47381.140625, "val_mean_absolute_error": 0.0453675203025341, "_runtime": 58.15440344810486, "_step": 16, "best_val_loss": 0.0048156180419027805, "best_epoch": 5, "Final MSE": 0.013341210782527924, "Final RMSE": 0.11550416052341461, "Final MAPE": 139716.890625, "Final MAE": 0.06847529858350754, "Total Training Time": 55.677358627319336, "Average Time per Epoch": 3.4627650529146194, "_wandb": {"runtime": 56}}