{"epoch": 0, "_timestamp": 1703745833.2849758, "loss": 0.00911003164947033, "root_mean_squared_error": 0.0967329740524292, "mean_absolute_percentage_error": 10848044.0, "mean_absolute_error": 0.058554455637931824, "val_loss": 0.010290425270795822, "val_root_mean_squared_error": 0.10144173353910446, "val_mean_absolute_percentage_error": 10887334.0, "val_mean_absolute_error": 0.05894293636083603, "_runtime": 3.9321277141571045, "_step": 1, "best_val_loss": 0.010290425270795822, "best_epoch": 0, "Final MSE": 0.011914593167603016, "Final RMSE": 0.10915398597717285, "Final MAPE": 18927446.0, "Final MAE": 0.06615301966667175, "Total Training Time": 2.699441909790039, "Average Time per Epoch": 2.557811737060547, "_wandb": {"runtime": 2}}