{"epoch": 23, "_timestamp": 1703284455.5695274, "loss": 0.0045939963310956955, "root_mean_squared_error": 0.06777902692556381, "mean_absolute_percentage_error": 18992.302734375, "mean_absolute_error": 0.044621314853429794, "val_loss": 0.006613189820200205, "val_root_mean_squared_error": 0.08132152259349823, "val_mean_absolute_percentage_error": 27370.896484375, "val_mean_absolute_error": 0.05452514439821243, "_runtime": 21.29220747947693, "_step": 24, "best_val_loss": 0.006380006205290556, "best_epoch": 13, "Final MSE": 0.008032209239900112, "Final RMSE": 0.08962259441614151, "Final MAPE": 50495.80078125, "Final MAE": 0.05703772231936455, "Total Training Time": 19.396968126296997, "Average Time per Epoch": 0.8024048606554667, "_wandb": {"runtime": 19}}