{"epoch": 0, "_timestamp": 1703760529.025017, "loss": 0.01190266851335764, "root_mean_squared_error": 0.11304506659507751, "mean_absolute_percentage_error": 23946.9453125, "mean_absolute_error": 0.06401713192462921, "val_loss": 0.012560552917420864, "val_root_mean_squared_error": 0.1120738759636879, "val_mean_absolute_percentage_error": 10069.1923828125, "val_mean_absolute_error": 0.058979153633117676, "_runtime": 7.303667068481445, "_step": 1, "best_val_loss": 0.012560552917420864, "best_epoch": 0, "Final MSE": 0.019138844683766365, "Final RMSE": 0.1383432149887085, "Final MAPE": 95058.4921875, "Final MAE": 0.0857919380068779, "Total Training Time": 6.1223931312561035, "Average Time per Epoch": 5.9754228591918945, "_wandb": {"runtime": 6}}