{"epoch": 0, "_timestamp": 1703762205.784071, "loss": 0.006792361848056316, "root_mean_squared_error": 0.10255348682403564, "mean_absolute_percentage_error": 30602.0390625, "mean_absolute_error": 0.06437812000513077, "val_loss": 0.012339613400399685, "val_root_mean_squared_error": 0.11108381301164627, "val_mean_absolute_percentage_error": 50342.82421875, "val_mean_absolute_error": 0.07523801922798157, "_runtime": 7.494107961654663, "_step": 1, "best_val_loss": 0.012339613400399685, "best_epoch": 0, "Final MSE": 0.02060708776116371, "Final RMSE": 0.14355169236660004, "Final MAPE": 107223.8203125, "Final MAE": 0.10452517867088318, "Total Training Time": 6.291533470153809, "Average Time per Epoch": 6.126425743103027, "_wandb": {"runtime": 6}}