{"epoch": 17, "_timestamp": 1703901712.8845434, "loss": 0.0076015726663172245, "root_mean_squared_error": 0.08718699961900711, "mean_absolute_percentage_error": 81886.28125, "mean_absolute_error": 0.05472298711538315, "val_loss": 0.01993386819958687, "val_root_mean_squared_error": 0.14118735492229462, "val_mean_absolute_percentage_error": 61882.95703125, "val_mean_absolute_error": 0.08652301132678986, "_runtime": 42.21471548080444, "_step": 18, "best_val_loss": 0.018476130440831184, "best_epoch": 7, "Final MSE": 0.020758507773280144, "Final RMSE": 0.14407813549041748, "Final MAPE": 9744.34765625, "Final MAE": 0.09912897646427155, "Total Training Time": 40.584179162979126, "Average Time per Epoch": 2.2432696421941123, "_wandb": {"runtime": 41}}