{"epoch": 0, "_timestamp": 1703536925.3907557, "loss": 0.01280252542346716, "root_mean_squared_error": 0.11913979798555374, "mean_absolute_percentage_error": 231565.84375, "mean_absolute_error": 0.0864088162779808, "val_loss": 0.018936021253466606, "val_root_mean_squared_error": 0.13760821521282196, "val_mean_absolute_percentage_error": 56103.97265625, "val_mean_absolute_error": 0.09493888169527054, "_runtime": 23.59570574760437, "_step": 1, "best_val_loss": 0.018936021253466606, "best_epoch": 0, "Final MSE": 0.02394029125571251, "Final RMSE": 0.15472650527954102, "Final MAPE": 553431.25, "Final MAE": 0.09280912578105927, "Total Training Time": 22.198366165161133, "Average Time per Epoch": 21.229657649993896, "_wandb": {"runtime": 22}}