{"epoch": 32, "_timestamp": 1703558894.1368327, "loss": 0.0055130040273070335, "root_mean_squared_error": 0.07424960285425186, "mean_absolute_percentage_error": 147328.6875, "mean_absolute_error": 0.041507937014102936, "val_loss": 0.005157869309186935, "val_root_mean_squared_error": 0.07181830704212189, "val_mean_absolute_percentage_error": 372788.28125, "val_mean_absolute_error": 0.042135342955589294, "_runtime": 31.26257562637329, "_step": 33, "best_val_loss": 0.0050239358097314835, "best_epoch": 22, "Final MSE": 0.022176897153258324, "Final RMSE": 0.14891909062862396, "Final MAPE": 41042.73046875, "Final MAE": 0.09295792132616043, "Total Training Time": 29.076507806777954, "Average Time per Epoch": 0.8764213287469113, "_wandb": {"runtime": 29}}