{"epoch": 20, "_timestamp": 1703521628.9900067, "loss": 0.017992829903960228, "root_mean_squared_error": 0.1341373473405838, "mean_absolute_percentage_error": 18778.08984375, "mean_absolute_error": 0.10074379295110703, "val_loss": 0.04261619597673416, "val_root_mean_squared_error": 0.2064369022846222, "val_mean_absolute_percentage_error": 64695.890625, "val_mean_absolute_error": 0.13060668110847473, "_runtime": 165.38294076919556, "_step": 21, "best_val_loss": 0.029909690842032433, "best_epoch": 10, "Final MSE": 0.09422489255666733, "Final RMSE": 0.30696073174476624, "Final MAPE": 142259.421875, "Final MAE": 0.21856696903705597, "Total Training Time": 163.45674681663513, "Average Time per Epoch": 7.759462878817604, "_wandb": {"runtime": 163}}