{"epoch": 55, "_timestamp": 1703457140.9919088, "loss": 0.007663514465093613, "root_mean_squared_error": 0.08754149824380875, "mean_absolute_percentage_error": 8549950.0, "mean_absolute_error": 0.05092315375804901, "val_loss": 0.011021511629223824, "val_root_mean_squared_error": 0.104983389377594, "val_mean_absolute_percentage_error": 12733553.0, "val_mean_absolute_error": 0.06393470615148544, "_runtime": 139.39593768119812, "_step": 56, "best_val_loss": 0.01079351082444191, "best_epoch": 45, "Final MSE": 0.012488222680985928, "Final RMSE": 0.11175071448087692, "Final MAPE": 24937852.0, "Final MAE": 0.07421316206455231, "Total Training Time": 136.8459668159485, "Average Time per Epoch": 2.4391328181539262, "_wandb": {"runtime": 137}}