{"epoch": 21, "_timestamp": 1703202507.9195962, "loss": 0.013636857271194458, "root_mean_squared_error": 0.1167769581079483, "mean_absolute_percentage_error": 17192.2265625, "mean_absolute_error": 0.07519709318876266, "val_loss": 0.02376604452729225, "val_root_mean_squared_error": 0.15416239202022552, "val_mean_absolute_percentage_error": 8221.3798828125, "val_mean_absolute_error": 0.08988269418478012, "_runtime": 150.0843322277069, "_step": 22, "best_val_loss": 0.021529240533709526, "best_epoch": 11, "Final MSE": 0.0325879231095314, "Final RMSE": 0.18052124977111816, "Final MAPE": 54453.984375, "Final MAE": 0.103937067091465, "Total Training Time": 147.68355107307434, "Average Time per Epoch": 6.692157886245034, "_wandb": {"runtime": 148}}