{"epoch": 0, "_timestamp": 1703641447.3645418, "loss": 0.00669602258130908, "root_mean_squared_error": 0.09092079102993011, "mean_absolute_percentage_error": 42391.46484375, "mean_absolute_error": 0.05827612057328224, "val_loss": 0.017795441672205925, "val_root_mean_squared_error": 0.13339956104755402, "val_mean_absolute_percentage_error": 29143.25390625, "val_mean_absolute_error": 0.08386798202991486, "_runtime": 13.156311750411987, "_step": 1, "best_val_loss": 0.017795441672205925, "best_epoch": 0, "Final MSE": 0.01971975341439247, "Final RMSE": 0.14042703807353973, "Final MAPE": 240468.296875, "Final MAE": 0.10117080807685852, "Total Training Time": 4.539773941040039, "Average Time per Epoch": 4.390761137008667, "_wandb": {"runtime": 4}}