{"epoch": 32, "_timestamp": 1703909396.7578902, "loss": 0.004696093033999205, "root_mean_squared_error": 0.06852804869413376, "mean_absolute_percentage_error": 50837.46875, "mean_absolute_error": 0.033459682017564774, "val_loss": 0.0071801901794970036, "val_root_mean_squared_error": 0.08473600447177887, "val_mean_absolute_percentage_error": 119602.4921875, "val_mean_absolute_error": 0.061308834701776505, "_runtime": 116.09012722969055, "_step": 33, "best_val_loss": 0.006231115199625492, "best_epoch": 22, "Final MSE": 0.01561786700040102, "Final RMSE": 0.12497146427631378, "Final MAPE": 273712.875, "Final MAE": 0.08443726599216461, "Total Training Time": 113.62066173553467, "Average Time per Epoch": 3.4341400319879707, "_wandb": {"runtime": 114}}