{"epoch": 0, "_timestamp": 1703593374.8038092, "loss": 0.009188096038997173, "root_mean_squared_error": 0.10859847813844681, "mean_absolute_percentage_error": 30635.728515625, "mean_absolute_error": 0.07258721441030502, "val_loss": 0.01260995864868164, "val_root_mean_squared_error": 0.11229407042264938, "val_mean_absolute_percentage_error": 71571.4140625, "val_mean_absolute_error": 0.07220899313688278, "_runtime": 8.11232328414917, "_step": 1, "best_val_loss": 0.01260995864868164, "best_epoch": 0, "Final MSE": 0.024266839027404785, "Final RMSE": 0.155778169631958, "Final MAPE": 139917.171875, "Final MAE": 0.11392678320407867, "Total Training Time": 6.775126695632935, "Average Time per Epoch": 6.56610369682312, "_wandb": {"runtime": 7}}