{"epoch": 17, "_timestamp": 1703726088.6166742, "loss": 0.00799788162112236, "root_mean_squared_error": 0.08943087607622147, "mean_absolute_percentage_error": 9540338.0, "mean_absolute_error": 0.053095050156116486, "val_loss": 0.00916675478219986, "val_root_mean_squared_error": 0.09574317187070847, "val_mean_absolute_percentage_error": 13350783.0, "val_mean_absolute_error": 0.05948032811284065, "_runtime": 37.751445293426514, "_step": 18, "best_val_loss": 0.009149406105279922, "best_epoch": 7, "Final MSE": 0.00837748683989048, "Final RMSE": 0.09152860939502716, "Final MAPE": 16940508.0, "Final MAE": 0.05965421721339226, "Total Training Time": 36.065707206726074, "Average Time per Epoch": 1.9926037126117282, "_wandb": {"runtime": 36}}