{"epoch": 33, "_timestamp": 1705582344.1862814, "loss": 0.005914666224271059, "root_mean_squared_error": 0.07690686732530594, "mean_absolute_percentage_error": 5055.4755859375, "mean_absolute_error": 0.0350743904709816, "val_loss": 0.009500040672719479, "val_root_mean_squared_error": 0.09746815264225006, "val_mean_absolute_percentage_error": 65881.8359375, "val_mean_absolute_error": 0.05550087243318558, "_runtime": 46.44807147979736, "_step": 34, "best_val_loss": 0.009359578602015972, "best_epoch": 23, "Final MSE": 0.012275349348783493, "Final RMSE": 0.11079417914152145, "Final MAPE": 247874.171875, "Final MAE": 0.06512118875980377, "Total Training Time": 44.17073321342468, "Average Time per Epoch": 1.2937041310703052, "_wandb": {"runtime": 44}}