{"epoch": 16, "_timestamp": 1703646827.081966, "loss": 0.012067803181707859, "root_mean_squared_error": 0.10985355079174042, "mean_absolute_percentage_error": 33082.49609375, "mean_absolute_error": 0.07103510200977325, "val_loss": 0.017741013318300247, "val_root_mean_squared_error": 0.1331954002380371, "val_mean_absolute_percentage_error": 13761.3857421875, "val_mean_absolute_error": 0.08879510313272476, "_runtime": 47.703908920288086, "_step": 17, "best_val_loss": 0.015727220103144646, "best_epoch": 6, "Final MSE": 0.01950737275183201, "Final RMSE": 0.1396687924861908, "Final MAPE": 109520.4375, "Final MAE": 0.09532706439495087, "Total Training Time": 45.71800923347473, "Average Time per Epoch": 2.6761954812442554, "_wandb": {"runtime": 46}}