{"epoch": 0, "_timestamp": 1703537492.4808502, "loss": 0.006351190153509378, "root_mean_squared_error": 0.08024232089519501, "mean_absolute_percentage_error": 2450205.75, "mean_absolute_error": 0.05270436778664589, "val_loss": 0.011033021844923496, "val_root_mean_squared_error": 0.10503819584846497, "val_mean_absolute_percentage_error": 49531.0703125, "val_mean_absolute_error": 0.08149080723524094, "_runtime": 25.739153146743774, "_step": 1, "best_val_loss": 0.011033021844923496, "best_epoch": 0, "Final MSE": 0.009178224951028824, "Final RMSE": 0.09580305218696594, "Final MAPE": 572065.25, "Final MAE": 0.08336210995912552, "Total Training Time": 24.37594771385193, "Average Time per Epoch": 23.296497344970703, "_wandb": {"runtime": 24}}