{"epoch": 22, "_timestamp": 1703175457.3725567, "loss": 0.009108240716159344, "root_mean_squared_error": 0.09543710201978683, "mean_absolute_percentage_error": 35872.203125, "mean_absolute_error": 0.06326375156641006, "val_loss": 0.01532601099461317, "val_root_mean_squared_error": 0.12379826605319977, "val_mean_absolute_percentage_error": 62152.9921875, "val_mean_absolute_error": 0.07955172657966614, "_runtime": 74.37324070930481, "_step": 23, "best_val_loss": 0.014941934496164322, "best_epoch": 12, "Final MSE": 0.027195250615477562, "Final RMSE": 0.16490982472896576, "Final MAPE": 135007.140625, "Final MAE": 0.11718346178531647, "Total Training Time": 72.07101678848267, "Average Time per Epoch": 3.122124008510424, "_wandb": {"runtime": 72}}