{"epoch": 0, "_timestamp": 1703815199.9995034, "loss": 0.007178144063800573, "root_mean_squared_error": 0.09679241478443146, "mean_absolute_percentage_error": 180441.875, "mean_absolute_error": 0.058035433292388916, "val_loss": 0.011262435466051102, "val_root_mean_squared_error": 0.1061246246099472, "val_mean_absolute_percentage_error": 618159.25, "val_mean_absolute_error": 0.061003975570201874, "_runtime": 3.1341164112091064, "_step": 1, "best_val_loss": 0.011262435466051102, "best_epoch": 0, "Final MSE": 0.025267254561185837, "Final RMSE": 0.15895676612854004, "Final MAPE": 617436.5625, "Final MAE": 0.10650397837162018, "Total Training Time": 1.8254802227020264, "Average Time per Epoch": 1.7130801677703857, "_wandb": {"runtime": 2}}