{"epoch": 0, "_timestamp": 1703623652.334578, "loss": 0.00667922617867589, "root_mean_squared_error": 0.0921173021197319, "mean_absolute_percentage_error": 50243.80078125, "mean_absolute_error": 0.05421462655067444, "val_loss": 0.008880148641765118, "val_root_mean_squared_error": 0.09423454105854034, "val_mean_absolute_percentage_error": 88461.5703125, "val_mean_absolute_error": 0.06333748251199722, "_runtime": 42.21921110153198, "_step": 1, "best_val_loss": 0.008880148641765118, "best_epoch": 0, "Final MSE": 0.023026010021567345, "Final RMSE": 0.15174323320388794, "Final MAPE": 237148.28125, "Final MAE": 0.09078530222177505, "Total Training Time": 40.8241069316864, "Average Time per Epoch": 38.93760275840759, "_wandb": {"runtime": 41}}