{"epoch": 0, "_timestamp": 1703592350.113513, "loss": 0.00865038763731718, "root_mean_squared_error": 0.09588894248008728, "mean_absolute_percentage_error": 33078.87109375, "mean_absolute_error": 0.05521950125694275, "val_loss": 0.009102879092097282, "val_root_mean_squared_error": 0.09540900588035583, "val_mean_absolute_percentage_error": 102637.859375, "val_mean_absolute_error": 0.0704156756401062, "_runtime": 7.435122966766357, "_step": 1, "best_val_loss": 0.009102879092097282, "best_epoch": 0, "Final MSE": 0.014678766019642353, "Final RMSE": 0.12115595489740372, "Final MAPE": 114259.78125, "Final MAE": 0.0925525575876236, "Total Training Time": 6.264210224151611, "Average Time per Epoch": 6.107184886932373, "_wandb": {"runtime": 6}}