{"epoch": 17, "_timestamp": 1703727053.6247103, "loss": 0.008439764380455017, "root_mean_squared_error": 0.09186819195747375, "mean_absolute_percentage_error": 8499569.0, "mean_absolute_error": 0.05232412368059158, "val_loss": 0.014798878692090511, "val_root_mean_squared_error": 0.12165064364671707, "val_mean_absolute_percentage_error": 11886407.0, "val_mean_absolute_error": 0.0709509402513504, "_runtime": 38.73822641372681, "_step": 18, "best_val_loss": 0.010995668359100819, "best_epoch": 7, "Final MSE": 0.01405297126621008, "Final RMSE": 0.11854522675275803, "Final MAPE": 16785864.0, "Final MAE": 0.07192066311836243, "Total Training Time": 36.28468155860901, "Average Time per Epoch": 2.0050970315933228, "_wandb": {"runtime": 36}}