{"epoch": 23, "_timestamp": 1703335911.9218707, "loss": 0.008154163137078285, "root_mean_squared_error": 0.09030040353536606, "mean_absolute_percentage_error": 7253148.0, "mean_absolute_error": 0.05131339654326439, "val_loss": 0.010085712186992168, "val_root_mean_squared_error": 0.10042764991521835, "val_mean_absolute_percentage_error": 14972525.0, "val_mean_absolute_error": 0.06516093760728836, "_runtime": 59.10881471633911, "_step": 24, "best_val_loss": 0.009605132043361664, "best_epoch": 13, "Final MSE": 0.011410119011998177, "Final RMSE": 0.10681816190481186, "Final MAPE": 14801303.0, "Final MAE": 0.06470991671085358, "Total Training Time": 56.413185358047485, "Average Time per Epoch": 2.342715412378311, "_wandb": {"runtime": 57}}