{"epoch": 16, "_timestamp": 1703563307.6985803, "loss": 0.005187522619962692, "root_mean_squared_error": 0.07202445715665817, "mean_absolute_percentage_error": 7692.3759765625, "mean_absolute_error": 0.046484798192977905, "val_loss": 0.012119145132601261, "val_root_mean_squared_error": 0.11008699238300323, "val_mean_absolute_percentage_error": 70566.6953125, "val_mean_absolute_error": 0.07144539058208466, "_runtime": 28.09021830558777, "_step": 17, "best_val_loss": 0.01153250690549612, "best_epoch": 6, "Final MSE": 0.008941767737269402, "Final RMSE": 0.09456092119216919, "Final MAPE": 102527.6015625, "Final MAE": 0.06669279932975769, "Total Training Time": 25.822595834732056, "Average Time per Epoch": 1.5082714417401482, "_wandb": {"runtime": 26}}