{"epoch": 0, "_timestamp": 1703677351.9443605, "loss": 0.06890165060758591, "root_mean_squared_error": 0.26165133714675903, "mean_absolute_percentage_error": 94167768.0, "mean_absolute_error": 0.21343888342380524, "val_loss": 0.07165911793708801, "val_root_mean_squared_error": 0.2676922082901001, "val_mean_absolute_percentage_error": 96560960.0, "val_mean_absolute_error": 0.21270306408405304, "_runtime": 3.5445144176483154, "_step": 1, "best_val_loss": 0.07165911793708801, "best_epoch": 0, "Final MSE": 0.06423977017402649, "Final RMSE": 0.25345563888549805, "Final MAPE": 104628816.0, "Final MAE": 0.20238108932971954, "Total Training Time": 1.5424847602844238, "Average Time per Epoch": 1.4220008850097656, "_wandb": {"runtime": 1}}