{"epoch": 0, "_timestamp": 1703648663.6511073, "loss": 0.005835999734699726, "root_mean_squared_error": 0.07943987101316452, "mean_absolute_percentage_error": 31233.3046875, "mean_absolute_error": 0.05567105486989021, "val_loss": 0.008254854939877987, "val_root_mean_squared_error": 0.09085623174905777, "val_mean_absolute_percentage_error": 47305.4921875, "val_mean_absolute_error": 0.05970016121864319, "_runtime": 6.59500527381897, "_step": 1, "best_val_loss": 0.008254854939877987, "best_epoch": 0, "Final MSE": 0.008570759557187557, "Final RMSE": 0.09257839620113373, "Final MAPE": 128576.359375, "Final MAE": 0.06415651738643646, "Total Training Time": 4.799962282180786, "Average Time per Epoch": 4.6009602546691895, "_wandb": {"runtime": 5}}