{"epoch": 30, "_timestamp": 1703740166.5133288, "loss": 0.00849055964499712, "root_mean_squared_error": 0.09214423596858978, "mean_absolute_percentage_error": 8077326.0, "mean_absolute_error": 0.054548975080251694, "val_loss": 0.014130919240415096, "val_root_mean_squared_error": 0.11887354403734207, "val_mean_absolute_percentage_error": 9710153.0, "val_mean_absolute_error": 0.06725776940584183, "_runtime": 28.19292187690735, "_step": 31, "best_val_loss": 0.0129645811393857, "best_epoch": 20, "Final MSE": 0.0182478167116642, "Final RMSE": 0.13508448004722595, "Final MAPE": 16614312.0, "Final MAE": 0.07490111887454987, "Total Training Time": 26.770705699920654, "Average Time per Epoch": 0.8599044738277313, "_wandb": {"runtime": 27}}