{"epoch": 0, "_timestamp": 1703560559.7827349, "loss": 0.007577725686132908, "root_mean_squared_error": 0.09675829112529755, "mean_absolute_percentage_error": 153726.296875, "mean_absolute_error": 0.064846470952034, "val_loss": 0.00853483285754919, "val_root_mean_squared_error": 0.09238415956497192, "val_mean_absolute_percentage_error": 40280.359375, "val_mean_absolute_error": 0.06526876986026764, "_runtime": 3.863477945327759, "_step": 1, "best_val_loss": 0.00853483285754919, "best_epoch": 0, "Final MSE": 0.022627482190728188, "Final RMSE": 0.15042434632778168, "Final MAPE": 441115.625, "Final MAE": 0.10603737086057663, "Total Training Time": 1.901176929473877, "Average Time per Epoch": 1.7901732921600342, "_wandb": {"runtime": 2}}