{"epoch": 13, "_timestamp": 1703645156.4665415, "loss": 0.003975811414420605, "root_mean_squared_error": 0.06305403262376785, "mean_absolute_percentage_error": 12397.7705078125, "mean_absolute_error": 0.031785883009433746, "val_loss": 0.005331591237336397, "val_root_mean_squared_error": 0.07301774621009827, "val_mean_absolute_percentage_error": 63237.109375, "val_mean_absolute_error": 0.04836014285683632, "_runtime": 43.85340857505798, "_step": 14, "best_val_loss": 0.004677559714764357, "best_epoch": 3, "Final MSE": 0.014337006956338882, "Final RMSE": 0.11973723769187927, "Final MAPE": 256833.125, "Final MAE": 0.07692946493625641, "Total Training Time": 41.390711307525635, "Average Time per Epoch": 2.9414000681468417, "_wandb": {"runtime": 41}}