{"epoch": 23, "_timestamp": 1703649753.871044, "loss": 0.008217648603022099, "root_mean_squared_error": 0.0906512439250946, "mean_absolute_percentage_error": 11040.88671875, "mean_absolute_error": 0.05422847345471382, "val_loss": 0.013277419842779636, "val_root_mean_squared_error": 0.11522768437862396, "val_mean_absolute_percentage_error": 56084.359375, "val_mean_absolute_error": 0.07675336301326752, "_runtime": 22.46066188812256, "_step": 24, "best_val_loss": 0.012970170937478542, "best_epoch": 13, "Final MSE": 0.022836871445178986, "Final RMSE": 0.15111872553825378, "Final MAPE": 119516.8125, "Final MAE": 0.10982819646596909, "Total Training Time": 20.15386724472046, "Average Time per Epoch": 0.8340263068675995, "_wandb": {"runtime": 20}}