{"epoch": 17, "_timestamp": 1703654981.5074415, "loss": 0.006036642473191023, "root_mean_squared_error": 0.077695831656456, "mean_absolute_percentage_error": 1416.26904296875, "mean_absolute_error": 0.045328691601753235, "val_loss": 0.010684688575565815, "val_root_mean_squared_error": 0.10336676985025406, "val_mean_absolute_percentage_error": 73519.4296875, "val_mean_absolute_error": 0.05842830613255501, "_runtime": 29.872849464416504, "_step": 18, "best_val_loss": 0.010418795049190521, "best_epoch": 7, "Final MSE": 0.016917837783694267, "Final RMSE": 0.1300685852766037, "Final MAPE": 148193.953125, "Final MAE": 0.08672797679901123, "Total Training Time": 27.54501438140869, "Average Time per Epoch": 1.5202698840035334, "_wandb": {"runtime": 27}}