{"epoch": 33, "_timestamp": 1705615853.5799325, "loss": 0.005641183815896511, "root_mean_squared_error": 0.07510781288146973, "mean_absolute_percentage_error": 5419.388671875, "mean_absolute_error": 0.03448469564318657, "val_loss": 0.014657041989266872, "val_root_mean_squared_error": 0.12106627225875854, "val_mean_absolute_percentage_error": 64348.65625, "val_mean_absolute_error": 0.07809185236692429, "_runtime": 27.893474340438843, "_step": 34, "best_val_loss": 0.010249472223222256, "best_epoch": 23, "Final MSE": 0.018970370292663574, "Final RMSE": 0.13773296773433685, "Final MAPE": 205510.453125, "Final MAE": 0.08864693343639374, "Total Training Time": 25.67185068130493, "Average Time per Epoch": 0.7505989355199477, "_wandb": {"runtime": 26}}