{"epoch": 29, "_timestamp": 1703465224.8232985, "loss": 0.006110377609729767, "root_mean_squared_error": 0.07816890627145767, "mean_absolute_percentage_error": 6955328.0, "mean_absolute_error": 0.04515561833977699, "val_loss": 0.0071859210729599, "val_root_mean_squared_error": 0.08476981520652771, "val_mean_absolute_percentage_error": 5346444.0, "val_mean_absolute_error": 0.04875896871089935, "_runtime": 106.91529250144958, "_step": 30, "best_val_loss": 0.007120428141206503, "best_epoch": 19, "Final MSE": 0.007736864499747753, "Final RMSE": 0.08795944601297379, "Final MAPE": 9211454.0, "Final MAE": 0.05268777906894684, "Total Training Time": 104.5291223526001, "Average Time per Epoch": 3.4747114260991414, "_wandb": {"runtime": 105}}