{"epoch": 17, "_timestamp": 1703593472.8334577, "loss": 0.020631559193134308, "root_mean_squared_error": 0.14363695681095123, "mean_absolute_percentage_error": 39134.1171875, "mean_absolute_error": 0.08198154717683792, "val_loss": 0.021548353135585785, "val_root_mean_squared_error": 0.14679357409477234, "val_mean_absolute_percentage_error": 132884.1875, "val_mean_absolute_error": 0.0989607498049736, "_runtime": 16.767462730407715, "_step": 18, "best_val_loss": 0.021056627854704857, "best_epoch": 7, "Final MSE": 0.03320077061653137, "Final RMSE": 0.182210773229599, "Final MAPE": 269438.03125, "Final MAE": 0.11810965836048126, "Total Training Time": 14.859443664550781, "Average Time per Epoch": 0.8180805047353109, "_wandb": {"runtime": 15}}