{"epoch": 17, "_timestamp": 1703894977.3120103, "loss": 0.0095830662176013, "root_mean_squared_error": 0.0978931337594986, "mean_absolute_percentage_error": 4890.578125, "mean_absolute_error": 0.05531352758407593, "val_loss": 0.010279477573931217, "val_root_mean_squared_error": 0.10138776153326035, "val_mean_absolute_percentage_error": 41934.359375, "val_mean_absolute_error": 0.06410402059555054, "_runtime": 24.773823261260986, "_step": 18, "best_val_loss": 0.009363911114633083, "best_epoch": 7, "Final MSE": 0.01721092127263546, "Final RMSE": 0.13119040429592133, "Final MAPE": 27520.931640625, "Final MAE": 0.0894836038351059, "Total Training Time": 22.640256643295288, "Average Time per Epoch": 1.2472117874357436, "_wandb": {"runtime": 22}}