{"epoch": 0, "_timestamp": 1703803413.4180882, "loss": 0.011527152732014656, "root_mean_squared_error": 0.11926936358213425, "mean_absolute_percentage_error": 39891.609375, "mean_absolute_error": 0.0693226158618927, "val_loss": 0.00826865155249834, "val_root_mean_squared_error": 0.09093212336301804, "val_mean_absolute_percentage_error": 53551.50390625, "val_mean_absolute_error": 0.055489473044872284, "_runtime": 9.25123119354248, "_step": 1, "best_val_loss": 0.00826865155249834, "best_epoch": 0, "Final MSE": 0.015014908276498318, "Final RMSE": 0.1225353330373764, "Final MAPE": 38539.3203125, "Final MAE": 0.07662054151296616, "Total Training Time": 4.460235595703125, "Average Time per Epoch": 4.304650783538818, "_wandb": {"runtime": 4}}