{"epoch": 30, "_timestamp": 1705577699.9198415, "loss": 0.005198921542614698, "root_mean_squared_error": 0.07210354506969452, "mean_absolute_percentage_error": 141200.71875, "mean_absolute_error": 0.043144259601831436, "val_loss": 0.010180956684052944, "val_root_mean_squared_error": 0.10090072453022003, "val_mean_absolute_percentage_error": 327974.46875, "val_mean_absolute_error": 0.05805858597159386, "_runtime": 26.17850661277771, "_step": 31, "best_val_loss": 0.009921319782733917, "best_epoch": 20, "Final MSE": 0.014069774188101292, "Final RMSE": 0.11861608177423477, "Final MAPE": 29737.998046875, "Final MAE": 0.06693026423454285, "Total Training Time": 24.002168893814087, "Average Time per Epoch": 0.7695092462724255, "_wandb": {"runtime": 24}}