{"epoch": 11, "_timestamp": 1703745765.4417126, "loss": 0.007724006660282612, "root_mean_squared_error": 0.08788632601499557, "mean_absolute_percentage_error": 7963968.5, "mean_absolute_error": 0.05084318667650223, "val_loss": 0.006546946242451668, "val_root_mean_squared_error": 0.08091320097446442, "val_mean_absolute_percentage_error": 11126340.0, "val_mean_absolute_error": 0.05087706074118614, "_runtime": 19.350314617156982, "_step": 12, "best_val_loss": 0.006067444104701281, "best_epoch": 1, "Final MSE": 0.010422908701002598, "Final RMSE": 0.10209264606237411, "Final MAPE": 14552907.0, "Final MAE": 0.06416068226099014, "Total Training Time": 18.000263452529907, "Average Time per Epoch": 1.4854759375254314, "_wandb": {"runtime": 18}}