{"epoch": 10, "_timestamp": 1703558766.084987, "loss": 0.0031195725314319134, "root_mean_squared_error": 0.05585313215851784, "mean_absolute_percentage_error": 6160.10498046875, "mean_absolute_error": 0.02550850249826908, "val_loss": 0.004769366700202227, "val_root_mean_squared_error": 0.06906060129404068, "val_mean_absolute_percentage_error": 59055.6953125, "val_mean_absolute_error": 0.040915366262197495, "_runtime": 12.849669933319092, "_step": 11, "best_val_loss": 0.004114157520234585, "best_epoch": 0, "Final MSE": 0.006572176236659288, "Final RMSE": 0.0810689628124237, "Final MAPE": 56342.4765625, "Final MAE": 0.054598622024059296, "Total Training Time": 10.57844066619873, "Average Time per Epoch": 0.9502223838459362, "_wandb": {"runtime": 10}}