{"epoch": 22, "_timestamp": 1703192505.0148609, "loss": 0.004397127777338028, "root_mean_squared_error": 0.06631084531545639, "mean_absolute_percentage_error": 16399.208984375, "mean_absolute_error": 0.04683685302734375, "val_loss": 0.008476599119603634, "val_root_mean_squared_error": 0.09206844866275787, "val_mean_absolute_percentage_error": 107094.640625, "val_mean_absolute_error": 0.06979106366634369, "_runtime": 59.60813283920288, "_step": 23, "best_val_loss": 0.007573085371404886, "best_epoch": 12, "Final MSE": 0.007865875959396362, "Final RMSE": 0.08868977427482605, "Final MAPE": 168346.90625, "Final MAE": 0.0674137994647026, "Total Training Time": 56.91200613975525, "Average Time per Epoch": 2.4659573720849077, "_wandb": {"runtime": 57}}