{"epoch": 23, "_timestamp": 1703438945.3379095, "loss": 0.00900016725063324, "root_mean_squared_error": 0.0948692113161087, "mean_absolute_percentage_error": 9107840.0, "mean_absolute_error": 0.05651587247848511, "val_loss": 0.012326443567872047, "val_root_mean_squared_error": 0.11102452129125595, "val_mean_absolute_percentage_error": 15489234.0, "val_mean_absolute_error": 0.07081183046102524, "_runtime": 20.55353546142578, "_step": 24, "best_val_loss": 0.010607868432998657, "best_epoch": 13, "Final MSE": 0.014974652789533138, "Final RMSE": 0.12237096577882767, "Final MAPE": 18859432.0, "Final MAE": 0.0768778994679451, "Total Training Time": 18.244606256484985, "Average Time per Epoch": 0.7549268106619517, "_wandb": {"runtime": 18}}