{"epoch": 0, "_timestamp": 1703717367.6900485, "loss": 0.057347774505615234, "root_mean_squared_error": 0.24999509751796722, "mean_absolute_percentage_error": 84666480.0, "mean_absolute_error": 0.19041720032691956, "val_loss": 0.083652064204216, "val_root_mean_squared_error": 0.2892266511917114, "val_mean_absolute_percentage_error": 16635543.0, "val_mean_absolute_error": 0.16246576607227325, "_runtime": 59.76884651184082, "_step": 1, "best_val_loss": 0.083652064204216, "best_epoch": 0, "Final MSE": 0.06581103801727295, "Final RMSE": 0.2565366327762604, "Final MAPE": 26301658.0, "Final MAE": 0.138300359249115, "Total Training Time": 58.61364245414734, "Average Time per Epoch": 55.82471299171448, "_wandb": {"runtime": 58}}