{"epoch": 34, "_timestamp": 1703918262.6180825, "loss": 0.006280797068029642, "root_mean_squared_error": 0.0792514830827713, "mean_absolute_percentage_error": 18626.181640625, "mean_absolute_error": 0.05089457333087921, "val_loss": 0.011714707128703594, "val_root_mean_squared_error": 0.10823450237512589, "val_mean_absolute_percentage_error": 33242.49609375, "val_mean_absolute_error": 0.0735718160867691, "_runtime": 121.57552361488342, "_step": 35, "best_val_loss": 0.011117933318018913, "best_epoch": 24, "Final MSE": 0.019558986648917198, "Final RMSE": 0.13985344767570496, "Final MAPE": 50981.984375, "Final MAE": 0.09756889194250107, "Total Training Time": 119.00376725196838, "Average Time per Epoch": 3.390613535472325, "_wandb": {"runtime": 119}}