{"epoch": 14, "_timestamp": 1703470805.5019882, "loss": 0.010057560168206692, "root_mean_squared_error": 0.10028738528490067, "mean_absolute_percentage_error": 11622508.0, "mean_absolute_error": 0.057089824229478836, "val_loss": 0.017107997089624405, "val_root_mean_squared_error": 0.13079753518104553, "val_mean_absolute_percentage_error": 16818742.0, "val_mean_absolute_error": 0.07453270256519318, "_runtime": 53.39207220077515, "_step": 15, "best_val_loss": 0.012968203984200954, "best_epoch": 4, "Final MSE": 0.018700651824474335, "Final RMSE": 0.13675032556056976, "Final MAPE": 26795062.0, "Final MAE": 0.08164256811141968, "Total Training Time": 50.97210168838501, "Average Time per Epoch": 3.3810662110646565, "_wandb": {"runtime": 51}}