{"epoch": 19, "_timestamp": 1703594940.3292599, "loss": 0.02165200375020504, "root_mean_squared_error": 0.14714615046977997, "mean_absolute_percentage_error": 30169.08203125, "mean_absolute_error": 0.08426804840564728, "val_loss": 0.02646641433238983, "val_root_mean_squared_error": 0.16268497705459595, "val_mean_absolute_percentage_error": 107799.515625, "val_mean_absolute_error": 0.08547613024711609, "_runtime": 31.439106941223145, "_step": 20, "best_val_loss": 0.026444479823112488, "best_epoch": 9, "Final MSE": 0.028574572876095772, "Final RMSE": 0.16904014348983765, "Final MAPE": 219573.78125, "Final MAE": 0.09736207127571106, "Total Training Time": 15.597520112991333, "Average Time per Epoch": 0.7732110857963562, "_wandb": {"runtime": 15}}