{"epoch": 12, "_timestamp": 1703198181.367594, "loss": 0.015093705616891384, "root_mean_squared_error": 0.12285646796226501, "mean_absolute_percentage_error": 32549.595703125, "mean_absolute_error": 0.07908982783555984, "val_loss": 0.018995508551597595, "val_root_mean_squared_error": 0.1378241926431656, "val_mean_absolute_percentage_error": 224181.40625, "val_mean_absolute_error": 0.08420531451702118, "_runtime": 12.482444047927856, "_step": 13, "best_val_loss": 0.01802120916545391, "best_epoch": 2, "Final MSE": 0.039332665503025055, "Final RMSE": 0.19832462072372437, "Final MAPE": 228749.03125, "Final MAE": 0.13667620718479156, "Total Training Time": 10.312374830245972, "Average Time per Epoch": 0.7839498153099647, "_wandb": {"runtime": 10}}