{"epoch": 17, "_timestamp": 1703743125.727921, "loss": 0.009312069974839687, "root_mean_squared_error": 0.09649907052516937, "mean_absolute_percentage_error": 10661930.0, "mean_absolute_error": 0.059102971106767654, "val_loss": 0.012344861403107643, "val_root_mean_squared_error": 0.11110743135213852, "val_mean_absolute_percentage_error": 14076964.0, "val_mean_absolute_error": 0.0684409812092781, "_runtime": 27.88533306121826, "_step": 18, "best_val_loss": 0.012205797247588634, "best_epoch": 7, "Final MSE": 0.013172511011362076, "Final RMSE": 0.11477155983448029, "Final MAPE": 25233260.0, "Final MAE": 0.07886572927236557, "Total Training Time": 26.55162501335144, "Average Time per Epoch": 1.4662325382232666, "_wandb": {"runtime": 26}}