{"epoch": 23, "_timestamp": 1703801027.6782236, "loss": 0.01107597816735506, "root_mean_squared_error": 0.10524247586727142, "mean_absolute_percentage_error": 225.20562744140625, "mean_absolute_error": 0.061825208365917206, "val_loss": 0.007053927518427372, "val_root_mean_squared_error": 0.08398766070604324, "val_mean_absolute_percentage_error": 111812.1640625, "val_mean_absolute_error": 0.0502086840569973, "_runtime": 46.51642966270447, "_step": 24, "best_val_loss": 0.006505270022898912, "best_epoch": 13, "Final MSE": 0.03517679497599602, "Final RMSE": 0.18755477666854858, "Final MAPE": 260503.328125, "Final MAE": 0.11364550143480301, "Total Training Time": 45.06267333030701, "Average Time per Epoch": 1.870766540368398, "_wandb": {"runtime": 45}}