{"epoch": 0, "_timestamp": 1703560721.7405133, "loss": 0.006818010006099939, "root_mean_squared_error": 0.08735166490077972, "mean_absolute_percentage_error": 7132.80859375, "mean_absolute_error": 0.050113365054130554, "val_loss": 0.011863763444125652, "val_root_mean_squared_error": 0.10892090201377869, "val_mean_absolute_percentage_error": 35399.79296875, "val_mean_absolute_error": 0.05933353677392006, "_runtime": 3.9335412979125977, "_step": 1, "best_val_loss": 0.011863763444125652, "best_epoch": 0, "Final MSE": 0.013279687613248825, "Final RMSE": 0.1152375265955925, "Final MAPE": 37163.75390625, "Final MAE": 0.07953277975320816, "Total Training Time": 1.9400837421417236, "Average Time per Epoch": 1.8280322551727295, "_wandb": {"runtime": 2}}