{"epoch": 23, "_timestamp": 1705601664.1326501, "loss": 0.005946484860032797, "root_mean_squared_error": 0.07711345702409744, "mean_absolute_percentage_error": 108273.28125, "mean_absolute_error": 0.0440099872648716, "val_loss": 0.007322279736399651, "val_root_mean_squared_error": 0.0855703204870224, "val_mean_absolute_percentage_error": 56260.03515625, "val_mean_absolute_error": 0.058036789298057556, "_runtime": 77.87963104248047, "_step": 24, "best_val_loss": 0.00682098651304841, "best_epoch": 13, "Final MSE": 0.012816276401281357, "Final RMSE": 0.11320899426937103, "Final MAPE": 304644.5, "Final MAE": 0.07921084016561508, "Total Training Time": 76.42511200904846, "Average Time per Epoch": 3.1740540663401284, "_wandb": {"runtime": 76}}