{"epoch": 0, "_timestamp": 1703819349.9928415, "loss": 0.009464332833886147, "root_mean_squared_error": 0.10442432761192322, "mean_absolute_percentage_error": 85585.734375, "mean_absolute_error": 0.07150174677371979, "val_loss": 0.01294439472258091, "val_root_mean_squared_error": 0.11377343535423279, "val_mean_absolute_percentage_error": 73938.6171875, "val_mean_absolute_error": 0.0891532450914383, "_runtime": 3.794889450073242, "_step": 1, "best_val_loss": 0.01294439472258091, "best_epoch": 0, "Final MSE": 0.022718049585819244, "Final RMSE": 0.1507250815629959, "Final MAPE": 281718.125, "Final MAE": 0.11602070927619934, "Total Training Time": 2.5648417472839355, "Average Time per Epoch": 2.4227261543273926, "_wandb": {"runtime": 2}}