{"epoch": 0, "_timestamp": 1703677479.5004144, "loss": 0.08001546561717987, "root_mean_squared_error": 0.2706756889820099, "mean_absolute_percentage_error": 93596848.0, "mean_absolute_error": 0.2216409593820572, "val_loss": 0.07903429865837097, "val_root_mean_squared_error": 0.2811304032802582, "val_mean_absolute_percentage_error": 102780368.0, "val_mean_absolute_error": 0.23232139647006989, "_runtime": 2.6717042922973633, "_step": 1, "best_val_loss": 0.07903429865837097, "best_epoch": 0, "Final MSE": 0.08598370105028152, "Final RMSE": 0.29322969913482666, "Final MAPE": 111173288.0, "Final MAE": 0.23665739595890045, "Total Training Time": 1.5926263332366943, "Average Time per Epoch": 1.4846296310424805, "_wandb": {"runtime": 1}}