{"epoch": 0, "_timestamp": 1703537161.4611487, "loss": 0.0251451525837183, "root_mean_squared_error": 0.1592179387807846, "mean_absolute_percentage_error": 34773.22265625, "mean_absolute_error": 0.11025919020175934, "val_loss": 0.012182754464447498, "val_root_mean_squared_error": 0.11037551611661911, "val_mean_absolute_percentage_error": 27155.087890625, "val_mean_absolute_error": 0.06658849865198135, "_runtime": 25.462873697280884, "_step": 1, "best_val_loss": 0.012182754464447498, "best_epoch": 0, "Final MSE": 0.026023952290415764, "Final RMSE": 0.16131940484046936, "Final MAPE": 79482.7265625, "Final MAE": 0.10267545282840729, "Total Training Time": 24.09585475921631, "Average Time per Epoch": 23.070108890533447, "_wandb": {"runtime": 24}}