{"epoch": 21, "_timestamp": 1703743162.6097722, "loss": 0.009383528493344784, "root_mean_squared_error": 0.0968686118721962, "mean_absolute_percentage_error": 9177945.0, "mean_absolute_error": 0.05692180246114731, "val_loss": 0.009761623106896877, "val_root_mean_squared_error": 0.09880092740058899, "val_mean_absolute_percentage_error": 12412453.0, "val_mean_absolute_error": 0.06098058447241783, "_runtime": 33.46120524406433, "_step": 22, "best_val_loss": 0.009552300907671452, "best_epoch": 11, "Final MSE": 0.014345602132380009, "Final RMSE": 0.11977312713861465, "Final MAPE": 17155086.0, "Final MAE": 0.0721396952867508, "Total Training Time": 32.12818169593811, "Average Time per Epoch": 1.4524228789589622, "_wandb": {"runtime": 32}}