{"epoch": 50, "_timestamp": 1703544721.560671, "loss": 0.004960118792951107, "root_mean_squared_error": 0.07042811065912247, "mean_absolute_percentage_error": 6199.67919921875, "mean_absolute_error": 0.04532366991043091, "val_loss": 0.010516278445720673, "val_root_mean_squared_error": 0.10254890471696854, "val_mean_absolute_percentage_error": 105534.4921875, "val_mean_absolute_error": 0.06826350092887878, "_runtime": 101.15468215942383, "_step": 51, "best_val_loss": 0.010427559725940228, "best_epoch": 40, "Final MSE": 0.007897366769611835, "Final RMSE": 0.08886712789535522, "Final MAPE": 113796.7890625, "Final MAE": 0.06227922812104225, "Total Training Time": 98.67721891403198, "Average Time per Epoch": 1.9302036201252657, "_wandb": {"runtime": 99}}