{"epoch": 17, "_timestamp": 1705634263.28558, "loss": 0.00466314610093832, "root_mean_squared_error": 0.06828723102807999, "mean_absolute_percentage_error": 115014.109375, "mean_absolute_error": 0.03705340996384621, "val_loss": 0.008329195901751518, "val_root_mean_squared_error": 0.09126442670822144, "val_mean_absolute_percentage_error": 51172.87890625, "val_mean_absolute_error": 0.05167841538786888, "_runtime": 55.08684301376343, "_step": 18, "best_val_loss": 0.008034163154661655, "best_epoch": 7, "Final MSE": 0.013217078521847725, "Final RMSE": 0.11496555060148239, "Final MAPE": 50501.93359375, "Final MAE": 0.06911645829677582, "Total Training Time": 52.63849401473999, "Average Time per Epoch": 2.9108516772588096, "_wandb": {"runtime": 53}}