{"epoch": 0, "_timestamp": 1703652201.4970279, "loss": 0.013012589886784554, "root_mean_squared_error": 0.11661703884601593, "mean_absolute_percentage_error": 43079.625, "mean_absolute_error": 0.07650238275527954, "val_loss": 0.014684910885989666, "val_root_mean_squared_error": 0.12118131667375565, "val_mean_absolute_percentage_error": 67457.9375, "val_mean_absolute_error": 0.07397191971540451, "_runtime": 3.9160118103027344, "_step": 1, "best_val_loss": 0.014684910885989666, "best_epoch": 0, "Final MSE": 0.018391044810414314, "Final RMSE": 0.1356135904788971, "Final MAPE": 93662.3203125, "Final MAE": 0.08919602632522583, "Total Training Time": 1.889037847518921, "Average Time per Epoch": 1.781012773513794, "_wandb": {"runtime": 2}}