{"epoch": 16, "_timestamp": 1703801473.6255114, "loss": 0.011525887064635754, "root_mean_squared_error": 0.10735868662595749, "mean_absolute_percentage_error": 197790.03125, "mean_absolute_error": 0.07476575672626495, "val_loss": 0.01707262545824051, "val_root_mean_squared_error": 0.13066226243972778, "val_mean_absolute_percentage_error": 14846.53515625, "val_mean_absolute_error": 0.0879364162683487, "_runtime": 35.019906520843506, "_step": 17, "best_val_loss": 0.015495180152356625, "best_epoch": 6, "Final MSE": 0.020129619166254997, "Final RMSE": 0.1418788880109787, "Final MAPE": 232028.203125, "Final MAE": 0.09318429231643677, "Total Training Time": 33.0761981010437, "Average Time per Epoch": 1.9361582924337948, "_wandb": {"runtime": 33}}