{"epoch": 24, "_timestamp": 1703148109.2745514, "loss": 0.0065690758638083935, "root_mean_squared_error": 0.0810498371720314, "mean_absolute_percentage_error": 3429.358154296875, "mean_absolute_error": 0.04527352750301361, "val_loss": 0.014363443478941917, "val_root_mean_squared_error": 0.11984758079051971, "val_mean_absolute_percentage_error": 33038.96875, "val_mean_absolute_error": 0.06903935968875885, "_runtime": 22.16054129600525, "_step": 25, "best_val_loss": 0.012428761459887028, "best_epoch": 14, "Final MSE": 0.016025269404053688, "Final RMSE": 0.12659095227718353, "Final MAPE": 27719.533203125, "Final MAE": 0.08170456439256668, "Total Training Time": 19.877049446105957, "Average Time per Epoch": 0.7895613479614257, "_wandb": {"runtime": 20}}