{"epoch": 0, "_timestamp": 1703803507.3616385, "loss": 0.01575895957648754, "root_mean_squared_error": 0.1278984248638153, "mean_absolute_percentage_error": 259506.546875, "mean_absolute_error": 0.07832939922809601, "val_loss": 0.00866403803229332, "val_root_mean_squared_error": 0.09308081120252609, "val_mean_absolute_percentage_error": 234409.015625, "val_mean_absolute_error": 0.057614393532276154, "_runtime": 9.431745529174805, "_step": 1, "best_val_loss": 0.00866403803229332, "best_epoch": 0, "Final MSE": 0.02049509808421135, "Final RMSE": 0.1431610882282257, "Final MAPE": 66415.75, "Final MAE": 0.08793310821056366, "Total Training Time": 4.483472108840942, "Average Time per Epoch": 4.333317041397095, "_wandb": {"runtime": 4}}