{"epoch": 0, "_timestamp": 1703592632.7683132, "loss": 0.00875901523977518, "root_mean_squared_error": 0.09746119379997253, "mean_absolute_percentage_error": 31508.021484375, "mean_absolute_error": 0.06748036295175552, "val_loss": 0.018893953412771225, "val_root_mean_squared_error": 0.1374552845954895, "val_mean_absolute_percentage_error": 94898.7578125, "val_mean_absolute_error": 0.09435144811868668, "_runtime": 7.462884187698364, "_step": 1, "best_val_loss": 0.018893953412771225, "best_epoch": 0, "Final MSE": 0.01763913407921791, "Final RMSE": 0.13281239569187164, "Final MAPE": 108506.9140625, "Final MAE": 0.09920962899923325, "Total Training Time": 6.3281190395355225, "Average Time per Epoch": 6.166120767593384, "_wandb": {"runtime": 6}}