{"epoch": 39, "_timestamp": 1703185572.5449014, "loss": 0.00723300501704216, "root_mean_squared_error": 0.08504707366228104, "mean_absolute_percentage_error": 8183.421875, "mean_absolute_error": 0.052593328058719635, "val_loss": 0.023311790078878403, "val_root_mean_squared_error": 0.15268199145793915, "val_mean_absolute_percentage_error": 96833.234375, "val_mean_absolute_error": 0.1001555323600769, "_runtime": 97.77642440795898, "_step": 40, "best_val_loss": 0.01891338638961315, "best_epoch": 29, "Final MSE": 0.0315619558095932, "Final RMSE": 0.1776568442583084, "Final MAPE": 334711.75, "Final MAE": 0.13118189573287964, "Total Training Time": 95.20416688919067, "Average Time per Epoch": 2.374728786945343, "_wandb": {"runtime": 95}}