{"epoch": 20, "_timestamp": 1703763175.9074137, "loss": 0.028302395716309547, "root_mean_squared_error": 0.16823312640190125, "mean_absolute_percentage_error": 222565.25, "mean_absolute_error": 0.1305406093597412, "val_loss": 0.03947873413562775, "val_root_mean_squared_error": 0.19869254529476166, "val_mean_absolute_percentage_error": 100322.8984375, "val_mean_absolute_error": 0.14879967272281647, "_runtime": 17.185385704040527, "_step": 21, "best_val_loss": 0.03902241960167885, "best_epoch": 10, "Final MSE": 0.042319245636463165, "Final RMSE": 0.20571641623973846, "Final MAPE": 613080.0625, "Final MAE": 0.16393283009529114, "Total Training Time": 15.203124046325684, "Average Time per Epoch": 0.7185622737521217, "_wandb": {"runtime": 15}}