{"epoch": 10, "_timestamp": 1703500394.671555, "loss": 0.0056524379178881645, "root_mean_squared_error": 0.07518269866704941, "mean_absolute_percentage_error": 115939.578125, "mean_absolute_error": 0.041775502264499664, "val_loss": 0.005656909197568893, "val_root_mean_squared_error": 0.07521242648363113, "val_mean_absolute_percentage_error": 429862.71875, "val_mean_absolute_error": 0.049089040607213974, "_runtime": 30.75341296195984, "_step": 11, "best_val_loss": 0.004909578710794449, "best_epoch": 0, "Final MSE": 0.0248920526355505, "Final RMSE": 0.15777215361595154, "Final MAPE": 81171.421875, "Final MAE": 0.09610690921545029, "Total Training Time": 28.045899152755737, "Average Time per Epoch": 2.5343540365045722, "_wandb": {"runtime": 28}}