{"epoch": 39, "_timestamp": 1705618550.4476001, "loss": 0.005317088682204485, "root_mean_squared_error": 0.0729183703660965, "mean_absolute_percentage_error": 56305.86328125, "mean_absolute_error": 0.03734571859240532, "val_loss": 0.008082529529929161, "val_root_mean_squared_error": 0.08990289270877838, "val_mean_absolute_percentage_error": 22936.517578125, "val_mean_absolute_error": 0.03845389559864998, "_runtime": 51.8943932056427, "_step": 40, "best_val_loss": 0.007997334003448486, "best_epoch": 29, "Final MSE": 0.013098733499646187, "Final RMSE": 0.11444970220327377, "Final MAPE": 66351.390625, "Final MAE": 0.05196627601981163, "Total Training Time": 49.63575482368469, "Average Time per Epoch": 1.2361704766750337, "_wandb": {"runtime": 50}}