{"epoch": 0, "_timestamp": 1703548922.2585914, "loss": 0.006229151040315628, "root_mean_squared_error": 0.08984926342964172, "mean_absolute_percentage_error": 111538.6484375, "mean_absolute_error": 0.04933278635144234, "val_loss": 0.005049014929682016, "val_root_mean_squared_error": 0.07105641812086105, "val_mean_absolute_percentage_error": 189918.640625, "val_mean_absolute_error": 0.041547760367393494, "_runtime": 11.234959363937378, "_step": 1, "best_val_loss": 0.005049014929682016, "best_epoch": 0, "Final MSE": 0.021686801686882973, "Final RMSE": 0.14726439118385315, "Final MAPE": 86943.265625, "Final MAE": 0.09481292217969894, "Total Training Time": 4.550804376602173, "Average Time per Epoch": 4.3967604637146, "_wandb": {"runtime": 4}}