{"epoch": 0, "_timestamp": 1703741204.9604788, "loss": 0.008249436505138874, "root_mean_squared_error": 0.09088580310344696, "mean_absolute_percentage_error": 8617669.0, "mean_absolute_error": 0.054729312658309937, "val_loss": 0.007512403652071953, "val_root_mean_squared_error": 0.08667412400245667, "val_mean_absolute_percentage_error": 7071164.0, "val_mean_absolute_error": 0.049896787852048874, "_runtime": 3.705664873123169, "_step": 1, "best_val_loss": 0.007512403652071953, "best_epoch": 0, "Final MSE": 0.008800506591796875, "Final RMSE": 0.09381101280450821, "Final MAPE": 13374551.0, "Final MAE": 0.0604885034263134, "Total Training Time": 1.8639564514160156, "Average Time per Epoch": 1.7491309642791748, "_wandb": {"runtime": 2}}