{"epoch": 52, "_timestamp": 1703465989.8970506, "loss": 0.007638756185770035, "root_mean_squared_error": 0.08739997446537018, "mean_absolute_percentage_error": 6476753.5, "mean_absolute_error": 0.04950980842113495, "val_loss": 0.008516507223248482, "val_root_mean_squared_error": 0.0922849252820015, "val_mean_absolute_percentage_error": 7196047.0, "val_mean_absolute_error": 0.05299634858965874, "_runtime": 173.63237953186035, "_step": 53, "best_val_loss": 0.007416058797389269, "best_epoch": 42, "Final MSE": 0.009771330282092094, "Final RMSE": 0.09885004162788391, "Final MAPE": 11907784.0, "Final MAE": 0.05604337900876999, "Total Training Time": 171.11707663536072, "Average Time per Epoch": 3.2228971472326315, "_wandb": {"runtime": 171}}