{"epoch": 37, "_timestamp": 1703559507.1063247, "loss": 0.005045035853981972, "root_mean_squared_error": 0.07102841883897781, "mean_absolute_percentage_error": 59459.78515625, "mean_absolute_error": 0.036267198622226715, "val_loss": 0.008707323111593723, "val_root_mean_squared_error": 0.09331303834915161, "val_mean_absolute_percentage_error": 17967.8203125, "val_mean_absolute_error": 0.04738670960068703, "_runtime": 35.59930872917175, "_step": 38, "best_val_loss": 0.008037600666284561, "best_epoch": 27, "Final MSE": 0.014266656711697578, "Final RMSE": 0.11944311112165451, "Final MAPE": 99273.3359375, "Final MAE": 0.06442464888095856, "Total Training Time": 33.41248273849487, "Average Time per Epoch": 0.8751693901262785, "_wandb": {"runtime": 33}}