{"epoch": 0, "_timestamp": 1703812075.773489, "loss": 0.004524409305304289, "root_mean_squared_error": 0.0731218084692955, "mean_absolute_percentage_error": 25278.654296875, "mean_absolute_error": 0.04527031630277634, "val_loss": 0.008838913403451443, "val_root_mean_squared_error": 0.09401549398899078, "val_mean_absolute_percentage_error": 55278.66796875, "val_mean_absolute_error": 0.06080454960465431, "_runtime": 5.818993091583252, "_step": 1, "best_val_loss": 0.008838913403451443, "best_epoch": 0, "Final MSE": 0.011260872706770897, "Final RMSE": 0.10611725598573685, "Final MAPE": 137667.375, "Final MAE": 0.07152502983808517, "Total Training Time": 4.571094989776611, "Average Time per Epoch": 4.376922369003296, "_wandb": {"runtime": 4}}