{"epoch": 31, "_timestamp": 1703844005.0596905, "loss": 0.007951288484036922, "root_mean_squared_error": 0.08916999399662018, "mean_absolute_percentage_error": 97720.375, "mean_absolute_error": 0.0551433265209198, "val_loss": 0.019188804551959038, "val_root_mean_squared_error": 0.138523668050766, "val_mean_absolute_percentage_error": 22857.6640625, "val_mean_absolute_error": 0.08213935047388077, "_runtime": 76.28643655776978, "_step": 32, "best_val_loss": 0.01889241859316826, "best_epoch": 21, "Final MSE": 0.024012699723243713, "Final RMSE": 0.15496031939983368, "Final MAPE": 48747.9296875, "Final MAE": 0.10561402142047882, "Total Training Time": 73.78306937217712, "Average Time per Epoch": 2.2986007407307625, "_wandb": {"runtime": 74}}