{"epoch": 17, "_timestamp": 1703451351.1925359, "loss": 0.006540544331073761, "root_mean_squared_error": 0.08087363094091415, "mean_absolute_percentage_error": 8811280.0, "mean_absolute_error": 0.04831458255648613, "val_loss": 0.008667580783367157, "val_root_mean_squared_error": 0.09309983998537064, "val_mean_absolute_percentage_error": 22110162.0, "val_mean_absolute_error": 0.06568007916212082, "_runtime": 48.84514594078064, "_step": 18, "best_val_loss": 0.008196636103093624, "best_epoch": 7, "Final MSE": 0.008288180455565453, "Final RMSE": 0.09103944152593613, "Final MAPE": 23632668.0, "Final MAE": 0.06328493356704712, "Total Training Time": 46.4139142036438, "Average Time per Epoch": 2.566940347353617, "_wandb": {"runtime": 47}}