{"epoch": 12, "_timestamp": 1703894012.7690737, "loss": 0.012859292328357697, "root_mean_squared_error": 0.11339882016181946, "mean_absolute_percentage_error": 180012.015625, "mean_absolute_error": 0.07900290191173553, "val_loss": 0.01797596551477909, "val_root_mean_squared_error": 0.13407447934150696, "val_mean_absolute_percentage_error": 108552.5859375, "val_mean_absolute_error": 0.10386296361684799, "_runtime": 18.896758794784546, "_step": 13, "best_val_loss": 0.014385797083377838, "best_epoch": 2, "Final MSE": 0.02361517772078514, "Final RMSE": 0.15367230772972107, "Final MAPE": 501497.5, "Final MAE": 0.12194202840328217, "Total Training Time": 16.666661500930786, "Average Time per Epoch": 1.2715090054732103, "_wandb": {"runtime": 17}}