{"epoch": 0, "_timestamp": 1703814901.0094788, "loss": 0.008217694237828255, "root_mean_squared_error": 0.09831372648477554, "mean_absolute_percentage_error": 51526.25, "mean_absolute_error": 0.06448142230510712, "val_loss": 0.012605445459485054, "val_root_mean_squared_error": 0.11227397620677948, "val_mean_absolute_percentage_error": 21743.99609375, "val_mean_absolute_error": 0.07374022156000137, "_runtime": 3.663956880569458, "_step": 1, "best_val_loss": 0.012605445459485054, "best_epoch": 0, "Final MSE": 0.021710289642214775, "Final RMSE": 0.14734411239624023, "Final MAPE": 146638.078125, "Final MAE": 0.10133177042007446, "Total Training Time": 1.8333666324615479, "Average Time per Epoch": 1.7223434448242188, "_wandb": {"runtime": 1}}