{"epoch": 63, "_timestamp": 1703183549.0663161, "loss": 0.0056163715198636055, "root_mean_squared_error": 0.0749424546957016, "mean_absolute_percentage_error": 12056.6337890625, "mean_absolute_error": 0.04240088909864426, "val_loss": 0.007054919842630625, "val_root_mean_squared_error": 0.0839935690164566, "val_mean_absolute_percentage_error": 52127.30078125, "val_mean_absolute_error": 0.04457976296544075, "_runtime": 153.54527306556702, "_step": 64, "best_val_loss": 0.006988201290369034, "best_epoch": 53, "Final MSE": 0.00679008336737752, "Final RMSE": 0.08240196108818054, "Final MAPE": 81769.3984375, "Final MAE": 0.05531291291117668, "Total Training Time": 150.86426305770874, "Average Time per Epoch": 2.3531376123428345, "_wandb": {"runtime": 151}}