{"epoch": 15, "_timestamp": 1703916893.5855477, "loss": 0.003782843239605427, "root_mean_squared_error": 0.061504822224378586, "mean_absolute_percentage_error": 8120.0078125, "mean_absolute_error": 0.03452054038643837, "val_loss": 0.013300951570272446, "val_root_mean_squared_error": 0.11532974988222122, "val_mean_absolute_percentage_error": 97487.53125, "val_mean_absolute_error": 0.06964641809463501, "_runtime": 67.21106171607971, "_step": 16, "best_val_loss": 0.010351641103625298, "best_epoch": 5, "Final MSE": 0.0206863135099411, "Final RMSE": 0.1438273787498474, "Final MAPE": 23714.546875, "Final MAE": 0.07718988507986069, "Total Training Time": 64.87309789657593, "Average Time per Epoch": 4.036197945475578, "_wandb": {"runtime": 65}}