{"epoch": 19, "_timestamp": 1703099263.3484812, "loss": 0.01793421059846878, "root_mean_squared_error": 0.1339186280965805, "mean_absolute_percentage_error": 13296.724609375, "mean_absolute_error": 0.06148841604590416, "val_loss": 0.014667085371911526, "val_root_mean_squared_error": 0.12110774964094162, "val_mean_absolute_percentage_error": 94519.640625, "val_mean_absolute_error": 0.06741875410079956, "_runtime": 17.72186517715454, "_step": 20, "best_val_loss": 0.014308510348200798, "best_epoch": 9, "Final MSE": 0.013183263130486012, "Final RMSE": 0.11481838673353195, "Final MAPE": 194209.453125, "Final MAE": 0.06888624280691147, "Total Training Time": 15.494120121002197, "Average Time per Epoch": 0.7679558515548706, "_wandb": {"runtime": 15}}