{"epoch": 21, "_timestamp": 1703210155.3927784, "loss": 0.008118600584566593, "root_mean_squared_error": 0.09010327607393265, "mean_absolute_percentage_error": 31327.76953125, "mean_absolute_error": 0.06635414808988571, "val_loss": 0.021780148148536682, "val_root_mean_squared_error": 0.14758098125457764, "val_mean_absolute_percentage_error": 181762.671875, "val_mean_absolute_error": 0.11277280747890472, "_runtime": 276.9040343761444, "_step": 22, "best_val_loss": 0.018540911376476288, "best_epoch": 11, "Final MSE": 0.03378007188439369, "Final RMSE": 0.1837935596704483, "Final MAPE": 6673.93408203125, "Final MAE": 0.1337616741657257, "Total Training Time": 274.40613865852356, "Average Time per Epoch": 12.43886871771379, "_wandb": {"runtime": 275}}