{"epoch": 37, "_timestamp": 1703288920.821197, "loss": 0.0046372483484447, "root_mean_squared_error": 0.06809734553098679, "mean_absolute_percentage_error": 11210.8505859375, "mean_absolute_error": 0.035857390612363815, "val_loss": 0.017748532816767693, "val_root_mean_squared_error": 0.13322362303733826, "val_mean_absolute_percentage_error": 134797.40625, "val_mean_absolute_error": 0.1115880087018013, "_runtime": 51.657289028167725, "_step": 38, "best_val_loss": 0.008602555841207504, "best_epoch": 27, "Final MSE": 0.017121441662311554, "Final RMSE": 0.1308489292860031, "Final MAPE": 199915.90625, "Final MAE": 0.1047605499625206, "Total Training Time": 49.29560422897339, "Average Time per Epoch": 1.292330879914133, "_wandb": {"runtime": 49}}