{"epoch": 26, "_timestamp": 1703923910.5980444, "loss": 0.005260942969471216, "root_mean_squared_error": 0.07253235578536987, "mean_absolute_percentage_error": 27723.931640625, "mean_absolute_error": 0.04588693752884865, "val_loss": 0.008078520186245441, "val_root_mean_squared_error": 0.08988058567047119, "val_mean_absolute_percentage_error": 35525.484375, "val_mean_absolute_error": 0.05614480748772621, "_runtime": 111.51389241218567, "_step": 27, "best_val_loss": 0.00793651957064867, "best_epoch": 16, "Final MSE": 0.009905234910547733, "Final RMSE": 0.09952504932880402, "Final MAPE": 248575.96875, "Final MAE": 0.06124801188707352, "Total Training Time": 109.19094014167786, "Average Time per Epoch": 4.030560731887817, "_wandb": {"runtime": 109}}