{"epoch": 0, "_timestamp": 1703729347.5618286, "loss": 0.008169582113623619, "root_mean_squared_error": 0.09142278879880905, "mean_absolute_percentage_error": 10378815.0, "mean_absolute_error": 0.05417747050523758, "val_loss": 0.012037765234708786, "val_root_mean_squared_error": 0.1097167506814003, "val_mean_absolute_percentage_error": 8353990.5, "val_mean_absolute_error": 0.06124625355005264, "_runtime": 12.653642654418945, "_step": 1, "best_val_loss": 0.012037765234708786, "best_epoch": 0, "Final MSE": 0.010040241293609142, "Final RMSE": 0.10020100325345993, "Final MAPE": 10102407.0, "Final MAE": 0.05494455620646477, "Total Training Time": 4.526280164718628, "Average Time per Epoch": 4.3767170906066895, "_wandb": {"runtime": 4}}