{"epoch": 20, "_timestamp": 1703899314.081735, "loss": 0.006188322324305773, "root_mean_squared_error": 0.07866588979959488, "mean_absolute_percentage_error": 102541.3125, "mean_absolute_error": 0.048861514776945114, "val_loss": 0.011031783185899258, "val_root_mean_squared_error": 0.1050322949886322, "val_mean_absolute_percentage_error": 643388.4375, "val_mean_absolute_error": 0.05979011207818985, "_runtime": 28.61108684539795, "_step": 21, "best_val_loss": 0.010952525772154331, "best_epoch": 10, "Final MSE": 0.0261244960129261, "Final RMSE": 0.16163073480129242, "Final MAPE": 628229.375, "Final MAE": 0.10709825903177261, "Total Training Time": 27.2728111743927, "Average Time per Epoch": 1.291450091770717, "_wandb": {"runtime": 27}}