{"epoch": 0, "_timestamp": 1703657403.9697144, "loss": 0.0044935825280845165, "root_mean_squared_error": 0.08189602941274643, "mean_absolute_percentage_error": 49805.71484375, "mean_absolute_error": 0.05504542216658592, "val_loss": 0.0066823591478168964, "val_root_mean_squared_error": 0.0817456990480423, "val_mean_absolute_percentage_error": 59801.0546875, "val_mean_absolute_error": 0.05458473414182663, "_runtime": 4.654792308807373, "_step": 1, "best_val_loss": 0.0066823591478168964, "best_epoch": 0, "Final MSE": 0.012181499041616917, "Final RMSE": 0.11036983132362366, "Final MAPE": 113027.234375, "Final MAE": 0.07576578855514526, "Total Training Time": 2.738863468170166, "Average Time per Epoch": 2.588836431503296, "_wandb": {"runtime": 3}}