{"epoch": 15, "_timestamp": 1703090853.8494217, "loss": 0.0038909821305423975, "root_mean_squared_error": 0.06237773597240448, "mean_absolute_percentage_error": 242569.9375, "mean_absolute_error": 0.03484898805618286, "val_loss": 0.006432183552533388, "val_root_mean_squared_error": 0.08020089566707611, "val_mean_absolute_percentage_error": 36.0743522644043, "val_mean_absolute_error": 0.04253782331943512, "_runtime": 47.4706666469574, "_step": 16, "best_val_loss": 0.006417843513190746, "best_epoch": 5, "Final MSE": 0.008260342292487621, "Final RMSE": 0.0908864289522171, "Final MAPE": 306222.625, "Final MAE": 0.06277714669704437, "Total Training Time": 44.735825300216675, "Average Time per Epoch": 2.7833017259836197, "_wandb": {"runtime": 45}}