{"epoch": 11, "_timestamp": 1703854866.7064512, "loss": 0.02303721383213997, "root_mean_squared_error": 0.1517801582813263, "mean_absolute_percentage_error": 30253.634765625, "mean_absolute_error": 0.11581560969352722, "val_loss": 0.034143295139074326, "val_root_mean_squared_error": 0.18477901816368103, "val_mean_absolute_percentage_error": 118335.0859375, "val_mean_absolute_error": 0.14810751378536224, "_runtime": 11.21486210823059, "_step": 12, "best_val_loss": 0.033430058509111404, "best_epoch": 1, "Final MSE": 0.0692097619175911, "Final RMSE": 0.2630774974822998, "Final MAPE": 244725.078125, "Final MAE": 0.22180572152137756, "Total Training Time": 9.045013666152954, "Average Time per Epoch": 0.7434769868850708, "_wandb": {"runtime": 9}}