{"epoch": 28, "_timestamp": 1703645442.7571843, "loss": 0.0051054381765425205, "root_mean_squared_error": 0.07145234942436218, "mean_absolute_percentage_error": 29814.42578125, "mean_absolute_error": 0.0489095002412796, "val_loss": 0.009161539375782013, "val_root_mean_squared_error": 0.09571593254804611, "val_mean_absolute_percentage_error": 64262.65625, "val_mean_absolute_error": 0.06368286162614822, "_runtime": 74.92720532417297, "_step": 29, "best_val_loss": 0.00834079273045063, "best_epoch": 18, "Final MSE": 0.009935004636645317, "Final RMSE": 0.09967449307441711, "Final MAPE": 159850.15625, "Final MAE": 0.0736183300614357, "Total Training Time": 72.64093828201294, "Average Time per Epoch": 2.4967664850169213, "_wandb": {"runtime": 73}}