{"epoch": 31, "_timestamp": 1703150317.522847, "loss": 0.005267808213829994, "root_mean_squared_error": 0.07257966697216034, "mean_absolute_percentage_error": 21676.029296875, "mean_absolute_error": 0.04613138362765312, "val_loss": 0.007998242042958736, "val_root_mean_squared_error": 0.08943288773298264, "val_mean_absolute_percentage_error": 92935.3984375, "val_mean_absolute_error": 0.0542341023683548, "_runtime": 27.72069787979126, "_step": 32, "best_val_loss": 0.007651745807379484, "best_epoch": 21, "Final MSE": 0.009891386143863201, "Final RMSE": 0.09945544600486755, "Final MAPE": 168013.71875, "Final MAE": 0.05863086134195328, "Total Training Time": 25.496821403503418, "Average Time per Epoch": 0.7919181287288666, "_wandb": {"runtime": 25}}