{"epoch": 0, "_timestamp": 1703652344.4514203, "loss": 0.006114307790994644, "root_mean_squared_error": 0.08081555366516113, "mean_absolute_percentage_error": 33992.1328125, "mean_absolute_error": 0.055855393409729004, "val_loss": 0.007945184595882893, "val_root_mean_squared_error": 0.08913576602935791, "val_mean_absolute_percentage_error": 45664.87890625, "val_mean_absolute_error": 0.06243471801280975, "_runtime": 3.8003153800964355, "_step": 1, "best_val_loss": 0.007945184595882893, "best_epoch": 0, "Final MSE": 0.010059730149805546, "Final RMSE": 0.1002982035279274, "Final MAPE": 118859.3671875, "Final MAE": 0.07787227630615234, "Total Training Time": 1.8803575038909912, "Average Time per Epoch": 1.7693428993225098, "_wandb": {"runtime": 2}}