{"epoch": 19, "_timestamp": 1703854203.7343957, "loss": 0.01833406463265419, "root_mean_squared_error": 0.1354033499956131, "mean_absolute_percentage_error": 13969.9501953125, "mean_absolute_error": 0.0821956992149353, "val_loss": 0.03657308965921402, "val_root_mean_squared_error": 0.19124093651771545, "val_mean_absolute_percentage_error": 48839.7734375, "val_mean_absolute_error": 0.09861952066421509, "_runtime": 16.71135377883911, "_step": 20, "best_val_loss": 0.0347679927945137, "best_epoch": 9, "Final MSE": 0.06109029799699783, "Final RMSE": 0.24716448783874512, "Final MAPE": 99585.7890625, "Final MAE": 0.15907040238380432, "Total Training Time": 14.608566284179688, "Average Time per Epoch": 0.7230724811553955, "_wandb": {"runtime": 14}}