{"epoch": 24, "_timestamp": 1703806706.2919877, "loss": 0.010531323030591011, "root_mean_squared_error": 0.10262223333120346, "mean_absolute_percentage_error": 518381.53125, "mean_absolute_error": 0.06965857744216919, "val_loss": 0.01870047114789486, "val_root_mean_squared_error": 0.13674966990947723, "val_mean_absolute_percentage_error": 116278.21875, "val_mean_absolute_error": 0.08850530534982681, "_runtime": 59.26803660392761, "_step": 25, "best_val_loss": 0.015476791188120842, "best_epoch": 14, "Final MSE": 0.016456639394164085, "Final RMSE": 0.12828344106674194, "Final MAPE": 109841.421875, "Final MAE": 0.09698061645030975, "Total Training Time": 57.83761382102966, "Average Time per Epoch": 2.304957933425903, "_wandb": {"runtime": 58}}