{"epoch": 44, "_timestamp": 1703446800.3626623, "loss": 0.008559674955904484, "root_mean_squared_error": 0.09251850843429565, "mean_absolute_percentage_error": 9145333.0, "mean_absolute_error": 0.05481976643204689, "val_loss": 0.011616070754826069, "val_root_mean_squared_error": 0.10777787864208221, "val_mean_absolute_percentage_error": 17948776.0, "val_mean_absolute_error": 0.0687066912651062, "_runtime": 60.03928828239441, "_step": 45, "best_val_loss": 0.01115692500025034, "best_epoch": 34, "Final MSE": 0.012544592842459679, "Final RMSE": 0.1120026484131813, "Final MAPE": 24636506.0, "Final MAE": 0.07597663998603821, "Total Training Time": 57.7745258808136, "Average Time per Epoch": 1.2795946280161539, "_wandb": {"runtime": 58}}