{"epoch": 28, "_timestamp": 1705614236.603999, "loss": 0.004203493241220713, "root_mean_squared_error": 0.0648343488574028, "mean_absolute_percentage_error": 76991.609375, "mean_absolute_error": 0.03422063961625099, "val_loss": 0.012725088745355606, "val_root_mean_squared_error": 0.11280553787946701, "val_mean_absolute_percentage_error": 2088.203857421875, "val_mean_absolute_error": 0.07173711806535721, "_runtime": 24.160576820373535, "_step": 29, "best_val_loss": 0.012570819817483425, "best_epoch": 18, "Final MSE": 0.01696217805147171, "Final RMSE": 0.13023892045021057, "Final MAPE": 21537.50390625, "Final MAE": 0.08996200561523438, "Total Training Time": 21.917123079299927, "Average Time per Epoch": 0.7508509734581257, "_wandb": {"runtime": 22}}