{"epoch": 0, "_timestamp": 1703790167.9717686, "loss": 0.007920853793621063, "root_mean_squared_error": 0.10107950866222382, "mean_absolute_percentage_error": 161064.4375, "mean_absolute_error": 0.054616957902908325, "val_loss": 0.007596901617944241, "val_root_mean_squared_error": 0.08716020733118057, "val_mean_absolute_percentage_error": 171110.421875, "val_mean_absolute_error": 0.05978129431605339, "_runtime": 51.51135849952698, "_step": 1, "best_val_loss": 0.007596901617944241, "best_epoch": 0, "Final MSE": 0.018727803602814674, "Final RMSE": 0.1368495672941208, "Final MAPE": 490258.5, "Final MAE": 0.09264777600765228, "Total Training Time": 50.0165855884552, "Average Time per Epoch": 47.65123796463013, "_wandb": {"runtime": 50}}