{"epoch": 0, "_timestamp": 1703622749.2558386, "loss": 0.021242812275886536, "root_mean_squared_error": 0.14908213913440704, "mean_absolute_percentage_error": 43520.28125, "mean_absolute_error": 0.08284731954336166, "val_loss": 0.02655360847711563, "val_root_mean_squared_error": 0.16295278072357178, "val_mean_absolute_percentage_error": 94293.8515625, "val_mean_absolute_error": 0.07899611443281174, "_runtime": 40.38495659828186, "_step": 1, "best_val_loss": 0.02655360847711563, "best_epoch": 0, "Final MSE": 0.027776161208748817, "Final RMSE": 0.1666618138551712, "Final MAPE": 186297.75, "Final MAE": 0.0864793136715889, "Total Training Time": 39.08450365066528, "Average Time per Epoch": 37.32040548324585, "_wandb": {"runtime": 39}}