{"epoch": 23, "_timestamp": 1703346546.545248, "loss": 0.08357703685760498, "root_mean_squared_error": 0.2890968918800354, "mean_absolute_percentage_error": 95716560.0, "mean_absolute_error": 0.2343067228794098, "val_loss": 0.07504797726869583, "val_root_mean_squared_error": 0.27394890785217285, "val_mean_absolute_percentage_error": 106513600.0, "val_mean_absolute_error": 0.2227138876914978, "_runtime": 19.385091066360474, "_step": 24, "best_val_loss": 0.07419916987419128, "best_epoch": 13, "Final MSE": 0.057339806109666824, "Final RMSE": 0.23945732414722443, "Final MAPE": 118334576.0, "Final MAE": 0.20426221191883087, "Total Training Time": 17.160112142562866, "Average Time per Epoch": 0.7095872859160105, "_wandb": {"runtime": 17}}