{"epoch": 30, "_timestamp": 1703195308.8479598, "loss": 0.018373966217041016, "root_mean_squared_error": 0.13555055856704712, "mean_absolute_percentage_error": 33698.58203125, "mean_absolute_error": 0.09765634685754776, "val_loss": 0.017976723611354828, "val_root_mean_squared_error": 0.1340772956609726, "val_mean_absolute_percentage_error": 111129.6875, "val_mean_absolute_error": 0.07702578604221344, "_runtime": 25.503618717193604, "_step": 31, "best_val_loss": 0.017308885231614113, "best_epoch": 20, "Final MSE": 0.02149457298219204, "Final RMSE": 0.14661027491092682, "Final MAPE": 226217.328125, "Final MAE": 0.08592648059129715, "Total Training Time": 23.357654571533203, "Average Time per Epoch": 0.7488595593360162, "_wandb": {"runtime": 23}}