{"epoch": 31, "_timestamp": 1705584619.319513, "loss": 0.007741105742752552, "root_mean_squared_error": 0.08798355609178543, "mean_absolute_percentage_error": 101665.1015625, "mean_absolute_error": 0.06004815176129341, "val_loss": 0.00961630791425705, "val_root_mean_squared_error": 0.09806277602910995, "val_mean_absolute_percentage_error": 85554.40625, "val_mean_absolute_error": 0.06937018781900406, "_runtime": 81.4727680683136, "_step": 32, "best_val_loss": 0.00908458512276411, "best_epoch": 21, "Final MSE": 0.021828969940543175, "Final RMSE": 0.14774630963802338, "Final MAPE": 357646.3125, "Final MAE": 0.09236155450344086, "Total Training Time": 77.53367710113525, "Average Time per Epoch": 2.4161049872636795, "_wandb": {"runtime": 80}}