{"epoch": 16, "_timestamp": 1703498087.6826448, "loss": 0.011812754906713963, "root_mean_squared_error": 0.10868649929761887, "mean_absolute_percentage_error": 265.34197998046875, "mean_absolute_error": 0.06371811032295227, "val_loss": 0.007177337072789669, "val_root_mean_squared_error": 0.08471916615962982, "val_mean_absolute_percentage_error": 180360.78125, "val_mean_absolute_error": 0.0459970198571682, "_runtime": 44.21626687049866, "_step": 17, "best_val_loss": 0.006614967714995146, "best_epoch": 6, "Final MSE": 0.036525897681713104, "Final RMSE": 0.19111749529838562, "Final MAPE": 320567.625, "Final MAE": 0.11428851634263992, "Total Training Time": 41.63363194465637, "Average Time per Epoch": 2.4384485413046444, "_wandb": {"runtime": 42}}