{"epoch": 21, "_timestamp": 1703172763.5702972, "loss": 0.007705845404416323, "root_mean_squared_error": 0.08778294175863266, "mean_absolute_percentage_error": 10494.537109375, "mean_absolute_error": 0.057905200868844986, "val_loss": 0.013691580854356289, "val_root_mean_squared_error": 0.11701102554798126, "val_mean_absolute_percentage_error": 13787.5673828125, "val_mean_absolute_error": 0.07488971203565598, "_runtime": 78.69205617904663, "_step": 22, "best_val_loss": 0.013027442619204521, "best_epoch": 11, "Final MSE": 0.013806398957967758, "Final RMSE": 0.11750063300132751, "Final MAPE": 32448.88671875, "Final MAE": 0.07589925080537796, "Total Training Time": 76.36144375801086, "Average Time per Epoch": 3.458246426148848, "_wandb": {"runtime": 76}}