{"epoch": 0, "_timestamp": 1703819645.3149815, "loss": 0.005186222959309816, "root_mean_squared_error": 0.08292870223522186, "mean_absolute_percentage_error": 47532.18359375, "mean_absolute_error": 0.042292602360248566, "val_loss": 0.005793640855699778, "val_root_mean_squared_error": 0.07611597329378128, "val_mean_absolute_percentage_error": 78611.34375, "val_mean_absolute_error": 0.04488546773791313, "_runtime": 3.809399366378784, "_step": 1, "best_val_loss": 0.005793640855699778, "best_epoch": 0, "Final MSE": 0.016721000894904137, "Final RMSE": 0.12930971384048462, "Final MAPE": 47640.69921875, "Final MAE": 0.07036636769771576, "Total Training Time": 2.6156935691833496, "Average Time per Epoch": 2.4839744567871094, "_wandb": {"runtime": 2}}