{"epoch": 0, "_timestamp": 1703737740.4660816, "loss": 0.008102686144411564, "root_mean_squared_error": 0.09386841952800751, "mean_absolute_percentage_error": 7159283.0, "mean_absolute_error": 0.0526135079562664, "val_loss": 0.01031586341559887, "val_root_mean_squared_error": 0.10156703740358353, "val_mean_absolute_percentage_error": 8867240.0, "val_mean_absolute_error": 0.05701402947306633, "_runtime": 6.040918588638306, "_step": 1, "best_val_loss": 0.01031586341559887, "best_epoch": 0, "Final MSE": 0.013940282166004181, "Final RMSE": 0.11806897073984146, "Final MAPE": 15066310.0, "Final MAE": 0.06605657190084457, "Total Training Time": 4.957439422607422, "Average Time per Epoch": 4.738667964935303, "_wandb": {"runtime": 5}}