{"epoch": 13, "_timestamp": 1703345542.568303, "loss": 0.07880734652280807, "root_mean_squared_error": 0.28072643280029297, "mean_absolute_percentage_error": 99855512.0, "mean_absolute_error": 0.23219864070415497, "val_loss": 0.07794500887393951, "val_root_mean_squared_error": 0.2791863679885864, "val_mean_absolute_percentage_error": 122449480.0, "val_mean_absolute_error": 0.23950313031673431, "_runtime": 12.683465003967285, "_step": 14, "best_val_loss": 0.07691984623670578, "best_epoch": 3, "Final MSE": 0.0810433179140091, "Final RMSE": 0.2846810817718506, "Final MAPE": 132282584.0, "Final MAE": 0.23974353075027466, "Total Training Time": 10.488542318344116, "Average Time per Epoch": 0.7407525437218803, "_wandb": {"runtime": 10}}