{"epoch": 15, "_timestamp": 1705605521.1737661, "loss": 0.010835850611329079, "root_mean_squared_error": 0.10409539192914963, "mean_absolute_percentage_error": 5677.87939453125, "mean_absolute_error": 0.05940565466880798, "val_loss": 0.00852565560489893, "val_root_mean_squared_error": 0.09233447909355164, "val_mean_absolute_percentage_error": 76167.2421875, "val_mean_absolute_error": 0.06468972563743591, "_runtime": 55.12401008605957, "_step": 16, "best_val_loss": 0.008094234392046928, "best_epoch": 5, "Final MSE": 0.016115304082632065, "Final RMSE": 0.12694606184959412, "Final MAPE": 57071.859375, "Final MAE": 0.08482183516025543, "Total Training Time": 52.70948910713196, "Average Time per Epoch": 3.279755100607872, "_wandb": {"runtime": 53}}