{"epoch": 10, "_timestamp": 1703759870.4933023, "loss": 0.016090432181954384, "root_mean_squared_error": 0.12684807181358337, "mean_absolute_percentage_error": 4246.27197265625, "mean_absolute_error": 0.08212605863809586, "val_loss": 0.021832838654518127, "val_root_mean_squared_error": 0.14775939285755157, "val_mean_absolute_percentage_error": 103888.90625, "val_mean_absolute_error": 0.08222518861293793, "_runtime": 30.00503444671631, "_step": 11, "best_val_loss": 0.019775422289967537, "best_epoch": 0, "Final MSE": 0.025679681450128555, "Final RMSE": 0.16024881601333618, "Final MAPE": 131490.046875, "Final MAE": 0.09634245932102203, "Total Training Time": 27.975618839263916, "Average Time per Epoch": 2.5267764871770684, "_wandb": {"runtime": 28}}