{"epoch": 38, "_timestamp": 1703890653.0075402, "loss": 0.012794768437743187, "root_mean_squared_error": 0.11311396211385727, "mean_absolute_percentage_error": 12803.1494140625, "mean_absolute_error": 0.06739585101604462, "val_loss": 0.018338367342948914, "val_root_mean_squared_error": 0.13541923463344574, "val_mean_absolute_percentage_error": 46130.0, "val_mean_absolute_error": 0.09206859022378922, "_runtime": 31.771185159683228, "_step": 39, "best_val_loss": 0.017257817089557648, "best_epoch": 28, "Final MSE": 0.02453835867345333, "Final RMSE": 0.15664725005626678, "Final MAPE": 539076.875, "Final MAE": 0.11760302633047104, "Total Training Time": 29.29053020477295, "Average Time per Epoch": 0.748080388093606, "_wandb": {"runtime": 29}}