{"epoch": 52, "_timestamp": 1703298917.7660155, "loss": 0.004097179975360632, "root_mean_squared_error": 0.06400921940803528, "mean_absolute_percentage_error": 13132.123046875, "mean_absolute_error": 0.03303441405296326, "val_loss": 0.008801931515336037, "val_root_mean_squared_error": 0.09381861239671707, "val_mean_absolute_percentage_error": 213833.5625, "val_mean_absolute_error": 0.07003644853830338, "_runtime": 140.68525958061218, "_step": 53, "best_val_loss": 0.007555263116955757, "best_epoch": 42, "Final MSE": 0.009345806203782558, "Final RMSE": 0.09667371213436127, "Final MAPE": 134804.734375, "Final MAE": 0.07098016887903214, "Total Training Time": 138.230393409729, "Average Time per Epoch": 2.6027798202802552, "_wandb": {"runtime": 138}}