{"epoch": 0, "_timestamp": 1703502045.8147194, "loss": 0.0068392460234463215, "root_mean_squared_error": 0.0866551324725151, "mean_absolute_percentage_error": 10246.353515625, "mean_absolute_error": 0.03880187124013901, "val_loss": 0.011239591985940933, "val_root_mean_squared_error": 0.10601694136857986, "val_mean_absolute_percentage_error": 60852.08984375, "val_mean_absolute_error": 0.06046820059418678, "_runtime": 7.417492389678955, "_step": 1, "best_val_loss": 0.011239591985940933, "best_epoch": 0, "Final MSE": 0.01661640591919422, "Final RMSE": 0.12890464067459106, "Final MAPE": 160637.65625, "Final MAE": 0.07292748242616653, "Total Training Time": 6.303786277770996, "Average Time per Epoch": 6.130756378173828, "_wandb": {"runtime": 6}}