{"epoch": 16, "_timestamp": 1703732317.3730998, "loss": 0.007645538076758385, "root_mean_squared_error": 0.08743876963853836, "mean_absolute_percentage_error": 9368940.0, "mean_absolute_error": 0.051687322556972504, "val_loss": 0.010182865895330906, "val_root_mean_squared_error": 0.10091018676757812, "val_mean_absolute_percentage_error": 14213829.0, "val_mean_absolute_error": 0.06021501123905182, "_runtime": 44.816932916641235, "_step": 17, "best_val_loss": 0.00976039282977581, "best_epoch": 6, "Final MSE": 0.009355263784527779, "Final RMSE": 0.09672261029481888, "Final MAPE": 16080094.0, "Final MAE": 0.0583164244890213, "Total Training Time": 43.313332319259644, "Average Time per Epoch": 2.5354047102086685, "_wandb": {"runtime": 43}}