{"epoch": 26, "_timestamp": 1703635264.6060925, "loss": 0.010766713880002499, "root_mean_squared_error": 0.10376277565956116, "mean_absolute_percentage_error": 10989.3447265625, "mean_absolute_error": 0.06145477667450905, "val_loss": 0.007587936241179705, "val_root_mean_squared_error": 0.08710876107215881, "val_mean_absolute_percentage_error": 79.81497192382812, "val_mean_absolute_error": 0.06039729714393616, "_runtime": 53.115355491638184, "_step": 27, "best_val_loss": 0.006161853205412626, "best_epoch": 16, "Final MSE": 0.029912229627370834, "Final RMSE": 0.17295151948928833, "Final MAPE": 156638.34375, "Final MAE": 0.11551086604595184, "Total Training Time": 50.634196758270264, "Average Time per Epoch": 1.868597189585368, "_wandb": {"runtime": 51}}