{"epoch": 14, "_timestamp": 1703251161.092768, "loss": 0.011831345967948437, "root_mean_squared_error": 0.10877198725938797, "mean_absolute_percentage_error": 45178.3671875, "mean_absolute_error": 0.06626754999160767, "val_loss": 0.00815354473888874, "val_root_mean_squared_error": 0.09029698371887207, "val_mean_absolute_percentage_error": 71567.2421875, "val_mean_absolute_error": 0.05331796035170555, "_runtime": 136.29417395591736, "_step": 15, "best_val_loss": 0.008128379471600056, "best_epoch": 4, "Final MSE": 0.019010698422789574, "Final RMSE": 0.13787928223609924, "Final MAPE": 164521.609375, "Final MAE": 0.09397964924573898, "Total Training Time": 133.9267816543579, "Average Time per Epoch": 8.891384172439576, "_wandb": {"runtime": 134}}