{"epoch": 19, "_timestamp": 1703854704.3765252, "loss": 0.011383812874555588, "root_mean_squared_error": 0.10669492185115814, "mean_absolute_percentage_error": 207970.4375, "mean_absolute_error": 0.05389497056603432, "val_loss": 0.009164880029857159, "val_root_mean_squared_error": 0.09573336690664291, "val_mean_absolute_percentage_error": 140.12745666503906, "val_mean_absolute_error": 0.06119488552212715, "_runtime": 16.482359170913696, "_step": 20, "best_val_loss": 0.008660556748509407, "best_epoch": 9, "Final MSE": 0.015382831916213036, "Final RMSE": 0.1240275502204895, "Final MAPE": 106578.7890625, "Final MAE": 0.08052731305360794, "Total Training Time": 14.411510467529297, "Average Time per Epoch": 0.7140998482704163, "_wandb": {"runtime": 14}}