{"epoch": 13, "_timestamp": 1703877423.8035812, "loss": 0.01923532783985138, "root_mean_squared_error": 0.1386914849281311, "mean_absolute_percentage_error": 680086.5625, "mean_absolute_error": 0.09924877434968948, "val_loss": 0.026373902335762978, "val_root_mean_squared_error": 0.16240043938159943, "val_mean_absolute_percentage_error": 206467.96875, "val_mean_absolute_error": 0.11150582879781723, "_runtime": 134.54316234588623, "_step": 14, "best_val_loss": 0.02465490996837616, "best_epoch": 3, "Final MSE": 0.026204809546470642, "Final RMSE": 0.16187900304794312, "Final MAPE": 233053.078125, "Final MAE": 0.12117736786603928, "Total Training Time": 130.35394525527954, "Average Time per Epoch": 9.270654048238482, "_wandb": {"runtime": 131}}