{"epoch": 0, "_timestamp": 1703805060.5797453, "loss": 0.005388602614402771, "root_mean_squared_error": 0.07536842674016953, "mean_absolute_percentage_error": 17975.50390625, "mean_absolute_error": 0.04903215542435646, "val_loss": 0.011126276105642319, "val_root_mean_squared_error": 0.10548116266727448, "val_mean_absolute_percentage_error": 44931.9453125, "val_mean_absolute_error": 0.06381707638502121, "_runtime": 12.310064315795898, "_step": 1, "best_val_loss": 0.011126276105642319, "best_epoch": 0, "Final MSE": 0.007960248738527298, "Final RMSE": 0.08922022581100464, "Final MAPE": 84067.9140625, "Final MAE": 0.05955959111452103, "Total Training Time": 4.444334506988525, "Average Time per Epoch": 4.289732933044434, "_wandb": {"runtime": 4}}