{"epoch": 17, "_timestamp": 1703520650.429414, "loss": 0.008468812331557274, "root_mean_squared_error": 0.09202615171670914, "mean_absolute_percentage_error": 5375.07470703125, "mean_absolute_error": 0.05611560866236687, "val_loss": 0.01668190211057663, "val_root_mean_squared_error": 0.12915843725204468, "val_mean_absolute_percentage_error": 39849.24609375, "val_mean_absolute_error": 0.06955712288618088, "_runtime": 109.70395803451538, "_step": 18, "best_val_loss": 0.016092384234070778, "best_epoch": 7, "Final MSE": 0.02282262220978737, "Final RMSE": 0.15107157826423645, "Final MAPE": 98815.0, "Final MAE": 0.11189889907836914, "Total Training Time": 107.35476446151733, "Average Time per Epoch": 5.941875365045336, "_wandb": {"runtime": 107}}