{"epoch": 0, "_timestamp": 1703595386.2293818, "loss": 0.020638257265090942, "root_mean_squared_error": 0.15137173235416412, "mean_absolute_percentage_error": 73770.1484375, "mean_absolute_error": 0.0899382084608078, "val_loss": 0.021282682195305824, "val_root_mean_squared_error": 0.14588585495948792, "val_mean_absolute_percentage_error": 129998.6640625, "val_mean_absolute_error": 0.09571167081594467, "_runtime": 3.5808908939361572, "_step": 1, "best_val_loss": 0.021282682195305824, "best_epoch": 0, "Final MSE": 0.033206623047590256, "Final RMSE": 0.18222683668136597, "Final MAPE": 265004.75, "Final MAE": 0.1161424070596695, "Total Training Time": 1.6034176349639893, "Average Time per Epoch": 1.4974164962768555, "_wandb": {"runtime": 1}}