{"epoch": 15, "_timestamp": 1703902068.7417798, "loss": 0.020761042833328247, "root_mean_squared_error": 0.14408692717552185, "mean_absolute_percentage_error": 151301.515625, "mean_absolute_error": 0.08973973244428635, "val_loss": 0.016439972445368767, "val_root_mean_squared_error": 0.12821845710277557, "val_mean_absolute_percentage_error": 13824.8876953125, "val_mean_absolute_error": 0.08077025413513184, "_runtime": 39.21689772605896, "_step": 16, "best_val_loss": 0.01626662351191044, "best_epoch": 5, "Final MSE": 0.02006109431385994, "Final RMSE": 0.1416371911764145, "Final MAPE": 428072.78125, "Final MAE": 0.08878234773874283, "Total Training Time": 36.8653450012207, "Average Time per Epoch": 2.293162629008293, "_wandb": {"runtime": 37}}