{"epoch": 26, "_timestamp": 1705577726.5196414, "loss": 0.005242772866040468, "root_mean_squared_error": 0.07240699231624603, "mean_absolute_percentage_error": 181652.625, "mean_absolute_error": 0.04317573457956314, "val_loss": 0.010478406213223934, "val_root_mean_squared_error": 0.10236408561468124, "val_mean_absolute_percentage_error": 290710.25, "val_mean_absolute_error": 0.05731985345482826, "_runtime": 23.52344036102295, "_step": 27, "best_val_loss": 0.009882877580821514, "best_epoch": 16, "Final MSE": 0.014610822312533855, "Final RMSE": 0.12087523192167282, "Final MAPE": 58202.54296875, "Final MAE": 0.06828922033309937, "Total Training Time": 21.27952480316162, "Average Time per Epoch": 0.7830009460449219, "_wandb": {"runtime": 21}}