{"epoch": 32, "_timestamp": 1703148652.0582569, "loss": 0.00587761914357543, "root_mean_squared_error": 0.07666563242673874, "mean_absolute_percentage_error": 116040.0546875, "mean_absolute_error": 0.04345177859067917, "val_loss": 0.005954000633209944, "val_root_mean_squared_error": 0.07716216892004013, "val_mean_absolute_percentage_error": 27515.771484375, "val_mean_absolute_error": 0.040896352380514145, "_runtime": 28.158058881759644, "_step": 33, "best_val_loss": 0.005219224840402603, "best_epoch": 22, "Final MSE": 0.010892868041992188, "Final RMSE": 0.1043689027428627, "Final MAPE": 198100.359375, "Final MAE": 0.06092622131109238, "Total Training Time": 26.005152463912964, "Average Time per Epoch": 0.7836102789098566, "_wandb": {"runtime": 26}}