{"epoch": 0, "_timestamp": 1703557198.1810486, "loss": 0.004372802097350359, "root_mean_squared_error": 0.07301046699285507, "mean_absolute_percentage_error": 19938.068359375, "mean_absolute_error": 0.04580752179026604, "val_loss": 0.00899833906441927, "val_root_mean_squared_error": 0.09485957771539688, "val_mean_absolute_percentage_error": 63285.72265625, "val_mean_absolute_error": 0.06254754960536957, "_runtime": 6.452035665512085, "_step": 1, "best_val_loss": 0.00899833906441927, "best_epoch": 0, "Final MSE": 0.011366914957761765, "Final RMSE": 0.10661573708057404, "Final MAPE": 138996.109375, "Final MAE": 0.07414188981056213, "Total Training Time": 4.724742412567139, "Average Time per Epoch": 4.52373743057251, "_wandb": {"runtime": 4}}