{"epoch": 0, "_timestamp": 1703657168.5165362, "loss": 0.0042475201189517975, "root_mean_squared_error": 0.06959857791662216, "mean_absolute_percentage_error": 33154.22265625, "mean_absolute_error": 0.04459726810455322, "val_loss": 0.007267335429787636, "val_root_mean_squared_error": 0.0852486714720726, "val_mean_absolute_percentage_error": 104617.296875, "val_mean_absolute_error": 0.05671858415007591, "_runtime": 3.9253902435302734, "_step": 1, "best_val_loss": 0.007267335429787636, "best_epoch": 0, "Final MSE": 0.009538337588310242, "Final RMSE": 0.09766441583633423, "Final MAPE": 160137.359375, "Final MAE": 0.06813479959964752, "Total Training Time": 2.7249531745910645, "Average Time per Epoch": 2.574951410293579, "_wandb": {"runtime": 2}}