{"epoch": 17, "_timestamp": 1703816696.3475926, "loss": 0.004123491235077381, "root_mean_squared_error": 0.06421441584825516, "mean_absolute_percentage_error": 13087.708984375, "mean_absolute_error": 0.040820635855197906, "val_loss": 0.009871352463960648, "val_root_mean_squared_error": 0.09935467690229416, "val_mean_absolute_percentage_error": 63436.75390625, "val_mean_absolute_error": 0.06768856942653656, "_runtime": 27.347933530807495, "_step": 18, "best_val_loss": 0.00941231194883585, "best_epoch": 7, "Final MSE": 0.012493733316659927, "Final RMSE": 0.11177536845207214, "Final MAPE": 159414.21875, "Final MAE": 0.08049103617668152, "Total Training Time": 25.85138249397278, "Average Time per Epoch": 1.4273623757892184, "_wandb": {"runtime": 26}}