{"epoch": 0, "_timestamp": 1703746014.0349798, "loss": 0.009812126867473125, "root_mean_squared_error": 0.10330796986818314, "mean_absolute_percentage_error": 9770572.0, "mean_absolute_error": 0.0597890205681324, "val_loss": 0.012961137108504772, "val_root_mean_squared_error": 0.11384698748588562, "val_mean_absolute_percentage_error": 10104908.0, "val_mean_absolute_error": 0.06588219106197357, "_runtime": 4.607346773147583, "_step": 1, "best_val_loss": 0.012961137108504772, "best_epoch": 0, "Final MSE": 0.019575174897909164, "Final RMSE": 0.13991130888462067, "Final MAPE": 23222236.0, "Final MAE": 0.0887688621878624, "Total Training Time": 2.6869945526123047, "Average Time per Epoch": 2.5376193523406982, "_wandb": {"runtime": 3}}