{"epoch": 17, "_timestamp": 1703100114.7312527, "loss": 0.012050097808241844, "root_mean_squared_error": 0.10977296531200409, "mean_absolute_percentage_error": 44928.61328125, "mean_absolute_error": 0.08210942149162292, "val_loss": 0.016541283577680588, "val_root_mean_squared_error": 0.12861290574073792, "val_mean_absolute_percentage_error": 209781.5, "val_mean_absolute_error": 0.0902806743979454, "_runtime": 16.218729734420776, "_step": 18, "best_val_loss": 0.01601361483335495, "best_epoch": 7, "Final MSE": 0.02063598670065403, "Final RMSE": 0.1436523199081421, "Final MAPE": 284165.46875, "Final MAE": 0.10054424405097961, "Total Training Time": 13.917297840118408, "Average Time per Epoch": 0.766249418258667, "_wandb": {"runtime": 14}}