{"epoch": 18, "_timestamp": 1703153598.3769925, "loss": 0.004161194432526827, "root_mean_squared_error": 0.06450732052326202, "mean_absolute_percentage_error": 12051.1533203125, "mean_absolute_error": 0.041647035628557205, "val_loss": 0.009844713844358921, "val_root_mean_squared_error": 0.09922052919864655, "val_mean_absolute_percentage_error": 56799.765625, "val_mean_absolute_error": 0.06523356586694717, "_runtime": 26.753400564193726, "_step": 19, "best_val_loss": 0.009191562421619892, "best_epoch": 8, "Final MSE": 0.012109675444662571, "Final RMSE": 0.1100439727306366, "Final MAPE": 144971.65625, "Final MAE": 0.07382424920797348, "Total Training Time": 24.51085901260376, "Average Time per Epoch": 1.2818868662181653, "_wandb": {"runtime": 24}}