{"epoch": 15, "_timestamp": 1703801510.0391603, "loss": 0.010279416106641293, "root_mean_squared_error": 0.10138745605945587, "mean_absolute_percentage_error": 462064.59375, "mean_absolute_error": 0.06871204078197479, "val_loss": 0.01646295003592968, "val_root_mean_squared_error": 0.1283080279827118, "val_mean_absolute_percentage_error": 87768.90625, "val_mean_absolute_error": 0.08463717252016068, "_runtime": 33.20549535751343, "_step": 16, "best_val_loss": 0.015248095616698265, "best_epoch": 5, "Final MSE": 0.013043506070971489, "Final RMSE": 0.1142081692814827, "Final MAPE": 80361.046875, "Final MAE": 0.08747698366641998, "Total Training Time": 31.13135862350464, "Average Time per Epoch": 1.9365899413824081, "_wandb": {"runtime": 31}}