{"epoch": 14, "_timestamp": 1703809373.824578, "loss": 0.006350736133754253, "root_mean_squared_error": 0.07969150692224503, "mean_absolute_percentage_error": 16279.3515625, "mean_absolute_error": 0.051764484494924545, "val_loss": 0.012674705125391483, "val_root_mean_squared_error": 0.11258199065923691, "val_mean_absolute_percentage_error": 39187.05859375, "val_mean_absolute_error": 0.07469388097524643, "_runtime": 39.14579200744629, "_step": 15, "best_val_loss": 0.012598804198205471, "best_epoch": 4, "Final MSE": 0.021123601123690605, "Final RMSE": 0.14533960819244385, "Final MAPE": 5778.1171875, "Final MAE": 0.10491492599248886, "Total Training Time": 37.12570333480835, "Average Time per Epoch": 2.463082758585612, "_wandb": {"runtime": 37}}