{"epoch": 17, "_timestamp": 1703739585.4650173, "loss": 0.008636245504021645, "root_mean_squared_error": 0.09293140470981598, "mean_absolute_percentage_error": 8140986.0, "mean_absolute_error": 0.05521639809012413, "val_loss": 0.010416228324174881, "val_root_mean_squared_error": 0.10205992311239243, "val_mean_absolute_percentage_error": 9028585.0, "val_mean_absolute_error": 0.05876273661851883, "_runtime": 18.553328275680542, "_step": 18, "best_val_loss": 0.010269129648804665, "best_epoch": 7, "Final MSE": 0.010456368327140808, "Final RMSE": 0.10225638747215271, "Final MAPE": 16347353.0, "Final MAE": 0.06416445225477219, "Total Training Time": 16.21030020713806, "Average Time per Epoch": 0.8903696801927354, "_wandb": {"runtime": 16}}