{"epoch": 0, "_timestamp": 1703677411.6711075, "loss": 0.08179464191198349, "root_mean_squared_error": 0.28655916452407837, "mean_absolute_percentage_error": 101279984.0, "mean_absolute_error": 0.23552244901657104, "val_loss": 0.07220008969306946, "val_root_mean_squared_error": 0.2687007784843445, "val_mean_absolute_percentage_error": 101568904.0, "val_mean_absolute_error": 0.21935752034187317, "_runtime": 2.672046422958374, "_step": 1, "best_val_loss": 0.07220008969306946, "best_epoch": 0, "Final MSE": 0.07380477339029312, "Final RMSE": 0.2716703414916992, "Final MAPE": 113215112.0, "Final MAE": 0.21761514246463776, "Total Training Time": 1.5478870868682861, "Average Time per Epoch": 1.4541542530059814, "_wandb": {"runtime": 1}}