{"epoch": 18, "_timestamp": 1703214669.3563738, "loss": 0.004810514394193888, "root_mean_squared_error": 0.06935787200927734, "mean_absolute_percentage_error": 19654.845703125, "mean_absolute_error": 0.04753297567367554, "val_loss": 0.035083141177892685, "val_root_mean_squared_error": 0.18730494379997253, "val_mean_absolute_percentage_error": 68093.328125, "val_mean_absolute_error": 0.16206790506839752, "_runtime": 336.9991228580475, "_step": 19, "best_val_loss": 0.022767899557948112, "best_epoch": 8, "Final MSE": 0.026402989402413368, "Final RMSE": 0.16248996555805206, "Final MAPE": 292158.84375, "Final MAE": 0.10654541850090027, "Total Training Time": 334.53381633758545, "Average Time per Epoch": 17.554137192274396, "_wandb": {"runtime": 335}}