{"epoch": 43, "_timestamp": 1703287404.4254043, "loss": 0.003694572253152728, "root_mean_squared_error": 0.06078299134969711, "mean_absolute_percentage_error": 17132.2578125, "mean_absolute_error": 0.03959481790661812, "val_loss": 0.007376047316938639, "val_root_mean_squared_error": 0.08588391542434692, "val_mean_absolute_percentage_error": 73207.265625, "val_mean_absolute_error": 0.05607913061976433, "_runtime": 58.606075286865234, "_step": 44, "best_val_loss": 0.0070311944000422955, "best_epoch": 33, "Final MSE": 0.009770522825419903, "Final RMSE": 0.0988459587097168, "Final MAPE": 125938.46875, "Final MAE": 0.07041602581739426, "Total Training Time": 56.26714515686035, "Average Time per Epoch": 1.274366628039967, "_wandb": {"runtime": 56}}