{"epoch": 0, "_timestamp": 1703815165.7940624, "loss": 0.006552558392286301, "root_mean_squared_error": 0.08445056527853012, "mean_absolute_percentage_error": 21910.052734375, "mean_absolute_error": 0.0388980433344841, "val_loss": 0.009457939304411411, "val_root_mean_squared_error": 0.09725193679332733, "val_mean_absolute_percentage_error": 57532.296875, "val_mean_absolute_error": 0.055332642048597336, "_runtime": 3.7523584365844727, "_step": 1, "best_val_loss": 0.009457939304411411, "best_epoch": 0, "Final MSE": 0.011521890759468079, "Final RMSE": 0.10734006762504578, "Final MAPE": 124619.9375, "Final MAE": 0.05875483527779579, "Total Training Time": 1.8287904262542725, "Average Time per Epoch": 1.715137004852295, "_wandb": {"runtime": 2}}