{"epoch": 0, "_timestamp": 1703504898.8132374, "loss": 0.013669952750205994, "root_mean_squared_error": 0.12225742638111115, "mean_absolute_percentage_error": 47950.4375, "mean_absolute_error": 0.08577793091535568, "val_loss": 0.013727782294154167, "val_root_mean_squared_error": 0.11716562509536743, "val_mean_absolute_percentage_error": 63804.18359375, "val_mean_absolute_error": 0.08966722339391708, "_runtime": 3.6126184463500977, "_step": 1, "best_val_loss": 0.013727782294154167, "best_epoch": 0, "Final MSE": 0.024062879383563995, "Final RMSE": 0.15512216091156006, "Final MAPE": 129789.2421875, "Final MAE": 0.11375389993190765, "Total Training Time": 1.5945243835449219, "Average Time per Epoch": 1.4934871196746826, "_wandb": {"runtime": 1}}