{"epoch": 0, "_timestamp": 1703648916.298171, "loss": 0.0065217395313084126, "root_mean_squared_error": 0.090479277074337, "mean_absolute_percentage_error": 48344.31640625, "mean_absolute_error": 0.05791937932372093, "val_loss": 0.017013393342494965, "val_root_mean_squared_error": 0.13043539226055145, "val_mean_absolute_percentage_error": 30438.798828125, "val_mean_absolute_error": 0.08056434988975525, "_runtime": 6.6192710399627686, "_step": 1, "best_val_loss": 0.017013393342494965, "best_epoch": 0, "Final MSE": 0.020507773384451866, "Final RMSE": 0.14320535957813263, "Final MAPE": 291727.375, "Final MAE": 0.10133929550647736, "Total Training Time": 4.918329238891602, "Average Time per Epoch": 4.717284917831421, "_wandb": {"runtime": 5}}