{"epoch": 24, "_timestamp": 1703100046.8740823, "loss": 0.012055572122335434, "root_mean_squared_error": 0.1097978726029396, "mean_absolute_percentage_error": 38412.4140625, "mean_absolute_error": 0.0820126160979271, "val_loss": 0.01618218794465065, "val_root_mean_squared_error": 0.12720924615859985, "val_mean_absolute_percentage_error": 229234.328125, "val_mean_absolute_error": 0.09301874786615372, "_runtime": 21.630945444107056, "_step": 25, "best_val_loss": 0.01616494543850422, "best_epoch": 14, "Final MSE": 0.020036937668919563, "Final RMSE": 0.1415518969297409, "Final MAPE": 311288.0625, "Final MAE": 0.10287328064441681, "Total Training Time": 19.10014533996582, "Average Time per Epoch": 0.7584448432922364, "_wandb": {"runtime": 19}}