{"epoch": 19, "_timestamp": 1703559916.656566, "loss": 0.004194651264697313, "root_mean_squared_error": 0.06476612389087677, "mean_absolute_percentage_error": 52948.1796875, "mean_absolute_error": 0.03366713225841522, "val_loss": 0.013151068240404129, "val_root_mean_squared_error": 0.11467810720205307, "val_mean_absolute_percentage_error": 8370.4326171875, "val_mean_absolute_error": 0.07280711084604263, "_runtime": 20.384338855743408, "_step": 20, "best_val_loss": 0.0124371238052845, "best_epoch": 9, "Final MSE": 0.017575189471244812, "Final RMSE": 0.13257144391536713, "Final MAPE": 7164.81298828125, "Final MAE": 0.0891060084104538, "Total Training Time": 18.34781575202942, "Average Time per Epoch": 0.9105910658836365, "_wandb": {"runtime": 18}}