{"epoch": 0, "_timestamp": 1703677318.039347, "loss": 0.07640793919563293, "root_mean_squared_error": 0.27528926730155945, "mean_absolute_percentage_error": 93736824.0, "mean_absolute_error": 0.22372044622898102, "val_loss": 0.07759595662355423, "val_root_mean_squared_error": 0.2785605490207672, "val_mean_absolute_percentage_error": 100121928.0, "val_mean_absolute_error": 0.2228870838880539, "_runtime": 2.6548550128936768, "_step": 1, "best_val_loss": 0.07759595662355423, "best_epoch": 0, "Final MSE": 0.0709182620048523, "Final RMSE": 0.2663048207759857, "Final MAPE": 110240888.0, "Final MAE": 0.20839086174964905, "Total Training Time": 1.5398094654083252, "Average Time per Epoch": 1.4379346370697021, "_wandb": {"runtime": 1}}