{"epoch": 0, "_timestamp": 1703740655.0246136, "loss": 0.008740478195250034, "root_mean_squared_error": 0.09386728703975677, "mean_absolute_percentage_error": 11032420.0, "mean_absolute_error": 0.057633303105831146, "val_loss": 0.011162972077727318, "val_root_mean_squared_error": 0.10565496981143951, "val_mean_absolute_percentage_error": 14103471.0, "val_mean_absolute_error": 0.06375011801719666, "_runtime": 3.790900707244873, "_step": 1, "best_val_loss": 0.011162972077727318, "best_epoch": 0, "Final MSE": 0.010198927484452724, "Final RMSE": 0.10098973661661148, "Final MAPE": 20129378.0, "Final MAE": 0.06474962085485458, "Total Training Time": 1.8729090690612793, "Average Time per Epoch": 1.7558166980743408, "_wandb": {"runtime": 2}}