{"epoch": 0, "_timestamp": 1703762114.6622806, "loss": 0.008325114846229553, "root_mean_squared_error": 0.10325901955366135, "mean_absolute_percentage_error": 77719.546875, "mean_absolute_error": 0.06475936621427536, "val_loss": 0.023930108174681664, "val_root_mean_squared_error": 0.1546935886144638, "val_mean_absolute_percentage_error": 10163.28125, "val_mean_absolute_error": 0.09358176589012146, "_runtime": 7.5933074951171875, "_step": 1, "best_val_loss": 0.023930108174681664, "best_epoch": 0, "Final MSE": 0.029822232201695442, "Final RMSE": 0.17269115149974823, "Final MAPE": 21017.3515625, "Final MAE": 0.11785367876291275, "Total Training Time": 6.275723934173584, "Average Time per Epoch": 6.1093525886535645, "_wandb": {"runtime": 6}}