{"epoch": 21, "_timestamp": 1703806474.746635, "loss": 0.005354790948331356, "root_mean_squared_error": 0.07317643612623215, "mean_absolute_percentage_error": 3515.4150390625, "mean_absolute_error": 0.03295234590768814, "val_loss": 0.011140579357743263, "val_root_mean_squared_error": 0.10554894059896469, "val_mean_absolute_percentage_error": 34478.50390625, "val_mean_absolute_error": 0.06154480203986168, "_runtime": 52.73561692237854, "_step": 22, "best_val_loss": 0.009512270800769329, "best_epoch": 11, "Final MSE": 0.013143232092261314, "Final RMSE": 0.11464393883943558, "Final MAPE": 110936.8203125, "Final MAE": 0.06693242490291595, "Total Training Time": 50.3846378326416, "Average Time per Epoch": 2.282766981558366, "_wandb": {"runtime": 50}}