{"epoch": 55, "_timestamp": 1703813174.4299364, "loss": 0.006590879522264004, "root_mean_squared_error": 0.08118423074483871, "mean_absolute_percentage_error": 35011.47265625, "mean_absolute_error": 0.044490963220596313, "val_loss": 0.01368081383407116, "val_root_mean_squared_error": 0.11696501076221466, "val_mean_absolute_percentage_error": 464277.71875, "val_mean_absolute_error": 0.06755983084440231, "_runtime": 46.50550031661987, "_step": 56, "best_val_loss": 0.01316126063466072, "best_epoch": 45, "Final MSE": 0.021644769236445427, "Final RMSE": 0.1471216082572937, "Final MAPE": 62315.5078125, "Final MAE": 0.09662091732025146, "Total Training Time": 45.20076131820679, "Average Time per Epoch": 0.8040331772395543, "_wandb": {"runtime": 45}}