{"epoch": 24, "_timestamp": 1702650658.5560088, "loss": 0.013226552866399288, "root_mean_squared_error": 0.11500681936740875, "mean_absolute_percentage_error": 95235.9140625, "mean_absolute_error": 0.08497679233551025, "val_loss": 0.020447637885808945, "val_root_mean_squared_error": 0.142995223402977, "val_mean_absolute_percentage_error": 92366.3984375, "val_mean_absolute_error": 0.0961238369345665, "_runtime": 54.36221385002136, "_step": 25, "best_val_loss": 0.020167212933301926, "best_epoch": 14, "Final MSE": 0.02592066489160061, "Final RMSE": 0.16099897027015686, "Final MAPE": 46879.84375, "Final MAE": 0.10696172714233398, "Total Training Time": 52.192147970199585, "Average Time per Epoch": 2.0780909347534178, "_wandb": {"runtime": 52}}