{"epoch": 36, "_timestamp": 1703178021.6043084, "loss": 0.0049979714676737785, "root_mean_squared_error": 0.07069633156061172, "mean_absolute_percentage_error": 136212.875, "mean_absolute_error": 0.04231656715273857, "val_loss": 0.010252759791910648, "val_root_mean_squared_error": 0.10125591605901718, "val_mean_absolute_percentage_error": 300370.75, "val_mean_absolute_error": 0.05757313221693039, "_runtime": 128.88920140266418, "_step": 37, "best_val_loss": 0.010185182094573975, "best_epoch": 26, "Final MSE": 0.014628387056291103, "Final RMSE": 0.12094786763191223, "Final MAPE": 24086.166015625, "Final MAE": 0.06990546733140945, "Total Training Time": 126.57602620124817, "Average Time per Epoch": 3.4126333352681755, "_wandb": {"runtime": 127}}