{"epoch": 11, "_timestamp": 1703154834.7941227, "loss": 0.007558363489806652, "root_mean_squared_error": 0.08693885058164597, "mean_absolute_percentage_error": 49790.79296875, "mean_absolute_error": 0.05640584975481033, "val_loss": 0.009944767691195011, "val_root_mean_squared_error": 0.0997234582901001, "val_mean_absolute_percentage_error": 25995.328125, "val_mean_absolute_error": 0.07173880934715271, "_runtime": 18.5016667842865, "_step": 12, "best_val_loss": 0.009880125522613525, "best_epoch": 1, "Final MSE": 0.015818944200873375, "Final RMSE": 0.1257733851671219, "Final MAPE": 88568.03125, "Final MAE": 0.08872726559638977, "Total Training Time": 16.144601345062256, "Average Time per Epoch": 1.3328837951024373, "_wandb": {"runtime": 16}}