{"epoch": 13, "_timestamp": 1703290713.7758148, "loss": 0.006054416298866272, "root_mean_squared_error": 0.0778101310133934, "mean_absolute_percentage_error": 18293.94140625, "mean_absolute_error": 0.05463836342096329, "val_loss": 0.006438746582716703, "val_root_mean_squared_error": 0.08024179935455322, "val_mean_absolute_percentage_error": 55636.87109375, "val_mean_absolute_error": 0.058671824634075165, "_runtime": 21.367844820022583, "_step": 14, "best_val_loss": 0.005786421243101358, "best_epoch": 3, "Final MSE": 0.021329227834939957, "Final RMSE": 0.14604529738426208, "Final MAPE": 278672.78125, "Final MAE": 0.11944934725761414, "Total Training Time": 19.06362295150757, "Average Time per Epoch": 1.3506005832127161, "_wandb": {"runtime": 19}}