{"epoch": 21, "_timestamp": 1703304913.7012625, "loss": 0.00582926394417882, "root_mean_squared_error": 0.07634961605072021, "mean_absolute_percentage_error": 9519.412109375, "mean_absolute_error": 0.04379211738705635, "val_loss": 0.00863139983266592, "val_root_mean_squared_error": 0.09290532767772675, "val_mean_absolute_percentage_error": 53286.875, "val_mean_absolute_error": 0.05835947021842003, "_runtime": 75.28167653083801, "_step": 22, "best_val_loss": 0.0072883483953773975, "best_epoch": 11, "Final MSE": 0.010251559317111969, "Final RMSE": 0.10124998539686203, "Final MAPE": 111272.3046875, "Final MAE": 0.07269011437892914, "Total Training Time": 72.89666152000427, "Average Time per Epoch": 3.301476619460366, "_wandb": {"runtime": 73}}