{"epoch": 26, "_timestamp": 1705617958.645055, "loss": 0.0056840041652321815, "root_mean_squared_error": 0.07539233565330505, "mean_absolute_percentage_error": 13596.7099609375, "mean_absolute_error": 0.048201680183410645, "val_loss": 0.016481323167681694, "val_root_mean_squared_error": 0.12837961316108704, "val_mean_absolute_percentage_error": 9889.9599609375, "val_mean_absolute_error": 0.08203228563070297, "_runtime": 35.20670199394226, "_step": 27, "best_val_loss": 0.015844503417611122, "best_epoch": 16, "Final MSE": 0.020856007933616638, "Final RMSE": 0.14441609382629395, "Final MAPE": 48757.8828125, "Final MAE": 0.09786922484636307, "Total Training Time": 32.98694133758545, "Average Time per Epoch": 1.2153936580375388, "_wandb": {"runtime": 33}}