{"epoch": 0, "_timestamp": 1703713877.873172, "loss": 0.03414309769868851, "root_mean_squared_error": 0.18339835107326508, "mean_absolute_percentage_error": 46627200.0, "mean_absolute_error": 0.12723776698112488, "val_loss": 0.05557437241077423, "val_root_mean_squared_error": 0.23574216663837433, "val_mean_absolute_percentage_error": 22646424.0, "val_mean_absolute_error": 0.13862498104572296, "_runtime": 44.41688799858093, "_step": 1, "best_val_loss": 0.05557437241077423, "best_epoch": 0, "Final MSE": 0.05586490035057068, "Final RMSE": 0.23635756969451904, "Final MAPE": 21370860.0, "Final MAE": 0.12368017435073853, "Total Training Time": 43.175615549087524, "Average Time per Epoch": 41.14371371269226, "_wandb": {"runtime": 43}}