{"epoch": 24, "_timestamp": 1705630352.0577075, "loss": 0.0049431114457547665, "root_mean_squared_error": 0.07030726224184036, "mean_absolute_percentage_error": 11035.38671875, "mean_absolute_error": 0.045685775578022, "val_loss": 0.012150666676461697, "val_root_mean_squared_error": 0.11023006588220596, "val_mean_absolute_percentage_error": 135291.84375, "val_mean_absolute_error": 0.08025334775447845, "_runtime": 66.13605761528015, "_step": 25, "best_val_loss": 0.010734794661402702, "best_epoch": 14, "Final MSE": 0.011977319605648518, "Final RMSE": 0.10944093763828278, "Final MAPE": 86055.59375, "Final MAE": 0.08748089522123337, "Total Training Time": 62.95015573501587, "Average Time per Epoch": 2.5091459369659423, "_wandb": {"runtime": 63}}