{"epoch": 0, "_timestamp": 1703556319.1030571, "loss": 0.012295554392039776, "root_mean_squared_error": 0.12482462078332901, "mean_absolute_percentage_error": 33766.75, "mean_absolute_error": 0.07321101427078247, "val_loss": 0.008440912701189518, "val_root_mean_squared_error": 0.09187444299459457, "val_mean_absolute_percentage_error": 174534.4375, "val_mean_absolute_error": 0.06149042397737503, "_runtime": 6.489537239074707, "_step": 1, "best_val_loss": 0.008440912701189518, "best_epoch": 0, "Final MSE": 0.038287557661533356, "Final RMSE": 0.19567206501960754, "Final MAPE": 276913.3125, "Final MAE": 0.1312156468629837, "Total Training Time": 4.7015461921691895, "Average Time per Epoch": 4.5025413036346436, "_wandb": {"runtime": 4}}