{"epoch": 0, "_timestamp": 1703560347.5621789, "loss": 0.006083821877837181, "root_mean_squared_error": 0.08381516486406326, "mean_absolute_percentage_error": 73674.953125, "mean_absolute_error": 0.041784510016441345, "val_loss": 0.008485125377774239, "val_root_mean_squared_error": 0.09211473912000656, "val_mean_absolute_percentage_error": 13227.5849609375, "val_mean_absolute_error": 0.04298253729939461, "_runtime": 3.8185999393463135, "_step": 1, "best_val_loss": 0.008485125377774239, "best_epoch": 0, "Final MSE": 0.013784375041723251, "Final RMSE": 0.11740687489509583, "Final MAPE": 16835.083984375, "Final MAE": 0.0577085018157959, "Total Training Time": 1.915229082107544, "Average Time per Epoch": 1.8052163124084473, "_wandb": {"runtime": 2}}