{"epoch": 1, "_timestamp": 1702911792.378716, "loss": 0.008301584050059319, "root_mean_squared_error": 0.09111303091049194, "mean_absolute_percentage_error": 7028.259765625, "mean_absolute_error": 0.04432599991559982, "val_loss": 0.021039851009845734, "val_root_mean_squared_error": 0.14505119621753693, "val_mean_absolute_percentage_error": 59260.72265625, "val_mean_absolute_error": 0.09601037949323654, "_runtime": 20.981968879699707, "_step": 2, "best_val_loss": 0.01552487164735794, "best_epoch": 0, "Final MSE": 0.02586580440402031, "Final RMSE": 0.16082850098609924, "Final MAPE": 111184.6640625, "Final MAE": 0.1153947114944458, "Total Training Time": 18.29317855834961, "Average Time per Epoch": 8.954330444335938, "_wandb": {"runtime": 18}}