{"epoch": 0, "_timestamp": 1703805364.4075267, "loss": 0.008832983672618866, "root_mean_squared_error": 0.10416114330291748, "mean_absolute_percentage_error": 39738.6875, "mean_absolute_error": 0.06786181032657623, "val_loss": 0.015762442722916603, "val_root_mean_squared_error": 0.1255485713481903, "val_mean_absolute_percentage_error": 30972.923828125, "val_mean_absolute_error": 0.08368231356143951, "_runtime": 12.982099771499634, "_step": 1, "best_val_loss": 0.015762442722916603, "best_epoch": 0, "Final MSE": 0.026071885600686073, "Final RMSE": 0.16146790981292725, "Final MAPE": 72861.2890625, "Final MAE": 0.11331219226121902, "Total Training Time": 4.459120750427246, "Average Time per Epoch": 4.2976014614105225, "_wandb": {"runtime": 4}}