{"epoch": 43, "_timestamp": 1703759533.4912078, "loss": 0.010385333560407162, "root_mean_squared_error": 0.10190846025943756, "mean_absolute_percentage_error": 184696.1875, "mean_absolute_error": 0.05200248211622238, "val_loss": 0.00861385092139244, "val_root_mean_squared_error": 0.09281083196401596, "val_mean_absolute_percentage_error": 99.72412109375, "val_mean_absolute_error": 0.048880502581596375, "_runtime": 101.96723580360413, "_step": 44, "best_val_loss": 0.00854309368878603, "best_epoch": 33, "Final MSE": 0.014868156984448433, "Final RMSE": 0.12193505465984344, "Final MAPE": 79215.875, "Final MAE": 0.07050582021474838, "Total Training Time": 99.36319017410278, "Average Time per Epoch": 2.2531810023567895, "_wandb": {"runtime": 100}}