{"epoch": 33, "_timestamp": 1703293906.3906176, "loss": 0.006680655758827925, "root_mean_squared_error": 0.0817352756857872, "mean_absolute_percentage_error": 6954.8447265625, "mean_absolute_error": 0.05157076567411423, "val_loss": 0.017964208498597145, "val_root_mean_squared_error": 0.13403062522411346, "val_mean_absolute_percentage_error": 43516.3671875, "val_mean_absolute_error": 0.08149875700473785, "_runtime": 80.45602369308472, "_step": 34, "best_val_loss": 0.01692724972963333, "best_epoch": 23, "Final MSE": 0.020290039479732513, "Final RMSE": 0.14244310557842255, "Final MAPE": 267000.125, "Final MAE": 0.09921126067638397, "Total Training Time": 77.97569489479065, "Average Time per Epoch": 2.286562239422518, "_wandb": {"runtime": 78}}