{"epoch": 0, "_timestamp": 1703657161.0994632, "loss": 0.004211052320897579, "root_mean_squared_error": 0.07297520339488983, "mean_absolute_percentage_error": 46894.58984375, "mean_absolute_error": 0.048459362238645554, "val_loss": 0.00733126699924469, "val_root_mean_squared_error": 0.08562281727790833, "val_mean_absolute_percentage_error": 95454.1015625, "val_mean_absolute_error": 0.05727238580584526, "_runtime": 4.6760993003845215, "_step": 1, "best_val_loss": 0.00733126699924469, "best_epoch": 0, "Final MSE": 0.009131589904427528, "Final RMSE": 0.09555935114622116, "Final MAPE": 143945.28125, "Final MAE": 0.06415227055549622, "Total Training Time": 2.7324037551879883, "Average Time per Epoch": 2.582374095916748, "_wandb": {"runtime": 3}}