{"epoch": 18, "_timestamp": 1705587153.0825639, "loss": 0.00535807479172945, "root_mean_squared_error": 0.07319886982440948, "mean_absolute_percentage_error": 60011.32421875, "mean_absolute_error": 0.03767353296279907, "val_loss": 0.008640699088573456, "val_root_mean_squared_error": 0.09295535832643509, "val_mean_absolute_percentage_error": 10481.33984375, "val_mean_absolute_error": 0.04245006665587425, "_runtime": 52.88156294822693, "_step": 19, "best_val_loss": 0.008380630053579807, "best_epoch": 8, "Final MSE": 0.013704881072044373, "Final RMSE": 0.117067851126194, "Final MAPE": 49218.16796875, "Final MAE": 0.053965974599123, "Total Training Time": 51.28793811798096, "Average Time per Epoch": 2.6881035001654374, "_wandb": {"runtime": 51}}