{"epoch": 0, "_timestamp": 1703535056.5896344, "loss": 0.009190147742629051, "root_mean_squared_error": 0.10102654248476028, "mean_absolute_percentage_error": 162649.515625, "mean_absolute_error": 0.06156591325998306, "val_loss": 0.007009225897490978, "val_root_mean_squared_error": 0.0837211161851883, "val_mean_absolute_percentage_error": 38433.796875, "val_mean_absolute_error": 0.052850160747766495, "_runtime": 18.56673550605774, "_step": 1, "best_val_loss": 0.007009225897490978, "best_epoch": 0, "Final MSE": 0.014302810654044151, "Final RMSE": 0.11959435790777206, "Final MAPE": 681128.25, "Final MAE": 0.0782952755689621, "Total Training Time": 17.003000259399414, "Average Time per Epoch": 16.31999182701111, "_wandb": {"runtime": 17}}