{"epoch": 27, "_timestamp": 1703228285.1024573, "loss": 0.010333431884646416, "root_mean_squared_error": 0.10165348649024963, "mean_absolute_percentage_error": 37936.7890625, "mean_absolute_error": 0.06206019967794418, "val_loss": 0.009107962250709534, "val_root_mean_squared_error": 0.09543564170598984, "val_mean_absolute_percentage_error": 97198.3046875, "val_mean_absolute_error": 0.07343482226133347, "_runtime": 515.8746671676636, "_step": 28, "best_val_loss": 0.008180542849004269, "best_epoch": 17, "Final MSE": 0.020694024860858917, "Final RMSE": 0.14385418593883514, "Final MAPE": 317445.5625, "Final MAE": 0.11788416653871536, "Total Training Time": 513.4620995521545, "Average Time per Epoch": 18.299255430698395, "_wandb": {"runtime": 514}}