{"epoch": 0, "_timestamp": 1703627324.2255807, "loss": 0.011283718049526215, "root_mean_squared_error": 0.11622938513755798, "mean_absolute_percentage_error": 40257.171875, "mean_absolute_error": 0.08014439791440964, "val_loss": 0.028783567249774933, "val_root_mean_squared_error": 0.16965720057487488, "val_mean_absolute_percentage_error": 80748.265625, "val_mean_absolute_error": 0.1061544120311737, "_runtime": 45.441566705703735, "_step": 1, "best_val_loss": 0.028783567249774933, "best_epoch": 0, "Final MSE": 0.03288890793919563, "Final RMSE": 0.18135298788547516, "Final MAPE": 143903.0, "Final MAE": 0.12823449075222015, "Total Training Time": 44.19639849662781, "Average Time per Epoch": 42.12613773345947, "_wandb": {"runtime": 44}}