{"epoch": 27, "_timestamp": 1705580912.0850682, "loss": 0.004201676696538925, "root_mean_squared_error": 0.06482034176588058, "mean_absolute_percentage_error": 16672.794921875, "mean_absolute_error": 0.04101705178618431, "val_loss": 0.009897071868181229, "val_root_mean_squared_error": 0.09948402643203735, "val_mean_absolute_percentage_error": 55339.89453125, "val_mean_absolute_error": 0.06938154995441437, "_runtime": 38.70297813415527, "_step": 28, "best_val_loss": 0.009010003879666328, "best_epoch": 17, "Final MSE": 0.013310538604855537, "Final RMSE": 0.11537130922079086, "Final MAPE": 135419.46875, "Final MAE": 0.08329153060913086, "Total Training Time": 36.44825983047485, "Average Time per Epoch": 1.2956055658204215, "_wandb": {"runtime": 36}}