{"epoch": 0, "_timestamp": 1703736581.4516306, "loss": 0.007812154479324818, "root_mean_squared_error": 0.08909767121076584, "mean_absolute_percentage_error": 10483752.0, "mean_absolute_error": 0.053067564964294434, "val_loss": 0.010483341291546822, "val_root_mean_squared_error": 0.10238818824291229, "val_mean_absolute_percentage_error": 10543006.0, "val_mean_absolute_error": 0.05763824284076691, "_runtime": 6.881795644760132, "_step": 1, "best_val_loss": 0.010483341291546822, "best_epoch": 0, "Final MSE": 0.008117858320474625, "Final RMSE": 0.09009915590286255, "Final MAPE": 13181382.0, "Final MAE": 0.05306117981672287, "Total Training Time": 5.170802593231201, "Average Time per Epoch": 4.9372899532318115, "_wandb": {"runtime": 5}}