{"epoch": 14, "_timestamp": 1703258626.52077, "loss": 0.008462042547762394, "root_mean_squared_error": 0.09198936074972153, "mean_absolute_percentage_error": 19885.92578125, "mean_absolute_error": 0.06662920117378235, "val_loss": 0.016251562163233757, "val_root_mean_squared_error": 0.127481609582901, "val_mean_absolute_percentage_error": 83002.6796875, "val_mean_absolute_error": 0.08873237669467926, "_runtime": 207.2861680984497, "_step": 15, "best_val_loss": 0.01457842718809843, "best_epoch": 4, "Final MSE": 0.01762731745839119, "Final RMSE": 0.13276790082454681, "Final MAPE": 191049.15625, "Final MAE": 0.09134824573993683, "Total Training Time": 204.70941972732544, "Average Time per Epoch": 13.594081004460653, "_wandb": {"runtime": 205}}