{"epoch": 18, "_timestamp": 1703443005.864806, "loss": 0.009463214315474033, "root_mean_squared_error": 0.09727905690670013, "mean_absolute_percentage_error": 12263921.0, "mean_absolute_error": 0.060484349727630615, "val_loss": 0.016110150143504143, "val_root_mean_squared_error": 0.1269257664680481, "val_mean_absolute_percentage_error": 14212665.0, "val_mean_absolute_error": 0.07795056700706482, "_runtime": 26.159960985183716, "_step": 19, "best_val_loss": 0.012846491299569607, "best_epoch": 8, "Final MSE": 0.015017611905932426, "Final RMSE": 0.12254636734724045, "Final MAPE": 19800114.0, "Final MAE": 0.07811159640550613, "Total Training Time": 23.931008338928223, "Average Time per Epoch": 1.2511051203075207, "_wandb": {"runtime": 24}}