{"epoch": 0, "_timestamp": 1703593340.9414947, "loss": 0.009077642112970352, "root_mean_squared_error": 0.10358554869890213, "mean_absolute_percentage_error": 34859.75390625, "mean_absolute_error": 0.06984029710292816, "val_loss": 0.012883932329714298, "val_root_mean_squared_error": 0.11350741237401962, "val_mean_absolute_percentage_error": 87054.71875, "val_mean_absolute_error": 0.07459933310747147, "_runtime": 7.690918684005737, "_step": 1, "best_val_loss": 0.012883932329714298, "best_epoch": 0, "Final MSE": 0.023215413093566895, "Final RMSE": 0.1523660570383072, "Final MAPE": 174992.03125, "Final MAE": 0.11105355620384216, "Total Training Time": 6.376594305038452, "Average Time per Epoch": 6.2151594161987305, "_wandb": {"runtime": 6}}