{"epoch": 12, "_timestamp": 1705596118.005866, "loss": 0.01486267801374197, "root_mean_squared_error": 0.12191258370876312, "mean_absolute_percentage_error": 9324.3017578125, "mean_absolute_error": 0.07506529241800308, "val_loss": 0.010464136488735676, "val_root_mean_squared_error": 0.10229436308145523, "val_mean_absolute_percentage_error": 43469.80078125, "val_mean_absolute_error": 0.06502285599708557, "_runtime": 42.83490705490112, "_step": 13, "best_val_loss": 0.008478066883981228, "best_epoch": 2, "Final MSE": 0.015346929430961609, "Final RMSE": 0.1238827258348465, "Final MAPE": 109142.2578125, "Final MAE": 0.07832019776105881, "Total Training Time": 40.602428913116455, "Average Time per Epoch": 3.1052936774033766, "_wandb": {"runtime": 41}}