{"epoch": 0, "_timestamp": 1703656459.9044604, "loss": 0.011830825358629227, "root_mean_squared_error": 0.1190379187464714, "mean_absolute_percentage_error": 32759.12890625, "mean_absolute_error": 0.07340894639492035, "val_loss": 0.011313770897686481, "val_root_mean_squared_error": 0.10636620968580246, "val_mean_absolute_percentage_error": 118.73611450195312, "val_mean_absolute_error": 0.0755373015999794, "_runtime": 4.539191484451294, "_step": 1, "best_val_loss": 0.011313770897686481, "best_epoch": 0, "Final MSE": 0.030016865581274033, "Final RMSE": 0.17325375974178314, "Final MAPE": 183894.4375, "Final MAE": 0.11928430944681168, "Total Training Time": 2.705777168273926, "Average Time per Epoch": 2.5607757568359375, "_wandb": {"runtime": 2}}