{"epoch": 0, "_timestamp": 1703502299.9171703, "loss": 0.015790341421961784, "root_mean_squared_error": 0.12571153044700623, "mean_absolute_percentage_error": 20520.2421875, "mean_absolute_error": 0.07592803239822388, "val_loss": 0.011378534138202667, "val_root_mean_squared_error": 0.10667021572589874, "val_mean_absolute_percentage_error": 55036.75390625, "val_mean_absolute_error": 0.08038492500782013, "_runtime": 7.587367296218872, "_step": 1, "best_val_loss": 0.011378534138202667, "best_epoch": 0, "Final MSE": 0.018474526703357697, "Final RMSE": 0.13592103123664856, "Final MAPE": 142809.203125, "Final MAE": 0.0967114046216011, "Total Training Time": 6.392822742462158, "Average Time per Epoch": 6.211820363998413, "_wandb": {"runtime": 6}}