{"epoch": 0, "_timestamp": 1703812272.3587258, "loss": 0.007306455634534359, "root_mean_squared_error": 0.09915474057197571, "mean_absolute_percentage_error": 77809.8984375, "mean_absolute_error": 0.06205013766884804, "val_loss": 0.024379508569836617, "val_root_mean_squared_error": 0.15613938868045807, "val_mean_absolute_percentage_error": 18038.990234375, "val_mean_absolute_error": 0.09338665008544922, "_runtime": 6.175628900527954, "_step": 1, "best_val_loss": 0.024379508569836617, "best_epoch": 0, "Final MSE": 0.02828667126595974, "Final RMSE": 0.16818641126155853, "Final MAPE": 2027.7593994140625, "Final MAE": 0.11638446152210236, "Total Training Time": 4.539995431900024, "Average Time per Epoch": 4.357893228530884, "_wandb": {"runtime": 4}}