{"epoch": 0, "_timestamp": 1703639669.19487, "loss": 0.011803721077740192, "root_mean_squared_error": 0.11051817983388901, "mean_absolute_percentage_error": 30437.73828125, "mean_absolute_error": 0.06866410374641418, "val_loss": 0.007235417608171701, "val_root_mean_squared_error": 0.08506125956773758, "val_mean_absolute_percentage_error": 72605.703125, "val_mean_absolute_error": 0.05714848265051842, "_runtime": 9.604798078536987, "_step": 1, "best_val_loss": 0.007235417608171701, "best_epoch": 0, "Final MSE": 0.015278981998562813, "Final RMSE": 0.12360817939043045, "Final MAPE": 134226.9375, "Final MAE": 0.07665584981441498, "Total Training Time": 4.4797446727752686, "Average Time per Epoch": 4.332691431045532, "_wandb": {"runtime": 4}}