{"epoch": 20, "_timestamp": 1705584732.3773386, "loss": 0.007919070310890675, "root_mean_squared_error": 0.08898916095495224, "mean_absolute_percentage_error": 112364.125, "mean_absolute_error": 0.060249246656894684, "val_loss": 0.009195192717015743, "val_root_mean_squared_error": 0.0958915650844574, "val_mean_absolute_percentage_error": 51205.4921875, "val_mean_absolute_error": 0.07055385410785675, "_runtime": 54.484121561050415, "_step": 21, "best_val_loss": 0.00886932760477066, "best_epoch": 10, "Final MSE": 0.023003635928034782, "Final RMSE": 0.15166950225830078, "Final MAPE": 486897.5625, "Final MAE": 0.10865840315818787, "Total Training Time": 52.05613040924072, "Average Time per Epoch": 2.4684377851940336, "_wandb": {"runtime": 52}}