{"epoch": 0, "_timestamp": 1703788125.9697933, "loss": 0.005825350061058998, "root_mean_squared_error": 0.0924672931432724, "mean_absolute_percentage_error": 26023.91015625, "mean_absolute_error": 0.052145421504974365, "val_loss": 0.015063575468957424, "val_root_mean_squared_error": 0.12273375689983368, "val_mean_absolute_percentage_error": 92344.4453125, "val_mean_absolute_error": 0.07339869439601898, "_runtime": 40.29115843772888, "_step": 1, "best_val_loss": 0.015063575468957424, "best_epoch": 0, "Final MSE": 0.02771906368434429, "Final RMSE": 0.16649043560028076, "Final MAPE": 59564.1953125, "Final MAE": 0.09386877715587616, "Total Training Time": 38.96887493133545, "Average Time per Epoch": 37.175392389297485, "_wandb": {"runtime": 39}}