{"epoch": 16, "_timestamp": 1703196746.7125416, "loss": 0.015284468419849873, "root_mean_squared_error": 0.12363036721944809, "mean_absolute_percentage_error": 60527.94921875, "mean_absolute_error": 0.08867673575878143, "val_loss": 0.019619116559624672, "val_root_mean_squared_error": 0.14006824791431427, "val_mean_absolute_percentage_error": 238006.9375, "val_mean_absolute_error": 0.09969725459814072, "_runtime": 15.930984497070312, "_step": 17, "best_val_loss": 0.0192206259816885, "best_epoch": 6, "Final MSE": 0.028684260323643684, "Final RMSE": 0.16936427354812622, "Final MAPE": 482540.125, "Final MAE": 0.12465850263834, "Total Training Time": 13.792174816131592, "Average Time per Epoch": 0.8035392901476692, "_wandb": {"runtime": 14}}