{"epoch": 24, "_timestamp": 1703154740.9909165, "loss": 0.007196319289505482, "root_mean_squared_error": 0.0848311185836792, "mean_absolute_percentage_error": 35132.94140625, "mean_absolute_error": 0.055004704743623734, "val_loss": 0.009944875724613667, "val_root_mean_squared_error": 0.09972399473190308, "val_mean_absolute_percentage_error": 27140.94140625, "val_mean_absolute_error": 0.0706539899110794, "_runtime": 34.35046648979187, "_step": 25, "best_val_loss": 0.009403790347278118, "best_epoch": 14, "Final MSE": 0.015890484675765038, "Final RMSE": 0.1260574609041214, "Final MAPE": 84290.78125, "Final MAE": 0.08886978030204773, "Total Training Time": 32.128949880599976, "Average Time per Epoch": 1.2783982563018799, "_wandb": {"runtime": 32}}