{"epoch": 41, "_timestamp": 1703147581.971492, "loss": 0.005401208531111479, "root_mean_squared_error": 0.07349291443824768, "mean_absolute_percentage_error": 10015.8330078125, "mean_absolute_error": 0.04723230004310608, "val_loss": 0.016307590529322624, "val_root_mean_squared_error": 0.12770117819309235, "val_mean_absolute_percentage_error": 58585.703125, "val_mean_absolute_error": 0.08855336159467697, "_runtime": 36.50192403793335, "_step": 42, "best_val_loss": 0.015922807157039642, "best_epoch": 31, "Final MSE": 0.020700031891465187, "Final RMSE": 0.14387506246566772, "Final MAPE": 108100.578125, "Final MAE": 0.10302399843931198, "Total Training Time": 32.60710573196411, "Average Time per Epoch": 0.7724778652191162, "_wandb": {"runtime": 32}}