{"epoch": 14, "_timestamp": 1703763925.3958583, "loss": 0.012009179219603539, "root_mean_squared_error": 0.10958642512559891, "mean_absolute_percentage_error": 43117.40234375, "mean_absolute_error": 0.08193177729845047, "val_loss": 0.01672404445707798, "val_root_mean_squared_error": 0.12932147085666656, "val_mean_absolute_percentage_error": 202719.703125, "val_mean_absolute_error": 0.08941780030727386, "_runtime": 12.500258207321167, "_step": 15, "best_val_loss": 0.016121093183755875, "best_epoch": 4, "Final MSE": 0.020857619121670723, "Final RMSE": 0.14442168176174164, "Final MAPE": 275399.875, "Final MAE": 0.09996435046195984, "Total Training Time": 11.228973865509033, "Average Time per Epoch": 0.7411908467610677, "_wandb": {"runtime": 11}}