{"epoch": 10, "_timestamp": 1703249891.3204644, "loss": 0.01008309330791235, "root_mean_squared_error": 0.10041460394859314, "mean_absolute_percentage_error": 23453.412109375, "mean_absolute_error": 0.062110450118780136, "val_loss": 0.038382839411497116, "val_root_mean_squared_error": 0.19591538608074188, "val_mean_absolute_percentage_error": 376546.96875, "val_mean_absolute_error": 0.15072081983089447, "_runtime": 100.84489345550537, "_step": 11, "best_val_loss": 0.02093922160565853, "best_epoch": 0, "Final MSE": 0.02737153321504593, "Final RMSE": 0.16544345021247864, "Final MAPE": 457424.03125, "Final MAE": 0.125381737947464, "Total Training Time": 98.33524227142334, "Average Time per Epoch": 8.890273224223744, "_wandb": {"runtime": 99}}