{"epoch": 13, "_timestamp": 1703149260.0401778, "loss": 0.004118575248867273, "root_mean_squared_error": 0.06417612731456757, "mean_absolute_percentage_error": 45232.27734375, "mean_absolute_error": 0.03251282870769501, "val_loss": 0.009166272357106209, "val_root_mean_squared_error": 0.0957406535744667, "val_mean_absolute_percentage_error": 94123.0, "val_mean_absolute_error": 0.04963551461696625, "_runtime": 14.056387901306152, "_step": 14, "best_val_loss": 0.008771146647632122, "best_epoch": 3, "Final MSE": 0.012780729681253433, "Final RMSE": 0.1130518913269043, "Final MAPE": 55990.234375, "Final MAE": 0.06270299851894379, "Total Training Time": 11.645410776138306, "Average Time per Epoch": 0.8228275094713483, "_wandb": {"runtime": 11}}