{"epoch": 0, "_timestamp": 1703762239.9478123, "loss": 0.006824632175266743, "root_mean_squared_error": 0.09217332303524017, "mean_absolute_percentage_error": 30055.443359375, "mean_absolute_error": 0.05972672998905182, "val_loss": 0.012497314251959324, "val_root_mean_squared_error": 0.11179138720035553, "val_mean_absolute_percentage_error": 46208.4296875, "val_mean_absolute_error": 0.0743333026766777, "_runtime": 7.428219318389893, "_step": 1, "best_val_loss": 0.012497314251959324, "best_epoch": 0, "Final MSE": 0.02034975029528141, "Final RMSE": 0.14265255630016327, "Final MAPE": 101912.6953125, "Final MAE": 0.10292097181081772, "Total Training Time": 6.261035919189453, "Average Time per Epoch": 6.078146696090698, "_wandb": {"runtime": 6}}