{"epoch": 10, "_timestamp": 1703892955.444745, "loss": 0.015361654572188854, "root_mean_squared_error": 0.12394214421510696, "mean_absolute_percentage_error": 285691.375, "mean_absolute_error": 0.07673472911119461, "val_loss": 0.0096531817689538, "val_root_mean_squared_error": 0.0982506051659584, "val_mean_absolute_percentage_error": 245740.703125, "val_mean_absolute_error": 0.06419826298952103, "_runtime": 10.167049169540405, "_step": 11, "best_val_loss": 0.0094487015157938, "best_epoch": 0, "Final MSE": 0.021965624764561653, "Final RMSE": 0.14820805191993713, "Final MAPE": 41657.72265625, "Final MAE": 0.0936189666390419, "Total Training Time": 8.928659677505493, "Average Time per Epoch": 0.7991468689658425, "_wandb": {"runtime": 9}}