{"epoch": 22, "_timestamp": 1705575555.7417128, "loss": 0.004541440401226282, "root_mean_squared_error": 0.06739021092653275, "mean_absolute_percentage_error": 2851252.5, "mean_absolute_error": 0.04157859459519386, "val_loss": 0.008843244053423405, "val_root_mean_squared_error": 0.09403852373361588, "val_mean_absolute_percentage_error": 34002.91015625, "val_mean_absolute_error": 0.0671580359339714, "_runtime": 20.18413472175598, "_step": 23, "best_val_loss": 0.007968374527990818, "best_epoch": 12, "Final MSE": 0.005387932062149048, "Final RMSE": 0.0734025314450264, "Final MAPE": 379911.3125, "Final MAE": 0.05598807707428932, "Total Training Time": 18.017773389816284, "Average Time per Epoch": 0.7777569708616837, "_wandb": {"runtime": 18}}