{"epoch": 13, "_timestamp": 1703346674.0799978, "loss": 0.06683626770973206, "root_mean_squared_error": 0.25852715969085693, "mean_absolute_percentage_error": 90408464.0, "mean_absolute_error": 0.21000157296657562, "val_loss": 0.07353319227695465, "val_root_mean_squared_error": 0.27117007970809937, "val_mean_absolute_percentage_error": 89804816.0, "val_mean_absolute_error": 0.21594087779521942, "_runtime": 12.567709684371948, "_step": 14, "best_val_loss": 0.07325547188520432, "best_epoch": 3, "Final MSE": 0.07557514309883118, "Final RMSE": 0.2749093174934387, "Final MAPE": 99762288.0, "Final MAE": 0.21355390548706055, "Total Training Time": 10.381279230117798, "Average Time per Epoch": 0.7331235749380929, "_wandb": {"runtime": 10}}