{"epoch": 0, "_timestamp": 1703595676.1700873, "loss": 0.021638156846165657, "root_mean_squared_error": 0.14982934296131134, "mean_absolute_percentage_error": 50325.6328125, "mean_absolute_error": 0.08483239263296127, "val_loss": 0.0264480859041214, "val_root_mean_squared_error": 0.16262869536876678, "val_mean_absolute_percentage_error": 111452.8984375, "val_mean_absolute_error": 0.08816749602556229, "_runtime": 3.6299734115600586, "_step": 1, "best_val_loss": 0.0264480859041214, "best_epoch": 0, "Final MSE": 0.028874995186924934, "Final RMSE": 0.1699264645576477, "Final MAPE": 227059.171875, "Final MAE": 0.1018737331032753, "Total Training Time": 1.6113696098327637, "Average Time per Epoch": 1.5053355693817139, "_wandb": {"runtime": 1}}