{"epoch": 48, "_timestamp": 1703642293.5886846, "loss": 0.006638268008828163, "root_mean_squared_error": 0.08147556334733963, "mean_absolute_percentage_error": 2242.24658203125, "mean_absolute_error": 0.05584222823381424, "val_loss": 0.010669863782823086, "val_root_mean_squared_error": 0.10329503566026688, "val_mean_absolute_percentage_error": 70517.8359375, "val_mean_absolute_error": 0.07843980938196182, "_runtime": 111.8628294467926, "_step": 49, "best_val_loss": 0.010366611182689667, "best_epoch": 38, "Final MSE": 0.016624853014945984, "Final RMSE": 0.12893739342689514, "Final MAPE": 167076.484375, "Final MAE": 0.09475405514240265, "Total Training Time": 109.75131630897522, "Average Time per Epoch": 2.2347080804863753, "_wandb": {"runtime": 110}}