{"epoch": 28, "_timestamp": 1705629079.6726632, "loss": 0.005273821298032999, "root_mean_squared_error": 0.07262107729911804, "mean_absolute_percentage_error": 6042.083984375, "mean_absolute_error": 0.03346673399209976, "val_loss": 0.009791784919798374, "val_root_mean_squared_error": 0.09895344823598862, "val_mean_absolute_percentage_error": 58628.109375, "val_mean_absolute_error": 0.059531714767217636, "_runtime": 71.1074903011322, "_step": 29, "best_val_loss": 0.009192947298288345, "best_epoch": 18, "Final MSE": 0.012140179984271526, "Final RMSE": 0.11018248647451401, "Final MAPE": 201474.453125, "Final MAE": 0.06557697802782059, "Total Training Time": 68.67683720588684, "Average Time per Epoch": 2.360567298428766, "_wandb": {"runtime": 69}}