{"epoch": 0, "_timestamp": 1703548247.154351, "loss": 0.0063092331402003765, "root_mean_squared_error": 0.08691436052322388, "mean_absolute_percentage_error": 56104.7109375, "mean_absolute_error": 0.053174614906311035, "val_loss": 0.0069886306300759315, "val_root_mean_squared_error": 0.08359803259372711, "val_mean_absolute_percentage_error": 42113.3515625, "val_mean_absolute_error": 0.05386201664805412, "_runtime": 9.96517300605774, "_step": 1, "best_val_loss": 0.0069886306300759315, "best_epoch": 0, "Final MSE": 0.016355734318494797, "Final RMSE": 0.12788954377174377, "Final MAPE": 142631.9375, "Final MAE": 0.08643420040607452, "Total Training Time": 4.539258241653442, "Average Time per Epoch": 4.389217853546143, "_wandb": {"runtime": 4}}