{"epoch": 43, "_timestamp": 1703187752.7542999, "loss": 0.0031045759096741676, "root_mean_squared_error": 0.05571871995925903, "mean_absolute_percentage_error": 5881.20654296875, "mean_absolute_error": 0.03315260633826256, "val_loss": 0.01711665280163288, "val_root_mean_squared_error": 0.13083063066005707, "val_mean_absolute_percentage_error": 91080.2890625, "val_mean_absolute_error": 0.10698942095041275, "_runtime": 106.52708697319031, "_step": 44, "best_val_loss": 0.012668858282268047, "best_epoch": 33, "Final MSE": 0.01506222877651453, "Final RMSE": 0.12272827327251434, "Final MAPE": 101809.0, "Final MAE": 0.06729865819215775, "Total Training Time": 103.94234919548035, "Average Time per Epoch": 2.357144442471591, "_wandb": {"runtime": 104}}