{"epoch": 0, "_timestamp": 1703760645.0572, "loss": 0.023979127407073975, "root_mean_squared_error": 0.1585642248392105, "mean_absolute_percentage_error": 84709.0703125, "mean_absolute_error": 0.10970276594161987, "val_loss": 0.0283286664634943, "val_root_mean_squared_error": 0.1683112233877182, "val_mean_absolute_percentage_error": 112607.15625, "val_mean_absolute_error": 0.11631739884614944, "_runtime": 7.3077239990234375, "_step": 1, "best_val_loss": 0.0283286664634943, "best_epoch": 0, "Final MSE": 0.033949751406908035, "Final RMSE": 0.18425458669662476, "Final MAPE": 341806.34375, "Final MAE": 0.12268734723329544, "Total Training Time": 6.109452724456787, "Average Time per Epoch": 5.943494558334351, "_wandb": {"runtime": 6}}