{"epoch": 21, "_timestamp": 1705614033.8655083, "loss": 0.005551955662667751, "root_mean_squared_error": 0.07451144605875015, "mean_absolute_percentage_error": 11720.15625, "mean_absolute_error": 0.047276340425014496, "val_loss": 0.015188319608569145, "val_root_mean_squared_error": 0.12324090301990509, "val_mean_absolute_percentage_error": 44526.328125, "val_mean_absolute_error": 0.08098842203617096, "_runtime": 24.381604433059692, "_step": 22, "best_val_loss": 0.015062736347317696, "best_epoch": 11, "Final MSE": 0.019752629101276398, "Final RMSE": 0.14054404199123383, "Final MAPE": 89671.6640625, "Final MAE": 0.09659150242805481, "Total Training Time": 17.41872787475586, "Average Time per Epoch": 0.7856680263172496, "_wandb": {"runtime": 17}}