{"epoch": 0, "_timestamp": 1703764367.9969447, "loss": 0.006802043877542019, "root_mean_squared_error": 0.09927946329116821, "mean_absolute_percentage_error": 32772.7265625, "mean_absolute_error": 0.05555195361375809, "val_loss": 0.01687653549015522, "val_root_mean_squared_error": 0.12990973889827728, "val_mean_absolute_percentage_error": 73149.7109375, "val_mean_absolute_error": 0.0778888389468193, "_runtime": 3.4665937423706055, "_step": 1, "best_val_loss": 0.01687653549015522, "best_epoch": 0, "Final MSE": 0.03171406686306, "Final RMSE": 0.17808443307876587, "Final MAPE": 75024.9765625, "Final MAE": 0.10126924514770508, "Total Training Time": 1.5326731204986572, "Average Time per Epoch": 1.4373207092285156, "_wandb": {"runtime": 1}}