{"epoch": 0, "_timestamp": 1703727702.1579492, "loss": 0.008585122413933277, "root_mean_squared_error": 0.09390042722225189, "mean_absolute_percentage_error": 9008123.0, "mean_absolute_error": 0.05402680113911629, "val_loss": 0.009779573418200016, "val_root_mean_squared_error": 0.0988917276263237, "val_mean_absolute_percentage_error": 7758772.0, "val_mean_absolute_error": 0.05482400208711624, "_runtime": 9.623132228851318, "_step": 1, "best_val_loss": 0.009779573418200016, "best_epoch": 0, "Final MSE": 0.01068138051778078, "Final RMSE": 0.10335076600313187, "Final MAPE": 8900050.0, "Final MAE": 0.05425342917442322, "Total Training Time": 4.487600326538086, "Average Time per Epoch": 4.335707902908325, "_wandb": {"runtime": 4}}