{"epoch": 21, "_timestamp": 1703148520.8727098, "loss": 0.003852346446365118, "root_mean_squared_error": 0.06206727400422096, "mean_absolute_percentage_error": 14339.2744140625, "mean_absolute_error": 0.03459613025188446, "val_loss": 0.01079846266657114, "val_root_mean_squared_error": 0.10391565412282944, "val_mean_absolute_percentage_error": 168502.875, "val_mean_absolute_error": 0.06171839311718941, "_runtime": 19.833130836486816, "_step": 22, "best_val_loss": 0.010144875384867191, "best_epoch": 11, "Final MSE": 0.018323799595236778, "Final RMSE": 0.13536542654037476, "Final MAPE": 69484.734375, "Final MAE": 0.08006346970796585, "Total Training Time": 17.64442801475525, "Average Time per Epoch": 0.7958308241584084, "_wandb": {"runtime": 17}}