{"epoch": 30, "_timestamp": 1703296902.580193, "loss": 0.004268256016075611, "root_mean_squared_error": 0.06533189117908478, "mean_absolute_percentage_error": 16106.0302734375, "mean_absolute_error": 0.04564925655722618, "val_loss": 0.006013948004692793, "val_root_mean_squared_error": 0.07754965126514435, "val_mean_absolute_percentage_error": 80691.3984375, "val_mean_absolute_error": 0.052855659276247025, "_runtime": 81.84637999534607, "_step": 31, "best_val_loss": 0.0058519188314676285, "best_epoch": 20, "Final MSE": 0.011711424216628075, "Final RMSE": 0.10821933299303055, "Final MAPE": 199457.34375, "Final MAE": 0.07821144908666611, "Total Training Time": 79.30905842781067, "Average Time per Epoch": 2.550587384931503, "_wandb": {"runtime": 79}}