{"epoch": 0, "_timestamp": 1703640158.7209003, "loss": 0.003231927054002881, "root_mean_squared_error": 0.06656288355588913, "mean_absolute_percentage_error": 6279.5703125, "mean_absolute_error": 0.038456231355667114, "val_loss": 0.009134645573794842, "val_root_mean_squared_error": 0.09557534009218216, "val_mean_absolute_percentage_error": 50347.22265625, "val_mean_absolute_error": 0.07290000468492508, "_runtime": 10.768828392028809, "_step": 1, "best_val_loss": 0.009134645573794842, "best_epoch": 0, "Final MSE": 0.01216551847755909, "Final RMSE": 0.11029741168022156, "Final MAPE": 15067.396484375, "Final MAE": 0.06621234863996506, "Total Training Time": 4.492978811264038, "Average Time per Epoch": 4.343970537185669, "_wandb": {"runtime": 4}}