{"epoch": 0, "_timestamp": 1702915245.6761205, "loss": 0.005358572583645582, "root_mean_squared_error": 0.07320227473974228, "mean_absolute_percentage_error": 5085.6328125, "mean_absolute_error": 0.0438300184905529, "val_loss": 0.005248675588518381, "val_root_mean_squared_error": 0.0724477469921112, "val_mean_absolute_percentage_error": 6825.8193359375, "val_mean_absolute_error": 0.04261358827352524, "_runtime": 14.102877616882324, "_step": 1, "best_val_loss": 0.005248675588518381, "best_epoch": 0, "Final MSE": 0.013136192224919796, "Final RMSE": 0.11461322754621506, "Final MAPE": 41315.71484375, "Final MAE": 0.06658037006855011, "Total Training Time": 11.611419677734375, "Average Time per Epoch": 11.187841653823853}