{"epoch": 0, "_timestamp": 1703715058.3609223, "loss": 0.02255426160991192, "root_mean_squared_error": 0.19769859313964844, "mean_absolute_percentage_error": 38425024.0, "mean_absolute_error": 0.1194162517786026, "val_loss": 0.08390745520591736, "val_root_mean_squared_error": 0.28966784477233887, "val_mean_absolute_percentage_error": 10498015.0, "val_mean_absolute_error": 0.15861104428768158, "_runtime": 51.058863401412964, "_step": 1, "best_val_loss": 0.08390745520591736, "best_epoch": 0, "Final MSE": 0.08525729924440384, "Final RMSE": 0.2919885218143463, "Final MAPE": 11327932.0, "Final MAE": 0.1471782773733139, "Total Training Time": 49.71697115898132, "Average Time per Epoch": 47.36554932594299, "_wandb": {"runtime": 49}}