{"epoch": 28, "_timestamp": 1703455499.7199562, "loss": 0.009181659668684006, "root_mean_squared_error": 0.09582097828388214, "mean_absolute_percentage_error": 12489920.0, "mean_absolute_error": 0.055629175156354904, "val_loss": 0.015977613627910614, "val_root_mean_squared_error": 0.1264025866985321, "val_mean_absolute_percentage_error": 19437092.0, "val_mean_absolute_error": 0.07487412542104721, "_runtime": 86.74350810050964, "_step": 29, "best_val_loss": 0.013924348168075085, "best_epoch": 18, "Final MSE": 0.012523087672889233, "Final RMSE": 0.11190660297870636, "Final MAPE": 26174686.0, "Final MAE": 0.06618564575910568, "Total Training Time": 84.19046330451965, "Average Time per Epoch": 2.8949448404640985, "_wandb": {"runtime": 84}}