{"epoch": 20, "_timestamp": 1703447145.145899, "loss": 0.00990927591919899, "root_mean_squared_error": 0.09954534471035004, "mean_absolute_percentage_error": 9637743.0, "mean_absolute_error": 0.05847734212875366, "val_loss": 0.01123667974025011, "val_root_mean_squared_error": 0.10600320994853973, "val_mean_absolute_percentage_error": 10054431.0, "val_mean_absolute_error": 0.05905008688569069, "_runtime": 29.13434600830078, "_step": 21, "best_val_loss": 0.011089871637523174, "best_epoch": 10, "Final MSE": 0.017610151320695877, "Final RMSE": 0.1327032446861267, "Final MAPE": 15555451.0, "Final MAE": 0.07784655690193176, "Total Training Time": 26.85068941116333, "Average Time per Epoch": 1.2709366707574754, "_wandb": {"runtime": 27}}