{"epoch": 18, "_timestamp": 1705609010.7470586, "loss": 0.005715033505111933, "root_mean_squared_error": 0.0755978375673294, "mean_absolute_percentage_error": 134516.828125, "mean_absolute_error": 0.04193207249045372, "val_loss": 0.005695145111531019, "val_root_mean_squared_error": 0.07546618580818176, "val_mean_absolute_percentage_error": 373937.21875, "val_mean_absolute_error": 0.04557891562581062, "_runtime": 65.32003259658813, "_step": 19, "best_val_loss": 0.004937019664794207, "best_epoch": 8, "Final MSE": 0.024630382657051086, "Final RMSE": 0.15694069862365723, "Final MAPE": 114119.953125, "Final MAE": 0.10347334295511246, "Total Training Time": 63.94071960449219, "Average Time per Epoch": 3.352035083268818, "_wandb": {"runtime": 64}}