{"epoch": 20, "_timestamp": 1703892446.57183, "loss": 0.022047879174351692, "root_mean_squared_error": 0.14848528802394867, "mean_absolute_percentage_error": 68620.796875, "mean_absolute_error": 0.10283304750919342, "val_loss": 0.028065664693713188, "val_root_mean_squared_error": 0.16752810776233673, "val_mean_absolute_percentage_error": 99037.71875, "val_mean_absolute_error": 0.11712682992219925, "_runtime": 18.579193115234375, "_step": 21, "best_val_loss": 0.02755465731024742, "best_epoch": 10, "Final MSE": 0.032761793583631516, "Final RMSE": 0.1810021996498108, "Final MAPE": 309095.40625, "Final MAE": 0.12362698465585709, "Total Training Time": 16.344860553741455, "Average Time per Epoch": 0.7712706838335309, "_wandb": {"runtime": 16}}