{"epoch": 0, "_timestamp": 1703736903.1338952, "loss": 0.007916554808616638, "root_mean_squared_error": 0.09451103210449219, "mean_absolute_percentage_error": 9368865.0, "mean_absolute_error": 0.05393747612833977, "val_loss": 0.01127096638083458, "val_root_mean_squared_error": 0.10616480559110641, "val_mean_absolute_percentage_error": 12551493.0, "val_mean_absolute_error": 0.06396249681711197, "_runtime": 6.713268041610718, "_step": 1, "best_val_loss": 0.01127096638083458, "best_epoch": 0, "Final MSE": 0.011055237613618374, "Final RMSE": 0.10514388978481293, "Final MAPE": 12104686.0, "Final MAE": 0.060279134660959244, "Total Training Time": 4.934049367904663, "Average Time per Epoch": 4.719063997268677, "_wandb": {"runtime": 5}}