{"epoch": 33, "_timestamp": 1705581006.1574733, "loss": 0.003782891435548663, "root_mean_squared_error": 0.061505213379859924, "mean_absolute_percentage_error": 14315.4013671875, "mean_absolute_error": 0.03394725173711777, "val_loss": 0.011741195805370808, "val_root_mean_squared_error": 0.10835679620504379, "val_mean_absolute_percentage_error": 129924.0859375, "val_mean_absolute_error": 0.06266369670629501, "_runtime": 46.22204542160034, "_step": 34, "best_val_loss": 0.01110073085874319, "best_epoch": 23, "Final MSE": 0.019549991935491562, "Final RMSE": 0.13982129096984863, "Final MAPE": 30520.95703125, "Final MAE": 0.08121415972709656, "Total Training Time": 43.92741298675537, "Average Time per Epoch": 1.286687367102679, "_wandb": {"runtime": 44}}