{"epoch": 44, "_timestamp": 1703898254.898312, "loss": 0.005099675618112087, "root_mean_squared_error": 0.07141201198101044, "mean_absolute_percentage_error": 8434.7861328125, "mean_absolute_error": 0.046167872846126556, "val_loss": 0.010843753814697266, "val_root_mean_squared_error": 0.10413334518671036, "val_mean_absolute_percentage_error": 79683.8046875, "val_mean_absolute_error": 0.06746120750904083, "_runtime": 56.666577100753784, "_step": 45, "best_val_loss": 0.010112833231687546, "best_epoch": 34, "Final MSE": 0.008984578773379326, "Final RMSE": 0.09478701651096344, "Final MAPE": 39834.3203125, "Final MAE": 0.06889756768941879, "Total Training Time": 55.32401728630066, "Average Time per Epoch": 1.225189044740465, "_wandb": {"runtime": 55}}