{"epoch": 14, "_timestamp": 1703090899.4288332, "loss": 0.0039374008774757385, "root_mean_squared_error": 0.06274871528148651, "mean_absolute_percentage_error": 244029.296875, "mean_absolute_error": 0.03501276299357414, "val_loss": 0.007118906360119581, "val_root_mean_squared_error": 0.0843736082315445, "val_mean_absolute_percentage_error": 30.41291618347168, "val_mean_absolute_error": 0.04303324967622757, "_runtime": 42.50089716911316, "_step": 15, "best_val_loss": 0.0066002062521874905, "best_epoch": 4, "Final MSE": 0.00767544936388731, "Final RMSE": 0.08760964125394821, "Final MAPE": 260023.515625, "Final MAE": 0.05392496660351753, "Total Training Time": 39.73923873901367, "Average Time per Epoch": 2.6356823126475017, "_wandb": {"runtime": 40}}