{"epoch": 19, "_timestamp": 1703740450.6719422, "loss": 0.009148944169282913, "root_mean_squared_error": 0.09565011411905289, "mean_absolute_percentage_error": 8541432.0, "mean_absolute_error": 0.055554814636707306, "val_loss": 0.01211958471685648, "val_root_mean_squared_error": 0.11008898913860321, "val_mean_absolute_percentage_error": 9343435.0, "val_mean_absolute_error": 0.06260453164577484, "_runtime": 19.895036220550537, "_step": 20, "best_val_loss": 0.011516404338181019, "best_epoch": 9, "Final MSE": 0.014092625118792057, "Final RMSE": 0.11871236562728882, "Final MAPE": 15009639.0, "Final MAE": 0.07319312542676926, "Total Training Time": 17.445026636123657, "Average Time per Epoch": 0.8648714423179626, "_wandb": {"runtime": 17}}