{"epoch": 28, "_timestamp": 1705577977.4826965, "loss": 0.011880886740982533, "root_mean_squared_error": 0.10899948328733444, "mean_absolute_percentage_error": 5839.81494140625, "mean_absolute_error": 0.06376904994249344, "val_loss": 0.007309781387448311, "val_root_mean_squared_error": 0.08549726009368896, "val_mean_absolute_percentage_error": 189279.125, "val_mean_absolute_error": 0.0512702539563179, "_runtime": 24.790231466293335, "_step": 29, "best_val_loss": 0.0063210525549948215, "best_epoch": 18, "Final MSE": 0.037262480705976486, "Final RMSE": 0.19303491711616516, "Final MAPE": 301317.875, "Final MAE": 0.12292944639921188, "Total Training Time": 22.644156455993652, "Average Time per Epoch": 0.7759844516885692, "_wandb": {"runtime": 22}}