{"epoch": 0, "_timestamp": 1703727937.5473914, "loss": 0.008109032176434994, "root_mean_squared_error": 0.09183217585086823, "mean_absolute_percentage_error": 8721325.0, "mean_absolute_error": 0.05339961498975754, "val_loss": 0.015957878902554512, "val_root_mean_squared_error": 0.12632450461387634, "val_mean_absolute_percentage_error": 10207829.0, "val_mean_absolute_error": 0.07400377839803696, "_runtime": 9.984694480895996, "_step": 1, "best_val_loss": 0.015957878902554512, "best_epoch": 0, "Final MSE": 0.016831111162900925, "Final RMSE": 0.12973476946353912, "Final MAPE": 14541139.0, "Final MAE": 0.06811054050922394, "Total Training Time": 4.523339509963989, "Average Time per Epoch": 4.3769519329071045, "_wandb": {"runtime": 4}}