{"epoch": 30, "_timestamp": 1703878952.644832, "loss": 0.017747091129422188, "root_mean_squared_error": 0.1332182139158249, "mean_absolute_percentage_error": 379581.96875, "mean_absolute_error": 0.08531827479600906, "val_loss": 0.0105582969263196, "val_root_mean_squared_error": 0.10275357216596603, "val_mean_absolute_percentage_error": 150487.21875, "val_mean_absolute_error": 0.05398998782038689, "_runtime": 195.42296886444092, "_step": 31, "best_val_loss": 0.01013017725199461, "best_epoch": 20, "Final MSE": 0.02631673775613308, "Final RMSE": 0.16222433745861053, "Final MAPE": 48665.1953125, "Final MAE": 0.08955355733633041, "Total Training Time": 193.80086517333984, "Average Time per Epoch": 6.236073263229862, "_wandb": {"runtime": 194}}