{"epoch": 34, "_timestamp": 1703282576.3265605, "loss": 0.00294719310477376, "root_mean_squared_error": 0.05428805574774742, "mean_absolute_percentage_error": 8439.5166015625, "mean_absolute_error": 0.032553669065237045, "val_loss": 0.015856804326176643, "val_root_mean_squared_error": 0.12592379748821259, "val_mean_absolute_percentage_error": 45834.33203125, "val_mean_absolute_error": 0.10449880361557007, "_runtime": 30.592124462127686, "_step": 35, "best_val_loss": 0.009996365755796432, "best_epoch": 24, "Final MSE": 0.01542315911501646, "Final RMSE": 0.12419001013040543, "Final MAPE": 68018.421875, "Final MAE": 0.07362933456897736, "Total Training Time": 27.70890235900879, "Average Time per Epoch": 0.7873799732753208, "_wandb": {"runtime": 28}}