{"epoch": 0, "_timestamp": 1703737318.116668, "loss": 0.006887194234877825, "root_mean_squared_error": 0.08971171826124191, "mean_absolute_percentage_error": 9184199.0, "mean_absolute_error": 0.05218268558382988, "val_loss": 0.010099314153194427, "val_root_mean_squared_error": 0.100495345890522, "val_mean_absolute_percentage_error": 8255216.5, "val_mean_absolute_error": 0.05795012414455414, "_runtime": 6.520533084869385, "_step": 1, "best_val_loss": 0.010099314153194427, "best_epoch": 0, "Final MSE": 0.013676036149263382, "Final RMSE": 0.11694458872079849, "Final MAPE": 15063804.0, "Final MAE": 0.0687713623046875, "Total Training Time": 4.785953521728516, "Average Time per Epoch": 4.581745386123657, "_wandb": {"runtime": 5}}