{"epoch": 0, "_timestamp": 1703803716.6102622, "loss": 0.008012806065380573, "root_mean_squared_error": 0.09650909155607224, "mean_absolute_percentage_error": 40632.80078125, "mean_absolute_error": 0.06352519243955612, "val_loss": 0.011550866067409515, "val_root_mean_squared_error": 0.10747495293617249, "val_mean_absolute_percentage_error": 24789.359375, "val_mean_absolute_error": 0.07324019819498062, "_runtime": 9.758852243423462, "_step": 1, "best_val_loss": 0.011550866067409515, "best_epoch": 0, "Final MSE": 0.019065771251916885, "Final RMSE": 0.13807885348796844, "Final MAPE": 180634.4375, "Final MAE": 0.09452284872531891, "Total Training Time": 4.441766023635864, "Average Time per Epoch": 4.294084072113037, "_wandb": {"runtime": 4}}