{"epoch": 21, "_timestamp": 1703196482.4166021, "loss": 0.020680362358689308, "root_mean_squared_error": 0.14380663633346558, "mean_absolute_percentage_error": 35968.21875, "mean_absolute_error": 0.0824875682592392, "val_loss": 0.022149918600916862, "val_root_mean_squared_error": 0.14882847666740417, "val_mean_absolute_percentage_error": 137745.796875, "val_mean_absolute_error": 0.10522349923849106, "_runtime": 18.94107413291931, "_step": 22, "best_val_loss": 0.02087472751736641, "best_epoch": 11, "Final MSE": 0.03331882506608963, "Final RMSE": 0.18253442645072937, "Final MAPE": 280981.15625, "Final MAE": 0.1229131892323494, "Total Training Time": 16.831502676010132, "Average Time per Epoch": 0.7590676762840964, "_wandb": {"runtime": 17}}