{"epoch": 0, "_timestamp": 1703560291.1154492, "loss": 0.0035549637395888567, "root_mean_squared_error": 0.06167655438184738, "mean_absolute_percentage_error": 11563.796875, "mean_absolute_error": 0.029790502041578293, "val_loss": 0.004921607207506895, "val_root_mean_squared_error": 0.07015416771173477, "val_mean_absolute_percentage_error": 45663.78515625, "val_mean_absolute_error": 0.04209980368614197, "_runtime": 3.884261131286621, "_step": 1, "best_val_loss": 0.004921607207506895, "best_epoch": 0, "Final MSE": 0.0074557894840836525, "Final RMSE": 0.08634691685438156, "Final MAPE": 23162.00390625, "Final MAE": 0.057132571935653687, "Total Training Time": 1.9175653457641602, "Average Time per Epoch": 1.8085181713104248, "_wandb": {"runtime": 2}}