{"epoch": 14, "_timestamp": 1703853523.7817392, "loss": 0.01493652444332838, "root_mean_squared_error": 0.12221508473157883, "mean_absolute_percentage_error": 76727.140625, "mean_absolute_error": 0.0732445940375328, "val_loss": 0.01170894131064415, "val_root_mean_squared_error": 0.10820788145065308, "val_mean_absolute_percentage_error": 49415.01171875, "val_mean_absolute_error": 0.07895654439926147, "_runtime": 12.788923263549805, "_step": 15, "best_val_loss": 0.010829273611307144, "best_epoch": 4, "Final MSE": 0.024280179291963577, "Final RMSE": 0.15582099556922913, "Final MAPE": 102518.5234375, "Final MAE": 0.10481730103492737, "Total Training Time": 11.404208421707153, "Average Time per Epoch": 0.7520080884297689, "_wandb": {"runtime": 11}}