{"epoch": 29, "_timestamp": 1703739874.4766955, "loss": 0.007532746996730566, "root_mean_squared_error": 0.08679139614105225, "mean_absolute_percentage_error": 8787287.0, "mean_absolute_error": 0.050263602286577225, "val_loss": 0.012277369387447834, "val_root_mean_squared_error": 0.11080329120159149, "val_mean_absolute_percentage_error": 14734756.0, "val_mean_absolute_error": 0.06665943562984467, "_runtime": 27.064117431640625, "_step": 30, "best_val_loss": 0.0113922618329525, "best_epoch": 19, "Final MSE": 0.015906687825918198, "Final RMSE": 0.12612171471118927, "Final MAPE": 19752818.0, "Final MAE": 0.07259692251682281, "Total Training Time": 25.730616092681885, "Average Time per Epoch": 0.8534345070521037, "_wandb": {"runtime": 26}}