{"epoch": 56, "_timestamp": 1703731303.681945, "loss": 0.0074074361473321915, "root_mean_squared_error": 0.08606646209955215, "mean_absolute_percentage_error": 6526619.0, "mean_absolute_error": 0.04986904561519623, "val_loss": 0.008665363304316998, "val_root_mean_squared_error": 0.09308793395757675, "val_mean_absolute_percentage_error": 7593471.5, "val_mean_absolute_error": 0.05178407207131386, "_runtime": 135.03628706932068, "_step": 57, "best_val_loss": 0.007767791394144297, "best_epoch": 46, "Final MSE": 0.013124938122928143, "Final RMSE": 0.11456412076950073, "Final MAPE": 18205910.0, "Final MAE": 0.07135483622550964, "Total Training Time": 133.06181621551514, "Average Time per Epoch": 2.3295920648072896, "_wandb": {"runtime": 133}}