{"epoch/loss": 0.011017200537025928, "epoch/mean_absolute_percentage_error": 58743.73828125, "epoch/mean_absolute_error": 0.07116828113794327, "epoch/val_loss": 0.016539519652724266, "epoch/val_mean_absolute_percentage_error": 67707.640625, "epoch/val_mean_absolute_error": 0.08831042051315308, "epoch/epoch": 37, "epoch/learning_rate": 0.0010000000474974513, "_timestamp": 1700578670.2168994, "_runtime": 48.71798133850098, "_step": 37, "_wandb": {"runtime": 47}}