{"epoch": 64, "_timestamp": 1703286115.101221, "loss": 0.006846373900771141, "root_mean_squared_error": 0.08274281769990921, "mean_absolute_percentage_error": 10651.5869140625, "mean_absolute_error": 0.05667971447110176, "val_loss": 0.009116239845752716, "val_root_mean_squared_error": 0.09547900408506393, "val_mean_absolute_percentage_error": 70378.9296875, "val_mean_absolute_error": 0.0699835866689682, "_runtime": 84.09219002723694, "_step": 65, "best_val_loss": 0.008486645296216011, "best_epoch": 54, "Final MSE": 0.013904268853366375, "Final RMSE": 0.11791636049747467, "Final MAPE": 98550.2734375, "Final MAE": 0.0858319029211998, "Total Training Time": 81.76473474502563, "Average Time per Epoch": 1.2544435317699725, "_wandb": {"runtime": 82}}