{"epoch": 11, "_timestamp": 1703855336.544441, "loss": 0.015095047652721405, "root_mean_squared_error": 0.12286186963319778, "mean_absolute_percentage_error": 12615.6650390625, "mean_absolute_error": 0.0729231908917427, "val_loss": 0.009984592907130718, "val_root_mean_squared_error": 0.09992293268442154, "val_mean_absolute_percentage_error": 97997.8046875, "val_mean_absolute_error": 0.07706620544195175, "_runtime": 11.236814975738525, "_step": 12, "best_val_loss": 0.009242828004062176, "best_epoch": 1, "Final MSE": 0.021675236523151398, "Final RMSE": 0.14722511172294617, "Final MAPE": 99530.1796875, "Final MAE": 0.10012836754322052, "Total Training Time": 9.065569400787354, "Average Time per Epoch": 0.7457858721415201, "_wandb": {"runtime": 9}}