{"epoch": 31, "_timestamp": 1705583823.7600875, "loss": 0.005264893639832735, "root_mean_squared_error": 0.07255958765745163, "mean_absolute_percentage_error": 18637.0703125, "mean_absolute_error": 0.04665588587522507, "val_loss": 0.008046348579227924, "val_root_mean_squared_error": 0.08970144391059875, "val_mean_absolute_percentage_error": 113483.140625, "val_mean_absolute_error": 0.058809343725442886, "_runtime": 44.17523646354675, "_step": 32, "best_val_loss": 0.007864358834922314, "best_epoch": 21, "Final MSE": 0.009584840387105942, "Final RMSE": 0.09790220111608505, "Final MAPE": 243194.171875, "Final MAE": 0.060027800500392914, "Total Training Time": 41.81309366226196, "Average Time per Epoch": 1.3004555776715279, "_wandb": {"runtime": 42}}