{"epoch": 11, "_timestamp": 1703154185.4994018, "loss": 0.003728981362655759, "root_mean_squared_error": 0.06106538698077202, "mean_absolute_percentage_error": 253382.828125, "mean_absolute_error": 0.03391636162996292, "val_loss": 0.006714445538818836, "val_root_mean_squared_error": 0.08194172382354736, "val_mean_absolute_percentage_error": 34.17254638671875, "val_mean_absolute_error": 0.04356011748313904, "_runtime": 18.304531812667847, "_step": 12, "best_val_loss": 0.006511671002954245, "best_epoch": 1, "Final MSE": 0.008156065829098225, "Final RMSE": 0.09031093865633011, "Final MAPE": 250193.25, "Final MAE": 0.0625673159956932, "Total Training Time": 16.073882341384888, "Average Time per Epoch": 1.326740324497223, "_wandb": {"runtime": 16}}