{"epoch": 30, "_timestamp": 1703441878.3522398, "loss": 0.00893314927816391, "root_mean_squared_error": 0.09451533854007721, "mean_absolute_percentage_error": 9497558.0, "mean_absolute_error": 0.05750998482108116, "val_loss": 0.013817562721669674, "val_root_mean_squared_error": 0.1175481304526329, "val_mean_absolute_percentage_error": 13913640.0, "val_mean_absolute_error": 0.07188569754362106, "_runtime": 40.13182282447815, "_step": 31, "best_val_loss": 0.013749176636338234, "best_epoch": 20, "Final MSE": 0.016895364969968796, "Final RMSE": 0.12998217344284058, "Final MAPE": 18492144.0, "Final MAE": 0.07709585130214691, "Total Training Time": 37.83966898918152, "Average Time per Epoch": 1.2150210795863983, "_wandb": {"runtime": 38}}