{"epoch": 20, "_timestamp": 1703438273.3647754, "loss": 0.008625981397926807, "root_mean_squared_error": 0.09287615865468979, "mean_absolute_percentage_error": 9897535.0, "mean_absolute_error": 0.055800557136535645, "val_loss": 0.012437554076313972, "val_root_mean_squared_error": 0.11152378469705582, "val_mean_absolute_percentage_error": 11535470.0, "val_mean_absolute_error": 0.06698299944400787, "_runtime": 18.15670132637024, "_step": 21, "best_val_loss": 0.010454236529767513, "best_epoch": 10, "Final MSE": 0.011297243647277355, "Final RMSE": 0.10628849267959595, "Final MAPE": 20690774.0, "Final MAE": 0.07043365389108658, "Total Training Time": 15.854878902435303, "Average Time per Epoch": 0.7488816011519659, "_wandb": {"runtime": 16}}