{"epoch": 0, "_timestamp": 1703505768.4814613, "loss": 0.012037506327033043, "root_mean_squared_error": 0.1141999289393425, "mean_absolute_percentage_error": 72276.4375, "mean_absolute_error": 0.08412761986255646, "val_loss": 0.01621655933558941, "val_root_mean_squared_error": 0.1273442506790161, "val_mean_absolute_percentage_error": 226425.453125, "val_mean_absolute_error": 0.0925883948802948, "_runtime": 3.6015632152557373, "_step": 1, "best_val_loss": 0.01621655933558941, "best_epoch": 0, "Final MSE": 0.020095085725188255, "Final RMSE": 0.14175711572170258, "Final MAPE": 307776.90625, "Final MAE": 0.10253316164016724, "Total Training Time": 1.5919268131256104, "Average Time per Epoch": 1.4889068603515625, "_wandb": {"runtime": 1}}