{"epoch": 0, "_timestamp": 1703761119.4298303, "loss": 0.025179404765367508, "root_mean_squared_error": 0.15767024457454681, "mean_absolute_percentage_error": 193570.765625, "mean_absolute_error": 0.09821789711713791, "val_loss": 0.01802617497742176, "val_root_mean_squared_error": 0.1342615932226181, "val_mean_absolute_percentage_error": 19312.880859375, "val_mean_absolute_error": 0.07885236293077469, "_runtime": 7.386750221252441, "_step": 1, "best_val_loss": 0.01802617497742176, "best_epoch": 0, "Final MSE": 0.02112138457596302, "Final RMSE": 0.1453319787979126, "Final MAPE": 250644.25, "Final MAE": 0.08891452848911285, "Total Training Time": 6.168414115905762, "Average Time per Epoch": 6.017677307128906, "_wandb": {"runtime": 6}}