{"epoch": 11, "_timestamp": 1703744036.6955187, "loss": 0.008427487686276436, "root_mean_squared_error": 0.09180134534835815, "mean_absolute_percentage_error": 7250440.0, "mean_absolute_error": 0.054345399141311646, "val_loss": 0.008954036980867386, "val_root_mean_squared_error": 0.09462577104568481, "val_mean_absolute_percentage_error": 12589050.0, "val_mean_absolute_error": 0.05991577357053757, "_runtime": 20.36328363418579, "_step": 12, "best_val_loss": 0.008080391213297844, "best_epoch": 1, "Final MSE": 0.013500561006367207, "Final RMSE": 0.11619191616773605, "Final MAPE": 18889212.0, "Final MAE": 0.07522474974393845, "Total Training Time": 18.261544942855835, "Average Time per Epoch": 1.50855549176534, "_wandb": {"runtime": 18}}