{"epoch": 0, "_timestamp": 1703803400.0217206, "loss": 0.023241795599460602, "root_mean_squared_error": 0.15602348744869232, "mean_absolute_percentage_error": 84025.8828125, "mean_absolute_error": 0.1070757508277893, "val_loss": 0.027634697034955025, "val_root_mean_squared_error": 0.16623687744140625, "val_mean_absolute_percentage_error": 84308.8203125, "val_mean_absolute_error": 0.10612992942333221, "_runtime": 9.073857545852661, "_step": 1, "best_val_loss": 0.027634697034955025, "best_epoch": 0, "Final MSE": 0.03362041711807251, "Final RMSE": 0.18335871398448944, "Final MAPE": 294723.03125, "Final MAE": 0.11864329874515533, "Total Training Time": 4.4652650356292725, "Average Time per Epoch": 4.315244436264038, "_wandb": {"runtime": 4}}