{"epoch": 39, "_timestamp": 1703150412.1639626, "loss": 0.005215412471443415, "root_mean_squared_error": 0.07221781462430954, "mean_absolute_percentage_error": 24834.54296875, "mean_absolute_error": 0.04626955837011337, "val_loss": 0.007713648024946451, "val_root_mean_squared_error": 0.08782737702131271, "val_mean_absolute_percentage_error": 67784.09375, "val_mean_absolute_error": 0.05383457988500595, "_runtime": 33.799049615859985, "_step": 40, "best_val_loss": 0.007646612357348204, "best_epoch": 29, "Final MSE": 0.009867126122117043, "Final RMSE": 0.09933340549468994, "Final MAPE": 194225.1875, "Final MAE": 0.06023677438497543, "Total Training Time": 31.40899157524109, "Average Time per Epoch": 0.7812353134155273, "_wandb": {"runtime": 31}}