{"epoch": 0, "_timestamp": 1703740723.1128993, "loss": 0.008731053210794926, "root_mean_squared_error": 0.09528649598360062, "mean_absolute_percentage_error": 8374967.0, "mean_absolute_error": 0.05759404972195625, "val_loss": 0.009020853787660599, "val_root_mean_squared_error": 0.09497817605733871, "val_mean_absolute_percentage_error": 9237255.0, "val_mean_absolute_error": 0.05806528031826019, "_runtime": 3.8510303497314453, "_step": 1, "best_val_loss": 0.009020853787660599, "best_epoch": 0, "Final MSE": 0.012043310329318047, "Final RMSE": 0.10974201560020447, "Final MAPE": 14056866.0, "Final MAE": 0.06907343119382858, "Total Training Time": 1.8979263305664062, "Average Time per Epoch": 1.7809369564056396, "_wandb": {"runtime": 2}}