{"epoch": 28, "_timestamp": 1703654027.6753645, "loss": 0.004681661259382963, "root_mean_squared_error": 0.06842266768217087, "mean_absolute_percentage_error": 17648.173828125, "mean_absolute_error": 0.044828206300735474, "val_loss": 0.007297396659851074, "val_root_mean_squared_error": 0.08542480319738388, "val_mean_absolute_percentage_error": 88510.5625, "val_mean_absolute_error": 0.05365355685353279, "_runtime": 44.12159752845764, "_step": 29, "best_val_loss": 0.007120984140783548, "best_epoch": 18, "Final MSE": 0.010112655349075794, "Final RMSE": 0.1005617007613182, "Final MAPE": 86122.921875, "Final MAE": 0.06023366004228592, "Total Training Time": 41.822848081588745, "Average Time per Epoch": 1.4357730273542733, "_wandb": {"runtime": 42}}