{"epoch": 0, "_timestamp": 1703762102.4348953, "loss": 0.00819379836320877, "root_mean_squared_error": 0.10280750691890717, "mean_absolute_percentage_error": 76809.203125, "mean_absolute_error": 0.06487563252449036, "val_loss": 0.02287253923714161, "val_root_mean_squared_error": 0.15123669803142548, "val_mean_absolute_percentage_error": 5895.51953125, "val_mean_absolute_error": 0.09294639527797699, "_runtime": 7.470816373825073, "_step": 1, "best_val_loss": 0.02287253923714161, "best_epoch": 0, "Final MSE": 0.02746451646089554, "Final RMSE": 0.16572421789169312, "Final MAPE": 35653.15234375, "Final MAE": 0.11483917385339737, "Total Training Time": 6.40240478515625, "Average Time per Epoch": 6.228545188903809, "_wandb": {"runtime": 6}}