{"epoch": 34, "_timestamp": 1703447967.029205, "loss": 0.007360330317169428, "root_mean_squared_error": 0.08579237014055252, "mean_absolute_percentage_error": 8634149.0, "mean_absolute_error": 0.05054628103971481, "val_loss": 0.01237073540687561, "val_root_mean_squared_error": 0.11122380942106247, "val_mean_absolute_percentage_error": 11587551.0, "val_mean_absolute_error": 0.06591278314590454, "_runtime": 74.64152812957764, "_step": 35, "best_val_loss": 0.010782135650515556, "best_epoch": 24, "Final MSE": 0.011843654327094555, "Final RMSE": 0.10882855206727982, "Final MAPE": 16839936.0, "Final MAE": 0.0652564987540245, "Total Training Time": 72.29459404945374, "Average Time per Epoch": 2.0595753533499583, "_wandb": {"runtime": 72}}