{"epoch": 11, "_timestamp": 1703101211.9376452, "loss": 0.024017976596951485, "root_mean_squared_error": 0.15497733652591705, "mean_absolute_percentage_error": 28624.7265625, "mean_absolute_error": 0.1065714955329895, "val_loss": 0.017255976796150208, "val_root_mean_squared_error": 0.13136200606822968, "val_mean_absolute_percentage_error": 105118.453125, "val_mean_absolute_error": 0.10797005891799927, "_runtime": 71.35619831085205, "_step": 12, "best_val_loss": 0.013028246350586414, "best_epoch": 1, "Final MSE": 0.02658158726990223, "Final RMSE": 0.16303861141204834, "Final MAPE": 249450.203125, "Final MAE": 0.12495642900466919, "Total Training Time": 68.95711731910706, "Average Time per Epoch": 5.714976290861766, "_wandb": {"runtime": 69}}