{"epoch": 33, "_timestamp": 1703337392.0425708, "loss": 0.00726899690926075, "root_mean_squared_error": 0.08525840938091278, "mean_absolute_percentage_error": 5303850.5, "mean_absolute_error": 0.04617182910442352, "val_loss": 0.009629564359784126, "val_root_mean_squared_error": 0.09813034534454346, "val_mean_absolute_percentage_error": 8179050.5, "val_mean_absolute_error": 0.053049828857183456, "_runtime": 81.64855074882507, "_step": 34, "best_val_loss": 0.0072060259990394115, "best_epoch": 23, "Final MSE": 0.009543896652758121, "Final RMSE": 0.09769286960363388, "Final MAPE": 11658436.0, "Final MAE": 0.055185236036777496, "Total Training Time": 78.95534229278564, "Average Time per Epoch": 2.316215662395253, "_wandb": {"runtime": 79}}