{"epoch": 0, "_timestamp": 1703677916.792113, "loss": 0.07194214314222336, "root_mean_squared_error": 0.26929423213005066, "mean_absolute_percentage_error": 92176176.0, "mean_absolute_error": 0.21683521568775177, "val_loss": 0.0829005166888237, "val_root_mean_squared_error": 0.287924587726593, "val_mean_absolute_percentage_error": 101091440.0, "val_mean_absolute_error": 0.22963017225265503, "_runtime": 3.5461089611053467, "_step": 1, "best_val_loss": 0.0829005166888237, "best_epoch": 0, "Final MSE": 0.07660142332315445, "Final RMSE": 0.27676960825920105, "Final MAPE": 109814688.0, "Final MAE": 0.2203654944896698, "Total Training Time": 1.5683298110961914, "Average Time per Epoch": 1.4536232948303223, "_wandb": {"runtime": 1}}