{"epoch": 0, "_timestamp": 1703745926.418814, "loss": 0.009733752347528934, "root_mean_squared_error": 0.10166529566049576, "mean_absolute_percentage_error": 10156473.0, "mean_absolute_error": 0.059560760855674744, "val_loss": 0.011381786316633224, "val_root_mean_squared_error": 0.10668545216321945, "val_mean_absolute_percentage_error": 9134030.0, "val_mean_absolute_error": 0.06209840252995491, "_runtime": 3.815150022506714, "_step": 1, "best_val_loss": 0.011381786316633224, "best_epoch": 0, "Final MSE": 0.013728685677051544, "Final RMSE": 0.11716947704553604, "Final MAPE": 16880554.0, "Final MAE": 0.06999709457159042, "Total Training Time": 2.6382837295532227, "Average Time per Epoch": 2.4921514987945557, "_wandb": {"runtime": 2}}