{"epoch": 37, "_timestamp": 1703121878.507433, "loss": 0.008518721908330917, "root_mean_squared_error": 0.09229692071676254, "mean_absolute_percentage_error": 37105.74609375, "mean_absolute_error": 0.062334880232810974, "val_loss": 0.011267757043242455, "val_root_mean_squared_error": 0.10614968836307526, "val_mean_absolute_percentage_error": 16357.6484375, "val_mean_absolute_error": 0.06764192879199982, "_runtime": 532.8536720275879, "_step": 38, "best_val_loss": 0.011237106285989285, "best_epoch": 27, "Final MSE": 0.02677011489868164, "Final RMSE": 0.16361574828624725, "Final MAPE": 48256.4609375, "Final MAE": 0.10694257915019989, "Total Training Time": 530.3412547111511, "Average Time per Epoch": 13.93355373332375, "_wandb": {"runtime": 530}}