{"epoch": 0, "_timestamp": 1703820216.7336025, "loss": 0.009732217527925968, "root_mean_squared_error": 0.10783249139785767, "mean_absolute_percentage_error": 30933.51171875, "mean_absolute_error": 0.07124188542366028, "val_loss": 0.016264792531728745, "val_root_mean_squared_error": 0.12753349542617798, "val_mean_absolute_percentage_error": 42170.06640625, "val_mean_absolute_error": 0.08586808294057846, "_runtime": 4.372116565704346, "_step": 1, "best_val_loss": 0.016264792531728745, "best_epoch": 0, "Final MSE": 0.02825901471078396, "Final RMSE": 0.1681041717529297, "Final MAPE": 105810.53125, "Final MAE": 0.12210451811552048, "Total Training Time": 2.582667112350464, "Average Time per Epoch": 2.4389712810516357, "_wandb": {"runtime": 2}}