{"epoch": 20, "_timestamp": 1703346728.712908, "loss": 0.07212340831756592, "root_mean_squared_error": 0.26855796575546265, "mean_absolute_percentage_error": 90211168.0, "mean_absolute_error": 0.2167082130908966, "val_loss": 0.08319634199142456, "val_root_mean_squared_error": 0.2884378135204315, "val_mean_absolute_percentage_error": 91752744.0, "val_mean_absolute_error": 0.2230224907398224, "_runtime": 17.596163988113403, "_step": 21, "best_val_loss": 0.08290266245603561, "best_epoch": 10, "Final MSE": 0.07580815255641937, "Final RMSE": 0.27533280849456787, "Final MAPE": 99629184.0, "Final MAE": 0.21111293137073517, "Total Training Time": 15.242488384246826, "Average Time per Epoch": 0.719737518401373, "_wandb": {"runtime": 15}}