{"epoch": 0, "_timestamp": 1703648532.6118903, "loss": 0.004308559466153383, "root_mean_squared_error": 0.07172901183366776, "mean_absolute_percentage_error": 33045.21875, "mean_absolute_error": 0.03675522655248642, "val_loss": 0.004903584253042936, "val_root_mean_squared_error": 0.07002560049295425, "val_mean_absolute_percentage_error": 45112.18359375, "val_mean_absolute_error": 0.04157213494181633, "_runtime": 6.6440184116363525, "_step": 1, "best_val_loss": 0.004903584253042936, "best_epoch": 0, "Final MSE": 0.011709891259670258, "Final RMSE": 0.10821224749088287, "Final MAPE": 234503.90625, "Final MAE": 0.062223635613918304, "Total Training Time": 4.875255584716797, "Average Time per Epoch": 4.673206806182861, "_wandb": {"runtime": 5}}