{"epoch": 0, "_timestamp": 1703549495.2825801, "loss": 0.00875698309391737, "root_mean_squared_error": 0.09564889967441559, "mean_absolute_percentage_error": 11754.06640625, "mean_absolute_error": 0.06219343841075897, "val_loss": 0.013867183588445187, "val_root_mean_squared_error": 0.11775900423526764, "val_mean_absolute_percentage_error": 19521.265625, "val_mean_absolute_error": 0.07602939009666443, "_runtime": 12.365604162216187, "_step": 1, "best_val_loss": 0.013867183588445187, "best_epoch": 0, "Final MSE": 0.012249507941305637, "Final RMSE": 0.11067749559879303, "Final MAPE": 34204.98828125, "Final MAE": 0.0715906172990799, "Total Training Time": 4.561105251312256, "Average Time per Epoch": 4.4080610275268555, "_wandb": {"runtime": 4}}