{"epoch": 13, "_timestamp": 1703559952.7213173, "loss": 0.00636682752519846, "root_mean_squared_error": 0.07979240268468857, "mean_absolute_percentage_error": 12791.7294921875, "mean_absolute_error": 0.05226965248584747, "val_loss": 0.012074200436472893, "val_root_mean_squared_error": 0.1098826676607132, "val_mean_absolute_percentage_error": 94768.53125, "val_mean_absolute_error": 0.07073738425970078, "_runtime": 15.23182225227356, "_step": 14, "best_val_loss": 0.011900639161467552, "best_epoch": 3, "Final MSE": 0.02113930508494377, "Final RMSE": 0.14539362490177155, "Final MAPE": 118026.046875, "Final MAE": 0.10481873154640198, "Total Training Time": 13.213948011398315, "Average Time per Epoch": 0.9345567907605853, "_wandb": {"runtime": 13}}