{"epoch": 0, "_timestamp": 1703727675.021646, "loss": 0.008650912903249264, "root_mean_squared_error": 0.0942186787724495, "mean_absolute_percentage_error": 8199298.0, "mean_absolute_error": 0.05330410599708557, "val_loss": 0.009807480499148369, "val_root_mean_squared_error": 0.09903272241353989, "val_mean_absolute_percentage_error": 8617877.0, "val_mean_absolute_error": 0.05491166561841965, "_runtime": 9.466660976409912, "_step": 1, "best_val_loss": 0.009807480499148369, "best_epoch": 0, "Final MSE": 0.011344379745423794, "Final RMSE": 0.10650999844074249, "Final MAPE": 9544703.0, "Final MAE": 0.05633823946118355, "Total Training Time": 4.538447618484497, "Average Time per Epoch": 4.3862690925598145, "_wandb": {"runtime": 4}}