{"epoch": 13, "_timestamp": 1703813435.2789516, "loss": 0.01526688877493143, "root_mean_squared_error": 0.12355925142765045, "mean_absolute_percentage_error": 303600.96875, "mean_absolute_error": 0.07659401744604111, "val_loss": 0.008730845525860786, "val_root_mean_squared_error": 0.09343899041414261, "val_mean_absolute_percentage_error": 230355.90625, "val_mean_absolute_error": 0.052605483680963516, "_runtime": 14.496389627456665, "_step": 14, "best_val_loss": 0.008564161136746407, "best_epoch": 3, "Final MSE": 0.02131774090230465, "Final RMSE": 0.14600595831871033, "Final MAPE": 44108.0703125, "Final MAE": 0.08393067121505737, "Total Training Time": 12.259212255477905, "Average Time per Epoch": 0.8654038565499442, "_wandb": {"runtime": 12}}