{"epoch": 0, "_timestamp": 1703674366.182301, "loss": 0.0075132884085178375, "root_mean_squared_error": 0.08972039073705673, "mean_absolute_percentage_error": 5232643.5, "mean_absolute_error": 0.04963324964046478, "val_loss": 0.010528557002544403, "val_root_mean_squared_error": 0.10260875523090363, "val_mean_absolute_percentage_error": 5017306.0, "val_mean_absolute_error": 0.057495590299367905, "_runtime": 7.412482023239136, "_step": 1, "best_val_loss": 0.010528557002544403, "best_epoch": 0, "Final MSE": 0.010563697665929794, "Final RMSE": 0.10277985036373138, "Final MAPE": 7627074.5, "Final MAE": 0.05932134389877319, "Total Training Time": 6.1973724365234375, "Average Time per Epoch": 6.04655122756958, "_wandb": {"runtime": 6}}