{"epoch": 33, "_timestamp": 1703310997.4582675, "loss": 0.0075879283249378204, "root_mean_squared_error": 0.08710871636867523, "mean_absolute_percentage_error": 21527.87890625, "mean_absolute_error": 0.04791123420000076, "val_loss": 0.007807993330061436, "val_root_mean_squared_error": 0.08836285024881363, "val_mean_absolute_percentage_error": 83507.703125, "val_mean_absolute_error": 0.06111598387360573, "_runtime": 119.16465950012207, "_step": 34, "best_val_loss": 0.0071111442521214485, "best_epoch": 23, "Final MSE": 0.013378437608480453, "Final RMSE": 0.11566519737243652, "Final MAPE": 136463.9375, "Final MAE": 0.08434224873781204, "Total Training Time": 116.85019612312317, "Average Time per Epoch": 3.4281823003993317, "_wandb": {"runtime": 117}}