{"epoch": 0, "_timestamp": 1703592584.3165946, "loss": 0.0077594886533916, "root_mean_squared_error": 0.09296645224094391, "mean_absolute_percentage_error": 32440.546875, "mean_absolute_error": 0.07012613117694855, "val_loss": 0.00941183790564537, "val_root_mean_squared_error": 0.09701462835073471, "val_mean_absolute_percentage_error": 96219.8515625, "val_mean_absolute_error": 0.07257947325706482, "_runtime": 7.668816566467285, "_step": 1, "best_val_loss": 0.00941183790564537, "best_epoch": 0, "Final MSE": 0.014566806145012379, "Final RMSE": 0.12069302797317505, "Final MAPE": 159245.265625, "Final MAE": 0.09008170664310455, "Total Training Time": 6.332809925079346, "Average Time per Epoch": 6.174708127975464, "_wandb": {"runtime": 6}}