{"epoch": 26, "_timestamp": 1703847358.9522865, "loss": 0.006922050844877958, "root_mean_squared_error": 0.08319886028766632, "mean_absolute_percentage_error": 16313.041015625, "mean_absolute_error": 0.054632220417261124, "val_loss": 0.016471652314066887, "val_root_mean_squared_error": 0.1283419281244278, "val_mean_absolute_percentage_error": 26544.36328125, "val_mean_absolute_error": 0.07911919057369232, "_runtime": 65.32146644592285, "_step": 27, "best_val_loss": 0.014244032092392445, "best_epoch": 16, "Final MSE": 0.02416176348924637, "Final RMSE": 0.1554405391216278, "Final MAPE": 47120.52734375, "Final MAE": 0.10425639897584915, "Total Training Time": 62.79674458503723, "Average Time per Epoch": 2.318442053265042, "_wandb": {"runtime": 63}}