{"epoch": 0, "_timestamp": 1703505176.418799, "loss": 0.00819561816751957, "root_mean_squared_error": 0.08949188888072968, "mean_absolute_percentage_error": 92570.0234375, "mean_absolute_error": 0.05147324502468109, "val_loss": 0.011325486935675144, "val_root_mean_squared_error": 0.10642126947641373, "val_mean_absolute_percentage_error": 32661.73828125, "val_mean_absolute_error": 0.05426068976521492, "_runtime": 3.6106410026550293, "_step": 1, "best_val_loss": 0.011325486935675144, "best_epoch": 0, "Final MSE": 0.018926898017525673, "Final RMSE": 0.13757506012916565, "Final MAPE": 197521.703125, "Final MAE": 0.07121530175209045, "Total Training Time": 1.5418362617492676, "Average Time per Epoch": 1.4408049583435059, "_wandb": {"runtime": 1}}