{"epoch": 24, "_timestamp": 1703382460.2053683, "loss": 0.011966349557042122, "root_mean_squared_error": 0.10939081013202667, "mean_absolute_percentage_error": 11594779.0, "mean_absolute_error": 0.06760566681623459, "val_loss": 0.061183009296655655, "val_root_mean_squared_error": 0.2473519891500473, "val_mean_absolute_percentage_error": 75437112.0, "val_mean_absolute_error": 0.18134793639183044, "_runtime": 528.0525252819061, "_step": 25, "best_val_loss": 0.05338316783308983, "best_epoch": 14, "Final MSE": 0.08125388622283936, "Final RMSE": 0.2850506603717804, "Final MAPE": 82327648.0, "Final MAE": 0.19362188875675201, "Total Training Time": 525.6564030647278, "Average Time per Epoch": 20.977960090637207, "_wandb": {"runtime": 526}}