{"epoch": 0, "_timestamp": 1703740996.019257, "loss": 0.009330477565526962, "root_mean_squared_error": 0.09669064730405807, "mean_absolute_percentage_error": 9777210.0, "mean_absolute_error": 0.05731474980711937, "val_loss": 0.011038776487112045, "val_root_mean_squared_error": 0.10506558418273926, "val_mean_absolute_percentage_error": 9658922.0, "val_mean_absolute_error": 0.05997752398252487, "_runtime": 2.9923291206359863, "_step": 1, "best_val_loss": 0.011038776487112045, "best_epoch": 0, "Final MSE": 0.009839488193392754, "Final RMSE": 0.09919419139623642, "Final MAPE": 14600070.0, "Final MAE": 0.05987457185983658, "Total Training Time": 1.8880035877227783, "Average Time per Epoch": 1.7886059284210205, "_wandb": {"runtime": 2}}