{"epoch": 14, "_timestamp": 1703195422.712225, "loss": 0.014982925727963448, "root_mean_squared_error": 0.1224047839641571, "mean_absolute_percentage_error": 30771.978515625, "mean_absolute_error": 0.07403857260942459, "val_loss": 0.010989932343363762, "val_root_mean_squared_error": 0.10483287274837494, "val_mean_absolute_percentage_error": 96627.546875, "val_mean_absolute_error": 0.06797034293413162, "_runtime": 13.985772848129272, "_step": 15, "best_val_loss": 0.010613346472382545, "best_epoch": 4, "Final MSE": 0.021845556795597076, "Final RMSE": 0.1478024274110794, "Final MAPE": 196741.828125, "Final MAE": 0.1016620397567749, "Total Training Time": 11.777354717254639, "Average Time per Epoch": 0.776646614074707, "_wandb": {"runtime": 12}}