{"epoch": 26, "_timestamp": 1703802241.3081083, "loss": 0.010866822674870491, "root_mean_squared_error": 0.10424405336380005, "mean_absolute_percentage_error": 5521.8974609375, "mean_absolute_error": 0.06094250828027725, "val_loss": 0.007006979547441006, "val_root_mean_squared_error": 0.08370770514011383, "val_mean_absolute_percentage_error": 106498.78125, "val_mean_absolute_error": 0.05096840485930443, "_runtime": 53.8332793712616, "_step": 27, "best_val_loss": 0.006414041854441166, "best_epoch": 16, "Final MSE": 0.03575404733419418, "Final RMSE": 0.1890874058008194, "Final MAPE": 232587.484375, "Final MAE": 0.11622496694326401, "Total Training Time": 51.93234705924988, "Average Time per Epoch": 1.917142143955937, "_wandb": {"runtime": 52}}