{"epoch": 49, "_timestamp": 1703768068.641013, "loss": 0.008107708767056465, "root_mean_squared_error": 0.09004281461238861, "mean_absolute_percentage_error": 101327.796875, "mean_absolute_error": 0.05819322168827057, "val_loss": 0.018774237483739853, "val_root_mean_squared_error": 0.1370191127061844, "val_mean_absolute_percentage_error": 447243.21875, "val_mean_absolute_error": 0.07434665411710739, "_runtime": 276.00311493873596, "_step": 50, "best_val_loss": 0.01748601906001568, "best_epoch": 39, "Final MSE": 0.04651756212115288, "Final RMSE": 0.21567930281162262, "Final MAPE": 162609.125, "Final MAE": 0.1431727111339569, "Total Training Time": 273.66827487945557, "Average Time per Epoch": 5.464141483306885, "_wandb": {"runtime": 274}}