{"epoch": 0, "_timestamp": 1703737350.3696887, "loss": 0.007670272141695023, "root_mean_squared_error": 0.09295909106731415, "mean_absolute_percentage_error": 7807582.0, "mean_absolute_error": 0.053567659109830856, "val_loss": 0.008072449825704098, "val_root_mean_squared_error": 0.08984681218862534, "val_mean_absolute_percentage_error": 5436010.0, "val_mean_absolute_error": 0.04855041205883026, "_runtime": 5.9441187381744385, "_step": 1, "best_val_loss": 0.008072449825704098, "best_epoch": 0, "Final MSE": 0.01055191271007061, "Final RMSE": 0.10272250324487686, "Final MAPE": 10980277.0, "Final MAE": 0.05922473222017288, "Total Training Time": 4.786658525466919, "Average Time per Epoch": 4.588749408721924, "_wandb": {"runtime": 4}}