{"epoch": 23, "_timestamp": 1703744722.1350002, "loss": 0.008508282713592052, "root_mean_squared_error": 0.0922403559088707, "mean_absolute_percentage_error": 9867927.0, "mean_absolute_error": 0.05590630695223808, "val_loss": 0.010061823762953281, "val_root_mean_squared_error": 0.10030864179134369, "val_mean_absolute_percentage_error": 10710930.0, "val_mean_absolute_error": 0.05792999640107155, "_runtime": 37.457274198532104, "_step": 24, "best_val_loss": 0.009770107455551624, "best_epoch": 13, "Final MSE": 0.01134506706148386, "Final RMSE": 0.10651322454214096, "Final MAPE": 17988784.0, "Final MAE": 0.0644916221499443, "Total Training Time": 35.20140814781189, "Average Time per Epoch": 1.459421177705129, "_wandb": {"runtime": 35}}