{"epoch": 21, "_timestamp": 1705637749.8477685, "loss": 0.003961063455790281, "root_mean_squared_error": 0.06293697655200958, "mean_absolute_percentage_error": 13068.0224609375, "mean_absolute_error": 0.039943877607584, "val_loss": 0.009829627349972725, "val_root_mean_squared_error": 0.09914447367191315, "val_mean_absolute_percentage_error": 68792.3046875, "val_mean_absolute_error": 0.06660068780183792, "_runtime": 75.4335024356842, "_step": 22, "best_val_loss": 0.009358377195894718, "best_epoch": 11, "Final MSE": 0.014303899370133877, "Final RMSE": 0.11959891021251678, "Final MAPE": 176578.328125, "Final MAE": 0.08865226805210114, "Total Training Time": 72.9798309803009, "Average Time per Epoch": 3.305202668363398, "_wandb": {"runtime": 73}}