{"epoch": 43, "_timestamp": 1703844385.4055111, "loss": 0.007725450210273266, "root_mean_squared_error": 0.08789453655481339, "mean_absolute_percentage_error": 86904.8359375, "mean_absolute_error": 0.05368059128522873, "val_loss": 0.020825888961553574, "val_root_mean_squared_error": 0.14431177079677582, "val_mean_absolute_percentage_error": 43205.515625, "val_mean_absolute_error": 0.09369172900915146, "_runtime": 102.7405891418457, "_step": 44, "best_val_loss": 0.02005274035036564, "best_epoch": 33, "Final MSE": 0.026133479550480843, "Final RMSE": 0.16165852546691895, "Final MAPE": 87029.5, "Final MAE": 0.11794949322938919, "Total Training Time": 100.08433365821838, "Average Time per Epoch": 2.270453317598863, "_wandb": {"runtime": 100}}