{"epoch": 54, "_timestamp": 1703756045.8566458, "loss": 0.006838000845164061, "root_mean_squared_error": 0.0826922059059143, "mean_absolute_percentage_error": 18659.044921875, "mean_absolute_error": 0.054216168820858, "val_loss": 0.01327524334192276, "val_root_mean_squared_error": 0.11521824449300766, "val_mean_absolute_percentage_error": 33130.42578125, "val_mean_absolute_error": 0.07775429636240005, "_runtime": 125.33963871002197, "_step": 55, "best_val_loss": 0.013150707818567753, "best_epoch": 44, "Final MSE": 0.021699925884604454, "Final RMSE": 0.14730894565582275, "Final MAPE": 89521.3359375, "Final MAE": 0.10806960612535477, "Total Training Time": 123.43866300582886, "Average Time per Epoch": 2.239828447862105, "_wandb": {"runtime": 124}}