{"epoch": 22, "_timestamp": 1705597230.4615324, "loss": 0.0030541212763637304, "root_mean_squared_error": 0.055264104157686234, "mean_absolute_percentage_error": 6183.82470703125, "mean_absolute_error": 0.026077253744006157, "val_loss": 0.004690470639616251, "val_root_mean_squared_error": 0.0684870108962059, "val_mean_absolute_percentage_error": 57123.08203125, "val_mean_absolute_error": 0.038575321435928345, "_runtime": 85.72572445869446, "_step": 23, "best_val_loss": 0.004033832810819149, "best_epoch": 12, "Final MSE": 0.005157272331416607, "Final RMSE": 0.0718141496181488, "Final MAPE": 55480.23046875, "Final MAE": 0.047532517462968826, "Total Training Time": 84.2656991481781, "Average Time per Epoch": 3.651907786079075, "_wandb": {"runtime": 84}}