{"epoch": 0, "_timestamp": 1703501492.5407739, "loss": 0.005536940414458513, "root_mean_squared_error": 0.08167915791273117, "mean_absolute_percentage_error": 165114.53125, "mean_absolute_error": 0.04675425589084625, "val_loss": 0.010965787805616856, "val_root_mean_squared_error": 0.10471765697002411, "val_mean_absolute_percentage_error": 329465.1875, "val_mean_absolute_error": 0.05621803551912308, "_runtime": 7.50380277633667, "_step": 1, "best_val_loss": 0.010965787805616856, "best_epoch": 0, "Final MSE": 0.015229275450110435, "Final RMSE": 0.12340695410966873, "Final MAPE": 36296.41015625, "Final MAE": 0.06701771914958954, "Total Training Time": 6.190009832382202, "Average Time per Epoch": 6.033985376358032, "_wandb": {"runtime": 6}}