{"epoch": 18, "_timestamp": 1703762646.791043, "loss": 0.02128688246011734, "root_mean_squared_error": 0.14590026438236237, "mean_absolute_percentage_error": 18389.927734375, "mean_absolute_error": 0.10776513069868088, "val_loss": 0.02265545167028904, "val_root_mean_squared_error": 0.1505172997713089, "val_mean_absolute_percentage_error": 64991.4375, "val_mean_absolute_error": 0.09927613288164139, "_runtime": 16.202840089797974, "_step": 19, "best_val_loss": 0.02257438749074936, "best_epoch": 8, "Final MSE": 0.027118152007460594, "Final RMSE": 0.16467590630054474, "Final MAPE": 132432.875, "Final MAE": 0.11403465270996094, "Total Training Time": 14.055590629577637, "Average Time per Epoch": 0.7330515384674072, "_wandb": {"runtime": 14}}