{"epoch": 0, "_timestamp": 1703560058.6849334, "loss": 0.0077322060242295265, "root_mean_squared_error": 0.0924878641963005, "mean_absolute_percentage_error": 48214.5390625, "mean_absolute_error": 0.060842983424663544, "val_loss": 0.009342522360384464, "val_root_mean_squared_error": 0.09665672481060028, "val_mean_absolute_percentage_error": 21633.38671875, "val_mean_absolute_error": 0.07002651691436768, "_runtime": 3.860924482345581, "_step": 1, "best_val_loss": 0.009342522360384464, "best_epoch": 0, "Final MSE": 0.014185737818479538, "Final RMSE": 0.11910389363765717, "Final MAPE": 107842.390625, "Final MAE": 0.08656509965658188, "Total Training Time": 1.9216322898864746, "Average Time per Epoch": 1.8115980625152588, "_wandb": {"runtime": 2}}