{"epoch": 0, "_timestamp": 1703805228.25914, "loss": 0.005513990297913551, "root_mean_squared_error": 0.0779249370098114, "mean_absolute_percentage_error": 49306.69921875, "mean_absolute_error": 0.0483316071331501, "val_loss": 0.00790813285857439, "val_root_mean_squared_error": 0.08892768621444702, "val_mean_absolute_percentage_error": 102418.0625, "val_mean_absolute_error": 0.05257546901702881, "_runtime": 12.771574974060059, "_step": 1, "best_val_loss": 0.00790813285857439, "best_epoch": 0, "Final MSE": 0.009758753702044487, "Final RMSE": 0.09878640621900558, "Final MAPE": 179440.453125, "Final MAE": 0.059738751500844955, "Total Training Time": 4.429187297821045, "Average Time per Epoch": 4.27428674697876, "_wandb": {"runtime": 4}}