{"epoch": 36, "_timestamp": 1703890154.650139, "loss": 0.011507018469274044, "root_mean_squared_error": 0.10727076977491379, "mean_absolute_percentage_error": 178077.5625, "mean_absolute_error": 0.0753825232386589, "val_loss": 0.01749267801642418, "val_root_mean_squared_error": 0.13225989043712616, "val_mean_absolute_percentage_error": 34768.09375, "val_mean_absolute_error": 0.09077679365873337, "_runtime": 29.879675149917603, "_step": 37, "best_val_loss": 0.01386155467480421, "best_epoch": 26, "Final MSE": 0.02228432521224022, "Final RMSE": 0.14927935600280762, "Final MAPE": 278971.5625, "Final MAE": 0.10502736270427704, "Total Training Time": 28.01660466194153, "Average Time per Epoch": 0.7532431241628286, "_wandb": {"runtime": 28}}