{"epoch": 0, "_timestamp": 1703622928.4745567, "loss": 0.025071239098906517, "root_mean_squared_error": 0.15943139791488647, "mean_absolute_percentage_error": 57435.36328125, "mean_absolute_error": 0.10505998879671097, "val_loss": 0.017229648306965828, "val_root_mean_squared_error": 0.13126175105571747, "val_mean_absolute_percentage_error": 78344.7109375, "val_mean_absolute_error": 0.07995320856571198, "_runtime": 40.34075570106506, "_step": 1, "best_val_loss": 0.017229648306965828, "best_epoch": 0, "Final MSE": 0.019685568287968636, "Final RMSE": 0.1403052657842636, "Final MAPE": 167990.65625, "Final MAE": 0.09729772061109543, "Total Training Time": 39.155537128448486, "Average Time per Epoch": 37.3949613571167, "_wandb": {"runtime": 39}}