{"epoch": 49, "_timestamp": 1703516977.7518847, "loss": 0.006638532970100641, "root_mean_squared_error": 0.08147719502449036, "mean_absolute_percentage_error": 5593.33544921875, "mean_absolute_error": 0.046730395406484604, "val_loss": 0.014602397568523884, "val_root_mean_squared_error": 0.12084037810564041, "val_mean_absolute_percentage_error": 45959.09375, "val_mean_absolute_error": 0.068388432264328, "_runtime": 668.2706117630005, "_step": 50, "best_val_loss": 0.013948471285402775, "best_epoch": 39, "Final MSE": 0.020999202504754066, "Final RMSE": 0.1449110209941864, "Final MAPE": 74246.8671875, "Final MAE": 0.10329341888427734, "Total Training Time": 665.8438305854797, "Average Time per Epoch": 13.300120306015014, "_wandb": {"runtime": 666}}