{"epoch": 34, "_timestamp": 1703189963.745456, "loss": 0.008846599608659744, "root_mean_squared_error": 0.09405636042356491, "mean_absolute_percentage_error": 31903.44140625, "mean_absolute_error": 0.06409594416618347, "val_loss": 0.012349385768175125, "val_root_mean_squared_error": 0.11112779378890991, "val_mean_absolute_percentage_error": 52625.99609375, "val_mean_absolute_error": 0.07201222330331802, "_runtime": 86.54806208610535, "_step": 35, "best_val_loss": 0.012018347159028053, "best_epoch": 24, "Final MSE": 0.024901555851101875, "Final RMSE": 0.1578022688627243, "Final MAPE": 177635.390625, "Final MAE": 0.1070699691772461, "Total Training Time": 83.8331515789032, "Average Time per Epoch": 2.389260871069772, "_wandb": {"runtime": 84}}