{"epoch": 18, "_timestamp": 1703880247.0031004, "loss": 0.009565149433910847, "root_mean_squared_error": 0.0978015810251236, "mean_absolute_percentage_error": 11040.2021484375, "mean_absolute_error": 0.06960820406675339, "val_loss": 0.02501448430120945, "val_root_mean_squared_error": 0.15815967321395874, "val_mean_absolute_percentage_error": 118012.3828125, "val_mean_absolute_error": 0.125087171792984, "_runtime": 123.34103751182556, "_step": 19, "best_val_loss": 0.021189332008361816, "best_epoch": 8, "Final MSE": 0.016809189692139626, "Final RMSE": 0.1296502649784088, "Final MAPE": 111942.3125, "Final MAE": 0.09867880493402481, "Total Training Time": 120.91275882720947, "Average Time per Epoch": 6.340930524625276, "_wandb": {"runtime": 121}}