{"epoch": 14, "_timestamp": 1705594774.044383, "loss": 0.0049279495142400265, "root_mean_squared_error": 0.07019935548305511, "mean_absolute_percentage_error": 49040.4609375, "mean_absolute_error": 0.03415420278906822, "val_loss": 0.005918652284890413, "val_root_mean_squared_error": 0.07693278044462204, "val_mean_absolute_percentage_error": 117404.75, "val_mean_absolute_error": 0.048765238374471664, "_runtime": 42.88916015625, "_step": 15, "best_val_loss": 0.005494097247719765, "best_epoch": 4, "Final MSE": 0.013915871270000935, "Final RMSE": 0.11796554923057556, "Final MAPE": 223694.8125, "Final MAE": 0.07257480174303055, "Total Training Time": 40.45563554763794, "Average Time per Epoch": 2.681884209314982, "_wandb": {"runtime": 41}}