{"epoch": 27, "_timestamp": 1703454613.6362216, "loss": 0.007340841926634312, "root_mean_squared_error": 0.08567871153354645, "mean_absolute_percentage_error": 9005200.0, "mean_absolute_error": 0.050828929990530014, "val_loss": 0.01140628382563591, "val_root_mean_squared_error": 0.10680020600557327, "val_mean_absolute_percentage_error": 11494180.0, "val_mean_absolute_error": 0.06496075540781021, "_runtime": 69.73932075500488, "_step": 28, "best_val_loss": 0.010029112920165062, "best_epoch": 17, "Final MSE": 0.011800618842244148, "Final RMSE": 0.10863064974546432, "Final MAPE": 14352146.0, "Final MAE": 0.06486000120639801, "Total Training Time": 67.29081058502197, "Average Time per Epoch": 2.3954272099903653, "_wandb": {"runtime": 67}}