{"epoch": 31, "_timestamp": 1703865463.024846, "loss": 0.012074990198016167, "root_mean_squared_error": 0.10988625884056091, "mean_absolute_percentage_error": 14506.189453125, "mean_absolute_error": 0.06652065366506577, "val_loss": 0.03308238834142685, "val_root_mean_squared_error": 0.18188564479351044, "val_mean_absolute_percentage_error": 33772.38671875, "val_mean_absolute_error": 0.09315995872020721, "_runtime": 257.338014125824, "_step": 32, "best_val_loss": 0.030172569677233696, "best_epoch": 21, "Final MSE": 0.05305947735905647, "Final RMSE": 0.2303464263677597, "Final MAPE": 80773.5078125, "Final MAE": 0.1539871096611023, "Total Training Time": 254.55143404006958, "Average Time per Epoch": 7.938681870698929, "_wandb": {"runtime": 255}}