{"epoch": 0, "_timestamp": 1703560154.4432774, "loss": 0.012692389078438282, "root_mean_squared_error": 0.12533257901668549, "mean_absolute_percentage_error": 30412.171875, "mean_absolute_error": 0.07356428354978561, "val_loss": 0.006982066202908754, "val_root_mean_squared_error": 0.08355876058340073, "val_mean_absolute_percentage_error": 135796.375, "val_mean_absolute_error": 0.05368751659989357, "_runtime": 3.790018320083618, "_step": 1, "best_val_loss": 0.006982066202908754, "best_epoch": 0, "Final MSE": 0.03424026817083359, "Final RMSE": 0.18504126369953156, "Final MAPE": 259347.484375, "Final MAE": 0.12165016680955887, "Total Training Time": 1.9119138717651367, "Average Time per Epoch": 1.7996408939361572, "_wandb": {"runtime": 2}}