{"epoch": 0, "_timestamp": 1703657395.5375717, "loss": 0.008786526508629322, "root_mean_squared_error": 0.102022185921669, "mean_absolute_percentage_error": 64640.05078125, "mean_absolute_error": 0.06975541263818741, "val_loss": 0.010956591926515102, "val_root_mean_squared_error": 0.10467374324798584, "val_mean_absolute_percentage_error": 66936.1171875, "val_mean_absolute_error": 0.0685248002409935, "_runtime": 5.241193771362305, "_step": 1, "best_val_loss": 0.010956591926515102, "best_epoch": 0, "Final MSE": 0.022618241608142853, "Final RMSE": 0.15039362013339996, "Final MAPE": 223934.03125, "Final MAE": 0.11311154812574387, "Total Training Time": 2.7170286178588867, "Average Time per Epoch": 2.5679898262023926, "_wandb": {"runtime": 2}}