{"epoch": 16, "_timestamp": 1705606714.6738882, "loss": 0.011455762200057507, "root_mean_squared_error": 0.10703159123659134, "mean_absolute_percentage_error": 3242.390869140625, "mean_absolute_error": 0.0621318556368351, "val_loss": 0.007908966392278671, "val_root_mean_squared_error": 0.08893237262964249, "val_mean_absolute_percentage_error": 156610.203125, "val_mean_absolute_error": 0.05330347642302513, "_runtime": 59.22102928161621, "_step": 17, "best_val_loss": 0.006817643065005541, "best_epoch": 6, "Final MSE": 0.03987463563680649, "Final RMSE": 0.19968634843826294, "Final MAPE": 303596.4375, "Final MAE": 0.12791982293128967, "Total Training Time": 56.94714975357056, "Average Time per Epoch": 3.3325683509602264, "_wandb": {"runtime": 57}}