{"epoch": 0, "_timestamp": 1703760840.5705063, "loss": 0.014517674222588539, "root_mean_squared_error": 0.1321210414171219, "mean_absolute_percentage_error": 27178.822265625, "mean_absolute_error": 0.07808446884155273, "val_loss": 0.0072008538991212845, "val_root_mean_squared_error": 0.08485784381628036, "val_mean_absolute_percentage_error": 115494.953125, "val_mean_absolute_error": 0.046222835779190063, "_runtime": 7.330414295196533, "_step": 1, "best_val_loss": 0.0072008538991212845, "best_epoch": 0, "Final MSE": 0.036810100078582764, "Final RMSE": 0.19185958802700043, "Final MAPE": 125830.1328125, "Final MAE": 0.11934788525104523, "Total Training Time": 6.078979969024658, "Average Time per Epoch": 5.934497833251953, "_wandb": {"runtime": 6}}