{"epoch": 23, "_timestamp": 1703759984.070294, "loss": 0.013000327162444592, "root_mean_squared_error": 0.11401897668838501, "mean_absolute_percentage_error": 13072.4833984375, "mean_absolute_error": 0.06488324701786041, "val_loss": 0.017975281924009323, "val_root_mean_squared_error": 0.1340719312429428, "val_mean_absolute_percentage_error": 121802.25, "val_mean_absolute_error": 0.08542107790708542, "_runtime": 58.67225098609924, "_step": 24, "best_val_loss": 0.016754677519202232, "best_epoch": 13, "Final MSE": 0.02683393284678459, "Final RMSE": 0.16381065547466278, "Final MAPE": 399925.28125, "Final MAE": 0.10728011280298233, "Total Training Time": 56.63570547103882, "Average Time per Epoch": 2.351834495862325, "_wandb": {"runtime": 57}}