{"epoch": 0, "_timestamp": 1703502464.308633, "loss": 0.0069542755372822285, "root_mean_squared_error": 0.08200691640377045, "mean_absolute_percentage_error": 40974.4140625, "mean_absolute_error": 0.047676604241132736, "val_loss": 0.011205460876226425, "val_root_mean_squared_error": 0.10585585236549377, "val_mean_absolute_percentage_error": 34542.40234375, "val_mean_absolute_error": 0.06406315416097641, "_runtime": 7.5736072063446045, "_step": 1, "best_val_loss": 0.011205460876226425, "best_epoch": 0, "Final MSE": 0.014333674684166908, "Final RMSE": 0.11972332745790482, "Final MAPE": 35048.14453125, "Final MAE": 0.08132322877645493, "Total Training Time": 6.239362955093384, "Average Time per Epoch": 6.08333945274353, "_wandb": {"runtime": 6}}