{"epoch": 30, "_timestamp": 1703740092.146358, "loss": 0.008158829994499683, "root_mean_squared_error": 0.09032624214887619, "mean_absolute_percentage_error": 9081063.0, "mean_absolute_error": 0.05355140194296837, "val_loss": 0.01299726590514183, "val_root_mean_squared_error": 0.11400555074214935, "val_mean_absolute_percentage_error": 10539740.0, "val_mean_absolute_error": 0.06825515627861023, "_runtime": 28.958089113235474, "_step": 31, "best_val_loss": 0.01132600661367178, "best_epoch": 20, "Final MSE": 0.011656375601887703, "Final RMSE": 0.10796469449996948, "Final MAPE": 15821789.0, "Final MAE": 0.0676112100481987, "Total Training Time": 26.67965030670166, "Average Time per Epoch": 0.8554183744615124, "_wandb": {"runtime": 27}}