{"epoch": 31, "_timestamp": 1703148959.3094559, "loss": 0.006660061422735453, "root_mean_squared_error": 0.08160919696092606, "mean_absolute_percentage_error": 18000.53515625, "mean_absolute_error": 0.053732648491859436, "val_loss": 0.011874642223119736, "val_root_mean_squared_error": 0.10897082835435867, "val_mean_absolute_percentage_error": 55040.27734375, "val_mean_absolute_error": 0.0694858729839325, "_runtime": 28.35116696357727, "_step": 32, "best_val_loss": 0.011508498340845108, "best_epoch": 21, "Final MSE": 0.021062320098280907, "Final RMSE": 0.14512863755226135, "Final MAPE": 60120.92578125, "Final MAE": 0.09769800305366516, "Total Training Time": 26.201913118362427, "Average Time per Epoch": 0.8139179646968842, "_wandb": {"runtime": 26}}