{"epoch": 0, "_timestamp": 1703746676.1567528, "loss": 0.008994878269731998, "root_mean_squared_error": 0.09443128108978271, "mean_absolute_percentage_error": 8105788.0, "mean_absolute_error": 0.05568516254425049, "val_loss": 0.007926814258098602, "val_root_mean_squared_error": 0.08903265744447708, "val_mean_absolute_percentage_error": 7022720.5, "val_mean_absolute_error": 0.049896854907274246, "_runtime": 7.726473808288574, "_step": 1, "best_val_loss": 0.007926814258098602, "best_epoch": 0, "Final MSE": 0.010782301425933838, "Final RMSE": 0.10383786261081696, "Final MAPE": 14376939.0, "Final MAE": 0.059414949268102646, "Total Training Time": 2.7517237663269043, "Average Time per Epoch": 2.5868170261383057, "_wandb": {"runtime": 2}}