{"epoch": 18, "_timestamp": 1703897942.731946, "loss": 0.015498089604079723, "root_mean_squared_error": 0.12449132651090622, "mean_absolute_percentage_error": 300648.6875, "mean_absolute_error": 0.07794494926929474, "val_loss": 0.009653778746724129, "val_root_mean_squared_error": 0.09825364500284195, "val_mean_absolute_percentage_error": 331071.96875, "val_mean_absolute_error": 0.06551751494407654, "_runtime": 26.519114017486572, "_step": 19, "best_val_loss": 0.009167102165520191, "best_epoch": 8, "Final MSE": 0.022167284041643143, "Final RMSE": 0.1488868147134781, "Final MAPE": 67026.640625, "Final MAE": 0.09674587100744247, "Total Training Time": 24.363598585128784, "Average Time per Epoch": 1.2736678248957585, "_wandb": {"runtime": 24}}