{"epoch": 0, "_timestamp": 1703502126.8664918, "loss": 0.0072446707636117935, "root_mean_squared_error": 0.09599936008453369, "mean_absolute_percentage_error": 89827.1171875, "mean_absolute_error": 0.052129775285720825, "val_loss": 0.004893576726317406, "val_root_mean_squared_error": 0.06995410472154617, "val_mean_absolute_percentage_error": 311902.28125, "val_mean_absolute_error": 0.0414082370698452, "_runtime": 7.320559740066528, "_step": 1, "best_val_loss": 0.004893576726317406, "best_epoch": 0, "Final MSE": 0.02395549789071083, "Final RMSE": 0.15477563440799713, "Final MAPE": 82155.7265625, "Final MAE": 0.095450758934021, "Total Training Time": 6.198582887649536, "Average Time per Epoch": 6.042548179626465, "_wandb": {"runtime": 6}}