{"epoch": 0, "_timestamp": 1703640714.459033, "loss": 0.012939449399709702, "root_mean_squared_error": 0.11671531945466995, "mean_absolute_percentage_error": 40660.1953125, "mean_absolute_error": 0.07652616500854492, "val_loss": 0.01506431307643652, "val_root_mean_squared_error": 0.12273676693439484, "val_mean_absolute_percentage_error": 51928.2578125, "val_mean_absolute_error": 0.07297870516777039, "_runtime": 11.760356903076172, "_step": 1, "best_val_loss": 0.01506431307643652, "best_epoch": 0, "Final MSE": 0.01843879744410515, "Final RMSE": 0.13578952848911285, "Final MAPE": 142386.484375, "Final MAE": 0.08765754103660583, "Total Training Time": 4.516651630401611, "Average Time per Epoch": 4.3676064014434814, "_wandb": {"runtime": 4}}