{"epoch": 0, "_timestamp": 1703564774.4029002, "loss": 0.005631785374134779, "root_mean_squared_error": 0.08574295789003372, "mean_absolute_percentage_error": 17264.9296875, "mean_absolute_error": 0.05355164036154747, "val_loss": 0.01628843881189823, "val_root_mean_squared_error": 0.12762616574764252, "val_mean_absolute_percentage_error": 12309.2431640625, "val_mean_absolute_error": 0.07846137881278992, "_runtime": 4.558601140975952, "_step": 1, "best_val_loss": 0.01628843881189823, "best_epoch": 0, "Final MSE": 0.020274830982089043, "Final RMSE": 0.142389714717865, "Final MAPE": 25218.001953125, "Final MAE": 0.09083970636129379, "Total Training Time": 2.7588741779327393, "Average Time per Epoch": 2.609860897064209, "_wandb": {"runtime": 2}}