{"epoch": 30, "_timestamp": 1705583485.2839708, "loss": 0.006921827793121338, "root_mean_squared_error": 0.08319751918315887, "mean_absolute_percentage_error": 15714.4580078125, "mean_absolute_error": 0.04620560258626938, "val_loss": 0.014132759533822536, "val_root_mean_squared_error": 0.11888128519058228, "val_mean_absolute_percentage_error": 458542.9375, "val_mean_absolute_error": 0.06182648614048958, "_runtime": 41.98108386993408, "_step": 31, "best_val_loss": 0.013685506768524647, "best_epoch": 20, "Final MSE": 0.027539657428860664, "Final RMSE": 0.16595077514648438, "Final MAPE": 39344.0703125, "Final MAE": 0.10859237611293793, "Total Training Time": 40.54190397262573, "Average Time per Epoch": 1.301421711521764, "_wandb": {"runtime": 40}}