{"epoch": 26, "_timestamp": 1703456291.5467377, "loss": 0.008554826490581036, "root_mean_squared_error": 0.09249230474233627, "mean_absolute_percentage_error": 8809899.0, "mean_absolute_error": 0.05380868911743164, "val_loss": 0.014839611947536469, "val_root_mean_squared_error": 0.121817946434021, "val_mean_absolute_percentage_error": 20062640.0, "val_mean_absolute_error": 0.08030499517917633, "_runtime": 71.48544073104858, "_step": 27, "best_val_loss": 0.010266575962305069, "best_epoch": 16, "Final MSE": 0.012181965634226799, "Final RMSE": 0.11037193983793259, "Final MAPE": 20373214.0, "Final MAE": 0.07048507779836655, "Total Training Time": 69.07865810394287, "Average Time per Epoch": 2.550339213124028, "_wandb": {"runtime": 69}}