{"epoch": 45, "_timestamp": 1703453362.739857, "loss": 0.00682865409180522, "root_mean_squared_error": 0.08263567090034485, "mean_absolute_percentage_error": 8532683.0, "mean_absolute_error": 0.04807236045598984, "val_loss": 0.006886356044560671, "val_root_mean_squared_error": 0.0829840674996376, "val_mean_absolute_percentage_error": 14040789.0, "val_mean_absolute_error": 0.05417344346642494, "_runtime": 121.04004907608032, "_step": 46, "best_val_loss": 0.006087732035666704, "best_epoch": 35, "Final MSE": 0.008149341680109501, "Final RMSE": 0.09027370065450668, "Final MAPE": 13070165.0, "Final MAE": 0.05347974970936775, "Total Training Time": 118.5907096862793, "Average Time per Epoch": 2.572587386421535, "_wandb": {"runtime": 119}}