{"epoch": 0, "_timestamp": 1703677570.4075384, "loss": 0.072830930352211, "root_mean_squared_error": 0.26855164766311646, "mean_absolute_percentage_error": 96667864.0, "mean_absolute_error": 0.2208898365497589, "val_loss": 0.07826488465070724, "val_root_mean_squared_error": 0.2797585725784302, "val_mean_absolute_percentage_error": 95464944.0, "val_mean_absolute_error": 0.22325125336647034, "_runtime": 3.6349713802337646, "_step": 1, "best_val_loss": 0.07826488465070724, "best_epoch": 0, "Final MSE": 0.06610959768295288, "Final RMSE": 0.2571178674697876, "Final MAPE": 105682512.0, "Final MAE": 0.20593446493148804, "Total Training Time": 1.5302414894104004, "Average Time per Epoch": 1.4548392295837402, "_wandb": {"runtime": 1}}