{"epoch": 0, "_timestamp": 1703764219.72234, "loss": 0.014215974137187004, "root_mean_squared_error": 0.13338075578212738, "mean_absolute_percentage_error": 111512.328125, "mean_absolute_error": 0.09433557093143463, "val_loss": 0.01123680081218481, "val_root_mean_squared_error": 0.1060037836432457, "val_mean_absolute_percentage_error": 138031.53125, "val_mean_absolute_error": 0.08676919341087341, "_runtime": 2.681770086288452, "_step": 1, "best_val_loss": 0.01123680081218481, "best_epoch": 0, "Final MSE": 0.041618719696998596, "Final RMSE": 0.2040066421031952, "Final MAPE": 280803.34375, "Final MAE": 0.14963243901729584, "Total Training Time": 1.533635139465332, "Average Time per Epoch": 1.4287934303283691, "_wandb": {"runtime": 1}}