{"epoch": 19, "_timestamp": 1703302846.8306339, "loss": 0.004898041021078825, "root_mean_squared_error": 0.0699860081076622, "mean_absolute_percentage_error": 17234.9375, "mean_absolute_error": 0.045496098697185516, "val_loss": 0.01022882480174303, "val_root_mean_squared_error": 0.10113765299320221, "val_mean_absolute_percentage_error": 84150.4375, "val_mean_absolute_error": 0.06626667082309723, "_runtime": 62.33010292053223, "_step": 20, "best_val_loss": 0.008649417199194431, "best_epoch": 9, "Final MSE": 0.020767534151673317, "Final RMSE": 0.14410945773124695, "Final MAPE": 104549.375, "Final MAE": 0.09718521684408188, "Total Training Time": 59.87439799308777, "Average Time per Epoch": 2.9815662264823914, "_wandb": {"runtime": 60}}