{"epoch": 20, "_timestamp": 1703281680.8110726, "loss": 0.0061210747808218, "root_mean_squared_error": 0.07823729515075684, "mean_absolute_percentage_error": 6959.69970703125, "mean_absolute_error": 0.04993405193090439, "val_loss": 0.007586993742734194, "val_root_mean_squared_error": 0.08710335195064545, "val_mean_absolute_percentage_error": 113528.7421875, "val_mean_absolute_error": 0.05825634300708771, "_runtime": 19.007745504379272, "_step": 21, "best_val_loss": 0.007281571161001921, "best_epoch": 10, "Final MSE": 0.011727382428944111, "Final RMSE": 0.10829304158687592, "Final MAPE": 117539.6015625, "Final MAE": 0.07862115651369095, "Total Training Time": 16.792518138885498, "Average Time per Epoch": 0.7936077344985235, "_wandb": {"runtime": 17}}