{"epoch": 0, "_timestamp": 1703596022.9444907, "loss": 0.018349038437008858, "root_mean_squared_error": 0.1366737335920334, "mean_absolute_percentage_error": 56856.82421875, "mean_absolute_error": 0.09574496001005173, "val_loss": 0.017907122150063515, "val_root_mean_squared_error": 0.13381749391555786, "val_mean_absolute_percentage_error": 112058.6796875, "val_mean_absolute_error": 0.0769910141825676, "_runtime": 3.6828086376190186, "_step": 1, "best_val_loss": 0.017907122150063515, "best_epoch": 0, "Final MSE": 0.021401328966021538, "Final RMSE": 0.14629191160202026, "Final MAPE": 228001.390625, "Final MAE": 0.08611367642879486, "Total Training Time": 1.5913054943084717, "Average Time per Epoch": 1.485292911529541, "_wandb": {"runtime": 1}}