{"epoch": 12, "_timestamp": 1705621194.6742158, "loss": 0.005397676024585962, "root_mean_squared_error": 0.073468878865242, "mean_absolute_percentage_error": 148013.703125, "mean_absolute_error": 0.04398754984140396, "val_loss": 0.011849121190607548, "val_root_mean_squared_error": 0.10885366797447205, "val_mean_absolute_percentage_error": 587800.6875, "val_mean_absolute_error": 0.07134031504392624, "_runtime": 19.043226718902588, "_step": 13, "best_val_loss": 0.010358802042901516, "best_epoch": 2, "Final MSE": 0.015025781467556953, "Final RMSE": 0.12257969379425049, "Final MAPE": 93911.1640625, "Final MAE": 0.08022045344114304, "Total Training Time": 16.76382565498352, "Average Time per Epoch": 1.2781882652869592, "_wandb": {"runtime": 17}}