{"epoch": 29, "_timestamp": 1703872321.5051763, "loss": 0.013729788362979889, "root_mean_squared_error": 0.1171741783618927, "mean_absolute_percentage_error": 27002.634765625, "mean_absolute_error": 0.08672895282506943, "val_loss": 0.029729636386036873, "val_root_mean_squared_error": 0.1724228411912918, "val_mean_absolute_percentage_error": 88522.28125, "val_mean_absolute_error": 0.11982931196689606, "_runtime": 354.2345232963562, "_step": 30, "best_val_loss": 0.029341373592615128, "best_epoch": 19, "Final MSE": 0.05842357873916626, "Final RMSE": 0.24170969426631927, "Final MAPE": 249032.796875, "Final MAE": 0.19451254606246948, "Total Training Time": 351.88688349723816, "Average Time per Epoch": 11.706522250175476, "_wandb": {"runtime": 352}}