{"epoch": 24, "_timestamp": 1703855090.9394944, "loss": 0.008170262910425663, "root_mean_squared_error": 0.09038949012756348, "mean_absolute_percentage_error": 59067.828125, "mean_absolute_error": 0.04731971397995949, "val_loss": 0.008840291760861874, "val_root_mean_squared_error": 0.09402282536029816, "val_mean_absolute_percentage_error": 150467.484375, "val_mean_absolute_error": 0.06113329529762268, "_runtime": 20.37844443321228, "_step": 25, "best_val_loss": 0.008532130159437656, "best_epoch": 14, "Final MSE": 0.02718578837811947, "Final RMSE": 0.1648811399936676, "Final MAPE": 101251.5546875, "Final MAE": 0.08847284317016602, "Total Training Time": 18.243515253067017, "Average Time per Epoch": 0.7239211273193359, "_wandb": {"runtime": 18}}