{"epoch": 10, "_timestamp": 1703760394.213443, "loss": 0.00789928063750267, "root_mean_squared_error": 0.08887789398431778, "mean_absolute_percentage_error": 83037.9609375, "mean_absolute_error": 0.0555431954562664, "val_loss": 0.02371373027563095, "val_root_mean_squared_error": 0.1539926379919052, "val_mean_absolute_percentage_error": 14933.6416015625, "val_mean_absolute_error": 0.09691750258207321, "_runtime": 30.00309109687805, "_step": 11, "best_val_loss": 0.020441817119717598, "best_epoch": 0, "Final MSE": 0.02955120988190174, "Final RMSE": 0.17190465331077576, "Final MAPE": 62238.3671875, "Final MAE": 0.12278618663549423, "Total Training Time": 27.99280858039856, "Average Time per Epoch": 2.530110922726718, "_wandb": {"runtime": 28}}