{"epoch": 19, "_timestamp": 1703100345.8983324, "loss": 0.010965423658490181, "root_mean_squared_error": 0.10471592098474503, "mean_absolute_percentage_error": 93479.3046875, "mean_absolute_error": 0.06311880052089691, "val_loss": 0.007366763427853584, "val_root_mean_squared_error": 0.08582986146211624, "val_mean_absolute_percentage_error": 834546.5, "val_mean_absolute_error": 0.0644717738032341, "_runtime": 17.77312445640564, "_step": 20, "best_val_loss": 0.00638856366276741, "best_epoch": 9, "Final MSE": 0.03436237946152687, "Final RMSE": 0.18537093698978424, "Final MAPE": 199234.78125, "Final MAE": 0.12157801538705826, "Total Training Time": 15.370586395263672, "Average Time per Epoch": 0.7619279742240905, "_wandb": {"runtime": 15}}