{"epoch": 10, "_timestamp": 1703344532.5619571, "loss": 0.06893274188041687, "root_mean_squared_error": 0.262550413608551, "mean_absolute_percentage_error": 91731032.0, "mean_absolute_error": 0.21418644487857819, "val_loss": 0.07264915108680725, "val_root_mean_squared_error": 0.26953503489494324, "val_mean_absolute_percentage_error": 115622176.0, "val_mean_absolute_error": 0.2274320125579834, "_runtime": 10.963224172592163, "_step": 11, "best_val_loss": 0.07165160775184631, "best_epoch": 0, "Final MSE": 0.06667441129684448, "Final RMSE": 0.2582138776779175, "Final MAPE": 125337912.0, "Final MAE": 0.21815820038318634, "Total Training Time": 8.73593783378601, "Average Time per Epoch": 0.7833579453555021, "_wandb": {"runtime": 9}}