{"epoch": 19, "_timestamp": 1703520779.2542846, "loss": 0.011955819092690945, "root_mean_squared_error": 0.10934267193078995, "mean_absolute_percentage_error": 5432.521484375, "mean_absolute_error": 0.07628510892391205, "val_loss": 0.028872977942228317, "val_root_mean_squared_error": 0.16992050409317017, "val_mean_absolute_percentage_error": 68819.859375, "val_mean_absolute_error": 0.1177525520324707, "_runtime": 125.56251764297485, "_step": 20, "best_val_loss": 0.0273542869836092, "best_epoch": 9, "Final MSE": 0.02987305261194706, "Final RMSE": 0.1728382259607315, "Final MAPE": 92166.375, "Final MAE": 0.12255556881427765, "Total Training Time": 123.10946655273438, "Average Time per Epoch": 6.1345332860946655, "_wandb": {"runtime": 123}}