{"epoch": 22, "_timestamp": 1703346399.0996332, "loss": 0.06887219101190567, "root_mean_squared_error": 0.26243507862091064, "mean_absolute_percentage_error": 89993848.0, "mean_absolute_error": 0.21235086023807526, "val_loss": 0.07360480725765228, "val_root_mean_squared_error": 0.2713020443916321, "val_mean_absolute_percentage_error": 101893864.0, "val_mean_absolute_error": 0.22156302630901337, "_runtime": 18.82196617126465, "_step": 23, "best_val_loss": 0.07351120561361313, "best_epoch": 12, "Final MSE": 0.07509320229291916, "Final RMSE": 0.2740313708782196, "Final MAPE": 112078888.0, "Final MAE": 0.216825932264328, "Total Training Time": 16.54004168510437, "Average Time per Epoch": 0.7134364065916642, "_wandb": {"runtime": 16}}