{"epoch": 19, "_timestamp": 1705621324.5845547, "loss": 0.005412261933088303, "root_mean_squared_error": 0.07356807589530945, "mean_absolute_percentage_error": 7064.57763671875, "mean_absolute_error": 0.04821348190307617, "val_loss": 0.012834041379392147, "val_root_mean_squared_error": 0.11328742653131485, "val_mean_absolute_percentage_error": 181046.140625, "val_mean_absolute_error": 0.08614783734083176, "_runtime": 27.408403635025024, "_step": 20, "best_val_loss": 0.012286512181162834, "best_epoch": 9, "Final MSE": 0.010203834623098373, "Final RMSE": 0.10101403295993805, "Final MAPE": 82049.546875, "Final MAE": 0.0760580375790596, "Total Training Time": 25.059540510177612, "Average Time per Epoch": 1.244576597213745, "_wandb": {"runtime": 25}}