{"epoch": 27, "_timestamp": 1703675560.3057783, "loss": 0.07993336021900177, "root_mean_squared_error": 0.282725065946579, "mean_absolute_percentage_error": 95315336.0, "mean_absolute_error": 0.23364469408988953, "val_loss": 0.07951074093580246, "val_root_mean_squared_error": 0.28197649121284485, "val_mean_absolute_percentage_error": 112141480.0, "val_mean_absolute_error": 0.2390602082014084, "_runtime": 22.395065307617188, "_step": 28, "best_val_loss": 0.07899481803178787, "best_epoch": 17, "Final MSE": 0.08704671263694763, "Final RMSE": 0.29503676295280457, "Final MAPE": 121452248.0, "Final MAE": 0.24532589316368103, "Total Training Time": 20.29841899871826, "Average Time per Epoch": 0.7193628634725299, "_wandb": {"runtime": 20}}