{"epoch": 0, "_timestamp": 1703501503.6435523, "loss": 0.005535351578146219, "root_mean_squared_error": 0.08197056502103806, "mean_absolute_percentage_error": 161343.96875, "mean_absolute_error": 0.04708993807435036, "val_loss": 0.010482477955520153, "val_root_mean_squared_error": 0.10238397121429443, "val_mean_absolute_percentage_error": 275660.46875, "val_mean_absolute_error": 0.05673651024699211, "_runtime": 7.4484593868255615, "_step": 1, "best_val_loss": 0.010482477955520153, "best_epoch": 0, "Final MSE": 0.014620938338339329, "Final RMSE": 0.12091707438230515, "Final MAPE": 37334.3203125, "Final MAE": 0.06697940081357956, "Total Training Time": 6.210901498794556, "Average Time per Epoch": 6.055877923965454, "_wandb": {"runtime": 6}}