{"epoch": 0, "_timestamp": 1703745934.604341, "loss": 0.009610713459551334, "root_mean_squared_error": 0.10056637972593307, "mean_absolute_percentage_error": 10561601.0, "mean_absolute_error": 0.05991518124938011, "val_loss": 0.012805099599063396, "val_root_mean_squared_error": 0.11315961927175522, "val_mean_absolute_percentage_error": 9603266.0, "val_mean_absolute_error": 0.0649903193116188, "_runtime": 4.521551132202148, "_step": 1, "best_val_loss": 0.012805099599063396, "best_epoch": 0, "Final MSE": 0.01677023433148861, "Final RMSE": 0.12949994206428528, "Final MAPE": 19339150.0, "Final MAE": 0.07715203613042831, "Total Training Time": 2.6464223861694336, "Average Time per Epoch": 2.4874212741851807, "_wandb": {"runtime": 2}}