{"epoch": 0, "_timestamp": 1703548474.9267883, "loss": 0.0033621848560869694, "root_mean_squared_error": 0.05901505425572395, "mean_absolute_percentage_error": 9157.658203125, "mean_absolute_error": 0.02807397022843361, "val_loss": 0.004153176210820675, "val_root_mean_squared_error": 0.0644451379776001, "val_mean_absolute_percentage_error": 39608.59375, "val_mean_absolute_error": 0.034825604408979416, "_runtime": 10.318145275115967, "_step": 1, "best_val_loss": 0.004153176210820675, "best_epoch": 0, "Final MSE": 0.005082802847027779, "Final RMSE": 0.07129377871751785, "Final MAPE": 49642.64453125, "Final MAE": 0.04282311350107193, "Total Training Time": 4.538572072982788, "Average Time per Epoch": 4.3915510177612305, "_wandb": {"runtime": 4}}