{"epoch": 36, "_timestamp": 1703562230.9728599, "loss": 0.005316261667758226, "root_mean_squared_error": 0.07291270047426224, "mean_absolute_percentage_error": 21987.791015625, "mean_absolute_error": 0.046683140099048615, "val_loss": 0.009048492647707462, "val_root_mean_squared_error": 0.09512356668710709, "val_mean_absolute_percentage_error": 131650.890625, "val_mean_absolute_error": 0.05911931395530701, "_runtime": 55.822632789611816, "_step": 37, "best_val_loss": 0.008529814891517162, "best_epoch": 26, "Final MSE": 0.010714234784245491, "Final RMSE": 0.10350959002971649, "Final MAPE": 233836.53125, "Final MAE": 0.06403205543756485, "Total Training Time": 53.50232291221619, "Average Time per Epoch": 1.4404860767158303, "_wandb": {"runtime": 53}}