{"epoch": 0, "_timestamp": 1703677769.8091674, "loss": 0.06894207745790482, "root_mean_squared_error": 0.2643895149230957, "mean_absolute_percentage_error": 79548728.0, "mean_absolute_error": 0.20362281799316406, "val_loss": 0.07533135265111923, "val_root_mean_squared_error": 0.2744655907154083, "val_mean_absolute_percentage_error": 81487232.0, "val_mean_absolute_error": 0.20798881351947784, "_runtime": 3.6173593997955322, "_step": 1, "best_val_loss": 0.07533135265111923, "best_epoch": 0, "Final MSE": 0.07668572664260864, "Final RMSE": 0.2769218385219574, "Final MAPE": 87348344.0, "Final MAE": 0.20548982918262482, "Total Training Time": 1.5410430431365967, "Average Time per Epoch": 1.4298968315124512, "_wandb": {"runtime": 1}}