{"epoch": 0, "_timestamp": 1703537580.593744, "loss": 0.010160195641219616, "root_mean_squared_error": 0.10825976729393005, "mean_absolute_percentage_error": 30273.001953125, "mean_absolute_error": 0.06938586384057999, "val_loss": 0.016106057912111282, "val_root_mean_squared_error": 0.12690964341163635, "val_mean_absolute_percentage_error": 47812.08984375, "val_mean_absolute_error": 0.07228615134954453, "_runtime": 25.549983024597168, "_step": 1, "best_val_loss": 0.016106057912111282, "best_epoch": 0, "Final MSE": 0.02306058257818222, "Final RMSE": 0.15185710787773132, "Final MAPE": 81660.3984375, "Final MAE": 0.11442159116268158, "Total Training Time": 24.2428982257843, "Average Time per Epoch": 23.170454025268555, "_wandb": {"runtime": 24}}