{"epoch": 20, "_timestamp": 1703440128.4436777, "loss": 0.010588235221803188, "root_mean_squared_error": 0.10289914906024933, "mean_absolute_percentage_error": 13251446.0, "mean_absolute_error": 0.061045512557029724, "val_loss": 0.013742753304541111, "val_root_mean_squared_error": 0.11722949147224426, "val_mean_absolute_percentage_error": 20969332.0, "val_mean_absolute_error": 0.0707821473479271, "_runtime": 18.14227867126465, "_step": 21, "best_val_loss": 0.013054834678769112, "best_epoch": 10, "Final MSE": 0.011823313310742378, "Final RMSE": 0.10873506218194962, "Final MAPE": 28109064.0, "Final MAE": 0.0679054781794548, "Total Training Time": 15.924275398254395, "Average Time per Epoch": 0.751989171618507, "_wandb": {"runtime": 16}}