{"epoch": 21, "_timestamp": 1703818357.7532337, "loss": 0.00812316033989191, "root_mean_squared_error": 0.0901285782456398, "mean_absolute_percentage_error": 7431.4560546875, "mean_absolute_error": 0.05854819342494011, "val_loss": 0.014239851385354996, "val_root_mean_squared_error": 0.11933084577322006, "val_mean_absolute_percentage_error": 45191.24609375, "val_mean_absolute_error": 0.0889468789100647, "_runtime": 33.481865644454956, "_step": 22, "best_val_loss": 0.012210093438625336, "best_epoch": 11, "Final MSE": 0.02335660718381405, "Final RMSE": 0.15282867848873138, "Final MAPE": 216566.875, "Final MAE": 0.11290441453456879, "Total Training Time": 31.338576793670654, "Average Time per Epoch": 1.4157982847907327, "_wandb": {"runtime": 31}}