{"epoch": 0, "_timestamp": 1703673889.4883847, "loss": 0.008494346402585506, "root_mean_squared_error": 0.09715528041124344, "mean_absolute_percentage_error": 7308958.5, "mean_absolute_error": 0.05341113731265068, "val_loss": 0.018004493787884712, "val_root_mean_squared_error": 0.13418082892894745, "val_mean_absolute_percentage_error": 6834403.5, "val_mean_absolute_error": 0.0734851211309433, "_runtime": 7.26026177406311, "_step": 1, "best_val_loss": 0.018004493787884712, "best_epoch": 0, "Final MSE": 0.018054988235235214, "Final RMSE": 0.13436885178089142, "Final MAPE": 10811730.0, "Final MAE": 0.07226994633674622, "Total Training Time": 6.1105852127075195, "Average Time per Epoch": 5.957440137863159, "_wandb": {"runtime": 6}}