{"epoch": 0, "_timestamp": 1703652035.85515, "loss": 0.004009310156106949, "root_mean_squared_error": 0.07103486359119415, "mean_absolute_percentage_error": 20501.908203125, "mean_absolute_error": 0.03720281273126602, "val_loss": 0.004899817984551191, "val_root_mean_squared_error": 0.06999869644641876, "val_mean_absolute_percentage_error": 43885.87890625, "val_mean_absolute_error": 0.04723278060555458, "_runtime": 3.914968967437744, "_step": 1, "best_val_loss": 0.004899817984551191, "best_epoch": 0, "Final MSE": 0.01240942906588316, "Final RMSE": 0.11139761656522751, "Final MAPE": 119332.8203125, "Final MAE": 0.06128976494073868, "Total Training Time": 1.9028966426849365, "Average Time per Epoch": 1.7958710193634033, "_wandb": {"runtime": 2}}