{"epoch": 40, "_timestamp": 1703813914.6460636, "loss": 0.0049605038948357105, "root_mean_squared_error": 0.07043084502220154, "mean_absolute_percentage_error": 11069.384765625, "mean_absolute_error": 0.04527594521641731, "val_loss": 0.011350567452609539, "val_root_mean_squared_error": 0.1065390408039093, "val_mean_absolute_percentage_error": 111623.390625, "val_mean_absolute_error": 0.07586287707090378, "_runtime": 35.89341354370117, "_step": 41, "best_val_loss": 0.010846388526260853, "best_epoch": 30, "Final MSE": 0.009852140210568905, "Final RMSE": 0.0992579460144043, "Final MAPE": 68034.375, "Final MAE": 0.07568570971488953, "Total Training Time": 33.656474590301514, "Average Time per Epoch": 0.8173782127659496, "_wandb": {"runtime": 34}}