{"epoch": 26, "_timestamp": 1703318424.908693, "loss": 0.005728680174797773, "root_mean_squared_error": 0.07568804174661636, "mean_absolute_percentage_error": 19739.888671875, "mean_absolute_error": 0.052841655910015106, "val_loss": 0.007731874007731676, "val_root_mean_squared_error": 0.0879310742020607, "val_mean_absolute_percentage_error": 57292.67578125, "val_mean_absolute_error": 0.07229394465684891, "_runtime": 98.86993217468262, "_step": 27, "best_val_loss": 0.005970505997538567, "best_epoch": 16, "Final MSE": 0.02467995136976242, "Final RMSE": 0.15709854662418365, "Final MAPE": 157415.421875, "Final MAE": 0.12983094155788422, "Total Training Time": 96.47760605812073, "Average Time per Epoch": 3.5625032407266124, "_wandb": {"runtime": 96}}