{"epoch": 12, "_timestamp": 1703603472.84117, "loss": 0.017402300611138344, "root_mean_squared_error": 0.1319177746772766, "mean_absolute_percentage_error": 23261.162109375, "mean_absolute_error": 0.08667516708374023, "val_loss": 0.05373157933354378, "val_root_mean_squared_error": 0.23180073499679565, "val_mean_absolute_percentage_error": 286.9891052246094, "val_mean_absolute_error": 0.18854795396327972, "_runtime": 150.37031602859497, "_step": 13, "best_val_loss": 0.010194015689194202, "best_epoch": 2, "Final MSE": 0.07926555722951889, "Final RMSE": 0.2815414071083069, "Final MAPE": 406355.09375, "Final MAE": 0.23447434604167938, "Total Training Time": 147.93288350105286, "Average Time per Epoch": 11.328645376058725, "_wandb": {"runtime": 148}}