{"epoch": 19, "_timestamp": 1703115654.110814, "loss": 0.0068562510423362255, "root_mean_squared_error": 0.08280248194932938, "mean_absolute_percentage_error": 24838.009765625, "mean_absolute_error": 0.057905253022909164, "val_loss": 0.021361269056797028, "val_root_mean_squared_error": 0.1461549550294876, "val_mean_absolute_percentage_error": 138738.109375, "val_mean_absolute_error": 0.11764934659004211, "_runtime": 239.30756616592407, "_step": 20, "best_val_loss": 0.015217765234410763, "best_epoch": 9, "Final MSE": 0.029520655050873756, "Final RMSE": 0.17181575298309326, "Final MAPE": 362289.0625, "Final MAE": 0.141224667429924, "Total Training Time": 236.7882740497589, "Average Time per Epoch": 11.804299700260163, "_wandb": {"runtime": 237}}