{"epoch": 0, "_timestamp": 1703677653.6637793, "loss": 0.06862758845090866, "root_mean_squared_error": 0.2568405866622925, "mean_absolute_percentage_error": 89078472.0, "mean_absolute_error": 0.20854564011096954, "val_loss": 0.07699432969093323, "val_root_mean_squared_error": 0.27747851610183716, "val_mean_absolute_percentage_error": 89208584.0, "val_mean_absolute_error": 0.21729238331317902, "_runtime": 3.5531673431396484, "_step": 1, "best_val_loss": 0.07699432969093323, "best_epoch": 0, "Final MSE": 0.08142691105604172, "Final RMSE": 0.28535395860671997, "Final MAPE": 97844832.0, "Final MAE": 0.2194145917892456, "Total Training Time": 1.5170166492462158, "Average Time per Epoch": 1.4228134155273438, "_wandb": {"runtime": 1}}