{"epoch": 0, "_timestamp": 1703560118.8861508, "loss": 0.005440886598080397, "root_mean_squared_error": 0.08030097931623459, "mean_absolute_percentage_error": 175588.34375, "mean_absolute_error": 0.04726231098175049, "val_loss": 0.009583608247339725, "val_root_mean_squared_error": 0.09789590537548065, "val_mean_absolute_percentage_error": 339541.0625, "val_mean_absolute_error": 0.05822901427745819, "_runtime": 3.776110887527466, "_step": 1, "best_val_loss": 0.009583608247339725, "best_epoch": 0, "Final MSE": 0.01348684262484312, "Final RMSE": 0.11613286286592484, "Final MAPE": 32260.8828125, "Final MAE": 0.07043299078941345, "Total Training Time": 1.895735740661621, "Average Time per Epoch": 1.785703420639038, "_wandb": {"runtime": 2}}