{"epoch": 30, "_timestamp": 1703806418.9211671, "loss": 0.004355804994702339, "root_mean_squared_error": 0.06599852442741394, "mean_absolute_percentage_error": 46536.703125, "mean_absolute_error": 0.03293582424521446, "val_loss": 0.006140897050499916, "val_root_mean_squared_error": 0.07836387306451797, "val_mean_absolute_percentage_error": 79047.7890625, "val_mean_absolute_error": 0.044238392263650894, "_runtime": 71.49489712715149, "_step": 31, "best_val_loss": 0.005986962001770735, "best_epoch": 20, "Final MSE": 0.017206210643053055, "Final RMSE": 0.13117244839668274, "Final MAPE": 91268.21875, "Final MAE": 0.07565688341856003, "Total Training Time": 70.02609419822693, "Average Time per Epoch": 2.2520984295875794, "_wandb": {"runtime": 70}}