{"epoch": 48, "_timestamp": 1703281416.4562006, "loss": 0.010132062248885632, "root_mean_squared_error": 0.10065814852714539, "mean_absolute_percentage_error": 14743.767578125, "mean_absolute_error": 0.06216037645936012, "val_loss": 0.01345500722527504, "val_root_mean_squared_error": 0.11599572002887726, "val_mean_absolute_percentage_error": 35685.43359375, "val_mean_absolute_error": 0.07608510553836823, "_runtime": 39.97563552856445, "_step": 49, "best_val_loss": 0.012358777225017548, "best_epoch": 38, "Final MSE": 0.01924464851617813, "Final RMSE": 0.13872508704662323, "Final MAPE": 170562.0625, "Final MAE": 0.09493114054203033, "Total Training Time": 37.685330867767334, "Average Time per Epoch": 0.7656638427656524, "_wandb": {"runtime": 38}}