{"epoch": 0, "_timestamp": 1703741474.3683615, "loss": 0.00741667440161109, "root_mean_squared_error": 0.0890427753329277, "mean_absolute_percentage_error": 9277108.0, "mean_absolute_error": 0.0533272959291935, "val_loss": 0.010665686801075935, "val_root_mean_squared_error": 0.10327481478452682, "val_mean_absolute_percentage_error": 9844628.0, "val_mean_absolute_error": 0.0653156265616417, "_runtime": 3.7448995113372803, "_step": 1, "best_val_loss": 0.010665686801075935, "best_epoch": 0, "Final MSE": 0.01256945263594389, "Final RMSE": 0.1121135726571083, "Final MAPE": 17407658.0, "Final MAE": 0.07199167460203171, "Total Training Time": 1.886305332183838, "Average Time per Epoch": 1.7887442111968994, "_wandb": {"runtime": 2}}