{"epoch": 0, "_timestamp": 1703745802.746155, "loss": 0.008766901679337025, "root_mean_squared_error": 0.09448276460170746, "mean_absolute_percentage_error": 11298433.0, "mean_absolute_error": 0.05764357000589371, "val_loss": 0.011030107736587524, "val_root_mean_squared_error": 0.1050243228673935, "val_mean_absolute_percentage_error": 9970739.0, "val_mean_absolute_error": 0.060583241283893585, "_runtime": 3.9873249530792236, "_step": 1, "best_val_loss": 0.011030107736587524, "best_epoch": 0, "Final MSE": 0.010554819367825985, "Final RMSE": 0.10273665189743042, "Final MAPE": 16814514.0, "Final MAE": 0.06319199502468109, "Total Training Time": 2.6819045543670654, "Average Time per Epoch": 2.538346529006958, "_wandb": {"runtime": 2}}