{"epoch": 10, "_timestamp": 1703154761.0693853, "loss": 0.007582615129649639, "root_mean_squared_error": 0.08707821369171143, "mean_absolute_percentage_error": 33476.8203125, "mean_absolute_error": 0.05620972812175751, "val_loss": 0.009999326430261135, "val_root_mean_squared_error": 0.09999663382768631, "val_mean_absolute_percentage_error": 797.7510375976562, "val_mean_absolute_error": 0.07023368775844574, "_runtime": 17.014264345169067, "_step": 11, "best_val_loss": 0.009847886860370636, "best_epoch": 0, "Final MSE": 0.014996414072811604, "Final RMSE": 0.12245984375476837, "Final MAPE": 104480.171875, "Final MAE": 0.08396334201097488, "Total Training Time": 14.807406663894653, "Average Time per Epoch": 1.3324912894855847, "_wandb": {"runtime": 15}}