{"epoch": 0, "_timestamp": 1703564913.7336292, "loss": 0.006002312991768122, "root_mean_squared_error": 0.0837850347161293, "mean_absolute_percentage_error": 65024.30078125, "mean_absolute_error": 0.041025079786777496, "val_loss": 0.008597521111369133, "val_root_mean_squared_error": 0.0927228182554245, "val_mean_absolute_percentage_error": 14384.5087890625, "val_mean_absolute_error": 0.04290919750928879, "_runtime": 4.668315172195435, "_step": 1, "best_val_loss": 0.008597521111369133, "best_epoch": 0, "Final MSE": 0.013722761534154415, "Final RMSE": 0.11714418977499008, "Final MAPE": 90261.28125, "Final MAE": 0.05749530345201492, "Total Training Time": 2.74228835105896, "Average Time per Epoch": 2.5902838706970215, "_wandb": {"runtime": 2}}