{"epoch": 0, "_timestamp": 1703622374.765893, "loss": 0.012451531365513802, "root_mean_squared_error": 0.11946427077054977, "mean_absolute_percentage_error": 56564.484375, "mean_absolute_error": 0.08306122571229935, "val_loss": 0.01802116446197033, "val_root_mean_squared_error": 0.1342429369688034, "val_mean_absolute_percentage_error": 112012.75, "val_mean_absolute_error": 0.08741464465856552, "_runtime": 39.083975076675415, "_step": 1, "best_val_loss": 0.01802116446197033, "best_epoch": 0, "Final MSE": 0.03054773062467575, "Final RMSE": 0.17477908730506897, "Final MAPE": 307919.28125, "Final MAE": 0.11796031892299652, "Total Training Time": 37.742860317230225, "Average Time per Epoch": 36.006452560424805, "_wandb": {"runtime": 37}}