{"epoch": 61, "_timestamp": 1703446155.4588661, "loss": 0.006825996562838554, "root_mean_squared_error": 0.08261959254741669, "mean_absolute_percentage_error": 8207829.5, "mean_absolute_error": 0.04955229535698891, "val_loss": 0.010282241739332676, "val_root_mean_squared_error": 0.10140138864517212, "val_mean_absolute_percentage_error": 10359108.0, "val_mean_absolute_error": 0.0621979683637619, "_runtime": 76.8362340927124, "_step": 62, "best_val_loss": 0.009144657291471958, "best_epoch": 51, "Final MSE": 0.012754197232425213, "Final RMSE": 0.11293448507785797, "Final MAPE": 16409656.0, "Final MAE": 0.06919276714324951, "Total Training Time": 74.51980257034302, "Average Time per Epoch": 1.1984671431203042, "_wandb": {"runtime": 74}}