{"epoch": 0, "_timestamp": 1703764596.7956908, "loss": 0.021273287013173103, "root_mean_squared_error": 0.15104034543037415, "mean_absolute_percentage_error": 39527.375, "mean_absolute_error": 0.1120997965335846, "val_loss": 0.022571327164769173, "val_root_mean_squared_error": 0.150237575173378, "val_mean_absolute_percentage_error": 60420.28515625, "val_mean_absolute_error": 0.09420084953308105, "_runtime": 3.6748077869415283, "_step": 1, "best_val_loss": 0.022571327164769173, "best_epoch": 0, "Final MSE": 0.027189984917640686, "Final RMSE": 0.16489385068416595, "Final MAPE": 123005.0078125, "Final MAE": 0.10971403121948242, "Total Training Time": 1.5863618850708008, "Average Time per Epoch": 1.4925708770751953, "_wandb": {"runtime": 1}}