{"epoch": 44, "_timestamp": 1703235752.8950586, "loss": 0.011478169821202755, "root_mean_squared_error": 0.10713621973991394, "mean_absolute_percentage_error": 18737.822265625, "mean_absolute_error": 0.06840281933546066, "val_loss": 0.01906132698059082, "val_root_mean_squared_error": 0.1380627602338791, "val_mean_absolute_percentage_error": 51120.65234375, "val_mean_absolute_error": 0.09230437874794006, "_runtime": 248.65978074073792, "_step": 45, "best_val_loss": 0.01639898307621479, "best_epoch": 34, "Final MSE": 0.028095733374357224, "Final RMSE": 0.1676178127527237, "Final MAPE": 246661.90625, "Final MAE": 0.10558437556028366, "Total Training Time": 246.26104712486267, "Average Time per Epoch": 5.4632229434119335, "_wandb": {"runtime": 246}}