{"epoch": 0, "_timestamp": 1703760957.7958622, "loss": 0.008997214026749134, "root_mean_squared_error": 0.10279854387044907, "mean_absolute_percentage_error": 33281.3671875, "mean_absolute_error": 0.06659747660160065, "val_loss": 0.014309900812804699, "val_root_mean_squared_error": 0.11962399631738663, "val_mean_absolute_percentage_error": 58849.2734375, "val_mean_absolute_error": 0.08463899046182632, "_runtime": 7.392908096313477, "_step": 1, "best_val_loss": 0.014309900812804699, "best_epoch": 0, "Final MSE": 0.023053238168358803, "Final RMSE": 0.1518329232931137, "Final MAPE": 105060.53125, "Final MAE": 0.10501597821712494, "Total Training Time": 6.111077070236206, "Average Time per Epoch": 5.9383134841918945, "_wandb": {"runtime": 6}}