{"epoch": 11, "_timestamp": 1703819058.9924736, "loss": 0.00936358142644167, "root_mean_squared_error": 0.09676560014486313, "mean_absolute_percentage_error": 36650.1484375, "mean_absolute_error": 0.06372761726379395, "val_loss": 0.015521658584475517, "val_root_mean_squared_error": 0.12458594888448715, "val_mean_absolute_percentage_error": 26834.572265625, "val_mean_absolute_error": 0.08162982016801834, "_runtime": 19.88255548477173, "_step": 12, "best_val_loss": 0.014688284136354923, "best_epoch": 1, "Final MSE": 0.02652430348098278, "Final RMSE": 0.1628628373146057, "Final MAPE": 70980.28125, "Final MAE": 0.11428028345108032, "Total Training Time": 17.779741287231445, "Average Time per Epoch": 1.4696873625119526, "_wandb": {"runtime": 18}}