{"epoch": 0, "_timestamp": 1703538608.0074792, "loss": 0.00875276792794466, "root_mean_squared_error": 0.11555386334657669, "mean_absolute_percentage_error": 66748.234375, "mean_absolute_error": 0.07044033706188202, "val_loss": 0.03318677842617035, "val_root_mean_squared_error": 0.18217238783836365, "val_mean_absolute_percentage_error": 56634.28125, "val_mean_absolute_error": 0.11745675653219223, "_runtime": 29.00731611251831, "_step": 1, "best_val_loss": 0.03318677842617035, "best_epoch": 0, "Final MSE": 0.04311009496450424, "Final RMSE": 0.2076297104358673, "Final MAPE": 20714.80859375, "Final MAE": 0.1373506486415863, "Total Training Time": 27.747291803359985, "Average Time per Epoch": 26.46142268180847, "_wandb": {"runtime": 27}}