{"epoch": 27, "_timestamp": 1703650863.4997826, "loss": 0.005493828095495701, "root_mean_squared_error": 0.07412036508321762, "mean_absolute_percentage_error": 1542.969970703125, "mean_absolute_error": 0.046347830444574356, "val_loss": 0.0065011619590222836, "val_root_mean_squared_error": 0.08062978088855743, "val_mean_absolute_percentage_error": 117303.734375, "val_mean_absolute_error": 0.05556190386414528, "_runtime": 26.012596607208252, "_step": 28, "best_val_loss": 0.006069994531571865, "best_epoch": 17, "Final MSE": 0.010776114650070667, "Final RMSE": 0.10380806773900986, "Final MAPE": 96222.953125, "Final MAE": 0.07308521121740341, "Total Training Time": 23.92932438850403, "Average Time per Epoch": 0.8494314210755485, "_wandb": {"runtime": 24}}