{"epoch": 35, "_timestamp": 1703313063.7660358, "loss": 0.016819678246974945, "root_mean_squared_error": 0.12969070672988892, "mean_absolute_percentage_error": 14028.4384765625, "mean_absolute_error": 0.09030014276504517, "val_loss": 0.02433565817773342, "val_root_mean_squared_error": 0.15599890053272247, "val_mean_absolute_percentage_error": 21176.974609375, "val_mean_absolute_error": 0.10758566111326218, "_runtime": 126.29464387893677, "_step": 36, "best_val_loss": 0.023556390777230263, "best_epoch": 25, "Final MSE": 0.02606036327779293, "Final RMSE": 0.16143222153186798, "Final MAPE": 182301.640625, "Final MAE": 0.11064386367797852, "Total Training Time": 123.89411067962646, "Average Time per Epoch": 3.4330387314160666, "_wandb": {"runtime": 124}}