{"epoch": 0, "_timestamp": 1703652555.93223, "loss": 0.008631588891148567, "root_mean_squared_error": 0.100783571600914, "mean_absolute_percentage_error": 69013.71875, "mean_absolute_error": 0.06908823549747467, "val_loss": 0.010343963280320168, "val_root_mean_squared_error": 0.10170527547597885, "val_mean_absolute_percentage_error": 32036.2734375, "val_mean_absolute_error": 0.06577302515506744, "_runtime": 3.8604989051818848, "_step": 1, "best_val_loss": 0.010343963280320168, "best_epoch": 0, "Final MSE": 0.0204850435256958, "Final RMSE": 0.1431259661912918, "Final MAPE": 255935.421875, "Final MAE": 0.10762335360050201, "Total Training Time": 1.9500722885131836, "Average Time per Epoch": 1.8400721549987793, "_wandb": {"runtime": 2}}