{"epoch": 10, "_timestamp": 1703636224.690008, "loss": 0.0040987893007695675, "root_mean_squared_error": 0.06402178853750229, "mean_absolute_percentage_error": 14655.8701171875, "mean_absolute_error": 0.0422813817858696, "val_loss": 0.012635540217161179, "val_root_mean_squared_error": 0.11240791529417038, "val_mean_absolute_percentage_error": 11693.662109375, "val_mean_absolute_error": 0.07872220128774643, "_runtime": 24.629894971847534, "_step": 11, "best_val_loss": 0.0096856988966465, "best_epoch": 0, "Final MSE": 0.010901756584644318, "Final RMSE": 0.10441147536039352, "Final MAPE": 89252.8984375, "Final MAE": 0.06583724915981293, "Total Training Time": 22.11141037940979, "Average Time per Epoch": 1.9956970648332075, "_wandb": {"runtime": 22}}