{"epoch": 37, "_timestamp": 1705576865.0151434, "loss": 0.006750056054443121, "root_mean_squared_error": 0.08215872198343277, "mean_absolute_percentage_error": 18744.31640625, "mean_absolute_error": 0.05349694937467575, "val_loss": 0.01326194778084755, "val_root_mean_squared_error": 0.11516053229570389, "val_mean_absolute_percentage_error": 43316.90625, "val_mean_absolute_error": 0.07704100012779236, "_runtime": 31.339933395385742, "_step": 38, "best_val_loss": 0.012102331966161728, "best_epoch": 27, "Final MSE": 0.022922426462173462, "Final RMSE": 0.15140153467655182, "Final MAPE": 111673.2421875, "Final MAE": 0.10638304799795151, "Total Training Time": 29.02595806121826, "Average Time per Epoch": 0.7599872664401406, "_wandb": {"runtime": 29}}