{"epoch": 12, "_timestamp": 1703639283.343768, "loss": 0.008217168040573597, "root_mean_squared_error": 0.0906485989689827, "mean_absolute_percentage_error": 20119.9296875, "mean_absolute_error": 0.060599375516176224, "val_loss": 0.009981898590922356, "val_root_mean_squared_error": 0.0999094545841217, "val_mean_absolute_percentage_error": 53642.56640625, "val_mean_absolute_error": 0.06635648757219315, "_runtime": 28.52624487876892, "_step": 13, "best_val_loss": 0.009795487858355045, "best_epoch": 2, "Final MSE": 0.018950678408145905, "Final RMSE": 0.13766145706176758, "Final MAPE": 147129.828125, "Final MAE": 0.10025513172149658, "Total Training Time": 26.415326595306396, "Average Time per Epoch": 2.0193054309258094, "_wandb": {"runtime": 27}}