{"epoch": 11, "_timestamp": 1705578558.5634027, "loss": 0.006270436570048332, "root_mean_squared_error": 0.0791860893368721, "mean_absolute_percentage_error": 46325.26171875, "mean_absolute_error": 0.04824482649564743, "val_loss": 0.00902414321899414, "val_root_mean_squared_error": 0.09499549120664597, "val_mean_absolute_percentage_error": 18739.93359375, "val_mean_absolute_error": 0.06380359083414078, "_runtime": 12.297105550765991, "_step": 12, "best_val_loss": 0.008048503659665585, "best_epoch": 1, "Final MSE": 0.018389776349067688, "Final RMSE": 0.13560891151428223, "Final MAPE": 173141.5625, "Final MAE": 0.09525681287050247, "Total Training Time": 10.051427125930786, "Average Time per Epoch": 0.8278373678525289, "_wandb": {"runtime": 10}}