{"epoch": 48, "_timestamp": 1703185964.415675, "loss": 0.014521325938403606, "root_mean_squared_error": 0.1205044612288475, "mean_absolute_percentage_error": 11608.701171875, "mean_absolute_error": 0.07522298395633698, "val_loss": 0.016255125403404236, "val_root_mean_squared_error": 0.12749558687210083, "val_mean_absolute_percentage_error": 43295.50390625, "val_mean_absolute_error": 0.0884895920753479, "_runtime": 119.49922895431519, "_step": 49, "best_val_loss": 0.012348080985248089, "best_epoch": 38, "Final MSE": 0.021089380607008934, "Final RMSE": 0.14522182941436768, "Final MAPE": 83795.3046875, "Final MAE": 0.10720504820346832, "Total Training Time": 116.8622477054596, "Average Time per Epoch": 2.380187681743077, "_wandb": {"runtime": 117}}