{"epoch": 0, "_timestamp": 1702916565.8963635, "loss": 0.00396354403346777, "root_mean_squared_error": 0.07426458597183228, "mean_absolute_percentage_error": 1694996.5, "mean_absolute_error": 0.04336697608232498, "val_loss": 0.006319021340459585, "val_root_mean_squared_error": 0.07949227094650269, "val_mean_absolute_percentage_error": 7756.70654296875, "val_mean_absolute_error": 0.04044448211789131, "_runtime": 16.252809524536133, "_step": 1, "best_val_loss": 0.006319021340459585, "best_epoch": 0, "Final MSE": 0.015502776950597763, "Final RMSE": 0.12451014667749405, "Final MAPE": 26232.3671875, "Final MAE": 0.07775931060314178, "Total Training Time": 11.394063234329224, "Average Time per Epoch": 11.015044689178467, "_wandb": {"runtime": 12}}