{"epoch": 33, "_timestamp": 1703544178.946613, "loss": 0.007966391742229462, "root_mean_squared_error": 0.08925464749336243, "mean_absolute_percentage_error": 76703.3359375, "mean_absolute_error": 0.06050147861242294, "val_loss": 0.010548962280154228, "val_root_mean_squared_error": 0.10270813852548599, "val_mean_absolute_percentage_error": 28036.31640625, "val_mean_absolute_error": 0.0699755847454071, "_runtime": 69.49078106880188, "_step": 34, "best_val_loss": 0.00937643088400364, "best_epoch": 23, "Final MSE": 0.022844120860099792, "Final RMSE": 0.15114271640777588, "Final MAPE": 172137.359375, "Final MAE": 0.09126044064760208, "Total Training Time": 67.35524892807007, "Average Time per Epoch": 1.974966098280514, "_wandb": {"runtime": 67}}