{"epoch": 22, "_timestamp": 1703651232.9959166, "loss": 0.008165276609361172, "root_mean_squared_error": 0.09036192297935486, "mean_absolute_percentage_error": 22070.341796875, "mean_absolute_error": 0.06219812482595444, "val_loss": 0.013722354546189308, "val_root_mean_squared_error": 0.117142453789711, "val_mean_absolute_percentage_error": 99195.84375, "val_mean_absolute_error": 0.08161192387342453, "_runtime": 23.038610696792603, "_step": 23, "best_val_loss": 0.01348953228443861, "best_epoch": 12, "Final MSE": 0.012281565926969051, "Final RMSE": 0.11082222312688828, "Final MAPE": 166395.21875, "Final MAE": 0.08350783586502075, "Total Training Time": 19.899003267288208, "Average Time per Epoch": 0.8592264652252197, "_wandb": {"runtime": 20}}