{"epoch": 31, "_timestamp": 1703417086.549354, "loss": 0.012746662832796574, "root_mean_squared_error": 0.11290112137794495, "mean_absolute_percentage_error": 15200771.0, "mean_absolute_error": 0.07096607983112335, "val_loss": 0.05741117522120476, "val_root_mean_squared_error": 0.23960629105567932, "val_mean_absolute_percentage_error": 78277632.0, "val_mean_absolute_error": 0.1747811883687973, "_runtime": 578.148243188858, "_step": 32, "best_val_loss": 0.05190904438495636, "best_epoch": 21, "Final MSE": 0.06617362052202225, "Final RMSE": 0.257242351770401, "Final MAPE": 49437900.0, "Final MAE": 0.15549106895923615, "Total Training Time": 575.9918553829193, "Average Time per Epoch": 17.966714210808277, "_wandb": {"runtime": 576}}