{"epoch": 0, "_timestamp": 1703746724.1321535, "loss": 0.007169169839471579, "root_mean_squared_error": 0.08808679133653641, "mean_absolute_percentage_error": 8115935.0, "mean_absolute_error": 0.05184798687696457, "val_loss": 0.009450657293200493, "val_root_mean_squared_error": 0.09721449017524719, "val_mean_absolute_percentage_error": 7282975.5, "val_mean_absolute_error": 0.05803694576025009, "_runtime": 4.576274394989014, "_step": 1, "best_val_loss": 0.009450657293200493, "best_epoch": 0, "Final MSE": 0.010924936272203922, "Final RMSE": 0.10452242195606232, "Final MAPE": 12035766.0, "Final MAE": 0.06289083510637283, "Total Training Time": 2.7500548362731934, "Average Time per Epoch": 2.6062405109405518, "_wandb": {"runtime": 3}}