{"epoch": 0, "_timestamp": 1703677646.676735, "loss": 0.06958768516778946, "root_mean_squared_error": 0.2583932876586914, "mean_absolute_percentage_error": 85254792.0, "mean_absolute_error": 0.19270488619804382, "val_loss": 0.059492580592632294, "val_root_mean_squared_error": 0.2439109832048416, "val_mean_absolute_percentage_error": 93146336.0, "val_mean_absolute_error": 0.18751215934753418, "_runtime": 3.6051769256591797, "_step": 1, "best_val_loss": 0.059492580592632294, "best_epoch": 0, "Final MSE": 0.04684169217944145, "Final RMSE": 0.21642939746379852, "Final MAPE": 102226704.0, "Final MAE": 0.17015323042869568, "Total Training Time": 1.5936191082000732, "Average Time per Epoch": 1.4852142333984375, "_wandb": {"runtime": 1}}