{"epoch": 21, "_timestamp": 1703675534.9502413, "loss": 0.057206831872463226, "root_mean_squared_error": 0.23917952179908752, "mean_absolute_percentage_error": 70135968.0, "mean_absolute_error": 0.17954771220684052, "val_loss": 0.0731884241104126, "val_root_mean_squared_error": 0.27053362131118774, "val_mean_absolute_percentage_error": 79558736.0, "val_mean_absolute_error": 0.20128530263900757, "_runtime": 18.1424663066864, "_step": 22, "best_val_loss": 0.07313359528779984, "best_epoch": 11, "Final MSE": 0.024657441303133965, "Final RMSE": 0.15702688694000244, "Final MAPE": 86188984.0, "Final MAE": 0.13811764121055603, "Total Training Time": 16.006829977035522, "Average Time per Epoch": 0.7211456190456044, "_wandb": {"runtime": 16}}