{"epoch": 0, "_timestamp": 1703652330.460335, "loss": 0.009876726195216179, "root_mean_squared_error": 0.10682415962219238, "mean_absolute_percentage_error": 16040.0703125, "mean_absolute_error": 0.06533772498369217, "val_loss": 0.013987227343022823, "val_root_mean_squared_error": 0.11826761066913605, "val_mean_absolute_percentage_error": 57287.0078125, "val_mean_absolute_error": 0.0734889805316925, "_runtime": 3.879507064819336, "_step": 1, "best_val_loss": 0.013987227343022823, "best_epoch": 0, "Final MSE": 0.02326410822570324, "Final RMSE": 0.15252576768398285, "Final MAPE": 70444.3984375, "Final MAE": 0.10596593469381332, "Total Training Time": 1.9075744152069092, "Average Time per Epoch": 1.7995717525482178, "_wandb": {"runtime": 2}}