{"epoch": 10, "_timestamp": 1703203410.878113, "loss": 0.010267959907650948, "root_mean_squared_error": 0.1013309434056282, "mean_absolute_percentage_error": 28990.9765625, "mean_absolute_error": 0.07223980128765106, "val_loss": 0.035568177700042725, "val_root_mean_squared_error": 0.18859528005123138, "val_mean_absolute_percentage_error": 119399.9921875, "val_mean_absolute_error": 0.14171288907527924, "_runtime": 89.48688411712646, "_step": 11, "best_val_loss": 0.02648460865020752, "best_epoch": 0, "Final MSE": 0.04293302446603775, "Final RMSE": 0.20720285177230835, "Final MAPE": 213515.71875, "Final MAE": 0.1578729748725891, "Total Training Time": 87.0229606628418, "Average Time per Epoch": 7.86608507416465, "_wandb": {"runtime": 87}}