{"epoch": 23, "_timestamp": 1703150028.955993, "loss": 0.011483520269393921, "root_mean_squared_error": 0.10716118663549423, "mean_absolute_percentage_error": 4891.15087890625, "mean_absolute_error": 0.06251318007707596, "val_loss": 0.013386551290750504, "val_root_mean_squared_error": 0.11570026725530624, "val_mean_absolute_percentage_error": 350670.125, "val_mean_absolute_error": 0.07277372479438782, "_runtime": 21.342607975006104, "_step": 24, "best_val_loss": 0.008703992702066898, "best_epoch": 13, "Final MSE": 0.04480438306927681, "Final RMSE": 0.21167045831680298, "Final MAPE": 217031.15625, "Final MAE": 0.13848567008972168, "Total Training Time": 19.171417951583862, "Average Time per Epoch": 0.7931840519110361, "_wandb": {"runtime": 19}}