{"epoch": 0, "_timestamp": 1703737039.8597207, "loss": 0.008480042219161987, "root_mean_squared_error": 0.09499325603246689, "mean_absolute_percentage_error": 8915445.0, "mean_absolute_error": 0.05442110076546669, "val_loss": 0.010484605096280575, "val_root_mean_squared_error": 0.10239435732364655, "val_mean_absolute_percentage_error": 11757952.0, "val_mean_absolute_error": 0.059064824134111404, "_runtime": 6.009511709213257, "_step": 1, "best_val_loss": 0.010484605096280575, "best_epoch": 0, "Final MSE": 0.013348142616450787, "Final RMSE": 0.11553416401147842, "Final MAPE": 23101464.0, "Final MAE": 0.0695924311876297, "Total Training Time": 4.745074033737183, "Average Time per Epoch": 4.542690753936768, "_wandb": {"runtime": 4}}