{"epoch": 0, "_timestamp": 1703505148.224626, "loss": 0.007194046396762133, "root_mean_squared_error": 0.08449090272188187, "mean_absolute_percentage_error": 21633.96484375, "mean_absolute_error": 0.04429127275943756, "val_loss": 0.004869665950536728, "val_root_mean_squared_error": 0.06978298723697662, "val_mean_absolute_percentage_error": 80325.2109375, "val_mean_absolute_error": 0.04637139290571213, "_runtime": 3.571932077407837, "_step": 1, "best_val_loss": 0.004869665950536728, "best_epoch": 0, "Final MSE": 0.006318704225122929, "Final RMSE": 0.07949027419090271, "Final MAPE": 81787.390625, "Final MAE": 0.04635043814778328, "Total Training Time": 1.575101613998413, "Average Time per Epoch": 1.4740843772888184, "_wandb": {"runtime": 1}}