{"epoch": 21, "_timestamp": 1705633907.0606139, "loss": 0.014304342679679394, "root_mean_squared_error": 0.11960076540708542, "mean_absolute_percentage_error": 5644.57373046875, "mean_absolute_error": 0.07404174655675888, "val_loss": 0.009833276271820068, "val_root_mean_squared_error": 0.09916287660598755, "val_mean_absolute_percentage_error": 71214.0546875, "val_mean_absolute_error": 0.06556127965450287, "_runtime": 66.76355385780334, "_step": 22, "best_val_loss": 0.008746439591050148, "best_epoch": 11, "Final MSE": 0.01452683936804533, "Final RMSE": 0.12052734196186066, "Final MAPE": 118076.7421875, "Final MAE": 0.07688325643539429, "Total Training Time": 64.37338876724243, "Average Time per Epoch": 2.9148701429367065, "_wandb": {"runtime": 64}}