{"epoch": 20, "_timestamp": 1703894337.2258887, "loss": 0.009727708995342255, "root_mean_squared_error": 0.09862914681434631, "mean_absolute_percentage_error": 84839.296875, "mean_absolute_error": 0.05515622720122337, "val_loss": 0.010111629962921143, "val_root_mean_squared_error": 0.10055659711360931, "val_mean_absolute_percentage_error": 28077.2578125, "val_mean_absolute_error": 0.05942605435848236, "_runtime": 28.81617283821106, "_step": 21, "best_val_loss": 0.009085212834179401, "best_epoch": 10, "Final MSE": 0.02234748937189579, "Final RMSE": 0.14949077367782593, "Final MAPE": 128107.8359375, "Final MAE": 0.09855218976736069, "Total Training Time": 26.58806586265564, "Average Time per Epoch": 1.25649398849124, "_wandb": {"runtime": 26}}