{"epoch": 17, "_timestamp": 1703599528.4711695, "loss": 0.014524437487125397, "root_mean_squared_error": 0.12051737308502197, "mean_absolute_percentage_error": 24344.322265625, "mean_absolute_error": 0.08578648418188095, "val_loss": 0.02482660673558712, "val_root_mean_squared_error": 0.15756461024284363, "val_mean_absolute_percentage_error": 124666.203125, "val_mean_absolute_error": 0.11001110821962357, "_runtime": 150.2143955230713, "_step": 18, "best_val_loss": 0.02323625236749649, "best_epoch": 7, "Final MSE": 0.025969531387090683, "Final RMSE": 0.16115064918994904, "Final MAPE": 264876.65625, "Final MAE": 0.12626788020133972, "Total Training Time": 148.40021133422852, "Average Time per Epoch": 8.21501186158922, "_wandb": {"runtime": 148}}