{"epoch": 17, "_timestamp": 1703892875.4895658, "loss": 0.010372480377554893, "root_mean_squared_error": 0.10184537619352341, "mean_absolute_percentage_error": 9477.865234375, "mean_absolute_error": 0.05834493041038513, "val_loss": 0.010023321956396103, "val_root_mean_squared_error": 0.1001165434718132, "val_mean_absolute_percentage_error": 75411.5859375, "val_mean_absolute_error": 0.07449084520339966, "_runtime": 16.172791957855225, "_step": 18, "best_val_loss": 0.008078648708760738, "best_epoch": 7, "Final MSE": 0.016425075009465218, "Final RMSE": 0.12816034257411957, "Final MAPE": 38247.09375, "Final MAE": 0.08919204026460648, "Total Training Time": 14.068633794784546, "Average Time per Epoch": 0.7734750111897787, "_wandb": {"runtime": 14}}