{"epoch": 49, "_timestamp": 1703339263.267825, "loss": 0.007638041861355305, "root_mean_squared_error": 0.08739589154720306, "mean_absolute_percentage_error": 4449895.0, "mean_absolute_error": 0.04777183756232262, "val_loss": 0.0122513547539711, "val_root_mean_squared_error": 0.11068584024906158, "val_mean_absolute_percentage_error": 8048887.5, "val_mean_absolute_error": 0.06550575792789459, "_runtime": 115.37617182731628, "_step": 50, "best_val_loss": 0.011634187772870064, "best_epoch": 39, "Final MSE": 0.010228516533970833, "Final RMSE": 0.10113612562417984, "Final MAPE": 12547563.0, "Final MAE": 0.061330292373895645, "Total Training Time": 112.84332346916199, "Average Time per Epoch": 2.2522065353393557, "_wandb": {"runtime": 113}}