{"epoch": 19, "_timestamp": 1703345376.6121392, "loss": 0.06953510642051697, "root_mean_squared_error": 0.26369509100914, "mean_absolute_percentage_error": 87440888.0, "mean_absolute_error": 0.2143041491508484, "val_loss": 0.06544479727745056, "val_root_mean_squared_error": 0.2558217942714691, "val_mean_absolute_percentage_error": 105511880.0, "val_mean_absolute_error": 0.21692979335784912, "_runtime": 16.75105619430542, "_step": 20, "best_val_loss": 0.06448944658041, "best_epoch": 9, "Final MSE": 0.07204638421535492, "Final RMSE": 0.26841455698013306, "Final MAPE": 115540048.0, "Final MAE": 0.22180132567882538, "Total Training Time": 14.605430603027344, "Average Time per Epoch": 0.7238212943077087, "_wandb": {"runtime": 14}}