{"epoch": 0, "_timestamp": 1703565448.9076524, "loss": 0.005578807555139065, "root_mean_squared_error": 0.07902996987104416, "mean_absolute_percentage_error": 22704.755859375, "mean_absolute_error": 0.05061882734298706, "val_loss": 0.011406254954636097, "val_root_mean_squared_error": 0.10680007189512253, "val_mean_absolute_percentage_error": 72928.3984375, "val_mean_absolute_error": 0.06839165836572647, "_runtime": 4.566653490066528, "_step": 1, "best_val_loss": 0.011406254954636097, "best_epoch": 0, "Final MSE": 0.008238501846790314, "Final RMSE": 0.09076619148254395, "Final MAPE": 100225.390625, "Final MAE": 0.061998579651117325, "Total Training Time": 2.8368308544158936, "Average Time per Epoch": 2.681807279586792, "_wandb": {"runtime": 3}}