{"epoch": 0, "_timestamp": 1703657003.1347816, "loss": 0.004488671664148569, "root_mean_squared_error": 0.07589186728000641, "mean_absolute_percentage_error": 38923.66015625, "mean_absolute_error": 0.0394892618060112, "val_loss": 0.010853820480406284, "val_root_mean_squared_error": 0.104181669652462, "val_mean_absolute_percentage_error": 125668.6640625, "val_mean_absolute_error": 0.07423363626003265, "_runtime": 4.5772435665130615, "_step": 1, "best_val_loss": 0.010853820480406284, "best_epoch": 0, "Final MSE": 0.01613825187087059, "Final RMSE": 0.1270364224910736, "Final MAPE": 231125.609375, "Final MAE": 0.09152577817440033, "Total Training Time": 2.759901523590088, "Average Time per Epoch": 2.6098692417144775, "_wandb": {"runtime": 2}}