{"epoch": 39, "_timestamp": 1705594597.6465266, "loss": 0.005221379920840263, "root_mean_squared_error": 0.07225911319255829, "mean_absolute_percentage_error": 22387.234375, "mean_absolute_error": 0.04515470564365387, "val_loss": 0.008568174205720425, "val_root_mean_squared_error": 0.09256443381309509, "val_mean_absolute_percentage_error": 78320.28125, "val_mean_absolute_error": 0.05223230645060539, "_runtime": 106.50823163986206, "_step": 40, "best_val_loss": 0.007926768623292446, "best_epoch": 29, "Final MSE": 0.011273802258074284, "Final RMSE": 0.1061781644821167, "Final MAPE": 204039.8125, "Final MAE": 0.06113865599036217, "Total Training Time": 104.91850066184998, "Average Time per Epoch": 2.6161365866661073, "_wandb": {"runtime": 105}}