{"epoch": 16, "_timestamp": 1705609080.6039758, "loss": 0.005618307739496231, "root_mean_squared_error": 0.07495537400245667, "mean_absolute_percentage_error": 118727.359375, "mean_absolute_error": 0.041787806898355484, "val_loss": 0.006191502790898085, "val_root_mean_squared_error": 0.07868610322475433, "val_mean_absolute_percentage_error": 272319.375, "val_mean_absolute_error": 0.04820416867733002, "_runtime": 66.82092666625977, "_step": 17, "best_val_loss": 0.005192104261368513, "best_epoch": 6, "Final MSE": 0.028348295018076897, "Final RMSE": 0.16836951673030853, "Final MAPE": 138522.65625, "Final MAE": 0.11928273737430573, "Total Training Time": 65.52868103981018, "Average Time per Epoch": 3.341892074136173, "_wandb": {"runtime": 65}}