{"epoch": 14, "_timestamp": 1703531563.185535, "loss": 0.007517674006521702, "root_mean_squared_error": 0.08670452237129211, "mean_absolute_percentage_error": 3991.34228515625, "mean_absolute_error": 0.04077697545289993, "val_loss": 0.017402365803718567, "val_root_mean_squared_error": 0.1319180279970169, "val_mean_absolute_percentage_error": 71387.6171875, "val_mean_absolute_error": 0.08799537271261215, "_runtime": 188.58162188529968, "_step": 15, "best_val_loss": 0.011976003646850586, "best_epoch": 4, "Final MSE": 0.01583479344844818, "Final RMSE": 0.12583637237548828, "Final MAPE": 79583.8515625, "Final MAE": 0.07749155163764954, "Total Training Time": 186.098703622818, "Average Time per Epoch": 12.3579026222229, "_wandb": {"runtime": 186}}