{"epoch": 14, "_timestamp": 1703676270.431546, "loss": 0.06956396996974945, "root_mean_squared_error": 0.26374977827072144, "mean_absolute_percentage_error": 83865808.0, "mean_absolute_error": 0.19674186408519745, "val_loss": 0.05931418761610985, "val_root_mean_squared_error": 0.24354512989521027, "val_mean_absolute_percentage_error": 90984312.0, "val_mean_absolute_error": 0.18559573590755463, "_runtime": 12.357511043548584, "_step": 15, "best_val_loss": 0.05898785963654518, "best_epoch": 4, "Final MSE": 0.04641380533576012, "Final RMSE": 0.2154386192560196, "Final MAPE": 99914904.0, "Final MAE": 0.16785764694213867, "Total Training Time": 11.142723083496094, "Average Time per Epoch": 0.7355565865834554, "_wandb": {"runtime": 11}}