{"epoch": 0, "_timestamp": 1703560764.2373893, "loss": 0.008860712870955467, "root_mean_squared_error": 0.09684791415929794, "mean_absolute_percentage_error": 14066.98828125, "mean_absolute_error": 0.06307633966207504, "val_loss": 0.014877857640385628, "val_root_mean_squared_error": 0.12197482585906982, "val_mean_absolute_percentage_error": 34238.015625, "val_mean_absolute_error": 0.08471294492483139, "_runtime": 3.8619062900543213, "_step": 1, "best_val_loss": 0.014877857640385628, "best_epoch": 0, "Final MSE": 0.012450823560357094, "Final RMSE": 0.11158325523138046, "Final MAPE": 62550.4296875, "Final MAE": 0.07919778674840927, "Total Training Time": 1.9347305297851562, "Average Time per Epoch": 1.8267261981964111, "_wandb": {"runtime": 2}}