{"epoch": 21, "_timestamp": 1703335638.2018363, "loss": 0.008555948734283447, "root_mean_squared_error": 0.09249836951494217, "mean_absolute_percentage_error": 6649802.0, "mean_absolute_error": 0.05297913774847984, "val_loss": 0.009256256744265556, "val_root_mean_squared_error": 0.09620944410562515, "val_mean_absolute_percentage_error": 8518193.0, "val_mean_absolute_error": 0.05625418946146965, "_runtime": 54.68533539772034, "_step": 22, "best_val_loss": 0.008564026094973087, "best_epoch": 11, "Final MSE": 0.011857612058520317, "Final RMSE": 0.10889266431331635, "Final MAPE": 14745410.0, "Final MAE": 0.06518425047397614, "Total Training Time": 52.05528140068054, "Average Time per Epoch": 2.3577377904545176, "_wandb": {"runtime": 52}}