{"epoch": 57, "_timestamp": 1703649873.6704023, "loss": 0.0037826253101229668, "root_mean_squared_error": 0.061503052711486816, "mean_absolute_percentage_error": 16717.89453125, "mean_absolute_error": 0.04272426292300224, "val_loss": 0.00663027772679925, "val_root_mean_squared_error": 0.08142651617527008, "val_mean_absolute_percentage_error": 48002.64453125, "val_mean_absolute_error": 0.059348125010728836, "_runtime": 49.694685220718384, "_step": 58, "best_val_loss": 0.006198597140610218, "best_epoch": 47, "Final MSE": 0.0064873481169342995, "Final RMSE": 0.08054407685995102, "Final MAPE": 111183.3203125, "Final MAE": 0.06003851443529129, "Total Training Time": 47.31421899795532, "Average Time per Epoch": 0.8125526658419905, "_wandb": {"runtime": 47}}