{"epoch": 19, "_timestamp": 1703503826.132455, "loss": 0.007190460339188576, "root_mean_squared_error": 0.08479657024145126, "mean_absolute_percentage_error": 11684.6962890625, "mean_absolute_error": 0.04369506612420082, "val_loss": 0.005000603850930929, "val_root_mean_squared_error": 0.07071495056152344, "val_mean_absolute_percentage_error": 83233.765625, "val_mean_absolute_error": 0.04768938943743706, "_runtime": 16.739102125167847, "_step": 20, "best_val_loss": 0.0047053019516170025, "best_epoch": 9, "Final MSE": 0.0064462935552001, "Final RMSE": 0.08028881251811981, "Final MAPE": 84608.21875, "Final MAE": 0.047737639397382736, "Total Training Time": 14.56909990310669, "Average Time per Epoch": 0.7221266150474548, "_wandb": {"runtime": 14}}