{"epoch": 23, "_timestamp": 1703284403.3682022, "loss": 0.004526716191321611, "root_mean_squared_error": 0.06728087365627289, "mean_absolute_percentage_error": 13294.5107421875, "mean_absolute_error": 0.04406691715121269, "val_loss": 0.0066063292324543, "val_root_mean_squared_error": 0.08127932995557785, "val_mean_absolute_percentage_error": 63846.12109375, "val_mean_absolute_error": 0.05319005995988846, "_runtime": 21.52379322052002, "_step": 24, "best_val_loss": 0.006504917982965708, "best_epoch": 13, "Final MSE": 0.00810740515589714, "Final RMSE": 0.0900411307811737, "Final MAPE": 54479.73046875, "Final MAE": 0.055328369140625, "Total Training Time": 19.233281135559082, "Average Time per Epoch": 0.7955946226914724, "_wandb": {"runtime": 19}}