{"epoch": 29, "_timestamp": 1705601243.680818, "loss": 0.0035556070506572723, "root_mean_squared_error": 0.059628911316394806, "mean_absolute_percentage_error": 14037.4345703125, "mean_absolute_error": 0.03341621533036232, "val_loss": 0.013901758007705212, "val_root_mean_squared_error": 0.11790571361780167, "val_mean_absolute_percentage_error": 91892.546875, "val_mean_absolute_error": 0.06887412816286087, "_runtime": 96.17444109916687, "_step": 30, "best_val_loss": 0.01131530199199915, "best_epoch": 19, "Final MSE": 0.021510381251573563, "Final RMSE": 0.14666417241096497, "Final MAPE": 21610.3203125, "Final MAE": 0.07971974462270737, "Total Training Time": 93.91613173484802, "Average Time per Epoch": 3.1216627518335978, "_wandb": {"runtime": 94}}