{"epoch": 14, "_timestamp": 1703236853.9819758, "loss": 0.010884521529078484, "root_mean_squared_error": 0.10432890802621841, "mean_absolute_percentage_error": 12840.8310546875, "mean_absolute_error": 0.0730954185128212, "val_loss": 0.018841398879885674, "val_root_mean_squared_error": 0.1372639685869217, "val_mean_absolute_percentage_error": 169807.0625, "val_mean_absolute_error": 0.10362082719802856, "_runtime": 115.63364577293396, "_step": 15, "best_val_loss": 0.018060073256492615, "best_epoch": 4, "Final MSE": 0.027458926662802696, "Final RMSE": 0.16570734977722168, "Final MAPE": 386738.21875, "Final MAE": 0.121007040143013, "Total Training Time": 113.2765724658966, "Average Time per Epoch": 7.520437081654866, "_wandb": {"runtime": 113}}