{"epoch": 0, "_timestamp": 1703623953.8530455, "loss": 0.010493363253772259, "root_mean_squared_error": 0.11349079012870789, "mean_absolute_percentage_error": 45344.171875, "mean_absolute_error": 0.06870921701192856, "val_loss": 0.03636576607823372, "val_root_mean_squared_error": 0.19069810211658478, "val_mean_absolute_percentage_error": 187197.90625, "val_mean_absolute_error": 0.14691123366355896, "_runtime": 42.18366551399231, "_step": 1, "best_val_loss": 0.03636576607823372, "best_epoch": 0, "Final MSE": 0.029479525983333588, "Final RMSE": 0.1716960221529007, "Final MAPE": 320081.21875, "Final MAE": 0.13304343819618225, "Total Training Time": 40.784504890441895, "Average Time per Epoch": 38.916247606277466, "_wandb": {"runtime": 41}}