{"epoch": 0, "_timestamp": 1703656419.249642, "loss": 0.011654450558125973, "root_mean_squared_error": 0.11001469939947128, "mean_absolute_percentage_error": 23769.375, "mean_absolute_error": 0.06788284331560135, "val_loss": 0.007736912462860346, "val_root_mean_squared_error": 0.08795972168445587, "val_mean_absolute_percentage_error": 62348.7421875, "val_mean_absolute_error": 0.06451231986284256, "_runtime": 4.528934955596924, "_step": 1, "best_val_loss": 0.007736912462860346, "best_epoch": 0, "Final MSE": 0.015076318755745888, "Final RMSE": 0.12278566509485245, "Final MAPE": 130392.4375, "Final MAE": 0.07482419162988663, "Total Training Time": 2.6963465213775635, "Average Time per Epoch": 2.551299571990967, "_wandb": {"runtime": 2}}