{"epoch": 0, "_timestamp": 1703502160.5776775, "loss": 0.007930736988782883, "root_mean_squared_error": 0.09926297515630722, "mean_absolute_percentage_error": 132960.734375, "mean_absolute_error": 0.0656595453619957, "val_loss": 0.009569504298269749, "val_root_mean_squared_error": 0.0978238433599472, "val_mean_absolute_percentage_error": 42967.51953125, "val_mean_absolute_error": 0.06451220065355301, "_runtime": 7.538979530334473, "_step": 1, "best_val_loss": 0.009569504298269749, "best_epoch": 0, "Final MSE": 0.025001447647809982, "Final RMSE": 0.15811845660209656, "Final MAPE": 311994.84375, "Final MAE": 0.08862859755754471, "Total Training Time": 6.255066633224487, "Average Time per Epoch": 6.097025632858276, "_wandb": {"runtime": 6}}