{"epoch": 15, "_timestamp": 1703594975.374509, "loss": 0.007585013750940561, "root_mean_squared_error": 0.08709198981523514, "mean_absolute_percentage_error": 28645.587890625, "mean_absolute_error": 0.05245797708630562, "val_loss": 0.03722173348069191, "val_root_mean_squared_error": 0.19292934238910675, "val_mean_absolute_percentage_error": 103426.4921875, "val_mean_absolute_error": 0.166050523519516, "_runtime": 15.52978515625, "_step": 16, "best_val_loss": 0.035542234778404236, "best_epoch": 5, "Final MSE": 0.027115866541862488, "Final RMSE": 0.1646689921617508, "Final MAPE": 211975.546875, "Final MAE": 0.09073265641927719, "Total Training Time": 12.627615690231323, "Average Time per Epoch": 0.7813746929168701, "_wandb": {"runtime": 12}}