{"epoch": 0, "_timestamp": 1703656784.5578957, "loss": 0.00413520447909832, "root_mean_squared_error": 0.07234634459018707, "mean_absolute_percentage_error": 22966.701171875, "mean_absolute_error": 0.037232935428619385, "val_loss": 0.005042851436883211, "val_root_mean_squared_error": 0.07101303339004517, "val_mean_absolute_percentage_error": 34746.78515625, "val_mean_absolute_error": 0.04797016829252243, "_runtime": 4.6684277057647705, "_step": 1, "best_val_loss": 0.005042851436883211, "best_epoch": 0, "Final MSE": 0.012552064843475819, "Final RMSE": 0.11203599721193314, "Final MAPE": 62790.03125, "Final MAE": 0.06002289429306984, "Total Training Time": 2.7353920936584473, "Average Time per Epoch": 2.583369016647339, "_wandb": {"runtime": 3}}