{"epoch": 34, "_timestamp": 1703193272.0582814, "loss": 0.006275560706853867, "root_mean_squared_error": 0.07921843975782394, "mean_absolute_percentage_error": 13284.4326171875, "mean_absolute_error": 0.04625830426812172, "val_loss": 0.011334048584103584, "val_root_mean_squared_error": 0.10646148771047592, "val_mean_absolute_percentage_error": 39252.68359375, "val_mean_absolute_error": 0.05742531269788742, "_runtime": 86.8103175163269, "_step": 35, "best_val_loss": 0.01088880468159914, "best_epoch": 24, "Final MSE": 0.02033119648694992, "Final RMSE": 0.14258749783039093, "Final MAPE": 77421.03125, "Final MAE": 0.09097494930028915, "Total Training Time": 84.4438807964325, "Average Time per Epoch": 2.4063957350594656, "_wandb": {"runtime": 85}}