{"epoch": 40, "_timestamp": 1703288652.4653766, "loss": 0.016840258613228798, "root_mean_squared_error": 0.12977002561092377, "mean_absolute_percentage_error": 9160.482421875, "mean_absolute_error": 0.09062940627336502, "val_loss": 0.02422378957271576, "val_root_mean_squared_error": 0.15563993155956268, "val_mean_absolute_percentage_error": 83631.9609375, "val_mean_absolute_error": 0.10818731039762497, "_runtime": 54.89737057685852, "_step": 41, "best_val_loss": 0.02386120706796646, "best_epoch": 30, "Final MSE": 0.026874499395489693, "Final RMSE": 0.16393443942070007, "Final MAPE": 196362.890625, "Final MAE": 0.11621896177530289, "Total Training Time": 52.638511419296265, "Average Time per Epoch": 1.2791339536992514, "_wandb": {"runtime": 52}}