{"epoch": 44, "_timestamp": 1703306517.3269691, "loss": 0.0065684849396348, "root_mean_squared_error": 0.0810461938381195, "mean_absolute_percentage_error": 1837.89208984375, "mean_absolute_error": 0.055725693702697754, "val_loss": 0.009534047916531563, "val_root_mean_squared_error": 0.0976424515247345, "val_mean_absolute_percentage_error": 30024.9375, "val_mean_absolute_error": 0.06846722215414047, "_runtime": 152.7289822101593, "_step": 45, "best_val_loss": 0.008976435288786888, "best_epoch": 34, "Final MSE": 0.014307641424238682, "Final RMSE": 0.11961455643177032, "Final MAPE": 162152.1875, "Final MAE": 0.08509579300880432, "Total Training Time": 150.32431602478027, "Average Time per Epoch": 3.3336734135945636, "_wandb": {"runtime": 150}}