{"epoch": 14, "_timestamp": 1703754906.9037585, "loss": 0.012626592069864273, "root_mean_squared_error": 0.11236810684204102, "mean_absolute_percentage_error": 663366.1875, "mean_absolute_error": 0.07768166810274124, "val_loss": 0.030390456318855286, "val_root_mean_squared_error": 0.17432858049869537, "val_mean_absolute_percentage_error": 354811.59375, "val_mean_absolute_error": 0.13296663761138916, "_runtime": 38.19115662574768, "_step": 15, "best_val_loss": 0.022363130003213882, "best_epoch": 4, "Final MSE": 0.03065633401274681, "Final RMSE": 0.1750895082950592, "Final MAPE": 148162.796875, "Final MAE": 0.13767211139202118, "Total Training Time": 36.2357063293457, "Average Time per Epoch": 2.4027461051940917, "_wandb": {"runtime": 36}}