{"epoch": 13, "_timestamp": 1703800978.6765969, "loss": 0.015034188516438007, "root_mean_squared_error": 0.12261398136615753, "mean_absolute_percentage_error": 279392.46875, "mean_absolute_error": 0.07612408697605133, "val_loss": 0.00894910842180252, "val_root_mean_squared_error": 0.09459972381591797, "val_mean_absolute_percentage_error": 185784.140625, "val_mean_absolute_error": 0.054091569036245346, "_runtime": 29.638733863830566, "_step": 14, "best_val_loss": 0.008552473969757557, "best_epoch": 3, "Final MSE": 0.021634211763739586, "Final RMSE": 0.14708572626113892, "Final MAPE": 20414.697265625, "Final MAE": 0.08580703288316727, "Total Training Time": 28.010334968566895, "Average Time per Epoch": 1.9890804120472498, "_wandb": {"runtime": 28}}