{"epoch": 30, "_timestamp": 1703917167.9199908, "loss": 0.01256363932043314, "root_mean_squared_error": 0.11208764463663101, "mean_absolute_percentage_error": 72908.8203125, "mean_absolute_error": 0.06409073621034622, "val_loss": 0.015635991469025612, "val_root_mean_squared_error": 0.12504395842552185, "val_mean_absolute_percentage_error": 22041.00390625, "val_mean_absolute_error": 0.06574235111474991, "_runtime": 119.57344579696655, "_step": 31, "best_val_loss": 0.01420703437179327, "best_epoch": 20, "Final MSE": 0.02322283759713173, "Final RMSE": 0.15239040553569794, "Final MAPE": 286687.21875, "Final MAE": 0.08760416507720947, "Total Training Time": 117.13650274276733, "Average Time per Epoch": 3.768871130481843, "_wandb": {"runtime": 117}}