{"epoch": 15, "_timestamp": 1703593515.7463589, "loss": 0.012640101835131645, "root_mean_squared_error": 0.11242818832397461, "mean_absolute_percentage_error": 51513.45703125, "mean_absolute_error": 0.06602566689252853, "val_loss": 0.008339584805071354, "val_root_mean_squared_error": 0.09132133424282074, "val_mean_absolute_percentage_error": 90477.203125, "val_mean_absolute_error": 0.05977791175246239, "_runtime": 15.04724383354187, "_step": 16, "best_val_loss": 0.00817166455090046, "best_epoch": 5, "Final MSE": 0.019030917435884476, "Final RMSE": 0.13795258104801178, "Final MAPE": 187458.421875, "Final MAE": 0.09725876897573471, "Total Training Time": 12.931051015853882, "Average Time per Epoch": 0.7998761683702469, "_wandb": {"runtime": 13}}