{"epoch": 0, "_timestamp": 1703737470.228539, "loss": 0.007259763777256012, "root_mean_squared_error": 0.08917468041181564, "mean_absolute_percentage_error": 7352032.5, "mean_absolute_error": 0.050836559385061264, "val_loss": 0.01116850133985281, "val_root_mean_squared_error": 0.10568112879991531, "val_mean_absolute_percentage_error": 10835483.0, "val_mean_absolute_error": 0.06071920692920685, "_runtime": 6.876887083053589, "_step": 1, "best_val_loss": 0.01116850133985281, "best_epoch": 0, "Final MSE": 0.01156403124332428, "Final RMSE": 0.1075361892580986, "Final MAPE": 14997009.0, "Final MAE": 0.06424610316753387, "Total Training Time": 4.988815069198608, "Average Time per Epoch": 4.7795703411102295, "_wandb": {"runtime": 5}}