{"epoch": 12, "_timestamp": 1703156601.7506268, "loss": 0.005520222242921591, "root_mean_squared_error": 0.074298195540905, "mean_absolute_percentage_error": 69543.65625, "mean_absolute_error": 0.03527196869254112, "val_loss": 0.005681696347892284, "val_root_mean_squared_error": 0.07537702471017838, "val_mean_absolute_percentage_error": 86099.1484375, "val_mean_absolute_error": 0.04414236173033714, "_runtime": 22.14072585105896, "_step": 13, "best_val_loss": 0.005669983569532633, "best_epoch": 2, "Final MSE": 0.013217620551586151, "Final RMSE": 0.11496791243553162, "Final MAPE": 166646.390625, "Final MAE": 0.0694156289100647, "Total Training Time": 17.558562517166138, "Average Time per Epoch": 1.338812076128446, "_wandb": {"runtime": 17}}