{"epoch": 0, "_timestamp": 1703504955.7987463, "loss": 0.015039484016597271, "root_mean_squared_error": 0.12586259841918945, "mean_absolute_percentage_error": 24827.1484375, "mean_absolute_error": 0.0770208090543747, "val_loss": 0.009300120174884796, "val_root_mean_squared_error": 0.09643713384866714, "val_mean_absolute_percentage_error": 82504.453125, "val_mean_absolute_error": 0.06767329573631287, "_runtime": 3.7016913890838623, "_step": 1, "best_val_loss": 0.009300120174884796, "best_epoch": 0, "Final MSE": 0.022142022848129272, "Final RMSE": 0.14880196750164032, "Final MAPE": 83425.28125, "Final MAE": 0.093855120241642, "Total Training Time": 1.574842929840088, "Average Time per Epoch": 1.473832607269287, "_wandb": {"runtime": 1}}