{"epoch": 12, "_timestamp": 1703202038.9214463, "loss": 0.016501884907484055, "root_mean_squared_error": 0.12845966219902039, "mean_absolute_percentage_error": 22635.82421875, "mean_absolute_error": 0.08225315064191818, "val_loss": 0.025690099224448204, "val_root_mean_squared_error": 0.16028131544589996, "val_mean_absolute_percentage_error": 127714.6875, "val_mean_absolute_error": 0.10913047194480896, "_runtime": 99.80954432487488, "_step": 13, "best_val_loss": 0.02409990131855011, "best_epoch": 2, "Final MSE": 0.039797332137823105, "Final RMSE": 0.1994926929473877, "Final MAPE": 152881.328125, "Final MAE": 0.1466638743877411, "Total Training Time": 97.41296410560608, "Average Time per Epoch": 7.45720465366657, "_wandb": {"runtime": 97}}