{"epoch": 31, "_timestamp": 1703182357.4537094, "loss": 0.013233582489192486, "root_mean_squared_error": 0.11503730714321136, "mean_absolute_percentage_error": 25728.61328125, "mean_absolute_error": 0.07432521134614944, "val_loss": 0.015553925186395645, "val_root_mean_squared_error": 0.12471538037061691, "val_mean_absolute_percentage_error": 77228.265625, "val_mean_absolute_error": 0.07596031576395035, "_runtime": 80.56346035003662, "_step": 32, "best_val_loss": 0.01438225619494915, "best_epoch": 21, "Final MSE": 0.01908077672123909, "Final RMSE": 0.1381331831216812, "Final MAPE": 63416.9921875, "Final MAE": 0.09169340133666992, "Total Training Time": 77.80427503585815, "Average Time per Epoch": 2.424765557050705, "_wandb": {"runtime": 78}}