{"epoch": 32, "_timestamp": 1703464940.8036306, "loss": 0.006063155364245176, "root_mean_squared_error": 0.07786626368761063, "mean_absolute_percentage_error": 6614981.5, "mean_absolute_error": 0.04444192349910736, "val_loss": 0.009045582264661789, "val_root_mean_squared_error": 0.095108263194561, "val_mean_absolute_percentage_error": 9227764.0, "val_mean_absolute_error": 0.05672750249505043, "_runtime": 116.65456557273865, "_step": 33, "best_val_loss": 0.007141099311411381, "best_epoch": 22, "Final MSE": 0.008683389984071255, "Final RMSE": 0.0931847095489502, "Final MAPE": 12036386.0, "Final MAE": 0.05677188187837601, "Total Training Time": 114.27840065956116, "Average Time per Epoch": 3.4539892528996323, "_wandb": {"runtime": 114}}