{"epoch": 0, "_timestamp": 1703652028.7999086, "loss": 0.004024224821478128, "root_mean_squared_error": 0.07131624966859818, "mean_absolute_percentage_error": 26686.205078125, "mean_absolute_error": 0.03702014684677124, "val_loss": 0.004696653224527836, "val_root_mean_squared_error": 0.06853213161230087, "val_mean_absolute_percentage_error": 27081.787109375, "val_mean_absolute_error": 0.04475156590342522, "_runtime": 3.8953866958618164, "_step": 1, "best_val_loss": 0.004696653224527836, "best_epoch": 0, "Final MSE": 0.012498033232986927, "Final RMSE": 0.1117946058511734, "Final MAPE": 77344.8359375, "Final MAE": 0.0616815909743309, "Total Training Time": 1.9271602630615234, "Average Time per Epoch": 1.8181235790252686, "_wandb": {"runtime": 2}}