{"epoch": 0, "_timestamp": 1703815310.5835366, "loss": 0.015819471329450607, "root_mean_squared_error": 0.12966768443584442, "mean_absolute_percentage_error": 53514.6953125, "mean_absolute_error": 0.08535261452198029, "val_loss": 0.019868681207299232, "val_root_mean_squared_error": 0.140956312417984, "val_mean_absolute_percentage_error": 140932.375, "val_mean_absolute_error": 0.08701051026582718, "_runtime": 3.0388476848602295, "_step": 1, "best_val_loss": 0.019868681207299232, "best_epoch": 0, "Final MSE": 0.023875931277871132, "Final RMSE": 0.15451838076114655, "Final MAPE": 380504.03125, "Final MAE": 0.10427655279636383, "Total Training Time": 1.840097188949585, "Average Time per Epoch": 1.7292711734771729, "_wandb": {"runtime": 2}}