{"epoch": 36, "_timestamp": 1703546662.6630254, "loss": 0.005627863574773073, "root_mean_squared_error": 0.07501909136772156, "mean_absolute_percentage_error": 122615.9453125, "mean_absolute_error": 0.04226076975464821, "val_loss": 0.005362384952604771, "val_root_mean_squared_error": 0.07322830706834793, "val_mean_absolute_percentage_error": 24949.169921875, "val_mean_absolute_error": 0.044746074825525284, "_runtime": 75.01121926307678, "_step": 37, "best_val_loss": 0.0051488871686160564, "best_epoch": 26, "Final MSE": 0.009449117816984653, "Final RMSE": 0.09720657020807266, "Final MAPE": 278859.4375, "Final MAE": 0.06265060603618622, "Total Training Time": 72.53513813018799, "Average Time per Epoch": 1.954889761435019, "_wandb": {"runtime": 73}}