{"epoch": 19, "_timestamp": 1703520308.4860055, "loss": 0.00863420870155096, "root_mean_squared_error": 0.0929204449057579, "mean_absolute_percentage_error": 78448.25, "mean_absolute_error": 0.04554729908704758, "val_loss": 0.007286738138645887, "val_root_mean_squared_error": 0.08536238968372345, "val_mean_absolute_percentage_error": 95361.6875, "val_mean_absolute_error": 0.04806573688983917, "_runtime": 121.09204745292664, "_step": 20, "best_val_loss": 0.007235202472656965, "best_epoch": 9, "Final MSE": 0.024098949506878853, "Final RMSE": 0.15523836016654968, "Final MAPE": 400956.84375, "Final MAE": 0.10286145657300949, "Total Training Time": 118.6234712600708, "Average Time per Epoch": 5.911132395267487, "_wandb": {"runtime": 119}}