{"epoch": 11, "_timestamp": 1703763794.243051, "loss": 0.021273421123623848, "root_mean_squared_error": 0.14585411548614502, "mean_absolute_percentage_error": 18424.552734375, "mean_absolute_error": 0.10730469971895218, "val_loss": 0.022853467613458633, "val_root_mean_squared_error": 0.15117362141609192, "val_mean_absolute_percentage_error": 69102.6875, "val_mean_absolute_error": 0.103687584400177, "_runtime": 10.586348056793213, "_step": 12, "best_val_loss": 0.022572938352823257, "best_epoch": 1, "Final MSE": 0.027188178151845932, "Final RMSE": 0.164888396859169, "Final MAPE": 140693.171875, "Final MAE": 0.11727245151996613, "Total Training Time": 9.179186820983887, "Average Time per Epoch": 0.7529763182004293, "_wandb": {"runtime": 9}}