{"epoch": 50, "_timestamp": 1703460615.6209972, "loss": 0.007120401132851839, "root_mean_squared_error": 0.08438246697187424, "mean_absolute_percentage_error": 7046256.0, "mean_absolute_error": 0.04872195050120354, "val_loss": 0.013471315614879131, "val_root_mean_squared_error": 0.11606599390506744, "val_mean_absolute_percentage_error": 15159938.0, "val_mean_absolute_error": 0.06986480206251144, "_runtime": 152.21506810188293, "_step": 51, "best_val_loss": 0.011853824369609356, "best_epoch": 40, "Final MSE": 0.01522664725780487, "Final RMSE": 0.12339629977941513, "Final MAPE": 15249974.0, "Final MAE": 0.06491319090127945, "Total Training Time": 149.86582851409912, "Average Time per Epoch": 2.932603546217376, "_wandb": {"runtime": 150}}