{"epoch": 0, "_timestamp": 1703803977.1701312, "loss": 0.004091040231287479, "root_mean_squared_error": 0.07600715756416321, "mean_absolute_percentage_error": 55551.1796875, "mean_absolute_error": 0.042311910539865494, "val_loss": 0.011640702374279499, "val_root_mean_squared_error": 0.10789208859205246, "val_mean_absolute_percentage_error": 73229.046875, "val_mean_absolute_error": 0.06254667788743973, "_runtime": 12.103644132614136, "_step": 1, "best_val_loss": 0.011640702374279499, "best_epoch": 0, "Final MSE": 0.018168726935982704, "Final RMSE": 0.13479141891002655, "Final MAPE": 25258.47265625, "Final MAE": 0.06959371268749237, "Total Training Time": 4.447190999984741, "Average Time per Epoch": 4.3102734088897705, "_wandb": {"runtime": 4}}