{"epoch": 0, "_timestamp": 1703819768.1246734, "loss": 0.011765728704631329, "root_mean_squared_error": 0.114110067486763, "mean_absolute_percentage_error": 206372.6875, "mean_absolute_error": 0.07885286957025528, "val_loss": 0.015940887853503227, "val_root_mean_squared_error": 0.12625722587108612, "val_mean_absolute_percentage_error": 8731.9970703125, "val_mean_absolute_error": 0.08697915822267532, "_runtime": 4.453705310821533, "_step": 1, "best_val_loss": 0.015940887853503227, "best_epoch": 0, "Final MSE": 0.021470239385962486, "Final RMSE": 0.1465272605419159, "Final MAPE": 169174.375, "Final MAE": 0.0989072397351265, "Total Training Time": 2.6010403633117676, "Average Time per Epoch": 2.4619665145874023, "_wandb": {"runtime": 2}}