{"epoch": 23, "_timestamp": 1703855902.8066506, "loss": 0.01047173049300909, "root_mean_squared_error": 0.1023314818739891, "mean_absolute_percentage_error": 75664.7734375, "mean_absolute_error": 0.046631839126348495, "val_loss": 0.007891991175711155, "val_root_mean_squared_error": 0.08883687108755112, "val_mean_absolute_percentage_error": 159400.34375, "val_mean_absolute_error": 0.061702240258455276, "_runtime": 19.19207453727722, "_step": 24, "best_val_loss": 0.00727815879508853, "best_epoch": 13, "Final MSE": 0.017223989591002464, "Final RMSE": 0.13124018907546997, "Final MAPE": 429969.875, "Final MAE": 0.08397973328828812, "Total Training Time": 17.063498497009277, "Average Time per Epoch": 0.7038191258907318, "_wandb": {"runtime": 17}}