{"epoch": 16, "_timestamp": 1703908891.29098, "loss": 0.005561226047575474, "root_mean_squared_error": 0.07457362860441208, "mean_absolute_percentage_error": 27733.001953125, "mean_absolute_error": 0.04715405032038689, "val_loss": 0.010464689694344997, "val_root_mean_squared_error": 0.10229706764221191, "val_mean_absolute_percentage_error": 12338.3740234375, "val_mean_absolute_error": 0.062229134142398834, "_runtime": 49.518821001052856, "_step": 17, "best_val_loss": 0.008188937790691853, "best_epoch": 6, "Final MSE": 0.01301394123584032, "Final RMSE": 0.11407866328954697, "Final MAPE": 184310.109375, "Final MAE": 0.06886586546897888, "Total Training Time": 47.88884949684143, "Average Time per Epoch": 2.8030065929188446, "_wandb": {"runtime": 48}}