{"epoch": 17, "_timestamp": 1703338894.2532823, "loss": 0.008101406507194042, "root_mean_squared_error": 0.09000781178474426, "mean_absolute_percentage_error": 5713716.5, "mean_absolute_error": 0.05054308846592903, "val_loss": 0.01592768169939518, "val_root_mean_squared_error": 0.12620492279529572, "val_mean_absolute_percentage_error": 10931693.0, "val_mean_absolute_error": 0.07402133196592331, "_runtime": 45.72373938560486, "_step": 18, "best_val_loss": 0.01218773890286684, "best_epoch": 7, "Final MSE": 0.015359969809651375, "Final RMSE": 0.12393534183502197, "Final MAPE": 14179594.0, "Final MAE": 0.0703597217798233, "Total Training Time": 43.13960552215576, "Average Time per Epoch": 2.3864769803153143, "_wandb": {"runtime": 43}}