{"epoch": 0, "_timestamp": 1703815116.03878, "loss": 0.004961864091455936, "root_mean_squared_error": 0.08025290817022324, "mean_absolute_percentage_error": 46730.06640625, "mean_absolute_error": 0.03827810660004616, "val_loss": 0.005935737397521734, "val_root_mean_squared_error": 0.07704373449087143, "val_mean_absolute_percentage_error": 76556.3828125, "val_mean_absolute_error": 0.04071175307035446, "_runtime": 3.738306999206543, "_step": 1, "best_val_loss": 0.005935737397521734, "best_epoch": 0, "Final MSE": 0.016766758635640144, "Final RMSE": 0.12948651611804962, "Final MAPE": 60457.06640625, "Final MAE": 0.06356373429298401, "Total Training Time": 1.8370583057403564, "Average Time per Epoch": 1.7233407497406006, "_wandb": {"runtime": 2}}