{"epoch": 33, "_timestamp": 1705591673.2600715, "loss": 0.005281209480017424, "root_mean_squared_error": 0.07267192751169205, "mean_absolute_percentage_error": 6697.74609375, "mean_absolute_error": 0.03275378420948982, "val_loss": 0.00980400200933218, "val_root_mean_squared_error": 0.09901516139507294, "val_mean_absolute_percentage_error": 88830.546875, "val_mean_absolute_error": 0.06020684167742729, "_runtime": 91.43464040756226, "_step": 34, "best_val_loss": 0.009468072094023228, "best_epoch": 23, "Final MSE": 0.012111272662878036, "Final RMSE": 0.110051229596138, "Final MAPE": 161417.203125, "Final MAE": 0.06517239660024643, "Total Training Time": 89.84235334396362, "Average Time per Epoch": 2.633693309391246, "_wandb": {"runtime": 90}}