{"epoch": 49, "_timestamp": 1703449442.7445276, "loss": 0.007920417003333569, "root_mean_squared_error": 0.08899672329425812, "mean_absolute_percentage_error": 8489480.0, "mean_absolute_error": 0.051521096378564835, "val_loss": 0.009585190564393997, "val_root_mean_squared_error": 0.09790398925542831, "val_mean_absolute_percentage_error": 9729630.0, "val_mean_absolute_error": 0.058523956686258316, "_runtime": 105.42303156852722, "_step": 50, "best_val_loss": 0.008909082971513271, "best_epoch": 39, "Final MSE": 0.0097854845225811, "Final RMSE": 0.09892160445451736, "Final MAPE": 16233409.0, "Final MAE": 0.06098008528351784, "Total Training Time": 102.92231559753418, "Average Time per Epoch": 2.053660759925842, "_wandb": {"runtime": 103}}