{"epoch": 22, "_timestamp": 1702648042.894052, "loss": 0.009072905406355858, "root_mean_squared_error": 0.09525179862976074, "mean_absolute_percentage_error": 27872.0390625, "mean_absolute_error": 0.05548735707998276, "val_loss": 0.009040107019245625, "val_root_mean_squared_error": 0.09507947415113449, "val_mean_absolute_percentage_error": 28073230.0, "val_mean_absolute_error": 0.06350259482860565, "_runtime": 84.67399311065674, "_step": 23, "best_val_loss": 0.008897350169718266, "best_epoch": 12, "Final MSE": 0.013352862559258938, "Final RMSE": 0.11555458605289459, "Final MAPE": 55752.40625, "Final MAE": 0.06052815914154053, "Total Training Time": 82.49050068855286, "Average Time per Epoch": 3.5723791640737783, "_wandb": {"runtime": 82}}