{"epoch": 30, "_timestamp": 1703903711.3448822, "loss": 0.00359662645496428, "root_mean_squared_error": 0.0599718801677227, "mean_absolute_percentage_error": 8173.42431640625, "mean_absolute_error": 0.03415306657552719, "val_loss": 0.010730794630944729, "val_root_mean_squared_error": 0.10358954966068268, "val_mean_absolute_percentage_error": 124247.5, "val_mean_absolute_error": 0.05833358317613602, "_runtime": 82.46974730491638, "_step": 31, "best_val_loss": 0.010501875542104244, "best_epoch": 20, "Final MSE": 0.018353650346398354, "Final RMSE": 0.13547565042972565, "Final MAPE": 52653.0078125, "Final MAE": 0.07105159759521484, "Total Training Time": 79.98277759552002, "Average Time per Epoch": 2.5728440207819783, "_wandb": {"runtime": 80}}