{"epoch": 0, "_timestamp": 1703803373.488827, "loss": 0.02330479398369789, "root_mean_squared_error": 0.15639427304267883, "mean_absolute_percentage_error": 82336.6875, "mean_absolute_error": 0.10700555145740509, "val_loss": 0.027455242350697517, "val_root_mean_squared_error": 0.16569623351097107, "val_mean_absolute_percentage_error": 89011.09375, "val_mean_absolute_error": 0.10629667341709137, "_runtime": 9.096467018127441, "_step": 1, "best_val_loss": 0.027455242350697517, "best_epoch": 0, "Final MSE": 0.03309206664562225, "Final RMSE": 0.18191224336624146, "Final MAPE": 314938.46875, "Final MAE": 0.11814671754837036, "Total Training Time": 4.467957496643066, "Average Time per Epoch": 4.3204662799835205, "_wandb": {"runtime": 4}}