{"epoch": 19, "_timestamp": 1703921280.080908, "loss": 0.014880150556564331, "root_mean_squared_error": 0.12198422104120255, "mean_absolute_percentage_error": 308718.4375, "mean_absolute_error": 0.07491855323314667, "val_loss": 0.009580153040587902, "val_root_mean_squared_error": 0.09787825495004654, "val_mean_absolute_percentage_error": 364645.84375, "val_mean_absolute_error": 0.06740950047969818, "_runtime": 78.2447030544281, "_step": 20, "best_val_loss": 0.008665368892252445, "best_epoch": 9, "Final MSE": 0.02156100794672966, "Final RMSE": 0.14683666825294495, "Final MAPE": 60951.890625, "Final MAE": 0.09976682811975479, "Total Training Time": 76.83850359916687, "Average Time per Epoch": 3.8286449193954466, "_wandb": {"runtime": 77}}