{"epoch": 0, "_timestamp": 1703819847.7365205, "loss": 0.01595696061849594, "root_mean_squared_error": 0.13121235370635986, "mean_absolute_percentage_error": 62599.21484375, "mean_absolute_error": 0.08675053715705872, "val_loss": 0.020647892728447914, "val_root_mean_squared_error": 0.143693745136261, "val_mean_absolute_percentage_error": 122083.3203125, "val_mean_absolute_error": 0.09001070261001587, "_runtime": 3.7524075508117676, "_step": 1, "best_val_loss": 0.020647892728447914, "best_epoch": 0, "Final MSE": 0.02565642073750496, "Final RMSE": 0.16017621755599976, "Final MAPE": 476827.9375, "Final MAE": 0.11057941615581512, "Total Training Time": 2.570614814758301, "Average Time per Epoch": 2.439512252807617, "_wandb": {"runtime": 2}}