{"epoch": 53, "_timestamp": 1703290542.7301035, "loss": 0.004025687463581562, "root_mean_squared_error": 0.06344830244779587, "mean_absolute_percentage_error": 13123.3447265625, "mean_absolute_error": 0.032821740955114365, "val_loss": 0.004700518678873777, "val_root_mean_squared_error": 0.06856033205986023, "val_mean_absolute_percentage_error": 78414.6640625, "val_mean_absolute_error": 0.03965820372104645, "_runtime": 74.73429560661316, "_step": 54, "best_val_loss": 0.0044868625700473785, "best_epoch": 43, "Final MSE": 0.010821765288710594, "Final RMSE": 0.10402771085500717, "Final MAPE": 240388.921875, "Final MAE": 0.058761946856975555, "Total Training Time": 72.40258812904358, "Average Time per Epoch": 1.336932694470441, "_wandb": {"runtime": 72}}