{"epoch": 36, "_timestamp": 1703205289.7525942, "loss": 0.008701241575181484, "root_mean_squared_error": 0.09328044950962067, "mean_absolute_percentage_error": 6647.46826171875, "mean_absolute_error": 0.06094662845134735, "val_loss": 0.022278310731053352, "val_root_mean_squared_error": 0.14925920963287354, "val_mean_absolute_percentage_error": 88087.5625, "val_mean_absolute_error": 0.10515404492616653, "_runtime": 410.13565611839294, "_step": 37, "best_val_loss": 0.02196977473795414, "best_epoch": 26, "Final MSE": 0.026556992903351784, "Final RMSE": 0.1629631668329239, "Final MAPE": 222358.65625, "Final MAE": 0.12182104587554932, "Total Training Time": 407.69233989715576, "Average Time per Epoch": 10.99980844033731, "_wandb": {"runtime": 408}}