{"epoch": 19, "_timestamp": 1705615706.840041, "loss": 0.003808799898251891, "root_mean_squared_error": 0.06171547621488571, "mean_absolute_percentage_error": 54112.140625, "mean_absolute_error": 0.031297389417886734, "val_loss": 0.01171656884253025, "val_root_mean_squared_error": 0.10824310034513474, "val_mean_absolute_percentage_error": 126897.1484375, "val_mean_absolute_error": 0.06419850140810013, "_runtime": 17.86433482170105, "_step": 20, "best_val_loss": 0.008885488845407963, "best_epoch": 9, "Final MSE": 0.02642959915101528, "Final RMSE": 0.16257183253765106, "Final MAPE": 130615.0859375, "Final MAE": 0.10226213932037354, "Total Training Time": 15.546323537826538, "Average Time per Epoch": 0.770747184753418, "_wandb": {"runtime": 15}}