{"epoch": 1, "_timestamp": 1702912389.5303693, "loss": 0.0072473580949008465, "root_mean_squared_error": 0.08513141423463821, "mean_absolute_percentage_error": 90239.328125, "mean_absolute_error": 0.04876498878002167, "val_loss": 0.014850142411887646, "val_root_mean_squared_error": 0.12186115980148315, "val_mean_absolute_percentage_error": 10893.69140625, "val_mean_absolute_error": 0.08917699754238129, "_runtime": 20.32282829284668, "_step": 2, "best_val_loss": 0.005983450915664434, "best_epoch": 0, "Final MSE": 0.017186272889375687, "Final RMSE": 0.13109642267227173, "Final MAPE": 49919.07421875, "Final MAE": 0.09339820593595505, "Total Training Time": 18.28766369819641, "Average Time per Epoch": 8.952608823776245, "_wandb": {"runtime": 18}}