{"epoch": 0, "_timestamp": 1703677285.1804993, "loss": 0.07033102959394455, "root_mean_squared_error": 0.2622821629047394, "mean_absolute_percentage_error": 87174008.0, "mean_absolute_error": 0.2097914069890976, "val_loss": 0.07175417989492416, "val_root_mean_squared_error": 0.26786965131759644, "val_mean_absolute_percentage_error": 94029728.0, "val_mean_absolute_error": 0.21179154515266418, "_runtime": 3.5036652088165283, "_step": 1, "best_val_loss": 0.07175417989492416, "best_epoch": 0, "Final MSE": 0.05782159045338631, "Final RMSE": 0.24046115577220917, "Final MAPE": 101873224.0, "Final MAE": 0.19252069294452667, "Total Training Time": 1.5394036769866943, "Average Time per Epoch": 1.4470884799957275, "_wandb": {"runtime": 1}}