{"epoch": 17, "_timestamp": 1703890250.9521937, "loss": 0.015516890212893486, "root_mean_squared_error": 0.12456680834293365, "mean_absolute_percentage_error": 8108.5478515625, "mean_absolute_error": 0.08057427406311035, "val_loss": 0.022425321862101555, "val_root_mean_squared_error": 0.14975085854530334, "val_mean_absolute_percentage_error": 201861.9375, "val_mean_absolute_error": 0.1080329492688179, "_runtime": 15.387524843215942, "_step": 18, "best_val_loss": 0.01995459385216236, "best_epoch": 7, "Final MSE": 0.027572026476264, "Final RMSE": 0.16604825854301453, "Final MAPE": 493258.9375, "Final MAE": 0.12510687112808228, "Total Training Time": 14.133629083633423, "Average Time per Epoch": 0.7781499491797553, "_wandb": {"runtime": 14}}