{"epoch": 24, "_timestamp": 1703467649.026338, "loss": 0.0072166332975029945, "root_mean_squared_error": 0.0849507674574852, "mean_absolute_percentage_error": 7188653.5, "mean_absolute_error": 0.047769032418727875, "val_loss": 0.007412112317979336, "val_root_mean_squared_error": 0.08609362691640854, "val_mean_absolute_percentage_error": 11424338.0, "val_mean_absolute_error": 0.05005660653114319, "_runtime": 81.14897513389587, "_step": 25, "best_val_loss": 0.006518017966300249, "best_epoch": 14, "Final MSE": 0.008315390907227993, "Final RMSE": 0.09118876606225967, "Final MAPE": 15456890.0, "Final MAE": 0.05208630487322807, "Total Training Time": 78.85241913795471, "Average Time per Epoch": 3.143601665496826, "_wandb": {"runtime": 79}}