{"epoch": 0, "_timestamp": 1703677883.398779, "loss": 0.06701549142599106, "root_mean_squared_error": 0.2607804834842682, "mean_absolute_percentage_error": 84896192.0, "mean_absolute_error": 0.21029090881347656, "val_loss": 0.0698111280798912, "val_root_mean_squared_error": 0.26421797275543213, "val_mean_absolute_percentage_error": 87012464.0, "val_mean_absolute_error": 0.21353067457675934, "_runtime": 2.686352014541626, "_step": 1, "best_val_loss": 0.0698111280798912, "best_epoch": 0, "Final MSE": 0.07490959018468857, "Final RMSE": 0.2736961841583252, "Final MAPE": 99120088.0, "Final MAE": 0.21417008340358734, "Total Training Time": 1.594151258468628, "Average Time per Epoch": 1.5004057884216309, "_wandb": {"runtime": 1}}