{"epoch": 63, "_timestamp": 1703332311.7743618, "loss": 0.0070769344456493855, "root_mean_squared_error": 0.08412452042102814, "mean_absolute_percentage_error": 4570466.0, "mean_absolute_error": 0.045104917138814926, "val_loss": 0.012311391532421112, "val_root_mean_squared_error": 0.11095671355724335, "val_mean_absolute_percentage_error": 4010348.75, "val_mean_absolute_error": 0.06137606129050255, "_runtime": 146.90169596672058, "_step": 64, "best_val_loss": 0.010649829171597958, "best_epoch": 53, "Final MSE": 0.010962397791445255, "Final RMSE": 0.104701466858387, "Final MAPE": 9000433.0, "Final MAE": 0.06014455482363701, "Total Training Time": 144.23265933990479, "Average Time per Epoch": 2.2498078234493732, "_wandb": {"runtime": 145}}