{"epoch": 1, "_timestamp": 1702911667.9936376, "loss": 0.005130321253091097, "root_mean_squared_error": 0.07162626087665558, "mean_absolute_percentage_error": 16943.55859375, "mean_absolute_error": 0.031661633402109146, "val_loss": 0.0027424825821071863, "val_root_mean_squared_error": 0.05236871913075447, "val_mean_absolute_percentage_error": 10346.953125, "val_mean_absolute_error": 0.03770118206739426, "_runtime": 21.137068510055542, "_step": 2, "best_val_loss": 0.0022502478677779436, "best_epoch": 0, "Final MSE": 0.014477293007075787, "Final RMSE": 0.12032162398099899, "Final MAPE": 69878.015625, "Final MAE": 0.06374040991067886, "Total Training Time": 18.436638116836548, "Average Time per Epoch": 9.026703476905823, "_wandb": {"runtime": 19}}