{"epoch": 45, "_timestamp": 1703653092.691336, "loss": 0.006043062545359135, "root_mean_squared_error": 0.07773713767528534, "mean_absolute_percentage_error": 4994.21142578125, "mean_absolute_error": 0.04432905465364456, "val_loss": 0.007217070087790489, "val_root_mean_squared_error": 0.08495333790779114, "val_mean_absolute_percentage_error": 19541.533203125, "val_mean_absolute_error": 0.0461062416434288, "_runtime": 67.04346179962158, "_step": 46, "best_val_loss": 0.0071634044870734215, "best_epoch": 35, "Final MSE": 0.006948846857994795, "Final RMSE": 0.0833597406744957, "Final MAPE": 5322.154296875, "Final MAE": 0.054134730249643326, "Total Training Time": 64.71388339996338, "Average Time per Epoch": 1.402366861053135, "_wandb": {"runtime": 65}}