{"epoch": 18, "_timestamp": 1703252014.2002313, "loss": 0.0120476633310318, "root_mean_squared_error": 0.10976184904575348, "mean_absolute_percentage_error": 49827.484375, "mean_absolute_error": 0.0663796216249466, "val_loss": 0.008182251825928688, "val_root_mean_squared_error": 0.0904558002948761, "val_mean_absolute_percentage_error": 83903.1953125, "val_mean_absolute_error": 0.059548262506723404, "_runtime": 176.47901034355164, "_step": 19, "best_val_loss": 0.008031166158616543, "best_epoch": 8, "Final MSE": 0.01928994618356228, "Final RMSE": 0.13888825476169586, "Final MAPE": 217874.09375, "Final MAE": 0.10735861212015152, "Total Training Time": 174.23360061645508, "Average Time per Epoch": 9.140361886275443, "_wandb": {"runtime": 174}}