,User,Round,CD_mae_count,CD_ks_count,RMSE_BiLSTM,MAE_BiLSTM,MSE_BiLSTM,RMSE_CNN,MAE_CNN,MSE_CNN,RMSE_Transformer,MAE_Transformer,MSE_Transformer,RMSE_soft_dense,MAE_soft_dense,MSE_soft_dense,RMSE_soft_bilstm,MAE_soft_bilstm,MSE_soft_bilstm,RMSE_topk_dense,MAE_topk_dense,MSE_topk_dense,RMSE_topk_bilstm,MAE_topk_bilstm,MSE_topk_bilstm
0,1,1,33,103,0.09865562324731898,0.06385416170651721,0.009732931998316945,0.12051548285163596,0.09460409898771291,0.014523981606962963,0.11808653722192067,0.07773849713777377,0.013944430273064056,0.09937363841388419,0.0690942108363855,0.009875120011613399,0.1010241177701487,0.06690836664920988,0.010205872371236876,0.10378095723332087,0.07938238080620964,0.010770487084264375,0.09944602943366505,0.06996667607274928,0.009889512770121376
1,2,1,33,98,0.09986073181047239,0.06666227654896993,0.009972165757723092,0.11862901213452433,0.09188094232306095,0.014072842520013121,0.12607357198278518,0.10461476864102907,0.01589454555249852,0.0920187000502923,0.05869714986218059,0.008467441158945667,0.09115631629761803,0.06021532632470738,0.008309474000951382,0.0964322409256304,0.06566130461693921,0.009299177089938826,0.12708423406422154,0.09980626049678736,0.016150402547689843
2,1,2,27,103,0.10607206537021611,0.07143362311524319,0.0112512830519034,0.1188767195326319,0.09076636809230018,0.014131674446840027,0.12369961295778731,0.07975238621896773,0.01530159424590638,0.10210599146164252,0.07422466886332026,0.010425633492365015,0.10149562481159424,0.06592965814861107,0.010301361855895905,0.10280387685208679,0.07514094260819479,0.010568637095819027,0.10284226288780665,0.07766842264579536,0.010576531035884733
3,2,2,33,103,0.09475926331977215,0.06245972027253163,0.008979317984905914,0.12002312635106782,0.09452585847657052,0.01440555085908439,0.12857914237926696,0.07346066973080727,0.016532595854987803,0.09168712875526341,0.06024908683135725,0.008406529579384252,0.0988418347084169,0.07192283039115753,0.009769708288526007,0.09084253010443544,0.059151965977426536,0.00825236527577526,0.08838324718500057,0.05353388021860022,0.007811598382964912
