{"epoch": 15, "_timestamp": 1703595115.2176929, "loss": 0.01836775243282318, "root_mean_squared_error": 0.13552771508693695, "mean_absolute_percentage_error": 34781.046875, "mean_absolute_error": 0.09734884649515152, "val_loss": 0.017455480992794037, "val_root_mean_squared_error": 0.13211920857429504, "val_mean_absolute_percentage_error": 118650.34375, "val_mean_absolute_error": 0.07816869020462036, "_runtime": 14.523071765899658, "_step": 16, "best_val_loss": 0.017336152493953705, "best_epoch": 5, "Final MSE": 0.020829377695918083, "Final RMSE": 0.14432387053966522, "Final MAPE": 241697.6875, "Final MAE": 0.0884893462061882, "Total Training Time": 12.513109683990479, "Average Time per Epoch": 0.774277850985527, "_wandb": {"runtime": 12}}