{"epoch": 16, "_timestamp": 1703301755.9134786, "loss": 0.004578440450131893, "root_mean_squared_error": 0.06766417622566223, "mean_absolute_percentage_error": 15235.9111328125, "mean_absolute_error": 0.04391397535800934, "val_loss": 0.007794395089149475, "val_root_mean_squared_error": 0.08828587085008621, "val_mean_absolute_percentage_error": 86912.515625, "val_mean_absolute_error": 0.0670008584856987, "_runtime": 49.819217681884766, "_step": 17, "best_val_loss": 0.006600219756364822, "best_epoch": 6, "Final MSE": 0.00825648382306099, "Final RMSE": 0.09086519479751587, "Final MAPE": 84646.6640625, "Final MAE": 0.06255075335502625, "Total Training Time": 47.29960489273071, "Average Time per Epoch": 2.768865739597994, "_wandb": {"runtime": 47}}