{"epoch": 0, "_timestamp": 1703595726.6784396, "loss": 0.025944862514734268, "root_mean_squared_error": 0.15980668365955353, "mean_absolute_percentage_error": 56466.5625, "mean_absolute_error": 0.10401102155447006, "val_loss": 0.020432090386748314, "val_root_mean_squared_error": 0.14294086396694183, "val_mean_absolute_percentage_error": 115913.78125, "val_mean_absolute_error": 0.11477266997098923, "_runtime": 3.6088125705718994, "_step": 1, "best_val_loss": 0.020432090386748314, "best_epoch": 0, "Final MSE": 0.023685673251748085, "Final RMSE": 0.15390151739120483, "Final MAPE": 236230.921875, "Final MAE": 0.13075342774391174, "Total Training Time": 1.5824432373046875, "Average Time per Epoch": 1.4761989116668701, "_wandb": {"runtime": 1}}