{"epoch": 0, "_timestamp": 1703502578.5429022, "loss": 0.008923349902033806, "root_mean_squared_error": 0.09748532623052597, "mean_absolute_percentage_error": 8770.083984375, "mean_absolute_error": 0.06379318982362747, "val_loss": 0.015307615511119366, "val_root_mean_squared_error": 0.12372394651174545, "val_mean_absolute_percentage_error": 30286.294921875, "val_mean_absolute_error": 0.086859330534935, "_runtime": 15.643659114837646, "_step": 1, "best_val_loss": 0.015307615511119366, "best_epoch": 0, "Final MSE": 0.01355114858597517, "Final RMSE": 0.11640939861536026, "Final MAPE": 43749.8671875, "Final MAE": 0.07976552098989487, "Total Training Time": 14.328121423721313, "Average Time per Epoch": 14.142120122909546, "_wandb": {"runtime": 14}}