{"epoch": 0, "_timestamp": 1703819993.2616234, "loss": 0.00881971325725317, "root_mean_squared_error": 0.09660408645868301, "mean_absolute_percentage_error": 19751.439453125, "mean_absolute_error": 0.06433294713497162, "val_loss": 0.01407143659889698, "val_root_mean_squared_error": 0.11862308531999588, "val_mean_absolute_percentage_error": 37635.18359375, "val_mean_absolute_error": 0.08134926855564117, "_runtime": 4.4351513385772705, "_step": 1, "best_val_loss": 0.01407143659889698, "best_epoch": 0, "Final MSE": 0.012682938016951084, "Final RMSE": 0.11261855065822601, "Final MAPE": 71795.9453125, "Final MAE": 0.07881888747215271, "Total Training Time": 2.59688138961792, "Average Time per Epoch": 2.437721014022827, "_wandb": {"runtime": 2}}