{"epoch": 0, "_timestamp": 1703787090.5912466, "loss": 0.01254737377166748, "root_mean_squared_error": 0.12338397651910782, "mean_absolute_percentage_error": 40065.84765625, "mean_absolute_error": 0.08175309002399445, "val_loss": 0.019768105819821358, "val_root_mean_squared_error": 0.1405991017818451, "val_mean_absolute_percentage_error": 67005.515625, "val_mean_absolute_error": 0.10473623871803284, "_runtime": 62.848973512649536, "_step": 1, "best_val_loss": 0.019768105819821358, "best_epoch": 0, "Final MSE": 0.03365941345691681, "Final RMSE": 0.18346501886844635, "Final MAPE": 163159.75, "Final MAE": 0.13463105261325836, "Total Training Time": 38.0071017742157, "Average Time per Epoch": 36.275779485702515, "_wandb": {"runtime": 38}}