{"epoch": 0, "_timestamp": 1703592964.535069, "loss": 0.006185040809214115, "root_mean_squared_error": 0.08293993771076202, "mean_absolute_percentage_error": 41665.43359375, "mean_absolute_error": 0.0584540069103241, "val_loss": 0.009931467473506927, "val_root_mean_squared_error": 0.09965674579143524, "val_mean_absolute_percentage_error": 89392.1640625, "val_mean_absolute_error": 0.06546209752559662, "_runtime": 7.558974027633667, "_step": 1, "best_val_loss": 0.009931467473506927, "best_epoch": 0, "Final MSE": 0.011802086606621742, "Final RMSE": 0.10863740742206573, "Final MAPE": 161277.984375, "Final MAE": 0.08239539712667465, "Total Training Time": 6.350397825241089, "Average Time per Epoch": 6.192353963851929, "_wandb": {"runtime": 6}}