{"epoch": 14, "_timestamp": 1703555511.2249656, "loss": 0.006251830607652664, "root_mean_squared_error": 0.07906851917505264, "mean_absolute_percentage_error": 7088.91064453125, "mean_absolute_error": 0.044373974204063416, "val_loss": 0.01160772517323494, "val_root_mean_squared_error": 0.1077391505241394, "val_mean_absolute_percentage_error": 57689.80859375, "val_mean_absolute_error": 0.068499855697155, "_runtime": 47.176390647888184, "_step": 15, "best_val_loss": 0.011122996918857098, "best_epoch": 4, "Final MSE": 0.014493328519165516, "Final RMSE": 0.12038823962211609, "Final MAPE": 49909.82421875, "Final MAE": 0.09213817119598389, "Total Training Time": 44.80077314376831, "Average Time per Epoch": 2.9710060755411782, "_wandb": {"runtime": 45}}