{"epoch": 16, "_timestamp": 1705580060.9781907, "loss": 0.004501486197113991, "root_mean_squared_error": 0.06709311902523041, "mean_absolute_percentage_error": 41108.14453125, "mean_absolute_error": 0.03543330729007721, "val_loss": 0.015142655931413174, "val_root_mean_squared_error": 0.12305550277233124, "val_mean_absolute_percentage_error": 12389.60546875, "val_mean_absolute_error": 0.0781179815530777, "_runtime": 24.721555709838867, "_step": 17, "best_val_loss": 0.014609534293413162, "best_epoch": 6, "Final MSE": 0.017926152795553207, "Final RMSE": 0.1338885873556137, "Final MAPE": 4109.3857421875, "Final MAE": 0.09362013638019562, "Total Training Time": 22.262311697006226, "Average Time per Epoch": 1.2998527639052446, "_wandb": {"runtime": 22}}