{"epoch": 10, "_timestamp": 1703636196.6522708, "loss": 0.005952828098088503, "root_mean_squared_error": 0.07715456932783127, "mean_absolute_percentage_error": 16293.8525390625, "mean_absolute_error": 0.05413039028644562, "val_loss": 0.018506476655602455, "val_root_mean_squared_error": 0.13603851199150085, "val_mean_absolute_percentage_error": 114450.5703125, "val_mean_absolute_error": 0.09436197578907013, "_runtime": 24.831649780273438, "_step": 11, "best_val_loss": 0.01574830897152424, "best_epoch": 0, "Final MSE": 0.01609770394861698, "Final RMSE": 0.12687672674655914, "Final MAPE": 73437.0859375, "Final MAE": 0.09296071529388428, "Total Training Time": 22.340089797973633, "Average Time per Epoch": 2.0164039568467573, "_wandb": {"runtime": 22}}