{"epoch": 45, "_timestamp": 1703282252.498706, "loss": 0.005203412380069494, "root_mean_squared_error": 0.07213468104600906, "mean_absolute_percentage_error": 16674.466796875, "mean_absolute_error": 0.04930533096194267, "val_loss": 0.009126955643296242, "val_root_mean_squared_error": 0.09553509950637817, "val_mean_absolute_percentage_error": 95196.0703125, "val_mean_absolute_error": 0.06385719031095505, "_runtime": 37.46106815338135, "_step": 46, "best_val_loss": 0.007770995143800974, "best_epoch": 35, "Final MSE": 0.010341065935790539, "Final RMSE": 0.10169102996587753, "Final MAPE": 169325.96875, "Final MAE": 0.07700308412313461, "Total Training Time": 35.30456471443176, "Average Time per Epoch": 0.763990044593811, "_wandb": {"runtime": 35}}