{"epoch": 11, "_timestamp": 1703149404.6796405, "loss": 0.0063070086762309074, "root_mean_squared_error": 0.0794166773557663, "mean_absolute_percentage_error": 9571.4736328125, "mean_absolute_error": 0.03635960444808006, "val_loss": 0.014000743627548218, "val_root_mean_squared_error": 0.11832474172115326, "val_mean_absolute_percentage_error": 97556.9296875, "val_mean_absolute_error": 0.08626025170087814, "_runtime": 13.693192481994629, "_step": 12, "best_val_loss": 0.011060665361583233, "best_epoch": 1, "Final MSE": 0.017161313444375992, "Final RMSE": 0.13100118935108185, "Final MAPE": 302219.78125, "Final MAE": 0.09015964716672897, "Total Training Time": 10.220759153366089, "Average Time per Epoch": 0.8417231440544128, "_wandb": {"runtime": 10}}