{"epoch": 0, "_timestamp": 1703556834.752308, "loss": 0.007555536925792694, "root_mean_squared_error": 0.09678804874420166, "mean_absolute_percentage_error": 134834.84375, "mean_absolute_error": 0.0635501816868782, "val_loss": 0.009079605340957642, "val_root_mean_squared_error": 0.09528696537017822, "val_mean_absolute_percentage_error": 61550.3671875, "val_mean_absolute_error": 0.06807415932416916, "_runtime": 6.288590908050537, "_step": 1, "best_val_loss": 0.009079605340957642, "best_epoch": 0, "Final MSE": 0.021824637427926064, "Final RMSE": 0.14773164689540863, "Final MAPE": 443522.34375, "Final MAE": 0.09954366832971573, "Total Training Time": 4.586452007293701, "Average Time per Epoch": 4.391414403915405, "_wandb": {"runtime": 4}}