{"epoch": 14, "_timestamp": 1703853471.9790516, "loss": 0.021280281245708466, "root_mean_squared_error": 0.1458776295185089, "mean_absolute_percentage_error": 17829.685546875, "mean_absolute_error": 0.10786255449056625, "val_loss": 0.022678317502141, "val_root_mean_squared_error": 0.15059323608875275, "val_mean_absolute_percentage_error": 65328.5234375, "val_mean_absolute_error": 0.09917314350605011, "_runtime": 13.696258544921875, "_step": 15, "best_val_loss": 0.02262149751186371, "best_epoch": 4, "Final MSE": 0.027148259803652763, "Final RMSE": 0.1647672802209854, "Final MAPE": 132715.84375, "Final MAE": 0.11345342546701431, "Total Training Time": 11.50165581703186, "Average Time per Epoch": 0.7575307846069336, "_wandb": {"runtime": 11}}