{"epoch": 20, "_timestamp": 1703564131.4495819, "loss": 0.004441281780600548, "root_mean_squared_error": 0.06664294004440308, "mean_absolute_percentage_error": 2606291.5, "mean_absolute_error": 0.04052548483014107, "val_loss": 0.007853024639189243, "val_root_mean_squared_error": 0.08861729502677917, "val_mean_absolute_percentage_error": 24018.900390625, "val_mean_absolute_error": 0.05469837412238121, "_runtime": 33.898048877716064, "_step": 21, "best_val_loss": 0.007523820735514164, "best_epoch": 10, "Final MSE": 0.004431975539773703, "Final RMSE": 0.06657308340072632, "Final MAPE": 306150.40625, "Final MAE": 0.04509802907705307, "Total Training Time": 31.88450050354004, "Average Time per Epoch": 1.5099619116101946, "_wandb": {"runtime": 32}}