{"epoch": 0, "_timestamp": 1703639546.146662, "loss": 0.018244363367557526, "root_mean_squared_error": 0.13850973546504974, "mean_absolute_percentage_error": 28022.974609375, "mean_absolute_error": 0.0952095091342926, "val_loss": 0.024170028045773506, "val_root_mean_squared_error": 0.15546712279319763, "val_mean_absolute_percentage_error": 49132.04296875, "val_mean_absolute_error": 0.10932768881320953, "_runtime": 9.280704021453857, "_step": 1, "best_val_loss": 0.024170028045773506, "best_epoch": 0, "Final MSE": 0.02580350823700428, "Final RMSE": 0.16063471138477325, "Final MAPE": 150106.171875, "Final MAE": 0.11527781188488007, "Total Training Time": 4.478358745574951, "Average Time per Epoch": 4.331353187561035, "_wandb": {"runtime": 4}}