{"epoch": 17, "_timestamp": 1705638907.329793, "loss": 0.006098725367337465, "root_mean_squared_error": 0.07809433341026306, "mean_absolute_percentage_error": 119923.4296875, "mean_absolute_error": 0.04382035881280899, "val_loss": 0.00888342596590519, "val_root_mean_squared_error": 0.09425193071365356, "val_mean_absolute_percentage_error": 53942.93359375, "val_mean_absolute_error": 0.06601692736148834, "_runtime": 60.42456293106079, "_step": 18, "best_val_loss": 0.005657200235873461, "best_epoch": 7, "Final MSE": 0.012728611007332802, "Final RMSE": 0.11282114684581757, "Final MAPE": 363974.90625, "Final MAE": 0.08224481344223022, "Total Training Time": 57.982913970947266, "Average Time per Epoch": 3.207324491606818, "_wandb": {"runtime": 58}}