{"epoch": 63, "_timestamp": 1703092193.4355876, "loss": 0.008598560467362404, "root_mean_squared_error": 0.09272842109203339, "mean_absolute_percentage_error": 36198.33984375, "mean_absolute_error": 0.06091662123799324, "val_loss": 0.017275478690862656, "val_root_mean_squared_error": 0.13143621385097504, "val_mean_absolute_percentage_error": 60566.578125, "val_mean_absolute_error": 0.08640604466199875, "_runtime": 157.97810173034668, "_step": 64, "best_val_loss": 0.01619192771613598, "best_epoch": 53, "Final MSE": 0.03032013773918152, "Final RMSE": 0.1741267889738083, "Final MAPE": 78353.0078125, "Final MAE": 0.12204890698194504, "Total Training Time": 155.3449146747589, "Average Time per Epoch": 2.422982670366764, "_wandb": {"runtime": 156}}