{"epoch": 13, "_timestamp": 1703891685.2864165, "loss": 0.004149038810282946, "root_mean_squared_error": 0.06441303342580795, "mean_absolute_percentage_error": 15929.2099609375, "mean_absolute_error": 0.04091775789856911, "val_loss": 0.009908461011946201, "val_root_mean_squared_error": 0.09954125434160233, "val_mean_absolute_percentage_error": 64558.921875, "val_mean_absolute_error": 0.06682093441486359, "_runtime": 13.516263484954834, "_step": 14, "best_val_loss": 0.009319812059402466, "best_epoch": 3, "Final MSE": 0.01245541125535965, "Final RMSE": 0.11160381138324738, "Final MAPE": 153135.59375, "Final MAE": 0.0810379683971405, "Total Training Time": 11.218896389007568, "Average Time per Epoch": 0.7933483975274223, "_wandb": {"runtime": 11}}