{"epoch": 11, "_timestamp": 1703398348.128047, "loss": 0.015131497755646706, "root_mean_squared_error": 0.12301015108823776, "mean_absolute_percentage_error": 18217188.0, "mean_absolute_error": 0.07948344945907593, "val_loss": 0.14324341714382172, "val_root_mean_squared_error": 0.3784751296043396, "val_mean_absolute_percentage_error": 222074336.0, "val_mean_absolute_error": 0.3284841775894165, "_runtime": 249.21411895751953, "_step": 12, "best_val_loss": 0.06331038475036621, "best_epoch": 1, "Final MSE": 0.12734027206897736, "Final RMSE": 0.3568476736545563, "Final MAPE": 193304800.0, "Final MAE": 0.2922101616859436, "Total Training Time": 247.10447669029236, "Average Time per Epoch": 20.49699791272481, "_wandb": {"runtime": 247}}