{"epoch": 0, "_timestamp": 1703647528.8046062, "loss": 0.007135492749512196, "root_mean_squared_error": 0.08755826205015182, "mean_absolute_percentage_error": 16917.1796875, "mean_absolute_error": 0.05806176736950874, "val_loss": 0.008347735740244389, "val_root_mean_squared_error": 0.09136594086885452, "val_mean_absolute_percentage_error": 113894.1015625, "val_mean_absolute_error": 0.06902601569890976, "_runtime": 6.601077318191528, "_step": 1, "best_val_loss": 0.008347735740244389, "best_epoch": 0, "Final MSE": 0.012110074982047081, "Final RMSE": 0.11004578322172165, "Final MAPE": 79426.765625, "Final MAE": 0.0832914337515831, "Total Training Time": 4.8711254596710205, "Average Time per Epoch": 4.667102098464966, "_wandb": {"runtime": 5}}