{"epoch": 26, "_timestamp": 1703439434.211807, "loss": 0.007832215167582035, "root_mean_squared_error": 0.08849980682134628, "mean_absolute_percentage_error": 6568661.5, "mean_absolute_error": 0.04958250746130943, "val_loss": 0.006824674550443888, "val_root_mean_squared_error": 0.08261159062385559, "val_mean_absolute_percentage_error": 10583787.0, "val_mean_absolute_error": 0.04866359010338783, "_runtime": 23.130419969558716, "_step": 27, "best_val_loss": 0.006239667534828186, "best_epoch": 16, "Final MSE": 0.008293680846691132, "Final RMSE": 0.09106964617967606, "Final MAPE": 16393586.0, "Final MAE": 0.05639392510056496, "Total Training Time": 20.978425979614258, "Average Time per Epoch": 0.7718392743004693, "_wandb": {"runtime": 21}}