{"epoch": 22, "_timestamp": 1703756868.0192616, "loss": 0.006092999596148729, "root_mean_squared_error": 0.0780576691031456, "mean_absolute_percentage_error": 137573.890625, "mean_absolute_error": 0.049058739095926285, "val_loss": 0.013395029120147228, "val_root_mean_squared_error": 0.11573689430952072, "val_mean_absolute_percentage_error": 351129.46875, "val_mean_absolute_error": 0.07677479088306427, "_runtime": 55.34962558746338, "_step": 23, "best_val_loss": 0.012975368648767471, "best_epoch": 12, "Final MSE": 0.029692353680729866, "Final RMSE": 0.17231468856334686, "Final MAPE": 725519.0, "Final MAE": 0.12911784648895264, "Total Training Time": 53.67530679702759, "Average Time per Epoch": 2.3257519576860513, "_wandb": {"runtime": 54}}