{"epoch": 18, "_timestamp": 1703445855.6083236, "loss": 0.010459206998348236, "root_mean_squared_error": 0.10227026790380478, "mean_absolute_percentage_error": 9764687.0, "mean_absolute_error": 0.06034078076481819, "val_loss": 0.011318691074848175, "val_root_mean_squared_error": 0.10638933628797531, "val_mean_absolute_percentage_error": 10889660.0, "val_mean_absolute_error": 0.06193378567695618, "_runtime": 26.217958688735962, "_step": 19, "best_val_loss": 0.010636248625814915, "best_epoch": 8, "Final MSE": 0.011108084581792355, "Final RMSE": 0.10539489984512329, "Final MAPE": 14278202.0, "Final MAE": 0.06309568881988525, "Total Training Time": 23.9768488407135, "Average Time per Epoch": 1.2535634793733295, "_wandb": {"runtime": 24}}