{"epoch": 11, "_timestamp": 1703098027.0461779, "loss": 0.011873671784996986, "root_mean_squared_error": 0.10896637290716171, "mean_absolute_percentage_error": 64089.84765625, "mean_absolute_error": 0.0624864362180233, "val_loss": 0.029622109606862068, "val_root_mean_squared_error": 0.17211078107357025, "val_mean_absolute_percentage_error": 48865.37890625, "val_mean_absolute_error": 0.11739244312047958, "_runtime": 11.825648784637451, "_step": 12, "best_val_loss": 0.028221311047673225, "best_epoch": 1, "Final MSE": 0.040888845920562744, "Final RMSE": 0.20220991969108582, "Final MAPE": 100057.625, "Final MAE": 0.13439424335956573, "Total Training Time": 9.598656415939331, "Average Time per Epoch": 0.7898461023966471, "_wandb": {"runtime": 9}}