{"epoch": 14, "_timestamp": 1703157272.050693, "loss": 0.00801625195890665, "root_mean_squared_error": 0.08953352272510529, "mean_absolute_percentage_error": 112004.203125, "mean_absolute_error": 0.06126511096954346, "val_loss": 0.011512938886880875, "val_root_mean_squared_error": 0.1072983667254448, "val_mean_absolute_percentage_error": 37509.87109375, "val_mean_absolute_error": 0.0723966732621193, "_runtime": 35.80998206138611, "_step": 15, "best_val_loss": 0.009502623230218887, "best_epoch": 4, "Final MSE": 0.02323749102652073, "Final RMSE": 0.1524384766817093, "Final MAPE": 286294.21875, "Final MAE": 0.09245501458644867, "Total Training Time": 32.88416910171509, "Average Time per Epoch": 2.1801880836486816, "_wandb": {"runtime": 33}}