{"epoch": 37, "_timestamp": 1703290799.5222461, "loss": 0.005792741663753986, "root_mean_squared_error": 0.07611006498336792, "mean_absolute_percentage_error": 25506.07421875, "mean_absolute_error": 0.05296150967478752, "val_loss": 0.005888587329536676, "val_root_mean_squared_error": 0.07673712819814682, "val_mean_absolute_percentage_error": 50294.6953125, "val_mean_absolute_error": 0.05541553720831871, "_runtime": 51.76248216629028, "_step": 38, "best_val_loss": 0.005615726113319397, "best_epoch": 27, "Final MSE": 0.021337667480111122, "Final RMSE": 0.14607419073581696, "Final MAPE": 118877.4609375, "Final MAE": 0.11821694672107697, "Total Training Time": 49.52460241317749, "Average Time per Epoch": 1.2982242358358282, "_wandb": {"runtime": 49}}