{"epoch": 33, "_timestamp": 1705619502.392485, "loss": 0.0056861210614442825, "root_mean_squared_error": 0.07540637254714966, "mean_absolute_percentage_error": 109551.671875, "mean_absolute_error": 0.04270653799176216, "val_loss": 0.006831970531493425, "val_root_mean_squared_error": 0.08265573531389236, "val_mean_absolute_percentage_error": 30857.17578125, "val_mean_absolute_error": 0.055718522518873215, "_runtime": 44.571802854537964, "_step": 34, "best_val_loss": 0.005788772366940975, "best_epoch": 23, "Final MSE": 0.012704059481620789, "Final RMSE": 0.11271228641271591, "Final MAPE": 486883.09375, "Final MAE": 0.0815313383936882, "Total Training Time": 42.317784547805786, "Average Time per Epoch": 1.2392144203186035, "_wandb": {"runtime": 42}}