{"epoch": 0, "_timestamp": 1703565529.358182, "loss": 0.0056997621431946754, "root_mean_squared_error": 0.08680197596549988, "mean_absolute_percentage_error": 27249.880859375, "mean_absolute_error": 0.053403448313474655, "val_loss": 0.008310399949550629, "val_root_mean_squared_error": 0.09116139262914658, "val_mean_absolute_percentage_error": 62045.453125, "val_mean_absolute_error": 0.05238289758563042, "_runtime": 4.640110015869141, "_step": 1, "best_val_loss": 0.008310399949550629, "best_epoch": 0, "Final MSE": 0.010092192329466343, "Final RMSE": 0.10045990347862244, "Final MAPE": 180934.5625, "Final MAE": 0.0599299818277359, "Total Training Time": 2.7462079524993896, "Average Time per Epoch": 2.594122886657715, "_wandb": {"runtime": 3}}