{"epoch": 23, "_timestamp": 1703561512.1748707, "loss": 0.003656319808214903, "root_mean_squared_error": 0.06046751141548157, "mean_absolute_percentage_error": 247869.859375, "mean_absolute_error": 0.033790409564971924, "val_loss": 0.006310150492936373, "val_root_mean_squared_error": 0.07943645864725113, "val_mean_absolute_percentage_error": 35.50879669189453, "val_mean_absolute_error": 0.042283155024051666, "_runtime": 36.66737675666809, "_step": 24, "best_val_loss": 0.006160748191177845, "best_epoch": 13, "Final MSE": 0.00818825513124466, "Final RMSE": 0.0904889777302742, "Final MAPE": 306604.59375, "Final MAE": 0.06293382495641708, "Total Training Time": 34.41389441490173, "Average Time per Epoch": 1.4263285895188649, "_wandb": {"runtime": 34}}