{"epoch": 17, "_timestamp": 1703246754.7758718, "loss": 0.016685176640748978, "root_mean_squared_error": 0.12917111814022064, "mean_absolute_percentage_error": 53515.78515625, "mean_absolute_error": 0.09902633726596832, "val_loss": 0.03545358404517174, "val_root_mean_squared_error": 0.18829122185707092, "val_mean_absolute_percentage_error": 269900.71875, "val_mean_absolute_error": 0.1558983474969864, "_runtime": 133.29802584648132, "_step": 18, "best_val_loss": 0.021211644634604454, "best_epoch": 7, "Final MSE": 0.061442214995622635, "Final RMSE": 0.2478754073381424, "Final MAPE": 698186.5625, "Final MAE": 0.21646015346050262, "Total Training Time": 130.77523279190063, "Average Time per Epoch": 7.2392616801791725, "_wandb": {"runtime": 131}}