{"epoch": 0, "_timestamp": 1703814845.8529723, "loss": 0.01292358711361885, "root_mean_squared_error": 0.12505316734313965, "mean_absolute_percentage_error": 25429.32421875, "mean_absolute_error": 0.07356391102075577, "val_loss": 0.006239847280085087, "val_root_mean_squared_error": 0.07899270206689835, "val_mean_absolute_percentage_error": 118389.03125, "val_mean_absolute_error": 0.04243641719222069, "_runtime": 3.6568691730499268, "_step": 1, "best_val_loss": 0.006239847280085087, "best_epoch": 0, "Final MSE": 0.03510547801852226, "Final RMSE": 0.18736456334590912, "Final MAPE": 150910.046875, "Final MAE": 0.11104556173086166, "Total Training Time": 1.8354039192199707, "Average Time per Epoch": 1.7353076934814453, "_wandb": {"runtime": 2}}