{"epoch": 0, "_timestamp": 1703736570.6224813, "loss": 0.007776993326842785, "root_mean_squared_error": 0.08854927122592926, "mean_absolute_percentage_error": 11034780.0, "mean_absolute_error": 0.053040411323308945, "val_loss": 0.010358770377933979, "val_root_mean_squared_error": 0.101778045296669, "val_mean_absolute_percentage_error": 10766707.0, "val_mean_absolute_error": 0.058013055473566055, "_runtime": 6.473355293273926, "_step": 1, "best_val_loss": 0.010358770377933979, "best_epoch": 0, "Final MSE": 0.00884589459747076, "Final RMSE": 0.09405261278152466, "Final MAPE": 15401058.0, "Final MAE": 0.057819344103336334, "Total Training Time": 5.224289178848267, "Average Time per Epoch": 4.9933741092681885, "_wandb": {"runtime": 5}}