{"epoch": 0, "_timestamp": 1703640098.4468548, "loss": 0.017064521089196205, "root_mean_squared_error": 0.13034093379974365, "mean_absolute_percentage_error": 12770.146484375, "mean_absolute_error": 0.08290281146764755, "val_loss": 0.01424613781273365, "val_root_mean_squared_error": 0.11935718357563019, "val_mean_absolute_percentage_error": 12054.044921875, "val_mean_absolute_error": 0.08209605515003204, "_runtime": 10.908057928085327, "_step": 1, "best_val_loss": 0.01424613781273365, "best_epoch": 0, "Final MSE": 0.017559805884957314, "Final RMSE": 0.13251341879367828, "Final MAPE": 36864.17578125, "Final MAE": 0.0943688452243805, "Total Training Time": 4.491905689239502, "Average Time per Epoch": 4.345900774002075, "_wandb": {"runtime": 4}}