{"epoch": 11, "_timestamp": 1703593661.9591491, "loss": 0.025959990918636322, "root_mean_squared_error": 0.16112102568149567, "mean_absolute_percentage_error": 32845.33984375, "mean_absolute_error": 0.10159438848495483, "val_loss": 0.020607303828001022, "val_root_mean_squared_error": 0.14355245232582092, "val_mean_absolute_percentage_error": 116181.1484375, "val_mean_absolute_error": 0.1159675270318985, "_runtime": 12.079745054244995, "_step": 12, "best_val_loss": 0.0184225682169199, "best_epoch": 1, "Final MSE": 0.023882605135440826, "Final RMSE": 0.15453997254371643, "Final MAPE": 236850.515625, "Final MAE": 0.13170883059501648, "Total Training Time": 9.853149890899658, "Average Time per Epoch": 0.8107681075731913, "_wandb": {"runtime": 10}}