{"epoch": 19, "_timestamp": 1705583146.0548048, "loss": 0.00518851587548852, "root_mean_squared_error": 0.07203135639429092, "mean_absolute_percentage_error": 11008.7529296875, "mean_absolute_error": 0.04686690866947174, "val_loss": 0.01079847663640976, "val_root_mean_squared_error": 0.10391572117805481, "val_mean_absolute_percentage_error": 105826.4921875, "val_mean_absolute_error": 0.06884253770112991, "_runtime": 28.798670768737793, "_step": 20, "best_val_loss": 0.010719635523855686, "best_epoch": 9, "Final MSE": 0.008609795942902565, "Final RMSE": 0.09278898686170578, "Final MAPE": 53619.75, "Final MAE": 0.06684046238660812, "Total Training Time": 26.53111243247986, "Average Time per Epoch": 1.3172015070915222, "_wandb": {"runtime": 26}}