{"epoch": 22, "_timestamp": 1703739935.9019773, "loss": 0.008169612847268581, "root_mean_squared_error": 0.09038591384887695, "mean_absolute_percentage_error": 6391098.5, "mean_absolute_error": 0.05126141756772995, "val_loss": 0.008126898668706417, "val_root_mean_squared_error": 0.09014931321144104, "val_mean_absolute_percentage_error": 7093623.5, "val_mean_absolute_error": 0.049793727695941925, "_runtime": 21.04178524017334, "_step": 23, "best_val_loss": 0.007878358475863934, "best_epoch": 12, "Final MSE": 0.014628990553319454, "Final RMSE": 0.1209503635764122, "Final MAPE": 14276346.0, "Final MAE": 0.06812595576047897, "Total Training Time": 19.83669900894165, "Average Time per Epoch": 0.8570829059766687, "_wandb": {"runtime": 20}}