{"epoch": 35, "_timestamp": 1705587494.7359426, "loss": 0.005168102215975523, "root_mean_squared_error": 0.07188951224088669, "mean_absolute_percentage_error": 40605.3671875, "mean_absolute_error": 0.03729431703686714, "val_loss": 0.008234024047851562, "val_root_mean_squared_error": 0.09074152261018753, "val_mean_absolute_percentage_error": 17161.1796875, "val_mean_absolute_error": 0.04099893197417259, "_runtime": 94.22343850135803, "_step": 36, "best_val_loss": 0.007973720319569111, "best_epoch": 25, "Final MSE": 0.01462014764547348, "Final RMSE": 0.1209138035774231, "Final MAPE": 147298.375, "Final MAE": 0.05824919790029526, "Total Training Time": 91.7435736656189, "Average Time per Epoch": 2.5419591267903647, "_wandb": {"runtime": 92}}