{"epoch": 18, "_timestamp": 1703195484.7549796, "loss": 0.021742582321166992, "root_mean_squared_error": 0.14745363593101501, "mean_absolute_percentage_error": 28399.638671875, "mean_absolute_error": 0.08449212461709976, "val_loss": 0.02654421329498291, "val_root_mean_squared_error": 0.1629239320755005, "val_mean_absolute_percentage_error": 105272.1328125, "val_mean_absolute_error": 0.08352513611316681, "_runtime": 16.804704666137695, "_step": 19, "best_val_loss": 0.02644447423517704, "best_epoch": 8, "Final MSE": 0.028407208621501923, "Final RMSE": 0.16854436695575714, "Final MAPE": 212183.78125, "Final MAE": 0.09434133768081665, "Total Training Time": 14.668411254882812, "Average Time per Epoch": 0.7651266926213315, "_wandb": {"runtime": 14}}