{"epoch": 21, "_timestamp": 1703902123.1149929, "loss": 0.020117783918976784, "root_mean_squared_error": 0.14183717966079712, "mean_absolute_percentage_error": 191067.546875, "mean_absolute_error": 0.0891617015004158, "val_loss": 0.016628623008728027, "val_root_mean_squared_error": 0.1289520114660263, "val_mean_absolute_percentage_error": 34600.9921875, "val_mean_absolute_error": 0.08773072808980942, "_runtime": 51.39212775230408, "_step": 22, "best_val_loss": 0.016145778819918633, "best_epoch": 11, "Final MSE": 0.01945706084370613, "Final RMSE": 0.1394885629415512, "Final MAPE": 382897.75, "Final MAE": 0.0932050347328186, "Total Training Time": 49.80070686340332, "Average Time per Epoch": 2.2564028934998945, "_wandb": {"runtime": 50}}