{"epoch": 15, "_timestamp": 1703504239.1852264, "loss": 0.010441591963171959, "root_mean_squared_error": 0.10218410938978195, "mean_absolute_percentage_error": 42007.94921875, "mean_absolute_error": 0.06325290352106094, "val_loss": 0.008692676201462746, "val_root_mean_squared_error": 0.09323453903198242, "val_mean_absolute_percentage_error": 54159.9453125, "val_mean_absolute_error": 0.07378355413675308, "_runtime": 14.368166446685791, "_step": 16, "best_val_loss": 0.007638882379978895, "best_epoch": 5, "Final MSE": 0.014677135273814201, "Final RMSE": 0.12114923447370529, "Final MAPE": 767315.75, "Final MAE": 0.08798351883888245, "Total Training Time": 12.008697509765625, "Average Time per Epoch": 0.742943674325943, "_wandb": {"runtime": 12}}