{"epoch": 0, "_timestamp": 1703595435.7553349, "loss": 0.02486848644912243, "root_mean_squared_error": 0.1607455313205719, "mean_absolute_percentage_error": 58424.234375, "mean_absolute_error": 0.111347496509552, "val_loss": 0.03049902804195881, "val_root_mean_squared_error": 0.1746397167444229, "val_mean_absolute_percentage_error": 119493.4921875, "val_mean_absolute_error": 0.1126159057021141, "_runtime": 3.712394952774048, "_step": 1, "best_val_loss": 0.03049902804195881, "best_epoch": 0, "Final MSE": 0.03281448408961296, "Final RMSE": 0.18114769458770752, "Final MAPE": 243277.9375, "Final MAE": 0.12517684698104858, "Total Training Time": 1.5857605934143066, "Average Time per Epoch": 1.4807112216949463, "_wandb": {"runtime": 1}}