{"epoch": 10, "_timestamp": 1703650773.1069868, "loss": 0.0068678599782288074, "root_mean_squared_error": 0.08287255465984344, "mean_absolute_percentage_error": 7745.31640625, "mean_absolute_error": 0.0523792989552021, "val_loss": 0.019757354632019997, "val_root_mean_squared_error": 0.14056085050106049, "val_mean_absolute_percentage_error": 73991.8125, "val_mean_absolute_error": 0.08519315719604492, "_runtime": 12.36233377456665, "_step": 11, "best_val_loss": 0.01905328780412674, "best_epoch": 0, "Final MSE": 0.020969416946172714, "Final RMSE": 0.14480820298194885, "Final MAPE": 379320.53125, "Final MAE": 0.10147993266582489, "Total Training Time": 10.22267460823059, "Average Time per Epoch": 0.9181812026283958, "_wandb": {"runtime": 10}}