{"epoch": 14, "_timestamp": 1703097234.4200137, "loss": 0.006660002283751965, "root_mean_squared_error": 0.0816088393330574, "mean_absolute_percentage_error": 132783.03125, "mean_absolute_error": 0.046352289617061615, "val_loss": 0.006331987213343382, "val_root_mean_squared_error": 0.07957378774881363, "val_mean_absolute_percentage_error": 520158.0, "val_mean_absolute_error": 0.05898201838135719, "_runtime": 41.23122763633728, "_step": 15, "best_val_loss": 0.005298117641359568, "best_epoch": 4, "Final MSE": 0.023454450070858, "Final RMSE": 0.15314845740795135, "Final MAPE": 156508.234375, "Final MAE": 0.11482281237840652, "Total Training Time": 38.53585958480835, "Average Time per Epoch": 2.557011381785075, "_wandb": {"runtime": 39}}