{"epoch": 18, "_timestamp": 1703813620.518733, "loss": 0.010204199701547623, "root_mean_squared_error": 0.1010158360004425, "mean_absolute_percentage_error": 191210.5625, "mean_absolute_error": 0.05234265327453613, "val_loss": 0.008524221368134022, "val_root_mean_squared_error": 0.09232670813798904, "val_mean_absolute_percentage_error": 106.9539566040039, "val_mean_absolute_error": 0.051731761544942856, "_runtime": 18.61228895187378, "_step": 19, "best_val_loss": 0.008162068203091621, "best_epoch": 8, "Final MSE": 0.014501207508146763, "Final RMSE": 0.12042096257209778, "Final MAPE": 71060.9921875, "Final MAE": 0.07155022770166397, "Total Training Time": 16.31939387321472, "Average Time per Epoch": 0.8530643990165309, "_wandb": {"runtime": 16}}