{"epoch": 15, "_timestamp": 1703188660.726531, "loss": 0.008680655620992184, "root_mean_squared_error": 0.09317003935575485, "mean_absolute_percentage_error": 21246.697265625, "mean_absolute_error": 0.053712718188762665, "val_loss": 0.007590627297759056, "val_root_mean_squared_error": 0.08712420612573624, "val_mean_absolute_percentage_error": 37341.47265625, "val_mean_absolute_error": 0.05663147568702698, "_runtime": 43.1728880405426, "_step": 16, "best_val_loss": 0.007414818741381168, "best_epoch": 5, "Final MSE": 0.013314207084476948, "Final RMSE": 0.1153872013092041, "Final MAPE": 108975.3125, "Final MAE": 0.07932252436876297, "Total Training Time": 40.5309796333313, "Average Time per Epoch": 2.5219975262880325, "_wandb": {"runtime": 41}}