{"epoch": 0, "_timestamp": 1703745779.7415054, "loss": 0.008697464130818844, "root_mean_squared_error": 0.09452087432146072, "mean_absolute_percentage_error": 11190960.0, "mean_absolute_error": 0.05718762055039406, "val_loss": 0.011206828989088535, "val_root_mean_squared_error": 0.10586231201887131, "val_mean_absolute_percentage_error": 14027646.0, "val_mean_absolute_error": 0.06494715064764023, "_runtime": 3.9070053100585938, "_step": 1, "best_val_loss": 0.011206828989088535, "best_epoch": 0, "Final MSE": 0.012062255293130875, "Final RMSE": 0.10982830077409744, "Final MAPE": 26238922.0, "Final MAE": 0.07204540818929672, "Total Training Time": 2.6483945846557617, "Average Time per Epoch": 2.5050530433654785, "_wandb": {"runtime": 2}}