{"epoch": 26, "_timestamp": 1703284502.0331998, "loss": 0.004463508725166321, "root_mean_squared_error": 0.06680949777364731, "mean_absolute_percentage_error": 14757.291015625, "mean_absolute_error": 0.04408092051744461, "val_loss": 0.007080667186528444, "val_root_mean_squared_error": 0.08414670079946518, "val_mean_absolute_percentage_error": 53168.109375, "val_mean_absolute_error": 0.051978472620248795, "_runtime": 23.967055797576904, "_step": 27, "best_val_loss": 0.006707932334393263, "best_epoch": 16, "Final MSE": 0.00900843646377325, "Final RMSE": 0.09491278231143951, "Final MAPE": 55507.4140625, "Final MAE": 0.05779561772942543, "Total Training Time": 21.719707250595093, "Average Time per Epoch": 0.7992126146952311, "_wandb": {"runtime": 22}}