{"epoch": 0, "_timestamp": 1703648583.0944712, "loss": 0.012509793043136597, "root_mean_squared_error": 0.11446154862642288, "mean_absolute_percentage_error": 20619.92578125, "mean_absolute_error": 0.0690595805644989, "val_loss": 0.013261676765978336, "val_root_mean_squared_error": 0.11515935510396957, "val_mean_absolute_percentage_error": 32069.560546875, "val_mean_absolute_error": 0.06941885501146317, "_runtime": 6.611467123031616, "_step": 1, "best_val_loss": 0.013261676765978336, "best_epoch": 0, "Final MSE": 0.0167861245572567, "Final RMSE": 0.12956127524375916, "Final MAPE": 132922.5625, "Final MAE": 0.0827377662062645, "Total Training Time": 4.824997425079346, "Average Time per Epoch": 4.622954368591309, "_wandb": {"runtime": 5}}