{"epoch": 0, "_timestamp": 1703647620.3778777, "loss": 0.01807413250207901, "root_mean_squared_error": 0.13766181468963623, "mean_absolute_percentage_error": 31784.193359375, "mean_absolute_error": 0.09549582749605179, "val_loss": 0.023657068610191345, "val_root_mean_squared_error": 0.15380854904651642, "val_mean_absolute_percentage_error": 47950.37109375, "val_mean_absolute_error": 0.1022174060344696, "_runtime": 6.390226602554321, "_step": 1, "best_val_loss": 0.023657068610191345, "best_epoch": 0, "Final MSE": 0.025779597461223602, "Final RMSE": 0.1605602651834488, "Final MAPE": 135831.171875, "Final MAE": 0.11137732863426208, "Total Training Time": 4.66063928604126, "Average Time per Epoch": 4.467634677886963, "_wandb": {"runtime": 4}}