{"epoch": 0, "_timestamp": 1703560446.432792, "loss": 0.0042509217746555805, "root_mean_squared_error": 0.07399380952119827, "mean_absolute_percentage_error": 48505.57421875, "mean_absolute_error": 0.03710608184337616, "val_loss": 0.008394774049520493, "val_root_mean_squared_error": 0.09162300080060959, "val_mean_absolute_percentage_error": 74631.140625, "val_mean_absolute_error": 0.05072561278939247, "_runtime": 3.7964718341827393, "_step": 1, "best_val_loss": 0.008394774049520493, "best_epoch": 0, "Final MSE": 0.012943929061293602, "Final RMSE": 0.11377138644456863, "Final MAPE": 62269.40625, "Final MAE": 0.06660150736570358, "Total Training Time": 1.9180631637573242, "Average Time per Epoch": 1.8070225715637207, "_wandb": {"runtime": 2}}