{"epoch": 12, "_timestamp": 1703526907.675184, "loss": 0.009231994859874249, "root_mean_squared_error": 0.09608326852321625, "mean_absolute_percentage_error": 24593.193359375, "mean_absolute_error": 0.056588441133499146, "val_loss": 0.01810474507510662, "val_root_mean_squared_error": 0.13455387949943542, "val_mean_absolute_percentage_error": 735816.25, "val_mean_absolute_error": 0.09069552272558212, "_runtime": 132.40445804595947, "_step": 13, "best_val_loss": 0.015022940002381802, "best_epoch": 2, "Final MSE": 0.02940950356423855, "Final RMSE": 0.17149199545383453, "Final MAPE": 210254.703125, "Final MAE": 0.11778024584054947, "Total Training Time": 129.7432312965393, "Average Time per Epoch": 9.93445112155034, "_wandb": {"runtime": 130}}