{"epoch": 24, "_timestamp": 1703286975.216772, "loss": 0.008157223463058472, "root_mean_squared_error": 0.09031734615564346, "mean_absolute_percentage_error": 2955.787841796875, "mean_absolute_error": 0.05381673946976662, "val_loss": 0.013521862216293812, "val_root_mean_squared_error": 0.11628354340791702, "val_mean_absolute_percentage_error": 62054.671875, "val_mean_absolute_error": 0.07768528908491135, "_runtime": 34.970415115356445, "_step": 25, "best_val_loss": 0.012872409075498581, "best_epoch": 14, "Final MSE": 0.023244056850671768, "Final RMSE": 0.1524600237607956, "Final MAPE": 101659.953125, "Final MAE": 0.10992361605167389, "Total Training Time": 32.63114023208618, "Average Time per Epoch": 1.2982190895080565, "_wandb": {"runtime": 33}}