{"epoch": 14, "_timestamp": 1703853333.9131124, "loss": 0.02834354341030121, "root_mean_squared_error": 0.16835534572601318, "mean_absolute_percentage_error": 228536.125, "mean_absolute_error": 0.13042327761650085, "val_loss": 0.0405527800321579, "val_root_mean_squared_error": 0.20137721300125122, "val_mean_absolute_percentage_error": 93036.5390625, "val_mean_absolute_error": 0.1463119238615036, "_runtime": 13.467134475708008, "_step": 15, "best_val_loss": 0.03839435428380966, "best_epoch": 4, "Final MSE": 0.04209356755018234, "Final RMSE": 0.20516718924045563, "Final MAPE": 569405.9375, "Final MAE": 0.15820586681365967, "Total Training Time": 11.284661293029785, "Average Time per Epoch": 0.7426242669423421, "_wandb": {"runtime": 11}}