{"epoch": 60, "_timestamp": 1703331052.3886275, "loss": 0.0070585389621555805, "root_mean_squared_error": 0.08401510864496231, "mean_absolute_percentage_error": 5127535.0, "mean_absolute_error": 0.04626067355275154, "val_loss": 0.015053213573992252, "val_root_mean_squared_error": 0.12269154191017151, "val_mean_absolute_percentage_error": 4551553.5, "val_mean_absolute_error": 0.0629732683300972, "_runtime": 140.62619161605835, "_step": 61, "best_val_loss": 0.013044923543930054, "best_epoch": 50, "Final MSE": 0.017762957140803337, "Final RMSE": 0.1332777440547943, "Final MAPE": 5877524.0, "Final MAE": 0.06339047849178314, "Total Training Time": 137.98845601081848, "Average Time per Epoch": 2.2580460485864857, "_wandb": {"runtime": 138}}