{"epoch": 0, "_timestamp": 1703565537.5349581, "loss": 0.005634453613311052, "root_mean_squared_error": 0.07860557734966278, "mean_absolute_percentage_error": 48206.64453125, "mean_absolute_error": 0.0490759015083313, "val_loss": 0.008305287919938564, "val_root_mean_squared_error": 0.09113335609436035, "val_mean_absolute_percentage_error": 84029.3984375, "val_mean_absolute_error": 0.056001096963882446, "_runtime": 4.6663641929626465, "_step": 1, "best_val_loss": 0.008305287919938564, "best_epoch": 0, "Final MSE": 0.010098484344780445, "Final RMSE": 0.10049121826887131, "Final MAPE": 237455.90625, "Final MAE": 0.0630735382437706, "Total Training Time": 2.7294631004333496, "Average Time per Epoch": 2.5784318447113037, "_wandb": {"runtime": 3}}