{"epoch": 18, "_timestamp": 1705605880.2016733, "loss": 0.005267696920782328, "root_mean_squared_error": 0.07257889956235886, "mean_absolute_percentage_error": 165319.5, "mean_absolute_error": 0.04321003332734108, "val_loss": 0.010493268258869648, "val_root_mean_squared_error": 0.10243665426969528, "val_mean_absolute_percentage_error": 412368.03125, "val_mean_absolute_error": 0.060850340873003006, "_runtime": 64.03453922271729, "_step": 19, "best_val_loss": 0.010228361934423447, "best_epoch": 8, "Final MSE": 0.013962807133793831, "Final RMSE": 0.11816432327032089, "Final MAPE": 63290.4453125, "Final MAE": 0.07179539650678635, "Total Training Time": 62.67620253562927, "Average Time per Epoch": 3.2846404753233256, "_wandb": {"runtime": 63}}