{"epoch": 10, "_timestamp": 1703706087.0392094, "loss": 0.018164273351430893, "root_mean_squared_error": 0.13477489352226257, "mean_absolute_percentage_error": 15106608.0, "mean_absolute_error": 0.08478113263845444, "val_loss": 0.08969125896692276, "val_root_mean_squared_error": 0.2994849979877472, "val_mean_absolute_percentage_error": 28386946.0, "val_mean_absolute_error": 0.1771012246608734, "_runtime": 227.60675930976868, "_step": 11, "best_val_loss": 0.08424905687570572, "best_epoch": 0, "Final MSE": 0.09514302015304565, "Final RMSE": 0.30845263600349426, "Final MAPE": 56967992.0, "Final MAE": 0.18107229471206665, "Total Training Time": 226.1427481174469, "Average Time per Epoch": 20.456759322773326, "_wandb": {"runtime": 226}}