{"epoch": 0, "_timestamp": 1703746061.4507945, "loss": 0.009108692407608032, "root_mean_squared_error": 0.09629659354686737, "mean_absolute_percentage_error": 10962144.0, "mean_absolute_error": 0.05850324034690857, "val_loss": 0.010372652672231197, "val_root_mean_squared_error": 0.10184621810913086, "val_mean_absolute_percentage_error": 13331842.0, "val_mean_absolute_error": 0.06225767731666565, "_runtime": 4.527291536331177, "_step": 1, "best_val_loss": 0.010372652672231197, "best_epoch": 0, "Final MSE": 0.011847755871713161, "Final RMSE": 0.10884739458560944, "Final MAPE": 22780546.0, "Final MAE": 0.07164633274078369, "Total Training Time": 2.6540021896362305, "Average Time per Epoch": 2.505474805831909, "_wandb": {"runtime": 2}}