{"epoch": 0, "_timestamp": 1703560234.7036743, "loss": 0.005447207950055599, "root_mean_squared_error": 0.085834801197052, "mean_absolute_percentage_error": 14369.44140625, "mean_absolute_error": 0.052501995116472244, "val_loss": 0.01579233631491661, "val_root_mean_squared_error": 0.12566755712032318, "val_mean_absolute_percentage_error": 38308.08203125, "val_mean_absolute_error": 0.07757791131734848, "_runtime": 3.7406082153320312, "_step": 1, "best_val_loss": 0.01579233631491661, "best_epoch": 0, "Final MSE": 0.021141598001122475, "Final RMSE": 0.1454015076160431, "Final MAPE": 61228.92578125, "Final MAE": 0.09338865429162979, "Total Training Time": 1.9109933376312256, "Average Time per Epoch": 1.7979660034179688, "_wandb": {"runtime": 2}}