{"epoch": 19, "_timestamp": 1703088586.5420444, "loss": 0.00553981214761734, "root_mean_squared_error": 0.07442991435527802, "mean_absolute_percentage_error": 70738.1328125, "mean_absolute_error": 0.03830660507082939, "val_loss": 0.009673074819147587, "val_root_mean_squared_error": 0.09835179150104523, "val_mean_absolute_percentage_error": 18025.673828125, "val_mean_absolute_error": 0.04352482780814171, "_runtime": 53.03939628601074, "_step": 20, "best_val_loss": 0.008898637257516384, "best_epoch": 9, "Final MSE": 0.015006703324615955, "Final RMSE": 0.12250185012817383, "Final MAPE": 121641.625, "Final MAE": 0.060490939766168594, "Total Training Time": 50.35006761550903, "Average Time per Epoch": 2.5079036116600038, "_wandb": {"runtime": 51}}