{"epoch": 0, "_timestamp": 1703652106.1779766, "loss": 0.005693463142961264, "root_mean_squared_error": 0.08511118590831757, "mean_absolute_percentage_error": 25234.025390625, "mean_absolute_error": 0.053209349513053894, "val_loss": 0.008714041672647, "val_root_mean_squared_error": 0.09334903210401535, "val_mean_absolute_percentage_error": 107317.046875, "val_mean_absolute_error": 0.05804678797721863, "_runtime": 3.9296727180480957, "_step": 1, "best_val_loss": 0.008714041672647, "best_epoch": 0, "Final MSE": 0.018555089831352234, "Final RMSE": 0.13621707260608673, "Final MAPE": 122364.2578125, "Final MAE": 0.0897938534617424, "Total Training Time": 1.9032487869262695, "Average Time per Epoch": 1.7952351570129395, "_wandb": {"runtime": 2}}