{"epoch": 30, "_timestamp": 1703297993.1802502, "loss": 0.017156297340989113, "root_mean_squared_error": 0.13098205626010895, "mean_absolute_percentage_error": 14616.54296875, "mean_absolute_error": 0.09128043800592422, "val_loss": 0.024617338553071022, "val_root_mean_squared_error": 0.15689913928508759, "val_mean_absolute_percentage_error": 44988.484375, "val_mean_absolute_error": 0.10334808379411697, "_runtime": 83.3504650592804, "_step": 31, "best_val_loss": 0.024270297959446907, "best_epoch": 20, "Final MSE": 0.025523211807012558, "Final RMSE": 0.15975984930992126, "Final MAPE": 148917.140625, "Final MAE": 0.10663584619760513, "Total Training Time": 80.88312029838562, "Average Time per Epoch": 2.601383170773906, "_wandb": {"runtime": 81}}