{"epoch": 32, "_timestamp": 1705632007.3724484, "loss": 0.005237331613898277, "root_mean_squared_error": 0.07236941158771515, "mean_absolute_percentage_error": 27904.826171875, "mean_absolute_error": 0.04540550708770752, "val_loss": 0.008002345450222492, "val_root_mean_squared_error": 0.08945582807064056, "val_mean_absolute_percentage_error": 88937.765625, "val_mean_absolute_error": 0.05578687787055969, "_runtime": 81.71210551261902, "_step": 33, "best_val_loss": 0.007942656055092812, "best_epoch": 22, "Final MSE": 0.010398069396615028, "Final RMSE": 0.10197092592716217, "Final MAPE": 131030.3203125, "Final MAE": 0.06171009689569473, "Total Training Time": 79.19758367538452, "Average Time per Epoch": 2.393044139399673, "_wandb": {"runtime": 79}}