{"epoch": 15, "_timestamp": 1703855551.584021, "loss": 0.011683481745421886, "root_mean_squared_error": 0.10809016227722168, "mean_absolute_percentage_error": 21595.80859375, "mean_absolute_error": 0.08002307265996933, "val_loss": 0.023434482514858246, "val_root_mean_squared_error": 0.15308324992656708, "val_mean_absolute_percentage_error": 372343.59375, "val_mean_absolute_error": 0.11822438985109329, "_runtime": 13.982288122177124, "_step": 16, "best_val_loss": 0.023184435442090034, "best_epoch": 5, "Final MSE": 0.016202371567487717, "Final RMSE": 0.12728853523731232, "Final MAPE": 148032.546875, "Final MAE": 0.09444481134414673, "Total Training Time": 11.763051986694336, "Average Time per Epoch": 0.7270883321762085, "_wandb": {"runtime": 12}}