{"epoch": 0, "_timestamp": 1703736991.5228305, "loss": 0.008259734138846397, "root_mean_squared_error": 0.09849271923303604, "mean_absolute_percentage_error": 8184360.0, "mean_absolute_error": 0.055605530738830566, "val_loss": 0.015124802477657795, "val_root_mean_squared_error": 0.1229829341173172, "val_mean_absolute_percentage_error": 10819731.0, "val_mean_absolute_error": 0.07089448720216751, "_runtime": 6.200944423675537, "_step": 1, "best_val_loss": 0.015124802477657795, "best_epoch": 0, "Final MSE": 0.02061363495886326, "Final RMSE": 0.14357449114322662, "Final MAPE": 18530108.0, "Final MAE": 0.08229118585586548, "Total Training Time": 4.872610807418823, "Average Time per Epoch": 4.66284966468811, "_wandb": {"runtime": 5}}