{"epoch": 21, "_timestamp": 1705630413.3385837, "loss": 0.005056364461779594, "root_mean_squared_error": 0.07110811769962311, "mean_absolute_percentage_error": 10426.2705078125, "mean_absolute_error": 0.046557627618312836, "val_loss": 0.010952903889119625, "val_root_mean_squared_error": 0.10465612262487411, "val_mean_absolute_percentage_error": 93098.8359375, "val_mean_absolute_error": 0.06823478639125824, "_runtime": 58.00655961036682, "_step": 22, "best_val_loss": 0.010852395556867123, "best_epoch": 11, "Final MSE": 0.008176707662642002, "Final RMSE": 0.09042514860630035, "Final MAPE": 62822.87890625, "Final MAE": 0.0647215023636818, "Total Training Time": 55.59517240524292, "Average Time per Epoch": 2.5171518325805664, "_wandb": {"runtime": 56}}