{"epoch": 0, "_timestamp": 1702916635.4157922, "loss": 0.007207104470580816, "root_mean_squared_error": 0.08912689238786697, "mean_absolute_percentage_error": 5838.1826171875, "mean_absolute_error": 0.06194061413407326, "val_loss": 0.009389238432049751, "val_root_mean_squared_error": 0.09689808636903763, "val_mean_absolute_percentage_error": 22459.43359375, "val_mean_absolute_error": 0.06628115475177765, "_runtime": 14.248794317245483, "_step": 1, "best_val_loss": 0.009389238432049751, "best_epoch": 0, "Final MSE": 0.013470391742885113, "Final RMSE": 0.11606201529502869, "Final MAPE": 19771.3046875, "Final MAE": 0.0820561945438385, "Total Training Time": 11.14553451538086, "Average Time per Epoch": 10.767447471618652, "_wandb": {"runtime": 12}}