{"epoch": 35, "_timestamp": 1703089961.1992188, "loss": 0.004306935239583254, "root_mean_squared_error": 0.06562724709510803, "mean_absolute_percentage_error": 16673.841796875, "mean_absolute_error": 0.04158961400389671, "val_loss": 0.01082393154501915, "val_root_mean_squared_error": 0.10403812676668167, "val_mean_absolute_percentage_error": 59252.40234375, "val_mean_absolute_error": 0.07266535609960556, "_runtime": 89.69821667671204, "_step": 36, "best_val_loss": 0.010377186350524426, "best_epoch": 25, "Final MSE": 0.012870215810835361, "Final RMSE": 0.11344697326421738, "Final MAPE": 146922.15625, "Final MAE": 0.07795681804418564, "Total Training Time": 86.98813724517822, "Average Time per Epoch": 2.4105267922083535, "_wandb": {"runtime": 87}}