{"epoch": 21, "_timestamp": 1705633002.5853238, "loss": 0.005618683062493801, "root_mean_squared_error": 0.07495787739753723, "mean_absolute_percentage_error": 116557.046875, "mean_absolute_error": 0.04185836762189865, "val_loss": 0.005259262397885323, "val_root_mean_squared_error": 0.07252077013254166, "val_mean_absolute_percentage_error": 227412.1875, "val_mean_absolute_error": 0.043328914791345596, "_runtime": 59.44365572929382, "_step": 22, "best_val_loss": 0.004785547498613596, "best_epoch": 11, "Final MSE": 0.02159317210316658, "Final RMSE": 0.14694614708423615, "Final MAPE": 20484.2578125, "Final MAE": 0.09504669904708862, "Total Training Time": 56.94963049888611, "Average Time per Epoch": 2.5784379027106543, "_wandb": {"runtime": 57}}