{"epoch": 0, "_timestamp": 1703564479.146255, "loss": 0.004991231486201286, "root_mean_squared_error": 0.07408914715051651, "mean_absolute_percentage_error": 7267.359375, "mean_absolute_error": 0.041265957057476044, "val_loss": 0.00838201493024826, "val_root_mean_squared_error": 0.09155334532260895, "val_mean_absolute_percentage_error": 25000.349609375, "val_mean_absolute_error": 0.054603125900030136, "_runtime": 4.678544998168945, "_step": 1, "best_val_loss": 0.00838201493024826, "best_epoch": 0, "Final MSE": 0.009462631307542324, "Final RMSE": 0.09727605432271957, "Final MAPE": 32736.48046875, "Final MAE": 0.06360470503568649, "Total Training Time": 2.7892189025878906, "Average Time per Epoch": 2.640219211578369, "_wandb": {"runtime": 3}}