{"epoch": 30, "_timestamp": 1703841473.3730173, "loss": 0.012420231476426125, "root_mean_squared_error": 0.1114460900425911, "mean_absolute_percentage_error": 210008.296875, "mean_absolute_error": 0.07717827707529068, "val_loss": 0.017383739352226257, "val_root_mean_squared_error": 0.13184741139411926, "val_mean_absolute_percentage_error": 39700.55859375, "val_mean_absolute_error": 0.09015823900699615, "_runtime": 74.33459520339966, "_step": 31, "best_val_loss": 0.015825606882572174, "best_epoch": 20, "Final MSE": 0.020414475351572037, "Final RMSE": 0.14287923276424408, "Final MAPE": 286840.3125, "Final MAE": 0.0910261869430542, "Total Training Time": 71.75053000450134, "Average Time per Epoch": 2.30773268207427, "_wandb": {"runtime": 72}}