{"epoch": 29, "_timestamp": 1703150964.941895, "loss": 0.008081457577645779, "root_mean_squared_error": 0.08989692479372025, "mean_absolute_percentage_error": 160158.53125, "mean_absolute_error": 0.061485596001148224, "val_loss": 0.009108849801123142, "val_root_mean_squared_error": 0.09544029086828232, "val_mean_absolute_percentage_error": 43704.390625, "val_mean_absolute_error": 0.06751900911331177, "_runtime": 40.22173810005188, "_step": 30, "best_val_loss": 0.008833469823002815, "best_epoch": 19, "Final MSE": 0.023351753130555153, "Final RMSE": 0.15281280875205994, "Final MAPE": 414823.78125, "Final MAE": 0.10615012049674988, "Total Training Time": 38.00245213508606, "Average Time per Epoch": 1.260686206817627, "_wandb": {"runtime": 38}}