{"epoch": 0, "_timestamp": 1703760924.1856334, "loss": 0.009132384322583675, "root_mean_squared_error": 0.10487846285104752, "mean_absolute_percentage_error": 57135.9140625, "mean_absolute_error": 0.06829711049795151, "val_loss": 0.013893425464630127, "val_root_mean_squared_error": 0.11787037551403046, "val_mean_absolute_percentage_error": 49949.15234375, "val_mean_absolute_error": 0.08129753917455673, "_runtime": 7.343493461608887, "_step": 1, "best_val_loss": 0.013893425464630127, "best_epoch": 0, "Final MSE": 0.023334011435508728, "Final RMSE": 0.1527547389268875, "Final MAPE": 93919.3359375, "Final MAE": 0.10269032418727875, "Total Training Time": 6.118527412414551, "Average Time per Epoch": 5.960899829864502, "_wandb": {"runtime": 6}}