{"epoch": 37, "_timestamp": 1703602458.4509392, "loss": 0.006461149547249079, "root_mean_squared_error": 0.08038127422332764, "mean_absolute_percentage_error": 16871.572265625, "mean_absolute_error": 0.0527917817234993, "val_loss": 0.018553147092461586, "val_root_mean_squared_error": 0.13620993494987488, "val_mean_absolute_percentage_error": 111629.8046875, "val_mean_absolute_error": 0.08645720779895782, "_runtime": 405.7584261894226, "_step": 38, "best_val_loss": 0.016724297776818275, "best_epoch": 27, "Final MSE": 0.036558255553245544, "Final RMSE": 0.19120213389396667, "Final MAPE": 172752.640625, "Final MAE": 0.13345248997211456, "Total Training Time": 404.2166175842285, "Average Time per Epoch": 10.619361111992283, "_wandb": {"runtime": 404}}