{"epoch": 0, "_timestamp": 1703593362.699105, "loss": 0.00922034215182066, "root_mean_squared_error": 0.10454385727643967, "mean_absolute_percentage_error": 35900.27734375, "mean_absolute_error": 0.07067771255970001, "val_loss": 0.01465426292270422, "val_root_mean_squared_error": 0.12105479091405869, "val_mean_absolute_percentage_error": 79548.0546875, "val_mean_absolute_error": 0.0748642086982727, "_runtime": 8.103429079055786, "_step": 1, "best_val_loss": 0.01465426292270422, "best_epoch": 0, "Final MSE": 0.03052396886050701, "Final RMSE": 0.17471110820770264, "Final MAPE": 152503.296875, "Final MAE": 0.12599462270736694, "Total Training Time": 6.886391878128052, "Average Time per Epoch": 6.673391103744507, "_wandb": {"runtime": 7}}