{"epoch": 0, "_timestamp": 1703745998.5409265, "loss": 0.009009154513478279, "root_mean_squared_error": 0.09733471274375916, "mean_absolute_percentage_error": 10274455.0, "mean_absolute_error": 0.05758116394281387, "val_loss": 0.01273527555167675, "val_root_mean_squared_error": 0.11285068094730377, "val_mean_absolute_percentage_error": 12740730.0, "val_mean_absolute_error": 0.06721513718366623, "_runtime": 4.453023433685303, "_step": 1, "best_val_loss": 0.01273527555167675, "best_epoch": 0, "Final MSE": 0.014202598482370377, "Final RMSE": 0.11917465180158615, "Final MAPE": 22014386.0, "Final MAE": 0.07398173958063126, "Total Training Time": 2.6511893272399902, "Average Time per Epoch": 2.524038076400757, "_wandb": {"runtime": 2}}