{"epoch": 19, "_timestamp": 1703314077.6053717, "loss": 0.008749245665967464, "root_mean_squared_error": 0.09353740513324738, "mean_absolute_percentage_error": 6628.4287109375, "mean_absolute_error": 0.06451566517353058, "val_loss": 0.014206304214894772, "val_root_mean_squared_error": 0.11919020116329193, "val_mean_absolute_percentage_error": 124304.15625, "val_mean_absolute_error": 0.0862237960100174, "_runtime": 75.0506865978241, "_step": 20, "best_val_loss": 0.013773888349533081, "best_epoch": 9, "Final MSE": 0.010801896452903748, "Final RMSE": 0.10393217206001282, "Final MAPE": 165671.546875, "Final MAE": 0.0794188603758812, "Total Training Time": 72.75843906402588, "Average Time per Epoch": 3.62392110824585, "_wandb": {"runtime": 73}}