{"epoch": 35, "_timestamp": 1703439037.6444066, "loss": 0.008877260610461235, "root_mean_squared_error": 0.09421921521425247, "mean_absolute_percentage_error": 10676252.0, "mean_absolute_error": 0.05688554793596268, "val_loss": 0.01196263823658228, "val_root_mean_squared_error": 0.10937384516000748, "val_mean_absolute_percentage_error": 17104876.0, "val_mean_absolute_error": 0.06768311560153961, "_runtime": 28.825117588043213, "_step": 36, "best_val_loss": 0.009661507792770863, "best_epoch": 25, "Final MSE": 0.019205471500754356, "Final RMSE": 0.13858380913734436, "Final MAPE": 23289468.0, "Final MAE": 0.08351738005876541, "Total Training Time": 26.545169591903687, "Average Time per Epoch": 0.7332881755299039, "_wandb": {"runtime": 26}}