{"epoch": 19, "_timestamp": 1703616600.8784554, "loss": 0.01451235730201006, "root_mean_squared_error": 0.12046724557876587, "mean_absolute_percentage_error": 31575.53515625, "mean_absolute_error": 0.08267304301261902, "val_loss": 0.017804596573114395, "val_root_mean_squared_error": 0.13343386352062225, "val_mean_absolute_percentage_error": 108156.1484375, "val_mean_absolute_error": 0.08084812760353088, "_runtime": 451.2569053173065, "_step": 20, "best_val_loss": 0.016534533351659775, "best_epoch": 9, "Final MSE": 0.021179720759391785, "Final RMSE": 0.1455325484275818, "Final MAPE": 186721.109375, "Final MAE": 0.09292437881231308, "Total Training Time": 449.4386019706726, "Average Time per Epoch": 22.408769822120668, "_wandb": {"runtime": 449}}