{"epoch": 13, "_timestamp": 1703818636.6657107, "loss": 0.011575890704989433, "root_mean_squared_error": 0.10759131610393524, "mean_absolute_percentage_error": 204330.25, "mean_absolute_error": 0.07608024775981903, "val_loss": 0.01538942288607359, "val_root_mean_squared_error": 0.12405411154031754, "val_mean_absolute_percentage_error": 13666.2060546875, "val_mean_absolute_error": 0.08586625754833221, "_runtime": 21.615574598312378, "_step": 14, "best_val_loss": 0.014131003059446812, "best_epoch": 3, "Final MSE": 0.02176889218389988, "Final RMSE": 0.14754284918308258, "Final MAPE": 180662.609375, "Final MAE": 0.1012994647026062, "Total Training Time": 20.211662769317627, "Average Time per Epoch": 1.431653652872358, "_wandb": {"runtime": 20}}