{"epoch": 15, "_timestamp": 1703545237.8014436, "loss": 0.007137029431760311, "root_mean_squared_error": 0.08448094129562378, "mean_absolute_percentage_error": 37161.33203125, "mean_absolute_error": 0.05403049662709236, "val_loss": 0.00928343366831541, "val_root_mean_squared_error": 0.09635058045387268, "val_mean_absolute_percentage_error": 403.3127136230469, "val_mean_absolute_error": 0.059939976781606674, "_runtime": 35.462775468826294, "_step": 16, "best_val_loss": 0.009155422449111938, "best_epoch": 5, "Final MSE": 0.014992430806159973, "Final RMSE": 0.12244357913732529, "Final MAPE": 76346.5625, "Final MAE": 0.07960812747478485, "Total Training Time": 33.0479211807251, "Average Time per Epoch": 2.0545808523893356, "_wandb": {"runtime": 33}}