{"epoch": 0, "_timestamp": 1703786018.2958493, "loss": 0.023263532668352127, "root_mean_squared_error": 0.159013569355011, "mean_absolute_percentage_error": 103463.484375, "mean_absolute_error": 0.09164483845233917, "val_loss": 0.023349259048700333, "val_root_mean_squared_error": 0.1528046429157257, "val_mean_absolute_percentage_error": 42487.1171875, "val_mean_absolute_error": 0.08400208503007889, "_runtime": 28.304075241088867, "_step": 1, "best_val_loss": 0.023349259048700333, "best_epoch": 0, "Final MSE": 0.03818637505173683, "Final RMSE": 0.19541335105895996, "Final MAPE": 440509.28125, "Final MAE": 0.11488315463066101, "Total Training Time": 26.886046171188354, "Average Time per Epoch": 25.69482946395874, "_wandb": {"runtime": 27}}