{"epoch": 54, "_timestamp": 1703843662.350919, "loss": 0.008105440996587276, "root_mean_squared_error": 0.09003022313117981, "mean_absolute_percentage_error": 11886.4619140625, "mean_absolute_error": 0.0469435453414917, "val_loss": 0.01080415491014719, "val_root_mean_squared_error": 0.10394303500652313, "val_mean_absolute_percentage_error": 18578.328125, "val_mean_absolute_error": 0.05468640476465225, "_runtime": 126.64346098899841, "_step": 55, "best_val_loss": 0.010017318651080132, "best_epoch": 44, "Final MSE": 0.01687242090702057, "Final RMSE": 0.12989388406276703, "Final MAPE": 92799.5546875, "Final MAE": 0.07522320002317429, "Total Training Time": 123.92043590545654, "Average Time per Epoch": 2.2495077913457697, "_wandb": {"runtime": 125}}