{"epoch": 0, "_timestamp": 1703536603.4768927, "loss": 0.011526733636856079, "root_mean_squared_error": 0.10865554213523865, "mean_absolute_percentage_error": 40497.06640625, "mean_absolute_error": 0.05360767990350723, "val_loss": 0.01168026216328144, "val_root_mean_squared_error": 0.10807526111602783, "val_mean_absolute_percentage_error": 73085.578125, "val_mean_absolute_error": 0.06684043258428574, "_runtime": 30.56502079963684, "_step": 1, "best_val_loss": 0.01168026216328144, "best_epoch": 0, "Final MSE": 0.013018134981393814, "Final RMSE": 0.11409704387187958, "Final MAPE": 173609.90625, "Final MAE": 0.07064209878444672, "Total Training Time": 20.071634769439697, "Average Time per Epoch": 19.243989944458008, "_wandb": {"runtime": 20}}