{"epoch": 37, "_timestamp": 1703171396.3280325, "loss": 0.0038557352963835, "root_mean_squared_error": 0.06209456920623779, "mean_absolute_percentage_error": 45062.91796875, "mean_absolute_error": 0.032889071851968765, "val_loss": 0.014362333342432976, "val_root_mean_squared_error": 0.11984295397996902, "val_mean_absolute_percentage_error": 11562.9052734375, "val_mean_absolute_error": 0.07816486060619354, "_runtime": 129.53956055641174, "_step": 38, "best_val_loss": 0.012908672913908958, "best_epoch": 27, "Final MSE": 0.016806555911898613, "Final RMSE": 0.1296401023864746, "Final MAPE": 13866.6259765625, "Final MAE": 0.09283117949962616, "Total Training Time": 127.0835235118866, "Average Time per Epoch": 3.336573607043216, "_wandb": {"runtime": 127}}