{"epoch": 30, "_timestamp": 1703472732.663081, "loss": 0.00795424822717905, "root_mean_squared_error": 0.08918659389019012, "mean_absolute_percentage_error": 8231749.0, "mean_absolute_error": 0.05154745280742645, "val_loss": 0.013367023319005966, "val_root_mean_squared_error": 0.1156158447265625, "val_mean_absolute_percentage_error": 15603607.0, "val_mean_absolute_error": 0.07088851183652878, "_runtime": 99.87436199188232, "_step": 31, "best_val_loss": 0.01220616139471531, "best_epoch": 20, "Final MSE": 0.014136597514152527, "Final RMSE": 0.11889742314815521, "Final MAPE": 22613078.0, "Final MAE": 0.07557082921266556, "Total Training Time": 97.51503443717957, "Average Time per Epoch": 3.1369359416346394, "_wandb": {"runtime": 98}}