{"epoch": 39, "_timestamp": 1703342572.4864087, "loss": 0.008046666160225868, "root_mean_squared_error": 0.08970320969820023, "mean_absolute_percentage_error": 5295069.5, "mean_absolute_error": 0.04919074475765228, "val_loss": 0.013346320018172264, "val_root_mean_squared_error": 0.11552627384662628, "val_mean_absolute_percentage_error": 9295326.0, "val_mean_absolute_error": 0.06539152562618256, "_runtime": 105.04528975486755, "_step": 40, "best_val_loss": 0.011819690465927124, "best_epoch": 29, "Final MSE": 0.011474719271063805, "Final RMSE": 0.10712011903524399, "Final MAPE": 10337075.0, "Final MAE": 0.06080818921327591, "Total Training Time": 97.67211580276489, "Average Time per Epoch": 2.4356586277484893, "_wandb": {"runtime": 103}}