{"epoch": 0, "_timestamp": 1703803360.2964165, "loss": 0.023351270705461502, "root_mean_squared_error": 0.15678361058235168, "mean_absolute_percentage_error": 88450.75, "mean_absolute_error": 0.10692939907312393, "val_loss": 0.027284912765026093, "val_root_mean_squared_error": 0.1651814579963684, "val_mean_absolute_percentage_error": 89050.4453125, "val_mean_absolute_error": 0.10981537401676178, "_runtime": 9.018458604812622, "_step": 1, "best_val_loss": 0.027284912765026093, "best_epoch": 0, "Final MSE": 0.03275756910443306, "Final RMSE": 0.18099051713943481, "Final MAPE": 311107.875, "Final MAE": 0.12021638453006744, "Total Training Time": 4.498271942138672, "Average Time per Epoch": 4.355223655700684, "_wandb": {"runtime": 4}}