{"epoch": 41, "_timestamp": 1703546219.6014788, "loss": 0.0048354812897741795, "root_mean_squared_error": 0.06953762471675873, "mean_absolute_percentage_error": 7902.65673828125, "mean_absolute_error": 0.04459722340106964, "val_loss": 0.010404972359538078, "val_root_mean_squared_error": 0.1020047664642334, "val_mean_absolute_percentage_error": 81608.5859375, "val_mean_absolute_error": 0.0660819485783577, "_runtime": 82.95481586456299, "_step": 42, "best_val_loss": 0.010268660262227058, "best_epoch": 31, "Final MSE": 0.007761772722005844, "Final RMSE": 0.08810092508792877, "Final MAPE": 95510.6484375, "Final MAE": 0.0607234351336956, "Total Training Time": 80.53515982627869, "Average Time per Epoch": 1.912570487885248, "_wandb": {"runtime": 81}}