{"epoch": 16, "_timestamp": 1705576605.1218925, "loss": 0.003718980122357607, "root_mean_squared_error": 0.06098344177007675, "mean_absolute_percentage_error": 16881.37109375, "mean_absolute_error": 0.03405531868338585, "val_loss": 0.014340083114802837, "val_root_mean_squared_error": 0.11975008249282837, "val_mean_absolute_percentage_error": 63476.94921875, "val_mean_absolute_error": 0.07042059302330017, "_runtime": 15.620331525802612, "_step": 17, "best_val_loss": 0.01239694282412529, "best_epoch": 6, "Final MSE": 0.024329759180545807, "Final RMSE": 0.15597999095916748, "Final MAPE": 45383.02734375, "Final MAE": 0.08311334997415543, "Total Training Time": 13.330024480819702, "Average Time per Epoch": 0.7768687500673181, "_wandb": {"runtime": 13}}