{"epoch": 43, "_timestamp": 1703458668.570986, "loss": 0.008168700151145458, "root_mean_squared_error": 0.09038086235523224, "mean_absolute_percentage_error": 8825628.0, "mean_absolute_error": 0.05249393731355667, "val_loss": 0.0117924390360713, "val_root_mean_squared_error": 0.10859299451112747, "val_mean_absolute_percentage_error": 12120158.0, "val_mean_absolute_error": 0.06233878806233406, "_runtime": 122.42494106292725, "_step": 44, "best_val_loss": 0.01057707890868187, "best_epoch": 33, "Final MSE": 0.020182812586426735, "Final RMSE": 0.14206622540950775, "Final MAPE": 21427668.0, "Final MAE": 0.08770892024040222, "Total Training Time": 120.00156784057617, "Average Time per Epoch": 2.721278824589469, "_wandb": {"runtime": 120}}