{"epoch": 0, "_timestamp": 1703819271.0375612, "loss": 0.01631144993007183, "root_mean_squared_error": 0.13108353316783905, "mean_absolute_percentage_error": 299429.8125, "mean_absolute_error": 0.08307912200689316, "val_loss": 0.010610590688884258, "val_root_mean_squared_error": 0.1030077189207077, "val_mean_absolute_percentage_error": 480586.84375, "val_mean_absolute_error": 0.07658223062753677, "_runtime": 3.7732861042022705, "_step": 1, "best_val_loss": 0.010610590688884258, "best_epoch": 0, "Final MSE": 0.022137677296996117, "Final RMSE": 0.14878734946250916, "Final MAPE": 88621.484375, "Final MAE": 0.10442298650741577, "Total Training Time": 2.574249505996704, "Average Time per Epoch": 2.4272236824035645, "_wandb": {"runtime": 2}}