{"epoch": 13, "_timestamp": 1703097377.823207, "loss": 0.027565520256757736, "root_mean_squared_error": 0.16602864861488342, "mean_absolute_percentage_error": 20599.626953125, "mean_absolute_error": 0.11751614511013031, "val_loss": 0.013848107308149338, "val_root_mean_squared_error": 0.1176779717206955, "val_mean_absolute_percentage_error": 81064.3203125, "val_mean_absolute_error": 0.08598876744508743, "_runtime": 13.936566829681396, "_step": 14, "best_val_loss": 0.01276441104710102, "best_epoch": 3, "Final MSE": 0.023787010461091995, "Final RMSE": 0.15423038601875305, "Final MAPE": 166490.796875, "Final MAE": 0.10310538858175278, "Total Training Time": 11.680229187011719, "Average Time per Epoch": 0.8254438127790179, "_wandb": {"runtime": 11}}