{"epoch": 18, "_timestamp": 1703763943.0249197, "loss": 0.015447393991053104, "root_mean_squared_error": 0.12428755313158035, "mean_absolute_percentage_error": 82089.1171875, "mean_absolute_error": 0.08289243280887604, "val_loss": 0.028330950066447258, "val_root_mean_squared_error": 0.1683179885149002, "val_mean_absolute_percentage_error": 60243.609375, "val_mean_absolute_error": 0.11366783827543259, "_runtime": 15.13248085975647, "_step": 19, "best_val_loss": 0.027930697426199913, "best_epoch": 8, "Final MSE": 0.0369490422308445, "Final RMSE": 0.19222132861614227, "Final MAPE": 122059.34375, "Final MAE": 0.1381089985370636, "Total Training Time": 13.86998462677002, "Average Time per Epoch": 0.7241471817618922, "_wandb": {"runtime": 14}}