{"epoch": 22, "_timestamp": 1705591477.1291194, "loss": 0.005499910097569227, "root_mean_squared_error": 0.07416138052940369, "mean_absolute_percentage_error": 3659.56298828125, "mean_absolute_error": 0.033812545239925385, "val_loss": 0.01154455915093422, "val_root_mean_squared_error": 0.1074456125497818, "val_mean_absolute_percentage_error": 95514.9296875, "val_mean_absolute_error": 0.0729246586561203, "_runtime": 64.210693359375, "_step": 23, "best_val_loss": 0.009579312987625599, "best_epoch": 12, "Final MSE": 0.015304092317819595, "Final RMSE": 0.12370970845222473, "Final MAPE": 214527.984375, "Final MAE": 0.08143647760152817, "Total Training Time": 62.658210039138794, "Average Time per Epoch": 2.7161725396695346, "_wandb": {"runtime": 63}}