{"epoch": 15, "_timestamp": 1703739708.8860352, "loss": 0.00642671063542366, "root_mean_squared_error": 0.0801667645573616, "mean_absolute_percentage_error": 7243557.0, "mean_absolute_error": 0.04577360302209854, "val_loss": 0.008071874268352985, "val_root_mean_squared_error": 0.08984360843896866, "val_mean_absolute_percentage_error": 6899558.0, "val_mean_absolute_error": 0.04927133023738861, "_runtime": 16.858294248580933, "_step": 16, "best_val_loss": 0.0071263243444263935, "best_epoch": 5, "Final MSE": 0.008657669648528099, "Final RMSE": 0.09304659813642502, "Final MAPE": 10984600.0, "Final MAE": 0.052227798849344254, "Total Training Time": 14.286797285079956, "Average Time per Epoch": 0.8829987645149231, "_wandb": {"runtime": 14}}