{"epoch": 0, "_timestamp": 1703592221.90351, "loss": 0.01832822896540165, "root_mean_squared_error": 0.13563703000545502, "mean_absolute_percentage_error": 19922.86328125, "mean_absolute_error": 0.08839530497789383, "val_loss": 0.01592528074979782, "val_root_mean_squared_error": 0.12619540095329285, "val_mean_absolute_percentage_error": 24065.966796875, "val_mean_absolute_error": 0.09465936571359634, "_runtime": 7.631030082702637, "_step": 1, "best_val_loss": 0.01592528074979782, "best_epoch": 0, "Final MSE": 0.020507803186774254, "Final RMSE": 0.143205463886261, "Final MAPE": 50259.30078125, "Final MAE": 0.10971979051828384, "Total Training Time": 6.37843132019043, "Average Time per Epoch": 6.200402736663818, "_wandb": {"runtime": 6}}