{"epoch": 0, "_timestamp": 1703505413.9712932, "loss": 0.014240252785384655, "root_mean_squared_error": 0.1259772777557373, "mean_absolute_percentage_error": 199394.9375, "mean_absolute_error": 0.09096518158912659, "val_loss": 0.016891540959477425, "val_root_mean_squared_error": 0.12996745109558105, "val_mean_absolute_percentage_error": 72905.8125, "val_mean_absolute_error": 0.09826628118753433, "_runtime": 3.671351194381714, "_step": 1, "best_val_loss": 0.016891540959477425, "best_epoch": 0, "Final MSE": 0.027628745883703232, "Final RMSE": 0.16621895134449005, "Final MAPE": 445321.0, "Final MAE": 0.11477680504322052, "Total Training Time": 1.5787181854248047, "Average Time per Epoch": 1.477562427520752, "_wandb": {"runtime": 1}}