{"epoch": 25, "_timestamp": 1703099106.0208893, "loss": 0.013692853040993214, "root_mean_squared_error": 0.11701643466949463, "mean_absolute_percentage_error": 38121.203125, "mean_absolute_error": 0.0822303518652916, "val_loss": 0.013686169870197773, "val_root_mean_squared_error": 0.1169879287481308, "val_mean_absolute_percentage_error": 63097.6171875, "val_mean_absolute_error": 0.08917789906263351, "_runtime": 22.30623722076416, "_step": 26, "best_val_loss": 0.013384741730988026, "best_epoch": 15, "Final MSE": 0.02412441372871399, "Final RMSE": 0.15532034635543823, "Final MAPE": 128390.390625, "Final MAE": 0.11358305811882019, "Total Training Time": 19.832987070083618, "Average Time per Epoch": 0.7574142859532282, "_wandb": {"runtime": 20}}