{"epoch": 15, "_timestamp": 1703174938.8443794, "loss": 0.006800429429858923, "root_mean_squared_error": 0.08246471732854843, "mean_absolute_percentage_error": 25088.38671875, "mean_absolute_error": 0.05427446588873863, "val_loss": 0.01369566936045885, "val_root_mean_squared_error": 0.11702849715948105, "val_mean_absolute_percentage_error": 74955.890625, "val_mean_absolute_error": 0.08633428812026978, "_runtime": 54.27632451057434, "_step": 16, "best_val_loss": 0.012033568695187569, "best_epoch": 5, "Final MSE": 0.022128693759441376, "Final RMSE": 0.14875715970993042, "Final MAPE": 111382.234375, "Final MAE": 0.11282147467136383, "Total Training Time": 51.96563911437988, "Average Time per Epoch": 3.2315931916236877, "_wandb": {"runtime": 52}}