{"epoch": 32, "_timestamp": 1705615244.37491, "loss": 0.006939358543604612, "root_mean_squared_error": 0.0833028107881546, "mean_absolute_percentage_error": 15548.7392578125, "mean_absolute_error": 0.05435100197792053, "val_loss": 0.011561941355466843, "val_root_mean_squared_error": 0.10752646625041962, "val_mean_absolute_percentage_error": 58549.9453125, "val_mean_absolute_error": 0.0729239359498024, "_runtime": 27.40870714187622, "_step": 33, "best_val_loss": 0.011314865201711655, "best_epoch": 22, "Final MSE": 0.02033057250082493, "Final RMSE": 0.14258532226085663, "Final MAPE": 51016.6640625, "Final MAE": 0.10161097347736359, "Total Training Time": 25.102786540985107, "Average Time per Epoch": 0.7564170577309348, "_wandb": {"runtime": 25}}