{"epoch": 18, "_timestamp": 1703304134.9565156, "loss": 0.01265109796077013, "root_mean_squared_error": 0.11247710138559341, "mean_absolute_percentage_error": 32786.69921875, "mean_absolute_error": 0.07345124334096909, "val_loss": 0.01597721129655838, "val_root_mean_squared_error": 0.12640099227428436, "val_mean_absolute_percentage_error": 99540.1953125, "val_mean_absolute_error": 0.08787702023983002, "_runtime": 65.2977945804596, "_step": 19, "best_val_loss": 0.014561044983565807, "best_epoch": 8, "Final MSE": 0.01903119683265686, "Final RMSE": 0.13795360922813416, "Final MAPE": 148242.4375, "Final MAE": 0.09977201372385025, "Total Training Time": 62.926347494125366, "Average Time per Epoch": 3.297962364397551, "_wandb": {"runtime": 63}}