{"epoch": 47, "_timestamp": 1703208013.372916, "loss": 0.008549491874873638, "root_mean_squared_error": 0.09246346354484558, "mean_absolute_percentage_error": 16035.4228515625, "mean_absolute_error": 0.05768388509750366, "val_loss": 0.032522544264793396, "val_root_mean_squared_error": 0.18034008145332336, "val_mean_absolute_percentage_error": 36138.546875, "val_mean_absolute_error": 0.10070790350437164, "_runtime": 645.0995819568634, "_step": 48, "best_val_loss": 0.02754797600209713, "best_epoch": 37, "Final MSE": 0.040311120450496674, "Final RMSE": 0.20077629387378693, "Final MAPE": 120025.6484375, "Final MAE": 0.1444614678621292, "Total Training Time": 642.723806142807, "Average Time per Epoch": 13.372533465425173, "_wandb": {"runtime": 643}}