{"epoch": 11, "_timestamp": 1703911618.444888, "loss": 0.006479724310338497, "root_mean_squared_error": 0.08049673587083817, "mean_absolute_percentage_error": 13500.7314453125, "mean_absolute_error": 0.043169423937797546, "val_loss": 0.009480541571974754, "val_root_mean_squared_error": 0.09736806899309158, "val_mean_absolute_percentage_error": 184903.8125, "val_mean_absolute_error": 0.05656569078564644, "_runtime": 43.43650722503662, "_step": 12, "best_val_loss": 0.0091200927272439, "best_epoch": 1, "Final MSE": 0.008957772515714169, "Final RMSE": 0.09464550763368607, "Final MAPE": 188319.84375, "Final MAE": 0.05819418653845787, "Total Training Time": 40.944942474365234, "Average Time per Epoch": 3.3901405731836953, "_wandb": {"runtime": 41}}