{"epoch": 11, "_timestamp": 1703289493.8658462, "loss": 0.011718091554939747, "root_mean_squared_error": 0.10825013369321823, "mean_absolute_percentage_error": 15009.462890625, "mean_absolute_error": 0.06798123568296432, "val_loss": 0.008676494471728802, "val_root_mean_squared_error": 0.09314770251512527, "val_mean_absolute_percentage_error": 84548.390625, "val_mean_absolute_error": 0.07007140666246414, "_runtime": 18.681780099868774, "_step": 12, "best_val_loss": 0.008443336933851242, "best_epoch": 1, "Final MSE": 0.016284383833408356, "Final RMSE": 0.12761028110980988, "Final MAPE": 198184.78125, "Final MAE": 0.08245936781167984, "Total Training Time": 16.38998007774353, "Average Time per Epoch": 1.3530805706977844, "_wandb": {"runtime": 16}}