{"epoch": 18, "_timestamp": 1703591029.148388, "loss": 0.011228445917367935, "root_mean_squared_error": 0.10596436262130737, "mean_absolute_percentage_error": 11965.46484375, "mean_absolute_error": 0.06357339024543762, "val_loss": 0.016808440908789635, "val_root_mean_squared_error": 0.1296473741531372, "val_mean_absolute_percentage_error": 53477.55859375, "val_mean_absolute_error": 0.08003108948469162, "_runtime": 49.87726593017578, "_step": 19, "best_val_loss": 0.015456999652087688, "best_epoch": 8, "Final MSE": 0.027953920885920525, "Final RMSE": 0.16719426214694977, "Final MAPE": 165954.9375, "Final MAE": 0.10087139904499054, "Total Training Time": 47.739593505859375, "Average Time per Epoch": 2.5025048381403874, "_wandb": {"runtime": 48}}