{"epoch": 12, "_timestamp": 1703196039.5937288, "loss": 0.025968244299292564, "root_mean_squared_error": 0.16114665567874908, "mean_absolute_percentage_error": 29637.634765625, "mean_absolute_error": 0.1020575687289238, "val_loss": 0.019010158255696297, "val_root_mean_squared_error": 0.13787733018398285, "val_mean_absolute_percentage_error": 106656.1640625, "val_mean_absolute_error": 0.10374955832958221, "_runtime": 12.500213861465454, "_step": 13, "best_val_loss": 0.018388662487268448, "best_epoch": 2, "Final MSE": 0.021882465109229088, "Final RMSE": 0.14792725443840027, "Final MAPE": 217632.953125, "Final MAE": 0.12073399126529694, "Total Training Time": 10.334086179733276, "Average Time per Epoch": 0.785852652329665, "_wandb": {"runtime": 10}}