{"epoch": 0, "_timestamp": 1703788286.891291, "loss": 0.01144205778837204, "root_mean_squared_error": 0.10903500765562057, "mean_absolute_percentage_error": 195212.84375, "mean_absolute_error": 0.056906044483184814, "val_loss": 0.00898006372153759, "val_root_mean_squared_error": 0.09476319700479507, "val_mean_absolute_percentage_error": 129.75790405273438, "val_mean_absolute_error": 0.05786480754613876, "_runtime": 41.93077492713928, "_step": 1, "best_val_loss": 0.00898006372153759, "best_epoch": 0, "Final MSE": 0.015067225322127342, "Final RMSE": 0.12274862825870514, "Final MAPE": 95424.078125, "Final MAE": 0.07643166929483414, "Total Training Time": 40.59334325790405, "Average Time per Epoch": 38.72604823112488, "_wandb": {"runtime": 40}}