{"epoch": 0, "_timestamp": 1703814690.5078902, "loss": 0.011180372908711433, "root_mean_squared_error": 0.10872729122638702, "mean_absolute_percentage_error": 11260.822265625, "mean_absolute_error": 0.06260810047388077, "val_loss": 0.009742817841470242, "val_root_mean_squared_error": 0.0987057164311409, "val_mean_absolute_percentage_error": 21850.96484375, "val_mean_absolute_error": 0.0550837516784668, "_runtime": 3.056584119796753, "_step": 1, "best_val_loss": 0.009742817841470242, "best_epoch": 0, "Final MSE": 0.016376255080103874, "Final RMSE": 0.12796974182128906, "Final MAPE": 57255.87109375, "Final MAE": 0.08201294392347336, "Total Training Time": 1.8473494052886963, "Average Time per Epoch": 1.7572975158691406, "_wandb": {"runtime": 2}}