{"epoch": 0, "_timestamp": 1702915389.130216, "loss": 0.0053138756193220615, "root_mean_squared_error": 0.0728963315486908, "mean_absolute_percentage_error": 4482.86474609375, "mean_absolute_error": 0.04346519336104393, "val_loss": 0.00538638886064291, "val_root_mean_squared_error": 0.07339201867580414, "val_mean_absolute_percentage_error": 6700.15576171875, "val_mean_absolute_error": 0.0448782816529274, "_runtime": 13.8852219581604, "_step": 1, "best_val_loss": 0.00538638886064291, "best_epoch": 0, "Final MSE": 0.01295990590006113, "Final RMSE": 0.11384158581495285, "Final MAPE": 42478.24609375, "Final MAE": 0.06776970624923706, "Total Training Time": 11.449968099594116, "Average Time per Epoch": 11.064940929412842}