{"epoch": 0, "_timestamp": 1703760751.2703414, "loss": 0.01717878133058548, "root_mean_squared_error": 0.13073596358299255, "mean_absolute_percentage_error": 294392.375, "mean_absolute_error": 0.08119948208332062, "val_loss": 0.009506914764642715, "val_root_mean_squared_error": 0.0975034087896347, "val_mean_absolute_percentage_error": 355747.5625, "val_mean_absolute_error": 0.05989880487322807, "_runtime": 7.421128511428833, "_step": 1, "best_val_loss": 0.009506914764642715, "best_epoch": 0, "Final MSE": 0.02266640216112137, "Final RMSE": 0.1505536586046219, "Final MAPE": 48114.3125, "Final MAE": 0.0911044254899025, "Total Training Time": 6.1352858543396, "Average Time per Epoch": 5.982476472854614, "_wandb": {"runtime": 6}}