{"epoch": 46, "_timestamp": 1703286027.69977, "loss": 0.0067788949236273766, "root_mean_squared_error": 0.08233404159545898, "mean_absolute_percentage_error": 9737.2294921875, "mean_absolute_error": 0.05608154088258743, "val_loss": 0.00890766829252243, "val_root_mean_squared_error": 0.0943804457783699, "val_mean_absolute_percentage_error": 22112.05078125, "val_mean_absolute_error": 0.06414668262004852, "_runtime": 62.29448986053467, "_step": 47, "best_val_loss": 0.008109737187623978, "best_epoch": 36, "Final MSE": 0.014340114779770374, "Final RMSE": 0.11975021660327911, "Final MAPE": 58259.390625, "Final MAE": 0.08311228454113007, "Total Training Time": 60.01478552818298, "Average Time per Epoch": 1.2726047546305554, "_wandb": {"runtime": 60}}