{"epoch": 19, "_timestamp": 1703504524.2049317, "loss": 0.010940035805106163, "root_mean_squared_error": 0.10459461808204651, "mean_absolute_percentage_error": 92633.3203125, "mean_absolute_error": 0.06289518624544144, "val_loss": 0.006854821462184191, "val_root_mean_squared_error": 0.08279384672641754, "val_mean_absolute_percentage_error": 741921.0, "val_mean_absolute_error": 0.05859164893627167, "_runtime": 16.768253803253174, "_step": 20, "best_val_loss": 0.006477329879999161, "best_epoch": 9, "Final MSE": 0.035537682473659515, "Final RMSE": 0.18851441144943237, "Final MAPE": 178463.125, "Final MAE": 0.11911317706108093, "Total Training Time": 14.585095882415771, "Average Time per Epoch": 0.7228681683540344, "_wandb": {"runtime": 14}}