{"epoch": 32, "_timestamp": 1703471909.073494, "loss": 0.006302129477262497, "root_mean_squared_error": 0.07938595116138458, "mean_absolute_percentage_error": 7184398.0, "mean_absolute_error": 0.046313878148794174, "val_loss": 0.010306489653885365, "val_root_mean_squared_error": 0.10152088105678558, "val_mean_absolute_percentage_error": 9663487.0, "val_mean_absolute_error": 0.06290561705827713, "_runtime": 107.71728706359863, "_step": 33, "best_val_loss": 0.00971910823136568, "best_epoch": 22, "Final MSE": 0.011402453295886517, "Final RMSE": 0.10678227245807648, "Final MAPE": 13844123.0, "Final MAE": 0.06540229916572571, "Total Training Time": 105.14095640182495, "Average Time per Epoch": 3.1779548182631983, "_wandb": {"runtime": 105}}