{"epoch": 0, "_timestamp": 1703595372.3358474, "loss": 0.025296088308095932, "root_mean_squared_error": 0.1643250733613968, "mean_absolute_percentage_error": 83346.0859375, "mean_absolute_error": 0.10404372960329056, "val_loss": 0.027184199541807175, "val_root_mean_squared_error": 0.16487634181976318, "val_mean_absolute_percentage_error": 173783.5, "val_mean_absolute_error": 0.11121860891580582, "_runtime": 3.686708450317383, "_step": 1, "best_val_loss": 0.027184199541807175, "best_epoch": 0, "Final MSE": 0.039301175624132156, "Final RMSE": 0.19824527204036713, "Final MAPE": 353200.4375, "Final MAE": 0.151188462972641, "Total Training Time": 1.6261909008026123, "Average Time per Epoch": 1.523155689239502, "_wandb": {"runtime": 1}}