{"epoch": 11, "_timestamp": 1703654589.009317, "loss": 0.004007609095424414, "root_mean_squared_error": 0.06330568343400955, "mean_absolute_percentage_error": 18537.7578125, "mean_absolute_error": 0.034267816692590714, "val_loss": 0.005881407298147678, "val_root_mean_squared_error": 0.07669033110141754, "val_mean_absolute_percentage_error": 30296.05078125, "val_mean_absolute_error": 0.053900524973869324, "_runtime": 20.39709997177124, "_step": 12, "best_val_loss": 0.00552794337272644, "best_epoch": 1, "Final MSE": 0.013357984833419323, "Final RMSE": 0.11557675153017044, "Final MAPE": 72336.6796875, "Final MAE": 0.0668424591422081, "Total Training Time": 18.150763988494873, "Average Time per Epoch": 1.4993139306704204, "_wandb": {"runtime": 18}}