{"epoch": 32, "_timestamp": 1703299523.066966, "loss": 0.008493886329233646, "root_mean_squared_error": 0.09216228127479553, "mean_absolute_percentage_error": 9265.8837890625, "mean_absolute_error": 0.06329376995563507, "val_loss": 0.014938213862478733, "val_root_mean_squared_error": 0.12222198396921158, "val_mean_absolute_percentage_error": 97111.8828125, "val_mean_absolute_error": 0.08129555732011795, "_runtime": 89.94576501846313, "_step": 33, "best_val_loss": 0.013576139695942402, "best_epoch": 22, "Final MSE": 0.012374942190945148, "Final RMSE": 0.11124271899461746, "Final MAPE": 246152.5625, "Final MAE": 0.08484586328268051, "Total Training Time": 87.49152183532715, "Average Time per Epoch": 2.6438445250193277, "_wandb": {"runtime": 88}}