{"epoch": 0, "_timestamp": 1703760611.6720154, "loss": 0.0162395890802145, "root_mean_squared_error": 0.13037537038326263, "mean_absolute_percentage_error": 127179.9453125, "mean_absolute_error": 0.07600779086351395, "val_loss": 0.017997514456510544, "val_root_mean_squared_error": 0.134154811501503, "val_mean_absolute_percentage_error": 33695.86328125, "val_mean_absolute_error": 0.0839272066950798, "_runtime": 7.350278377532959, "_step": 1, "best_val_loss": 0.017997514456510544, "best_epoch": 0, "Final MSE": 0.024030545726418495, "Final RMSE": 0.1550178825855255, "Final MAPE": 421996.4375, "Final MAE": 0.09869994223117828, "Total Training Time": 6.147470235824585, "Average Time per Epoch": 5.9822306632995605, "_wandb": {"runtime": 6}}