{"epoch": 0, "_timestamp": 1703803758.6315928, "loss": 0.01048135757446289, "root_mean_squared_error": 0.1069580614566803, "mean_absolute_percentage_error": 104629.9453125, "mean_absolute_error": 0.06120803579688072, "val_loss": 0.009161229245364666, "val_root_mean_squared_error": 0.09571430832147598, "val_mean_absolute_percentage_error": 8249.0009765625, "val_mean_absolute_error": 0.04957766830921173, "_runtime": 9.894267797470093, "_step": 1, "best_val_loss": 0.009161229245364666, "best_epoch": 0, "Final MSE": 0.019488291814923286, "Final RMSE": 0.139600470662117, "Final MAPE": 132291.5625, "Final MAE": 0.08675071597099304, "Total Training Time": 4.406146764755249, "Average Time per Epoch": 4.258720397949219, "_wandb": {"runtime": 4}}