{"epoch": 0, "_timestamp": 1703564897.5607922, "loss": 0.006002869922667742, "root_mean_squared_error": 0.08339717984199524, "mean_absolute_percentage_error": 75599.015625, "mean_absolute_error": 0.04050810635089874, "val_loss": 0.00865203607827425, "val_root_mean_squared_error": 0.09301631897687912, "val_mean_absolute_percentage_error": 12607.1708984375, "val_mean_absolute_error": 0.04217901453375816, "_runtime": 4.494974136352539, "_step": 1, "best_val_loss": 0.00865203607827425, "best_epoch": 0, "Final MSE": 0.013926029205322266, "Final RMSE": 0.11800859868526459, "Final MAPE": 84859.2890625, "Final MAE": 0.05638432130217552, "Total Training Time": 2.707561492919922, "Average Time per Epoch": 2.5565569400787354, "_wandb": {"runtime": 2}}