{"epoch": 12, "_timestamp": 1705615893.3432503, "loss": 0.011057713069021702, "root_mean_squared_error": 0.10515566170215607, "mean_absolute_percentage_error": 559120.125, "mean_absolute_error": 0.07265379279851913, "val_loss": 0.023880908265709877, "val_root_mean_squared_error": 0.1545344889163971, "val_mean_absolute_percentage_error": 114634.5625, "val_mean_absolute_error": 0.10155078768730164, "_runtime": 12.539298295974731, "_step": 13, "best_val_loss": 0.019253341481089592, "best_epoch": 2, "Final MSE": 0.01979195699095726, "Final RMSE": 0.14068388938903809, "Final MAPE": 101056.328125, "Final MAE": 0.10823991149663925, "Total Training Time": 10.369487285614014, "Average Time per Epoch": 0.7885529444767878, "_wandb": {"runtime": 10}}