{"epoch": 0, "_timestamp": 1703761013.604647, "loss": 0.01232714019715786, "root_mean_squared_error": 0.11605618894100189, "mean_absolute_percentage_error": 117212.953125, "mean_absolute_error": 0.06459879875183105, "val_loss": 0.010122179053723812, "val_root_mean_squared_error": 0.10060904175043106, "val_mean_absolute_percentage_error": 17056.646484375, "val_mean_absolute_error": 0.05225379765033722, "_runtime": 7.304733991622925, "_step": 1, "best_val_loss": 0.010122179053723812, "best_epoch": 0, "Final MSE": 0.02067624218761921, "Final RMSE": 0.14379236102104187, "Final MAPE": 165149.546875, "Final MAE": 0.08973417431116104, "Total Training Time": 6.104635953903198, "Average Time per Epoch": 5.953181266784668, "_wandb": {"runtime": 6}}