{"epoch": 0, "_timestamp": 1703815227.5530367, "loss": 0.011734179221093655, "root_mean_squared_error": 0.11368494480848312, "mean_absolute_percentage_error": 185917.5, "mean_absolute_error": 0.07906390726566315, "val_loss": 0.015128367580473423, "val_root_mean_squared_error": 0.12299742549657822, "val_mean_absolute_percentage_error": 34548.140625, "val_mean_absolute_error": 0.08275511860847473, "_runtime": 3.7957067489624023, "_step": 1, "best_val_loss": 0.015128367580473423, "best_epoch": 0, "Final MSE": 0.021558362990617752, "Final RMSE": 0.14682766795158386, "Final MAPE": 279482.90625, "Final MAE": 0.10374501347541809, "Total Training Time": 1.8253793716430664, "Average Time per Epoch": 1.7229599952697754, "_wandb": {"runtime": 2}}