{"epoch": 19, "_timestamp": 1703154995.5213785, "loss": 0.0039136032573878765, "root_mean_squared_error": 0.06255879998207092, "mean_absolute_percentage_error": 57327.359375, "mean_absolute_error": 0.03204295411705971, "val_loss": 0.009857840836048126, "val_root_mean_squared_error": 0.09928666055202484, "val_mean_absolute_percentage_error": 82214.4296875, "val_mean_absolute_error": 0.05329440161585808, "_runtime": 28.181490421295166, "_step": 20, "best_val_loss": 0.008658202365040779, "best_epoch": 9, "Final MSE": 0.016293039545416832, "Final RMSE": 0.12764419615268707, "Final MAPE": 96897.0078125, "Final MAE": 0.07596402615308762, "Total Training Time": 25.980451107025146, "Average Time per Epoch": 1.2906904935836792, "_wandb": {"runtime": 26}}