{"epoch": 0, "_timestamp": 1703564929.983135, "loss": 0.004077582620084286, "root_mean_squared_error": 0.07692661881446838, "mean_absolute_percentage_error": 17451.0234375, "mean_absolute_error": 0.040961723774671555, "val_loss": 0.012409775517880917, "val_root_mean_squared_error": 0.11139917373657227, "val_mean_absolute_percentage_error": 91082.203125, "val_mean_absolute_error": 0.0630766972899437, "_runtime": 4.56545090675354, "_step": 1, "best_val_loss": 0.012409775517880917, "best_epoch": 0, "Final MSE": 0.019694140180945396, "Final RMSE": 0.140335813164711, "Final MAPE": 13505.8046875, "Final MAE": 0.07352126389741898, "Total Training Time": 2.7493672370910645, "Average Time per Epoch": 2.5973329544067383, "_wandb": {"runtime": 2}}