{"epoch": 23, "_timestamp": 1703191717.3372672, "loss": 0.0094757080078125, "root_mean_squared_error": 0.09734325110912323, "mean_absolute_percentage_error": 29923.53515625, "mean_absolute_error": 0.05721794441342354, "val_loss": 0.007005723658949137, "val_root_mean_squared_error": 0.08370020240545273, "val_mean_absolute_percentage_error": 43057.921875, "val_mean_absolute_error": 0.05056140944361687, "_runtime": 61.348304271698, "_step": 24, "best_val_loss": 0.006877392064779997, "best_epoch": 13, "Final MSE": 0.015502880327403545, "Final RMSE": 0.12451056391000748, "Final MAPE": 70508.8203125, "Final MAE": 0.08354205638170242, "Total Training Time": 58.76032066345215, "Average Time per Epoch": 2.440387805302938, "_wandb": {"runtime": 59}}