{"epoch": 12, "_timestamp": 1705580347.2796574, "loss": 0.006765414495021105, "root_mean_squared_error": 0.082252137362957, "mean_absolute_percentage_error": 6450.04541015625, "mean_absolute_error": 0.04738738015294075, "val_loss": 0.013683036901056767, "val_root_mean_squared_error": 0.11697451025247574, "val_mean_absolute_percentage_error": 25073.7265625, "val_mean_absolute_error": 0.06645501405000687, "_runtime": 19.4786114692688, "_step": 13, "best_val_loss": 0.012500635348260403, "best_epoch": 2, "Final MSE": 0.016492411494255066, "Final RMSE": 0.1284227818250656, "Final MAPE": 39024.77734375, "Final MAE": 0.08545345067977905, "Total Training Time": 17.075347900390625, "Average Time per Epoch": 1.3013553802783673, "_wandb": {"runtime": 17}}