{"epoch": 13, "_timestamp": 1703899195.2237537, "loss": 0.008616392500698566, "root_mean_squared_error": 0.0928245261311531, "mean_absolute_percentage_error": 41224.5625, "mean_absolute_error": 0.06292907148599625, "val_loss": 0.008300164714455605, "val_root_mean_squared_error": 0.09110523760318756, "val_mean_absolute_percentage_error": 87241.7578125, "val_mean_absolute_error": 0.06345393508672714, "_runtime": 20.568291664123535, "_step": 14, "best_val_loss": 0.007670107763260603, "best_epoch": 3, "Final MSE": 0.024004098027944565, "Final RMSE": 0.15493255853652954, "Final MAPE": 195557.578125, "Final MAE": 0.10759249329566956, "Total Training Time": 18.346768140792847, "Average Time per Epoch": 1.297991122518267, "_wandb": {"runtime": 18}}