,user,architecture,train_time,avg_time_epoch,mse,rmse,mape,mae
0,user1,bilstm,143.9544427394867,6.835154465266636,0.008596814237535,0.09271900355815887,18.953624725341797,0.0654640644788742
1,user1,bilstm,228.73644495010376,6.7143219639273255,0.009260743856430054,0.09623275697231293,19.618804931640625,0.06964968144893646
2,user2,bilstm,297.09066224098206,6.742941271175038,0.01552750263363123,0.12460940331220627,112372.65625,0.06932380795478821
3,user2,bilstm,304.04334831237793,6.746812809838189,0.015865841880440712,0.12595967948436737,87438.5078125,0.0766395851969719
