,architecture,train_time,avg_time_epoch,mse,mse_std,rmse,rmse_std,mape,mape_std,mae,mae_std
0,bilstm,186.34544384479523,6.774738214596981,0.008928779046982527,0.0004694691357512927,0.0944758802652359,0.002484598866565714,19.28621482849121,0.470353434584968,0.06755687296390533,0.0029596781429805114
1,bilstm,300.56700527668,6.744877040506614,0.01569667225703597,0.0002392419757605341,0.12528454139828682,0.0009547894378097295,99905.58203125,17631.105443268207,0.07298169657588005,0.005173035697598303
