,architecture,train_time,avg_time_epoch,mse,mse_std,rmse,rmse_std,mape,mape_std,mae,mae_std
0,cnn,36.38837921619415,2.1287765415091267,0.03280832804739475,0.0002749001852342744,0.18112990260124207,0.0007588329340143916,51.0975341796875,0.026860692318174898,0.1350230947136879,0.0012348499778085564
1,cnn,37.70733082294464,2.08241958088345,0.0203223479911685,8.254855407563385e-05,0.1425563097000122,0.000289548849269842,146723.6484375,3156.0053896743143,0.08824636787176132,0.001726313841581964
