,user,architecture,train_time,avg_time_epoch,mse,rmse,mape,mae
0,user1,cnn,32.361207008361816,2.142388916015625,0.03261394426226616,0.1805933266878128,51.11652755737305,0.1341499239206314
1,user1,cnn,40.41555142402649,2.1151641670026278,0.033002711832523346,0.18166647851467133,51.07854080200195,0.13589626550674438
2,user2,cnn,37.82930827140808,2.0893463955985174,0.020263977348804474,0.14235156774520874,148955.28125,0.08946705609560013
3,user2,cnn,37.5853533744812,2.0754927661683826,0.020380718633532524,0.14276105165481567,144492.015625,0.08702567964792252
