{"epoch": 33, "_timestamp": 1703742728.2774663, "loss": 0.008852084167301655, "root_mean_squared_error": 0.09408551454544067, "mean_absolute_percentage_error": 10669839.0, "mean_absolute_error": 0.05733614042401314, "val_loss": 0.015533014200627804, "val_root_mean_squared_error": 0.12463151663541794, "val_mean_absolute_percentage_error": 21520756.0, "val_mean_absolute_error": 0.08026940375566483, "_runtime": 50.80949330329895, "_step": 34, "best_val_loss": 0.012932606041431427, "best_epoch": 23, "Final MSE": 0.021208155900239944, "Final RMSE": 0.14563019573688507, "Final MAPE": 34628384.0, "Final MAE": 0.09479483217000961, "Total Training Time": 48.745039224624634, "Average Time per Epoch": 1.4277486099916346, "_wandb": {"runtime": 49}}