{"epoch": 0, "_timestamp": 1703549829.1346676, "loss": 0.005492734257131815, "root_mean_squared_error": 0.07737847417593002, "mean_absolute_percentage_error": 51252.546875, "mean_absolute_error": 0.04789452254772186, "val_loss": 0.007807435933500528, "val_root_mean_squared_error": 0.08835969865322113, "val_mean_absolute_percentage_error": 32849.6328125, "val_mean_absolute_error": 0.0521414540708065, "_runtime": 12.883705615997314, "_step": 1, "best_val_loss": 0.007807435933500528, "best_epoch": 0, "Final MSE": 0.009870067238807678, "Final RMSE": 0.09934820979833603, "Final MAPE": 167755.453125, "Final MAE": 0.05854322761297226, "Total Training Time": 4.55494499206543, "Average Time per Epoch": 4.40089225769043, "_wandb": {"runtime": 4}}