{"epoch": 0, "_timestamp": 1703793379.2673912, "loss": 0.010146934539079666, "root_mean_squared_error": 0.13500022888183594, "mean_absolute_percentage_error": 40281.69140625, "mean_absolute_error": 0.08815581351518631, "val_loss": 0.024446947500109673, "val_root_mean_squared_error": 0.15635520219802856, "val_mean_absolute_percentage_error": 55554.62890625, "val_mean_absolute_error": 0.11102724075317383, "_runtime": 71.31031227111816, "_step": 1, "best_val_loss": 0.024446947500109673, "best_epoch": 0, "Final MSE": 0.041456520557403564, "Final RMSE": 0.20360873639583588, "Final MAPE": 187238.203125, "Final MAE": 0.15079109370708466, "Total Training Time": 70.08168601989746, "Average Time per Epoch": 66.6754994392395, "_wandb": {"runtime": 70}}