{"epoch": 0, "_timestamp": 1703647819.3370903, "loss": 0.0064737857319414616, "root_mean_squared_error": 0.09535092115402222, "mean_absolute_percentage_error": 24049.396484375, "mean_absolute_error": 0.062218401581048965, "val_loss": 0.006285581737756729, "val_root_mean_squared_error": 0.07928165793418884, "val_mean_absolute_percentage_error": 78929.25, "val_mean_absolute_error": 0.06386298686265945, "_runtime": 6.438933372497559, "_step": 1, "best_val_loss": 0.006285581737756729, "best_epoch": 0, "Final MSE": 0.022140545770525932, "Final RMSE": 0.14879699051380157, "Final MAPE": 306824.625, "Final MAE": 0.12585729360580444, "Total Training Time": 4.708504915237427, "Average Time per Epoch": 4.5124671459198, "_wandb": {"runtime": 4}}