{"epoch": 16, "_timestamp": 1703898444.1634243, "loss": 0.012116614729166031, "root_mean_squared_error": 0.11007549613714218, "mean_absolute_percentage_error": 6076.564453125, "mean_absolute_error": 0.06599987298250198, "val_loss": 0.01696428470313549, "val_root_mean_squared_error": 0.13024701178073883, "val_mean_absolute_percentage_error": 238227.890625, "val_mean_absolute_error": 0.08703495562076569, "_runtime": 24.10045313835144, "_step": 17, "best_val_loss": 0.012353266589343548, "best_epoch": 6, "Final MSE": 0.05540268495678902, "Final RMSE": 0.2353777438402176, "Final MAPE": 330641.875, "Final MAE": 0.16913127899169922, "Total Training Time": 21.810468673706055, "Average Time per Epoch": 1.2741979851442224, "_wandb": {"runtime": 22}}