{"epoch": 17, "_timestamp": 1703196165.0031865, "loss": 0.01687002368271351, "root_mean_squared_error": 0.12988466024398804, "mean_absolute_percentage_error": 28803.7734375, "mean_absolute_error": 0.0789337158203125, "val_loss": 0.032861508429050446, "val_root_mean_squared_error": 0.18127749860286713, "val_mean_absolute_percentage_error": 89763.328125, "val_mean_absolute_error": 0.09978507459163666, "_runtime": 16.145456552505493, "_step": 18, "best_val_loss": 0.03161521628499031, "best_epoch": 7, "Final MSE": 0.05353415757417679, "Final RMSE": 0.23137448728084564, "Final MAPE": 182388.453125, "Final MAE": 0.1542440503835678, "Total Training Time": 13.981616497039795, "Average Time per Epoch": 0.7697010570102267, "_wandb": {"runtime": 14}}