{"epoch": 35, "_timestamp": 1705585710.8626115, "loss": 0.004321929067373276, "root_mean_squared_error": 0.06574138253927231, "mean_absolute_percentage_error": 2180795.25, "mean_absolute_error": 0.03998500853776932, "val_loss": 0.007756276987493038, "val_root_mean_squared_error": 0.08806972950696945, "val_mean_absolute_percentage_error": 32911.53515625, "val_mean_absolute_error": 0.059850145131349564, "_runtime": 94.3466215133667, "_step": 36, "best_val_loss": 0.007573592010885477, "best_epoch": 25, "Final MSE": 0.005434270016849041, "Final RMSE": 0.07371750473976135, "Final MAPE": 313518.6875, "Final MAE": 0.055645652115345, "Total Training Time": 91.521244764328, "Average Time per Epoch": 2.5359155933062234, "_wandb": {"runtime": 92}}