{"epoch": 19, "_timestamp": 1703290655.778362, "loss": 0.004223668482154608, "root_mean_squared_error": 0.06498975306749344, "mean_absolute_percentage_error": 6722.7724609375, "mean_absolute_error": 0.03323080763220787, "val_loss": 0.005187301896512508, "val_root_mean_squared_error": 0.0720229297876358, "val_mean_absolute_percentage_error": 55765.81640625, "val_mean_absolute_error": 0.04260200634598732, "_runtime": 28.88945508003235, "_step": 20, "best_val_loss": 0.004983088932931423, "best_epoch": 9, "Final MSE": 0.011675212532281876, "Final RMSE": 0.10805189609527588, "Final MAPE": 169824.546875, "Final MAE": 0.06907597929239273, "Total Training Time": 26.584516048431396, "Average Time per Epoch": 1.3211254358291626, "_wandb": {"runtime": 26}}