{"epoch": 27, "_timestamp": 1703471554.2995715, "loss": 0.008424447849392891, "root_mean_squared_error": 0.09178479015827179, "mean_absolute_percentage_error": 8494754.0, "mean_absolute_error": 0.053424861282110214, "val_loss": 0.010480964556336403, "val_root_mean_squared_error": 0.10237658023834229, "val_mean_absolute_percentage_error": 9484452.0, "val_mean_absolute_error": 0.05737956240773201, "_runtime": 96.72149443626404, "_step": 28, "best_val_loss": 0.00943030510097742, "best_epoch": 17, "Final MSE": 0.011947953142225742, "Final RMSE": 0.1093066930770874, "Final MAPE": 18812094.0, "Final MAE": 0.06553228944540024, "Total Training Time": 94.38163542747498, "Average Time per Epoch": 3.3608795489583696, "_wandb": {"runtime": 94}}