{"epoch": 25, "_timestamp": 1703768302.4164467, "loss": 0.015327359549701214, "root_mean_squared_error": 0.12380371242761612, "mean_absolute_percentage_error": 592665.625, "mean_absolute_error": 0.08828456699848175, "val_loss": 0.03198987618088722, "val_root_mean_squared_error": 0.17885713279247284, "val_mean_absolute_percentage_error": 199422.859375, "val_mean_absolute_error": 0.13548898696899414, "_runtime": 144.11037969589233, "_step": 26, "best_val_loss": 0.025194304063916206, "best_epoch": 15, "Final MSE": 0.027857007458806038, "Final RMSE": 0.16690418124198914, "Final MAPE": 454045.6875, "Final MAE": 0.1290484219789505, "Total Training Time": 142.7082359790802, "Average Time per Epoch": 5.472920472805317, "_wandb": {"runtime": 143}}