{"epoch": 10, "_timestamp": 1703547012.5070372, "loss": 0.0036755644250661135, "root_mean_squared_error": 0.06062643229961395, "mean_absolute_percentage_error": 5100.41845703125, "mean_absolute_error": 0.034170519560575485, "val_loss": 0.010472754947841167, "val_root_mean_squared_error": 0.10233648121356964, "val_mean_absolute_percentage_error": 127120.5625, "val_mean_absolute_error": 0.059920165687799454, "_runtime": 25.5267231464386, "_step": 11, "best_val_loss": 0.00988168828189373, "best_epoch": 0, "Final MSE": 0.017662888392806053, "Final RMSE": 0.13290180265903473, "Final MAPE": 42263.96875, "Final MAE": 0.07695556432008743, "Total Training Time": 23.106143474578857, "Average Time per Epoch": 2.0850601629777388, "_wandb": {"runtime": 23}}