{"epoch": 18, "_timestamp": 1703444641.1112947, "loss": 0.00939949881285429, "root_mean_squared_error": 0.09695101529359818, "mean_absolute_percentage_error": 8558018.0, "mean_absolute_error": 0.05706525966525078, "val_loss": 0.021205874159932137, "val_root_mean_squared_error": 0.1456223726272583, "val_mean_absolute_percentage_error": 17138950.0, "val_mean_absolute_error": 0.08801832050085068, "_runtime": 26.286359786987305, "_step": 19, "best_val_loss": 0.012948434799909592, "best_epoch": 8, "Final MSE": 0.027804816141724586, "Final RMSE": 0.16674776375293732, "Final MAPE": 25814968.0, "Final MAE": 0.10312934964895248, "Total Training Time": 23.92661190032959, "Average Time per Epoch": 1.2508739546725625, "_wandb": {"runtime": 24}}