{"epoch": 53, "_timestamp": 1703722536.8655508, "loss": 0.007331101689487696, "root_mean_squared_error": 0.08562185615301132, "mean_absolute_percentage_error": 8952667.0, "mean_absolute_error": 0.049940578639507294, "val_loss": 0.01135933306068182, "val_root_mean_squared_error": 0.10658017545938492, "val_mean_absolute_percentage_error": 14347535.0, "val_mean_absolute_error": 0.06292416155338287, "_runtime": 102.99781274795532, "_step": 54, "best_val_loss": 0.010508162900805473, "best_epoch": 43, "Final MSE": 0.00969255156815052, "Final RMSE": 0.09845075756311417, "Final MAPE": 20597768.0, "Final MAE": 0.06384145468473434, "Total Training Time": 101.32270073890686, "Average Time per Epoch": 1.872612719182615, "_wandb": {"runtime": 101}}