{"epoch": 0, "_timestamp": 1703501399.4047549, "loss": 0.011888889595866203, "root_mean_squared_error": 0.11149708181619644, "mean_absolute_percentage_error": 24378.458984375, "mean_absolute_error": 0.06566070020198822, "val_loss": 0.008200989104807377, "val_root_mean_squared_error": 0.09055931121110916, "val_mean_absolute_percentage_error": 41196.6953125, "val_mean_absolute_error": 0.0503111407160759, "_runtime": 7.470939874649048, "_step": 1, "best_val_loss": 0.008200989104807377, "best_epoch": 0, "Final MSE": 0.016686486080288887, "Final RMSE": 0.12917618453502655, "Final MAPE": 17281.259765625, "Final MAE": 0.07708144932985306, "Total Training Time": 6.197930574417114, "Average Time per Epoch": 6.039896488189697, "_wandb": {"runtime": 6}}