{"epoch": 0, "_timestamp": 1703815417.1507082, "loss": 0.008779076859354973, "root_mean_squared_error": 0.10454544425010681, "mean_absolute_percentage_error": 20601.90234375, "mean_absolute_error": 0.06779038906097412, "val_loss": 0.014294811524450779, "val_root_mean_squared_error": 0.11956091225147247, "val_mean_absolute_percentage_error": 29727.38671875, "val_mean_absolute_error": 0.07841037958860397, "_runtime": 3.670572280883789, "_step": 1, "best_val_loss": 0.014294811524450779, "best_epoch": 0, "Final MSE": 0.012793946079909801, "Final RMSE": 0.11311032623052597, "Final MAPE": 67629.1640625, "Final MAE": 0.07652387768030167, "Total Training Time": 1.8529961109161377, "Average Time per Epoch": 1.7418131828308105, "_wandb": {"runtime": 2}}