{"epoch": 12, "_timestamp": 1703149421.2505896, "loss": 0.005801215302199125, "root_mean_squared_error": 0.07616570591926575, "mean_absolute_percentage_error": 3230.014404296875, "mean_absolute_error": 0.034631237387657166, "val_loss": 0.009711701422929764, "val_root_mean_squared_error": 0.09854796528816223, "val_mean_absolute_percentage_error": 51956.8515625, "val_mean_absolute_error": 0.05649597570300102, "_runtime": 13.134847640991211, "_step": 13, "best_val_loss": 0.009667092934250832, "best_epoch": 2, "Final MSE": 0.011599798686802387, "Final RMSE": 0.1077023595571518, "Final MAPE": 139656.5, "Final MAE": 0.06036704033613205, "Total Training Time": 10.916018724441528, "Average Time per Epoch": 0.8303262270413913, "_wandb": {"runtime": 11}}