{"epoch": 0, "_timestamp": 1703820017.7511084, "loss": 0.004485805984586477, "root_mean_squared_error": 0.07397103309631348, "mean_absolute_percentage_error": 19800.65234375, "mean_absolute_error": 0.04643319547176361, "val_loss": 0.008963965810835361, "val_root_mean_squared_error": 0.09467822313308716, "val_mean_absolute_percentage_error": 53835.91015625, "val_mean_absolute_error": 0.06140727549791336, "_runtime": 4.472139358520508, "_step": 1, "best_val_loss": 0.008963965810835361, "best_epoch": 0, "Final MSE": 0.011131597682833672, "Final RMSE": 0.10550639033317566, "Final MAPE": 148887.171875, "Final MAE": 0.07006323337554932, "Total Training Time": 2.5799601078033447, "Average Time per Epoch": 2.420344829559326, "_wandb": {"runtime": 2}}