{"epoch": 23, "_timestamp": 1705577821.331541, "loss": 0.005209079012274742, "root_mean_squared_error": 0.07217395305633545, "mean_absolute_percentage_error": 7469.8603515625, "mean_absolute_error": 0.046631790697574615, "val_loss": 0.012406913563609123, "val_root_mean_squared_error": 0.11138632893562317, "val_mean_absolute_percentage_error": 71535.171875, "val_mean_absolute_error": 0.06830765306949615, "_runtime": 21.335363149642944, "_step": 24, "best_val_loss": 0.011070183478295803, "best_epoch": 13, "Final MSE": 0.008674637414515018, "Final RMSE": 0.09313773363828659, "Final MAPE": 80342.4921875, "Final MAE": 0.06367272883653641, "Total Training Time": 19.07063603401184, "Average Time per Epoch": 0.7888326942920685, "_wandb": {"runtime": 19}}