{"epoch": 31, "_timestamp": 1703441773.2786167, "loss": 0.008382468484342098, "root_mean_squared_error": 0.09155581891536713, "mean_absolute_percentage_error": 9549935.0, "mean_absolute_error": 0.05540860816836357, "val_loss": 0.012720419093966484, "val_root_mean_squared_error": 0.11278483271598816, "val_mean_absolute_percentage_error": 16032165.0, "val_mean_absolute_error": 0.06988943368196487, "_runtime": 41.41671872138977, "_step": 32, "best_val_loss": 0.010817492380738258, "best_epoch": 21, "Final MSE": 0.014045816846191883, "Final RMSE": 0.11851505190134048, "Final MAPE": 19936732.0, "Final MAE": 0.07531604915857315, "Total Training Time": 39.11425495147705, "Average Time per Epoch": 1.2166849449276924, "_wandb": {"runtime": 39}}