{"epoch": 0, "_timestamp": 1703746838.2912629, "loss": 0.008994681760668755, "root_mean_squared_error": 0.096367247402668, "mean_absolute_percentage_error": 11547447.0, "mean_absolute_error": 0.058938734233379364, "val_loss": 0.012164387851953506, "val_root_mean_squared_error": 0.11029228568077087, "val_mean_absolute_percentage_error": 13000685.0, "val_mean_absolute_error": 0.06654307246208191, "_runtime": 4.550520896911621, "_step": 1, "best_val_loss": 0.012164387851953506, "best_epoch": 0, "Final MSE": 0.011109670624136925, "Final RMSE": 0.10540242493152618, "Final MAPE": 21661624.0, "Final MAE": 0.06997136026620865, "Total Training Time": 2.7728114128112793, "Average Time per Epoch": 2.6133196353912354, "_wandb": {"runtime": 2}}