{"epoch": 17, "_timestamp": 1703911318.3755603, "loss": 0.009441831149160862, "root_mean_squared_error": 0.09716908633708954, "mean_absolute_percentage_error": 108172.25, "mean_absolute_error": 0.0536980964243412, "val_loss": 0.011198699474334717, "val_root_mean_squared_error": 0.10582390427589417, "val_mean_absolute_percentage_error": 31676.904296875, "val_mean_absolute_error": 0.07301187515258789, "_runtime": 62.68979525566101, "_step": 18, "best_val_loss": 0.010315027087926865, "best_epoch": 7, "Final MSE": 0.02002521976828575, "Final RMSE": 0.1415104866027832, "Final MAPE": 101462.3984375, "Final MAE": 0.09134332835674286, "Total Training Time": 60.351139068603516, "Average Time per Epoch": 3.3377014795939126, "_wandb": {"runtime": 60}}