{"epoch": 0, "_timestamp": 1703764279.519761, "loss": 0.014898436143994331, "root_mean_squared_error": 0.12656265497207642, "mean_absolute_percentage_error": 80188.9609375, "mean_absolute_error": 0.07686959207057953, "val_loss": 0.011344377882778645, "val_root_mean_squared_error": 0.1065099835395813, "val_mean_absolute_percentage_error": 46219.4140625, "val_mean_absolute_error": 0.07456803321838379, "_runtime": 3.4592020511627197, "_step": 1, "best_val_loss": 0.011344377882778645, "best_epoch": 0, "Final MSE": 0.02497333660721779, "Final RMSE": 0.15802955627441406, "Final MAPE": 93087.8203125, "Final MAE": 0.10464359074831009, "Total Training Time": 1.5506739616394043, "Average Time per Epoch": 1.4290437698364258, "_wandb": {"runtime": 1}}