{"epoch": 0, "_timestamp": 1703640250.471298, "loss": 0.008249379694461823, "root_mean_squared_error": 0.09367798268795013, "mean_absolute_percentage_error": 32458.828125, "mean_absolute_error": 0.053107257932424545, "val_loss": 0.007858137600123882, "val_root_mean_squared_error": 0.08864613622426987, "val_mean_absolute_percentage_error": 97210.3515625, "val_mean_absolute_error": 0.06205964833498001, "_runtime": 10.789282083511353, "_step": 1, "best_val_loss": 0.007858137600123882, "best_epoch": 0, "Final MSE": 0.01293720118701458, "Final RMSE": 0.11374181509017944, "Final MAPE": 103333.03125, "Final MAE": 0.08093364536762238, "Total Training Time": 4.5112175941467285, "Average Time per Epoch": 4.360204458236694, "_wandb": {"runtime": 4}}