{"epoch": 23, "_timestamp": 1703906529.5472436, "loss": 0.010351971723139286, "root_mean_squared_error": 0.1017446368932724, "mean_absolute_percentage_error": 464255.0625, "mean_absolute_error": 0.06949451565742493, "val_loss": 0.01700468547642231, "val_root_mean_squared_error": 0.13040201365947723, "val_mean_absolute_percentage_error": 94670.359375, "val_mean_absolute_error": 0.0848463848233223, "_runtime": 66.04940962791443, "_step": 24, "best_val_loss": 0.015685459598898888, "best_epoch": 13, "Final MSE": 0.013699537143111229, "Final RMSE": 0.11704502254724503, "Final MAPE": 72469.265625, "Final MAE": 0.08643448352813721, "Total Training Time": 64.40098690986633, "Average Time per Epoch": 2.673196852207184, "_wandb": {"runtime": 64}}