{"epoch": 0, "_timestamp": 1703560089.0566595, "loss": 0.01147498469799757, "root_mean_squared_error": 0.1095564067363739, "mean_absolute_percentage_error": 16326.19921875, "mean_absolute_error": 0.06387581676244736, "val_loss": 0.008728671818971634, "val_root_mean_squared_error": 0.09342736005783081, "val_mean_absolute_percentage_error": 85168.28125, "val_mean_absolute_error": 0.07031995058059692, "_runtime": 3.810107469558716, "_step": 1, "best_val_loss": 0.008728671818971634, "best_epoch": 0, "Final MSE": 0.015742450952529907, "Final RMSE": 0.1254689246416092, "Final MAPE": 61682.21875, "Final MAE": 0.08591829985380173, "Total Training Time": 1.926792860031128, "Average Time per Epoch": 1.8157646656036377, "_wandb": {"runtime": 2}}