{"epoch": 18, "_timestamp": 1703458220.645935, "loss": 0.006131893489509821, "root_mean_squared_error": 0.0783064067363739, "mean_absolute_percentage_error": 8673965.0, "mean_absolute_error": 0.04574165865778923, "val_loss": 0.008880232460796833, "val_root_mean_squared_error": 0.09423498809337616, "val_mean_absolute_percentage_error": 13249416.0, "val_mean_absolute_error": 0.05705215781927109, "_runtime": 58.27798914909363, "_step": 19, "best_val_loss": 0.007949705235660076, "best_epoch": 8, "Final MSE": 0.009708081372082233, "Final RMSE": 0.09852959960699081, "Final MAPE": 15756114.0, "Final MAE": 0.06052263453602791, "Total Training Time": 55.78772020339966, "Average Time per Epoch": 2.9238466840041313, "_wandb": {"runtime": 56}}