{"epoch": 0, "_timestamp": 1703674809.1153784, "loss": 0.006510400213301182, "root_mean_squared_error": 0.08134440332651138, "mean_absolute_percentage_error": 5672367.0, "mean_absolute_error": 0.04550176113843918, "val_loss": 0.006861511617898941, "val_root_mean_squared_error": 0.08283424377441406, "val_mean_absolute_percentage_error": 4272391.0, "val_mean_absolute_error": 0.04622624069452286, "_runtime": 7.691827297210693, "_step": 1, "best_val_loss": 0.006861511617898941, "best_epoch": 0, "Final MSE": 0.0066600278951227665, "Final RMSE": 0.08160899579524994, "Final MAPE": 7094081.0, "Final MAE": 0.04666842892765999, "Total Training Time": 6.322979688644409, "Average Time per Epoch": 6.144528388977051, "_wandb": {"runtime": 6}}