{"epoch": 15, "_timestamp": 1702647954.7375133, "loss": 0.00914994440972805, "root_mean_squared_error": 0.09565534442663193, "mean_absolute_percentage_error": 19038.3984375, "mean_absolute_error": 0.055761538445949554, "val_loss": 0.009470038115978241, "val_root_mean_squared_error": 0.09731411933898926, "val_mean_absolute_percentage_error": 30067152.0, "val_mean_absolute_error": 0.06680772453546524, "_runtime": 61.07199430465698, "_step": 16, "best_val_loss": 0.008713386952877045, "best_epoch": 5, "Final MSE": 0.014123071916401386, "Final RMSE": 0.1188405305147171, "Final MAPE": 49270.95703125, "Final MAE": 0.06548909097909927, "Total Training Time": 58.87408947944641, "Average Time per Epoch": 3.6594492942094803, "_wandb": {"runtime": 59}}