{"epoch": 18, "_timestamp": 1703852396.8061783, "loss": 0.008998063392937183, "root_mean_squared_error": 0.09485812485218048, "mean_absolute_percentage_error": 62021.01953125, "mean_absolute_error": 0.06351029872894287, "val_loss": 0.007831107825040817, "val_root_mean_squared_error": 0.08849354833364487, "val_mean_absolute_percentage_error": 61449.9921875, "val_mean_absolute_error": 0.058906760066747665, "_runtime": 48.02881121635437, "_step": 19, "best_val_loss": 0.007366271689534187, "best_epoch": 8, "Final MSE": 0.02520732209086418, "Final RMSE": 0.15876813232898712, "Final MAPE": 279773.25, "Final MAE": 0.10773250460624695, "Total Training Time": 45.36729454994202, "Average Time per Epoch": 2.3785071749436226, "_wandb": {"runtime": 46}}