{"epoch": 0, "_timestamp": 1703625035.2170517, "loss": 0.01760459691286087, "root_mean_squared_error": 0.1344752460718155, "mean_absolute_percentage_error": 67311.7421875, "mean_absolute_error": 0.09532658010721207, "val_loss": 0.01764005981385708, "val_root_mean_squared_error": 0.132815882563591, "val_mean_absolute_percentage_error": 123137.1328125, "val_mean_absolute_error": 0.0822923332452774, "_runtime": 42.903228759765625, "_step": 1, "best_val_loss": 0.01764005981385708, "best_epoch": 0, "Final MSE": 0.021838640794157982, "Final RMSE": 0.14777903258800507, "Final MAPE": 234649.671875, "Final MAE": 0.09695017337799072, "Total Training Time": 41.635252714157104, "Average Time per Epoch": 39.74342584609985, "_wandb": {"runtime": 41}}