{"epoch": 33, "_timestamp": 1705639393.560785, "loss": 0.006393044721335173, "root_mean_squared_error": 0.07995651662349701, "mean_absolute_percentage_error": 17413.123046875, "mean_absolute_error": 0.05207987502217293, "val_loss": 0.011490720324218273, "val_root_mean_squared_error": 0.10719477385282516, "val_mean_absolute_percentage_error": 60038.046875, "val_mean_absolute_error": 0.07193680852651596, "_runtime": 103.0725691318512, "_step": 34, "best_val_loss": 0.011304573155939579, "best_epoch": 23, "Final MSE": 0.020560499280691147, "Final RMSE": 0.14338932931423187, "Final MAPE": 92296.921875, "Final MAE": 0.1032087504863739, "Total Training Time": 101.01487016677856, "Average Time per Epoch": 2.9632668495178223, "_wandb": {"runtime": 101}}