{"epoch": 19, "_timestamp": 1703180514.2799933, "loss": 0.005921842064708471, "root_mean_squared_error": 0.07695350795984268, "mean_absolute_percentage_error": 52040.859375, "mean_absolute_error": 0.04635455459356308, "val_loss": 0.007260740268975496, "val_root_mean_squared_error": 0.08520998060703278, "val_mean_absolute_percentage_error": 51030.0, "val_mean_absolute_error": 0.04901259392499924, "_runtime": 68.97890830039978, "_step": 20, "best_val_loss": 0.006951025687158108, "best_epoch": 9, "Final MSE": 0.01861420087516308, "Final RMSE": 0.13643386960029602, "Final MAPE": 145809.6875, "Final MAE": 0.08792398869991302, "Total Training Time": 66.56827664375305, "Average Time per Epoch": 3.3150047302246093, "_wandb": {"runtime": 67}}