{"epoch": 26, "_timestamp": 1703284431.1864154, "loss": 0.004551314283162355, "root_mean_squared_error": 0.06746342778205872, "mean_absolute_percentage_error": 11999.62109375, "mean_absolute_error": 0.04455052316188812, "val_loss": 0.007142314687371254, "val_root_mean_squared_error": 0.08451221883296967, "val_mean_absolute_percentage_error": 65784.8828125, "val_mean_absolute_error": 0.05931846424937248, "_runtime": 24.37902045249939, "_step": 27, "best_val_loss": 0.006724137347191572, "best_epoch": 16, "Final MSE": 0.008225447498261929, "Final RMSE": 0.09069425612688065, "Final MAPE": 61304.42578125, "Final MAE": 0.06044236943125725, "Total Training Time": 21.897336959838867, "Average Time per Epoch": 0.8056637004569724, "_wandb": {"runtime": 22}}