{"epoch": 22, "_timestamp": 1705616938.482973, "loss": 0.006286925636231899, "root_mean_squared_error": 0.07929013669490814, "mean_absolute_percentage_error": 47472.50390625, "mean_absolute_error": 0.04839050769805908, "val_loss": 0.007434031460434198, "val_root_mean_squared_error": 0.08622083067893982, "val_mean_absolute_percentage_error": 54477.4921875, "val_mean_absolute_error": 0.05050165206193924, "_runtime": 20.019634008407593, "_step": 23, "best_val_loss": 0.007130101788789034, "best_epoch": 12, "Final MSE": 0.020251618698239326, "Final RMSE": 0.14230817556381226, "Final MAPE": 171300.984375, "Final MAE": 0.09026029706001282, "Total Training Time": 17.79505228996277, "Average Time per Epoch": 0.7678843581158182, "_wandb": {"runtime": 18}}