{"epoch": 26, "_timestamp": 1703452749.1308882, "loss": 0.008114797063171864, "root_mean_squared_error": 0.09008216857910156, "mean_absolute_percentage_error": 10860699.0, "mean_absolute_error": 0.055065419524908066, "val_loss": 0.009980819188058376, "val_root_mean_squared_error": 0.09990405291318893, "val_mean_absolute_percentage_error": 14323352.0, "val_mean_absolute_error": 0.0618121437728405, "_runtime": 67.09478425979614, "_step": 27, "best_val_loss": 0.009483314119279385, "best_epoch": 16, "Final MSE": 0.009957727044820786, "Final RMSE": 0.09978841245174408, "Final MAPE": 18657028.0, "Final MAE": 0.06296895444393158, "Total Training Time": 64.63889026641846, "Average Time per Epoch": 2.385938979961254, "_wandb": {"runtime": 65}}