{"epoch": 22, "_timestamp": 1705583241.7339373, "loss": 0.005338599439710379, "root_mean_squared_error": 0.07306572049856186, "mean_absolute_percentage_error": 11140.4462890625, "mean_absolute_error": 0.047781966626644135, "val_loss": 0.011526169255375862, "val_root_mean_squared_error": 0.10735999792814255, "val_mean_absolute_percentage_error": 101315.8046875, "val_mean_absolute_error": 0.07132115960121155, "_runtime": 31.69558620452881, "_step": 23, "best_val_loss": 0.010817096568644047, "best_epoch": 12, "Final MSE": 0.007794211618602276, "Final RMSE": 0.08828483521938324, "Final MAPE": 57912.9765625, "Final MAE": 0.06013340502977371, "Total Training Time": 30.356139421463013, "Average Time per Epoch": 1.3122147269870923, "_wandb": {"runtime": 30}}