{"epoch": 25, "_timestamp": 1703733440.0669887, "loss": 0.0071444581262767315, "root_mean_squared_error": 0.08452489972114563, "mean_absolute_percentage_error": 6473475.5, "mean_absolute_error": 0.04787469282746315, "val_loss": 0.013398520648479462, "val_root_mean_squared_error": 0.11575198173522949, "val_mean_absolute_percentage_error": 9643310.0, "val_mean_absolute_error": 0.0648931935429573, "_runtime": 69.42276573181152, "_step": 26, "best_val_loss": 0.012304122559726238, "best_epoch": 15, "Final MSE": 0.013367931358516216, "Final RMSE": 0.11561977118253708, "Final MAPE": 15115626.0, "Final MAE": 0.06982221454381943, "Total Training Time": 67.39860105514526, "Average Time per Epoch": 2.5847727977312527, "_wandb": {"runtime": 67}}