{"epoch": 13, "_timestamp": 1703347080.9718626, "loss": 0.07205668091773987, "root_mean_squared_error": 0.26843374967575073, "mean_absolute_percentage_error": 83364520.0, "mean_absolute_error": 0.21015684306621552, "val_loss": 0.05326365679502487, "val_root_mean_squared_error": 0.2307891845703125, "val_mean_absolute_percentage_error": 93255352.0, "val_mean_absolute_error": 0.1855686604976654, "_runtime": 12.68440556526184, "_step": 14, "best_val_loss": 0.051014259457588196, "best_epoch": 3, "Final MSE": 0.044651053845882416, "Final RMSE": 0.21130795776844025, "Final MAPE": 102961600.0, "Final MAE": 0.17386984825134277, "Total Training Time": 10.341600179672241, "Average Time per Epoch": 0.7301144940512521, "_wandb": {"runtime": 10}}