{"epoch": 0, "_timestamp": 1703591660.8075647, "loss": 0.013184289447963238, "root_mean_squared_error": 0.11455880105495453, "mean_absolute_percentage_error": 27400.369140625, "mean_absolute_error": 0.07003975659608841, "val_loss": 0.014101874083280563, "val_root_mean_squared_error": 0.11875130981206894, "val_mean_absolute_percentage_error": 68703.4375, "val_mean_absolute_error": 0.08020686358213425, "_runtime": 7.404592752456665, "_step": 1, "best_val_loss": 0.014101874083280563, "best_epoch": 0, "Final MSE": 0.019429976120591164, "Final RMSE": 0.1393914520740509, "Final MAPE": 107521.171875, "Final MAE": 0.09715469926595688, "Total Training Time": 6.302709579467773, "Average Time per Epoch": 6.141690731048584, "_wandb": {"runtime": 6}}