{"epoch": 12, "_timestamp": 1703550832.7904768, "loss": 0.005718824919313192, "root_mean_squared_error": 0.07562291622161865, "mean_absolute_percentage_error": 70874.4453125, "mean_absolute_error": 0.038726598024368286, "val_loss": 0.010416681878268719, "val_root_mean_squared_error": 0.1020621508359909, "val_mean_absolute_percentage_error": 5075.33056640625, "val_mean_absolute_error": 0.062201909720897675, "_runtime": 34.23360991477966, "_step": 13, "best_val_loss": 0.009232647716999054, "best_epoch": 2, "Final MSE": 0.01352694258093834, "Final RMSE": 0.1163053885102272, "Final MAPE": 28612.091796875, "Final MAE": 0.06763190776109695, "Total Training Time": 31.945883750915527, "Average Time per Epoch": 2.4410095581641564, "_wandb": {"runtime": 32}}