{"epoch": 12, "_timestamp": 1703802402.2669578, "loss": 0.02033962309360504, "root_mean_squared_error": 0.14261704683303833, "mean_absolute_percentage_error": 169510.828125, "mean_absolute_error": 0.08813953399658203, "val_loss": 0.01688271388411522, "val_root_mean_squared_error": 0.12993349134922028, "val_mean_absolute_percentage_error": 4920.416015625, "val_mean_absolute_error": 0.07681876420974731, "_runtime": 27.751683712005615, "_step": 13, "best_val_loss": 0.016344906762242317, "best_epoch": 2, "Final MSE": 0.019860312342643738, "Final RMSE": 0.14092661440372467, "Final MAPE": 126548.7734375, "Final MAE": 0.08895790576934814, "Total Training Time": 26.194004774093628, "Average Time per Epoch": 2.00241389641395, "_wandb": {"runtime": 26}}