{"epoch": 31, "_timestamp": 1703152030.0775297, "loss": 0.004576861392706633, "root_mean_squared_error": 0.06765250116586685, "mean_absolute_percentage_error": 10506.1494140625, "mean_absolute_error": 0.0367947593331337, "val_loss": 0.008859720081090927, "val_root_mean_squared_error": 0.09412608295679092, "val_mean_absolute_percentage_error": 35360.84375, "val_mean_absolute_error": 0.06088931858539581, "_runtime": 43.49173665046692, "_step": 32, "best_val_loss": 0.008299160748720169, "best_epoch": 21, "Final MSE": 0.010497207753360271, "Final RMSE": 0.10245588421821594, "Final MAPE": 49544.2109375, "Final MAE": 0.07653947919607162, "Total Training Time": 40.529518127441406, "Average Time per Epoch": 1.2610161677002907, "_wandb": {"runtime": 40}}