{"epoch": 0, "_timestamp": 1703811750.3661573, "loss": 0.011914165690541267, "root_mean_squared_error": 0.1132485419511795, "mean_absolute_percentage_error": 194681.84375, "mean_absolute_error": 0.0785977840423584, "val_loss": 0.015200464986264706, "val_root_mean_squared_error": 0.12329016625881195, "val_mean_absolute_percentage_error": 50631.33984375, "val_mean_absolute_error": 0.0817171186208725, "_runtime": 5.613741397857666, "_step": 1, "best_val_loss": 0.015200464986264706, "best_epoch": 0, "Final MSE": 0.019414031878113747, "Final RMSE": 0.13933424651622772, "Final MAPE": 310785.875, "Final MAE": 0.09262526780366898, "Total Training Time": 4.432905673980713, "Average Time per Epoch": 4.248518228530884, "_wandb": {"runtime": 4}}