{"epoch": 10, "_timestamp": 1703197142.9286375, "loss": 0.008119795471429825, "root_mean_squared_error": 0.0901099294424057, "mean_absolute_percentage_error": 27718.2265625, "mean_absolute_error": 0.05006859451532364, "val_loss": 0.009815627709031105, "val_root_mean_squared_error": 0.0990738496184349, "val_mean_absolute_percentage_error": 98163.984375, "val_mean_absolute_error": 0.06877962499856949, "_runtime": 10.957221508026123, "_step": 11, "best_val_loss": 0.009176318533718586, "best_epoch": 0, "Final MSE": 0.02359442040324211, "Final RMSE": 0.15360476076602936, "Final MAPE": 201179.265625, "Final MAE": 0.07840234786272049, "Total Training Time": 8.842952966690063, "Average Time per Epoch": 0.7929959730668501, "_wandb": {"runtime": 9}}