{"epoch": 13, "_timestamp": 1703116289.158981, "loss": 0.005934654735028744, "root_mean_squared_error": 0.07703670859336853, "mean_absolute_percentage_error": 19190.115234375, "mean_absolute_error": 0.04743250086903572, "val_loss": 0.013211309909820557, "val_root_mean_squared_error": 0.11494046449661255, "val_mean_absolute_percentage_error": 147201.546875, "val_mean_absolute_error": 0.07841499894857407, "_runtime": 159.25821614265442, "_step": 14, "best_val_loss": 0.013147495687007904, "best_epoch": 3, "Final MSE": 0.0271469559520483, "Final RMSE": 0.16476333141326904, "Final MAPE": 117515.6953125, "Final MAE": 0.11824142932891846, "Total Training Time": 156.8053150177002, "Average Time per Epoch": 11.153339760644096, "_wandb": {"runtime": 157}}