{"epoch": 0, "_timestamp": 1703592668.284239, "loss": 0.008650598116219044, "root_mean_squared_error": 0.0961962342262268, "mean_absolute_percentage_error": 24984.1640625, "mean_absolute_error": 0.06669365614652634, "val_loss": 0.015974344685673714, "val_root_mean_squared_error": 0.12638965249061584, "val_mean_absolute_percentage_error": 106750.890625, "val_mean_absolute_error": 0.08328892290592194, "_runtime": 7.473562002182007, "_step": 1, "best_val_loss": 0.015974344685673714, "best_epoch": 0, "Final MSE": 0.01459592953324318, "Final RMSE": 0.12081361562013626, "Final MAPE": 144763.65625, "Final MAE": 0.0918562039732933, "Total Training Time": 6.358929872512817, "Average Time per Epoch": 6.193896532058716, "_wandb": {"runtime": 6}}