{"epoch": 0, "_timestamp": 1703537064.8310876, "loss": 0.0182696133852005, "root_mean_squared_error": 0.13859276473522186, "mean_absolute_percentage_error": 651603.4375, "mean_absolute_error": 0.10050078481435776, "val_loss": 0.027126003056764603, "val_root_mean_squared_error": 0.1646997332572937, "val_mean_absolute_percentage_error": 491300.375, "val_mean_absolute_error": 0.12338414043188095, "_runtime": 24.49135947227478, "_step": 1, "best_val_loss": 0.027126003056764603, "best_epoch": 0, "Final MSE": 0.025434909388422966, "Final RMSE": 0.15948325395584106, "Final MAPE": 259528.984375, "Final MAE": 0.12476260960102081, "Total Training Time": 22.89640188217163, "Average Time per Epoch": 21.901243209838867, "_wandb": {"runtime": 23}}