{"epoch": 30, "_timestamp": 1703890704.936102, "loss": 0.01305635366588831, "root_mean_squared_error": 0.11426439881324768, "mean_absolute_percentage_error": 17212.078125, "mean_absolute_error": 0.06828661262989044, "val_loss": 0.016402563080191612, "val_root_mean_squared_error": 0.12807248532772064, "val_mean_absolute_percentage_error": 64636.79296875, "val_mean_absolute_error": 0.08320493251085281, "_runtime": 25.710174798965454, "_step": 31, "best_val_loss": 0.01589985005557537, "best_epoch": 20, "Final MSE": 0.022547340020537376, "Final RMSE": 0.15015771985054016, "Final MAPE": 497647.0625, "Final MAE": 0.10387057811021805, "Total Training Time": 23.60728430747986, "Average Time per Epoch": 0.7572907247850972, "_wandb": {"runtime": 23}}