{"epoch": 33, "_timestamp": 1705643462.935202, "loss": 0.006506002973765135, "root_mean_squared_error": 0.08065979927778244, "mean_absolute_percentage_error": 25097.8984375, "mean_absolute_error": 0.04416123405098915, "val_loss": 0.013631538487970829, "val_root_mean_squared_error": 0.11675418168306351, "val_mean_absolute_percentage_error": 231291.6875, "val_mean_absolute_error": 0.058052048087120056, "_runtime": 112.84018182754517, "_step": 34, "best_val_loss": 0.012563043273985386, "best_epoch": 23, "Final MSE": 0.023452434688806534, "Final RMSE": 0.15314187109470367, "Final MAPE": 1534.7047119140625, "Final MAE": 0.09620201587677002, "Total Training Time": 108.05138826370239, "Average Time per Epoch": 3.1698952702914966, "_wandb": {"runtime": 108}}