{"epoch": 21, "_timestamp": 1703898803.2569513, "loss": 0.0056085665710270405, "root_mean_squared_error": 0.07489036023616791, "mean_absolute_percentage_error": 25819.986328125, "mean_absolute_error": 0.04775615409016609, "val_loss": 0.009766880422830582, "val_root_mean_squared_error": 0.09882752597332001, "val_mean_absolute_percentage_error": 92797.6015625, "val_mean_absolute_error": 0.06007666513323784, "_runtime": 29.501078367233276, "_step": 22, "best_val_loss": 0.008532194420695305, "best_epoch": 11, "Final MSE": 0.012658906169235706, "Final RMSE": 0.11251180619001389, "Final MAPE": 228470.984375, "Final MAE": 0.06677722930908203, "Total Training Time": 28.115540027618408, "Average Time per Epoch": 1.271350698037581, "_wandb": {"runtime": 28}}