{"epoch": 45, "_timestamp": 1703803067.8590174, "loss": 0.004996074363589287, "root_mean_squared_error": 0.07068291306495667, "mean_absolute_percentage_error": 28401.412109375, "mean_absolute_error": 0.04407673329114914, "val_loss": 0.008017863146960735, "val_root_mean_squared_error": 0.08954252302646637, "val_mean_absolute_percentage_error": 84428.8671875, "val_mean_absolute_error": 0.052243880927562714, "_runtime": 87.00790238380432, "_step": 46, "best_val_loss": 0.007802590262144804, "best_epoch": 35, "Final MSE": 0.010102777741849422, "Final RMSE": 0.10051257163286209, "Final MAPE": 146928.078125, "Final MAE": 0.05967330560088158, "Total Training Time": 85.40997743606567, "Average Time per Epoch": 1.852139773576156, "_wandb": {"runtime": 85}}