{"epoch": 17, "_timestamp": 1703456862.508972, "loss": 0.00659705838188529, "root_mean_squared_error": 0.0812222808599472, "mean_absolute_percentage_error": 8224809.0, "mean_absolute_error": 0.048491381108760834, "val_loss": 0.010829499922692776, "val_root_mean_squared_error": 0.10406488180160522, "val_mean_absolute_percentage_error": 11452615.0, "val_mean_absolute_error": 0.06482979655265808, "_runtime": 47.921314001083374, "_step": 18, "best_val_loss": 0.00986100547015667, "best_epoch": 7, "Final MSE": 0.011061489582061768, "Final RMSE": 0.10517361760139465, "Final MAPE": 15944332.0, "Final MAE": 0.06628362834453583, "Total Training Time": 45.505868434906006, "Average Time per Epoch": 2.5164489613638983, "_wandb": {"runtime": 46}}