{"epoch": 0, "_timestamp": 1703804127.2247767, "loss": 0.004876695107668638, "root_mean_squared_error": 0.0773514062166214, "mean_absolute_percentage_error": 46019.671875, "mean_absolute_error": 0.038553979247808456, "val_loss": 0.005669945850968361, "val_root_mean_squared_error": 0.07529903948307037, "val_mean_absolute_percentage_error": 52900.8046875, "val_mean_absolute_error": 0.03820311650633812, "_runtime": 10.68384575843811, "_step": 1, "best_val_loss": 0.005669945850968361, "best_epoch": 0, "Final MSE": 0.016522351652383804, "Final RMSE": 0.1285392940044403, "Final MAPE": 68871.765625, "Final MAE": 0.06855086237192154, "Total Training Time": 4.411128282546997, "Average Time per Epoch": 4.26606822013855, "_wandb": {"runtime": 4}}