{"epoch": 22, "_timestamp": 1703920703.5956328, "loss": 0.010136088356375694, "root_mean_squared_error": 0.10067814588546753, "mean_absolute_percentage_error": 505493.09375, "mean_absolute_error": 0.0688541978597641, "val_loss": 0.01692112348973751, "val_root_mean_squared_error": 0.13008122146129608, "val_mean_absolute_percentage_error": 106507.4453125, "val_mean_absolute_error": 0.08612658083438873, "_runtime": 89.83691883087158, "_step": 23, "best_val_loss": 0.015155607834458351, "best_epoch": 12, "Final MSE": 0.014260707423090935, "Final RMSE": 0.119418203830719, "Final MAPE": 114438.7109375, "Final MAE": 0.09127508103847504, "Total Training Time": 87.53121733665466, "Average Time per Epoch": 3.7946352233057437, "_wandb": {"runtime": 88}}