{"epoch": 13, "_timestamp": 1703814045.6827545, "loss": 0.008982664905488491, "root_mean_squared_error": 0.09477692097425461, "mean_absolute_percentage_error": 8561.66796875, "mean_absolute_error": 0.05227523297071457, "val_loss": 0.012008347548544407, "val_root_mean_squared_error": 0.10958260297775269, "val_mean_absolute_percentage_error": 13631.90234375, "val_mean_absolute_error": 0.06803164631128311, "_runtime": 13.269679546356201, "_step": 14, "best_val_loss": 0.009191111661493778, "best_epoch": 3, "Final MSE": 0.019257226958870888, "Final RMSE": 0.13877041637897491, "Final MAPE": 24728.955078125, "Final MAE": 0.08263825625181198, "Total Training Time": 12.00931167602539, "Average Time per Epoch": 0.8487546614238194, "_wandb": {"runtime": 12}}