{"epoch": 22, "_timestamp": 1703558843.8894048, "loss": 0.003820177400484681, "root_mean_squared_error": 0.06180758401751518, "mean_absolute_percentage_error": 51323.81640625, "mean_absolute_error": 0.03098629042506218, "val_loss": 0.008686582557857037, "val_root_mean_squared_error": 0.09320183843374252, "val_mean_absolute_percentage_error": 108259.8203125, "val_mean_absolute_error": 0.05107491463422775, "_runtime": 22.798752784729004, "_step": 23, "best_val_loss": 0.008309988304972649, "best_epoch": 12, "Final MSE": 0.016012193635106087, "Final RMSE": 0.12653928995132446, "Final MAPE": 161582.53125, "Final MAE": 0.07882693409919739, "Total Training Time": 20.638394355773926, "Average Time per Epoch": 0.8913397892661716, "_wandb": {"runtime": 20}}