{"epoch": 43, "_timestamp": 1703500229.8273482, "loss": 0.003644639393314719, "root_mean_squared_error": 0.06037084758281708, "mean_absolute_percentage_error": 11133.890625, "mean_absolute_error": 0.03362104296684265, "val_loss": 0.013327703811228275, "val_root_mean_squared_error": 0.11544567346572876, "val_mean_absolute_percentage_error": 85007.9296875, "val_mean_absolute_error": 0.06787468492984772, "_runtime": 102.75439119338989, "_step": 44, "best_val_loss": 0.011099394410848618, "best_epoch": 33, "Final MSE": 0.02019129879772663, "Final RMSE": 0.14209608733654022, "Final MAPE": 16412.451171875, "Final MAE": 0.07846442610025406, "Total Training Time": 100.21627473831177, "Average Time per Epoch": 2.2727627862583506, "_wandb": {"runtime": 100}}