{"epoch": 18, "_timestamp": 1703762761.7470067, "loss": 0.011626561172306538, "root_mean_squared_error": 0.10782655328512192, "mean_absolute_percentage_error": 23261.654296875, "mean_absolute_error": 0.07994673401117325, "val_loss": 0.023622237145900726, "val_root_mean_squared_error": 0.1536952704191208, "val_mean_absolute_percentage_error": 393743.40625, "val_mean_absolute_error": 0.12168324738740921, "_runtime": 16.083756685256958, "_step": 19, "best_val_loss": 0.02323920466005802, "best_epoch": 8, "Final MSE": 0.01641719974577427, "Final RMSE": 0.12812961637973785, "Final MAPE": 161899.875, "Final MAE": 0.09812656790018082, "Total Training Time": 13.973011016845703, "Average Time per Epoch": 0.7278099185542056, "_wandb": {"runtime": 14}}