{"epoch": 25, "_timestamp": 1703439682.919693, "loss": 0.008060244843363762, "root_mean_squared_error": 0.08977886289358139, "mean_absolute_percentage_error": 6747463.0, "mean_absolute_error": 0.0530712865293026, "val_loss": 0.009386803954839706, "val_root_mean_squared_error": 0.09688551723957062, "val_mean_absolute_percentage_error": 13711512.0, "val_mean_absolute_error": 0.06399332731962204, "_runtime": 22.082447052001953, "_step": 26, "best_val_loss": 0.008655991405248642, "best_epoch": 15, "Final MSE": 0.014009258709847927, "Final RMSE": 0.11836071312427521, "Final MAPE": 16526831.0, "Final MAE": 0.07863807678222656, "Total Training Time": 19.862532377243042, "Average Time per Epoch": 0.7588281539770273, "_wandb": {"runtime": 20}}