{"epoch": 56, "_timestamp": 1703845391.4091172, "loss": 0.008704321458935738, "root_mean_squared_error": 0.09329695254564285, "mean_absolute_percentage_error": 4095.662109375, "mean_absolute_error": 0.05309198051691055, "val_loss": 0.015823228284716606, "val_root_mean_squared_error": 0.12579041719436646, "val_mean_absolute_percentage_error": 46043.5234375, "val_mean_absolute_error": 0.0792858675122261, "_runtime": 131.33940029144287, "_step": 57, "best_val_loss": 0.014268619008362293, "best_epoch": 46, "Final MSE": 0.0308728888630867, "Final RMSE": 0.17570683360099792, "Final MAPE": 157921.46875, "Final MAE": 0.12673214077949524, "Total Training Time": 128.82148098945618, "Average Time per Epoch": 2.256102436467221, "_wandb": {"runtime": 129}}