{"epoch": 18, "_timestamp": 1703807216.5764484, "loss": 0.005228117108345032, "root_mean_squared_error": 0.07230571657419205, "mean_absolute_percentage_error": 10519.3974609375, "mean_absolute_error": 0.04678721725940704, "val_loss": 0.012459433637559414, "val_root_mean_squared_error": 0.11162183433771133, "val_mean_absolute_percentage_error": 47451.81640625, "val_mean_absolute_error": 0.07261420786380768, "_runtime": 46.974971532821655, "_step": 19, "best_val_loss": 0.011626766063272953, "best_epoch": 8, "Final MSE": 0.010359345935285091, "Final RMSE": 0.10178086906671524, "Final MAPE": 51124.93359375, "Final MAE": 0.07401824742555618, "Total Training Time": 44.71764373779297, "Average Time per Epoch": 2.3411749162172018, "_wandb": {"runtime": 45}}