{"epoch": 14, "_timestamp": 1703345009.3141232, "loss": 0.06817009299993515, "root_mean_squared_error": 0.26109397411346436, "mean_absolute_percentage_error": 84178200.0, "mean_absolute_error": 0.2089816927909851, "val_loss": 0.0681527704000473, "val_root_mean_squared_error": 0.2610608637332916, "val_mean_absolute_percentage_error": 109701296.0, "val_mean_absolute_error": 0.21948014199733734, "_runtime": 13.387235164642334, "_step": 15, "best_val_loss": 0.06667441874742508, "best_epoch": 4, "Final MSE": 0.07119681686162949, "Final RMSE": 0.2668273150920868, "Final MAPE": 120579952.0, "Final MAE": 0.22399473190307617, "Total Training Time": 11.22879672050476, "Average Time per Epoch": 0.7405810991923014, "_wandb": {"runtime": 11}}