{"epoch": 23, "_timestamp": 1703762295.8078463, "loss": 0.024964747950434685, "root_mean_squared_error": 0.1580023616552353, "mean_absolute_percentage_error": 50036.23046875, "mean_absolute_error": 0.09536366164684296, "val_loss": 0.02419138327240944, "val_root_mean_squared_error": 0.1555357724428177, "val_mean_absolute_percentage_error": 58793.40234375, "val_mean_absolute_error": 0.10171080380678177, "_runtime": 19.675798416137695, "_step": 24, "best_val_loss": 0.02390144020318985, "best_epoch": 13, "Final MSE": 0.04029369726777077, "Final RMSE": 0.20073291659355164, "Final MAPE": 706356.5625, "Final MAE": 0.12398314476013184, "Total Training Time": 17.897584915161133, "Average Time per Epoch": 0.7390522360801697, "_wandb": {"runtime": 18}}