{"epoch": 0, "_timestamp": 1703549429.8375971, "loss": 0.008752059191465378, "root_mean_squared_error": 0.09607980400323868, "mean_absolute_percentage_error": 8135.556640625, "mean_absolute_error": 0.06262453645467758, "val_loss": 0.013726916164159775, "val_root_mean_squared_error": 0.11716192215681076, "val_mean_absolute_percentage_error": 21589.740234375, "val_mean_absolute_error": 0.07766912877559662, "_runtime": 12.240414142608643, "_step": 1, "best_val_loss": 0.013726916164159775, "best_epoch": 0, "Final MSE": 0.011868909001350403, "Final RMSE": 0.10894452035427094, "Final MAPE": 42002.109375, "Final MAE": 0.071832574903965, "Total Training Time": 4.573547601699829, "Average Time per Epoch": 4.419402360916138, "_wandb": {"runtime": 4}}