{"epoch": 0, "_timestamp": 1703820138.9758453, "loss": 0.005903789773583412, "root_mean_squared_error": 0.08657710999250412, "mean_absolute_percentage_error": 39908.5234375, "mean_absolute_error": 0.0545315220952034, "val_loss": 0.008124238811433315, "val_root_mean_squared_error": 0.09013456106185913, "val_mean_absolute_percentage_error": 62911.2421875, "val_mean_absolute_error": 0.055805135518312454, "_runtime": 4.439247369766235, "_step": 1, "best_val_loss": 0.008124238811433315, "best_epoch": 0, "Final MSE": 0.01046824548393488, "Final RMSE": 0.10231444239616394, "Final MAPE": 164912.71875, "Final MAE": 0.061921894550323486, "Total Training Time": 2.599804639816284, "Average Time per Epoch": 2.4397480487823486, "_wandb": {"runtime": 2}}