{"epoch": 38, "_timestamp": 1703089326.4329617, "loss": 0.007801922038197517, "root_mean_squared_error": 0.08832848817110062, "mean_absolute_percentage_error": 8936.736328125, "mean_absolute_error": 0.056995708495378494, "val_loss": 0.016027992591261864, "val_root_mean_squared_error": 0.1266017109155655, "val_mean_absolute_percentage_error": 36474.28515625, "val_mean_absolute_error": 0.08808804303407669, "_runtime": 96.78948378562927, "_step": 39, "best_val_loss": 0.014342071488499641, "best_epoch": 28, "Final MSE": 0.015412663109600544, "Final RMSE": 0.12414775043725967, "Final MAPE": 49411.95703125, "Final MAE": 0.08464605361223221, "Total Training Time": 94.18111848831177, "Average Time per Epoch": 2.409261770737477, "_wandb": {"runtime": 94}}