{"epoch": 20, "_timestamp": 1703459983.4640758, "loss": 0.007995551452040672, "root_mean_squared_error": 0.08941784501075745, "mean_absolute_percentage_error": 6859606.0, "mean_absolute_error": 0.05210428312420845, "val_loss": 0.013467902317643166, "val_root_mean_squared_error": 0.11605129390954971, "val_mean_absolute_percentage_error": 12229332.0, "val_mean_absolute_error": 0.06995009630918503, "_runtime": 64.97563171386719, "_step": 21, "best_val_loss": 0.008798269554972649, "best_epoch": 10, "Final MSE": 0.015821494162082672, "Final RMSE": 0.1257835179567337, "Final MAPE": 23399786.0, "Final MAE": 0.08204367756843567, "Total Training Time": 62.73353862762451, "Average Time per Epoch": 2.97566751071385, "_wandb": {"runtime": 63}}