{"epoch": 23, "_timestamp": 1703669063.4377432, "loss": 0.008778381161391735, "root_mean_squared_error": 0.09369301795959473, "mean_absolute_percentage_error": 8690683.0, "mean_absolute_error": 0.055343661457300186, "val_loss": 0.01797463744878769, "val_root_mean_squared_error": 0.1340695172548294, "val_mean_absolute_percentage_error": 5924364.5, "val_mean_absolute_error": 0.07332510501146317, "_runtime": 58.77453327178955, "_step": 24, "best_val_loss": 0.017519760876893997, "best_epoch": 13, "Final MSE": 0.01763688027858734, "Final RMSE": 0.13280391693115234, "Final MAPE": 10146405.0, "Final MAE": 0.07171989977359772, "Total Training Time": 57.094523191452026, "Average Time per Epoch": 2.371474266052246, "_wandb": {"runtime": 57}}