{"epoch": 16, "_timestamp": 1703097567.8627753, "loss": 0.009620926342904568, "root_mean_squared_error": 0.09808628261089325, "mean_absolute_percentage_error": 80978.0234375, "mean_absolute_error": 0.06190534681081772, "val_loss": 0.014550911262631416, "val_root_mean_squared_error": 0.12062717229127884, "val_mean_absolute_percentage_error": 103874.0, "val_mean_absolute_error": 0.07696862518787384, "_runtime": 15.62095832824707, "_step": 17, "best_val_loss": 0.014302462339401245, "best_epoch": 6, "Final MSE": 0.022381141781806946, "Final RMSE": 0.14960329234600067, "Final MAPE": 104764.390625, "Final MAE": 0.1126391589641571, "Total Training Time": 13.492046356201172, "Average Time per Epoch": 0.7857910885530359, "_wandb": {"runtime": 13}}