{"epoch": 27, "_timestamp": 1703896446.9868882, "loss": 0.010437864810228348, "root_mean_squared_error": 0.10216587036848068, "mean_absolute_percentage_error": 190590.796875, "mean_absolute_error": 0.05314033105969429, "val_loss": 0.008483726531267166, "val_root_mean_squared_error": 0.0921071469783783, "val_mean_absolute_percentage_error": 121.05805969238281, "val_mean_absolute_error": 0.05417540669441223, "_runtime": 37.30047917366028, "_step": 28, "best_val_loss": 0.008214921690523624, "best_epoch": 17, "Final MSE": 0.014674786478281021, "Final RMSE": 0.1211395338177681, "Final MAPE": 93006.3046875, "Final MAE": 0.07546422630548477, "Total Training Time": 35.07832884788513, "Average Time per Epoch": 1.2480615632874625, "_wandb": {"runtime": 35}}