{"epoch": 0, "_timestamp": 1703564635.5892293, "loss": 0.005416159052401781, "root_mean_squared_error": 0.08146696537733078, "mean_absolute_percentage_error": 153692.078125, "mean_absolute_error": 0.047854986041784286, "val_loss": 0.010757827199995518, "val_root_mean_squared_error": 0.10371994972229004, "val_mean_absolute_percentage_error": 274276.96875, "val_mean_absolute_error": 0.058005254715681076, "_runtime": 4.590725421905518, "_step": 1, "best_val_loss": 0.010757827199995518, "best_epoch": 0, "Final MSE": 0.013998066075146198, "Final RMSE": 0.11831342428922653, "Final MAPE": 24813.001953125, "Final MAE": 0.06451037526130676, "Total Training Time": 2.7099249362945557, "Average Time per Epoch": 2.558919906616211, "_wandb": {"runtime": 2}}