{"epoch": 34, "_timestamp": 1703149293.1634152, "loss": 0.003924721851944923, "root_mean_squared_error": 0.06264760345220566, "mean_absolute_percentage_error": 48788.0625, "mean_absolute_error": 0.031693074852228165, "val_loss": 0.009431124664843082, "val_root_mean_squared_error": 0.09711397439241409, "val_mean_absolute_percentage_error": 68928.546875, "val_mean_absolute_error": 0.05000730976462364, "_runtime": 30.11815309524536, "_step": 35, "best_val_loss": 0.009027980268001556, "best_epoch": 24, "Final MSE": 0.012851816602051258, "Final RMSE": 0.11336585134267807, "Final MAPE": 49631.2109375, "Final MAE": 0.05783984810113907, "Total Training Time": 27.77880358695984, "Average Time per Epoch": 0.7892227445329939, "_wandb": {"runtime": 28}}