{"epoch": 0, "_timestamp": 1703648178.720533, "loss": 0.003999125678092241, "root_mean_squared_error": 0.07063223421573639, "mean_absolute_percentage_error": 26391.669921875, "mean_absolute_error": 0.03856692463159561, "val_loss": 0.004792578052729368, "val_root_mean_squared_error": 0.06922844797372818, "val_mean_absolute_percentage_error": 6848.58251953125, "val_mean_absolute_error": 0.044073909521102905, "_runtime": 6.329452991485596, "_step": 1, "best_val_loss": 0.004792578052729368, "best_epoch": 0, "Final MSE": 0.012184657156467438, "Final RMSE": 0.11038413643836975, "Final MAPE": 20211.943359375, "Final MAE": 0.06149677932262421, "Total Training Time": 4.563570022583008, "Average Time per Epoch": 4.374088764190674, "_wandb": {"runtime": 4}}