{"epoch": 17, "_timestamp": 1705577670.5391762, "loss": 0.010572044178843498, "root_mean_squared_error": 0.10282044857740402, "mean_absolute_percentage_error": 6627.89501953125, "mean_absolute_error": 0.059049975126981735, "val_loss": 0.007976241409778595, "val_root_mean_squared_error": 0.08930980414152145, "val_mean_absolute_percentage_error": 83198.0703125, "val_mean_absolute_error": 0.05751538276672363, "_runtime": 16.715050220489502, "_step": 18, "best_val_loss": 0.00787814985960722, "best_epoch": 7, "Final MSE": 0.01629883237183094, "Final RMSE": 0.1276668757200241, "Final MAPE": 50459.47265625, "Final MAE": 0.07931292802095413, "Total Training Time": 14.48812747001648, "Average Time per Epoch": 0.7977279557122124, "_wandb": {"runtime": 14}}