{"epoch": 0, "_timestamp": 1703556490.938152, "loss": 0.003586693899706006, "root_mean_squared_error": 0.06250888854265213, "mean_absolute_percentage_error": 10738.3671875, "mean_absolute_error": 0.030075548216700554, "val_loss": 0.005495139397680759, "val_root_mean_squared_error": 0.07412920892238617, "val_mean_absolute_percentage_error": 44887.66796875, "val_mean_absolute_error": 0.04878702014684677, "_runtime": 6.203366041183472, "_step": 1, "best_val_loss": 0.005495139397680759, "best_epoch": 0, "Final MSE": 0.006351281888782978, "Final RMSE": 0.07969492673873901, "Final MAPE": 52000.22265625, "Final MAE": 0.052620381116867065, "Total Training Time": 4.5804924964904785, "Average Time per Epoch": 4.38644814491272, "_wandb": {"runtime": 4}}