{"epoch": 33, "_timestamp": 1703546290.7576175, "loss": 0.0067603811621665955, "root_mean_squared_error": 0.08222153782844543, "mean_absolute_percentage_error": 33907.421875, "mean_absolute_error": 0.044802967458963394, "val_loss": 0.012787566520273685, "val_root_mean_squared_error": 0.11308212578296661, "val_mean_absolute_percentage_error": 387917.34375, "val_mean_absolute_error": 0.0635301023721695, "_runtime": 68.25045943260193, "_step": 34, "best_val_loss": 0.012694344855844975, "best_epoch": 23, "Final MSE": 0.01898331195116043, "Final RMSE": 0.13777993619441986, "Final MAPE": 21749.658203125, "Final MAE": 0.08485697209835052, "Total Training Time": 65.75586128234863, "Average Time per Epoch": 1.9282242550569422, "_wandb": {"runtime": 66}}