{"epoch": 25, "_timestamp": 1703285762.8817446, "loss": 0.011361024342477322, "root_mean_squared_error": 0.10658810287714005, "mean_absolute_percentage_error": 14855.9326171875, "mean_absolute_error": 0.06545131653547287, "val_loss": 0.014314277097582817, "val_root_mean_squared_error": 0.11964228749275208, "val_mean_absolute_percentage_error": 73732.7734375, "val_mean_absolute_error": 0.08352745324373245, "_runtime": 35.94306969642639, "_step": 26, "best_val_loss": 0.013067644089460373, "best_epoch": 15, "Final MSE": 0.01822558045387268, "Final RMSE": 0.13500215113162994, "Final MAPE": 143322.921875, "Final MAE": 0.09756901860237122, "Total Training Time": 33.608020067214966, "Average Time per Epoch": 1.2861161140295176, "_wandb": {"runtime": 34}}