{"epoch": 26, "_timestamp": 1705592660.2487931, "loss": 0.005157929845154285, "root_mean_squared_error": 0.07181873172521591, "mean_absolute_percentage_error": 142089.203125, "mean_absolute_error": 0.042903002351522446, "val_loss": 0.010957406833767891, "val_root_mean_squared_error": 0.10467763245105743, "val_mean_absolute_percentage_error": 245023.203125, "val_mean_absolute_error": 0.06352892518043518, "_runtime": 71.05701518058777, "_step": 27, "best_val_loss": 0.010699093341827393, "best_epoch": 16, "Final MSE": 0.015044210478663445, "Final RMSE": 0.12265484035015106, "Final MAPE": 61491.6796875, "Final MAE": 0.07614322006702423, "Total Training Time": 69.55133986473083, "Average Time per Epoch": 2.566590106045758, "_wandb": {"runtime": 70}}