{"epoch": 33, "_timestamp": 1705618849.7196693, "loss": 0.00784161314368248, "root_mean_squared_error": 0.08855288475751877, "mean_absolute_percentage_error": 9758.3447265625, "mean_absolute_error": 0.05934511497616768, "val_loss": 0.013317139819264412, "val_root_mean_squared_error": 0.11539991199970245, "val_mean_absolute_percentage_error": 9179.3076171875, "val_mean_absolute_error": 0.075795017182827, "_runtime": 43.5724983215332, "_step": 34, "best_val_loss": 0.013165940530598164, "best_epoch": 23, "Final MSE": 0.0134104173630476, "Final RMSE": 0.11580335348844528, "Final MAPE": 34279.57421875, "Final MAE": 0.07697544991970062, "Total Training Time": 41.308446645736694, "Average Time per Epoch": 1.2095971878837137, "_wandb": {"runtime": 41}}