{"epoch": 24, "_timestamp": 1703901362.0200264, "loss": 0.008507396094501019, "root_mean_squared_error": 0.09223555028438568, "mean_absolute_percentage_error": 2417.97802734375, "mean_absolute_error": 0.05166452378034592, "val_loss": 0.010033894330263138, "val_root_mean_squared_error": 0.10016933083534241, "val_mean_absolute_percentage_error": 15585.779296875, "val_mean_absolute_error": 0.057154104113578796, "_runtime": 63.3845055103302, "_step": 25, "best_val_loss": 0.009294984862208366, "best_epoch": 14, "Final MSE": 0.016175176948308945, "Final RMSE": 0.12718166410923004, "Final MAPE": 7959.27734375, "Final MAE": 0.0778728798031807, "Total Training Time": 57.90458583831787, "Average Time per Epoch": 2.307943115234375, "_wandb": {"runtime": 61}}