{"epoch": 12, "_timestamp": 1703595234.7374582, "loss": 0.022859858348965645, "root_mean_squared_error": 0.151194766163826, "mean_absolute_percentage_error": 73994.453125, "mean_absolute_error": 0.11573820561170578, "val_loss": 0.030163995921611786, "val_root_mean_squared_error": 0.17367787659168243, "val_mean_absolute_percentage_error": 252791.4375, "val_mean_absolute_error": 0.14312362670898438, "_runtime": 12.53923511505127, "_step": 13, "best_val_loss": 0.02963333949446678, "best_epoch": 2, "Final MSE": 0.021184682846069336, "Final RMSE": 0.14554959535598755, "Final MAPE": 514961.875, "Final MAE": 0.09685973078012466, "Total Training Time": 10.365608215332031, "Average Time per Epoch": 0.7878929835099441, "_wandb": {"runtime": 10}}