{"epoch": 0, "_timestamp": 1703815030.2815886, "loss": 0.022810114547610283, "root_mean_squared_error": 0.1492825597524643, "mean_absolute_percentage_error": 185795.46875, "mean_absolute_error": 0.09311296045780182, "val_loss": 0.015983350574970245, "val_root_mean_squared_error": 0.12642528116703033, "val_mean_absolute_percentage_error": 24515.87109375, "val_mean_absolute_error": 0.07590655237436295, "_runtime": 3.669360637664795, "_step": 1, "best_val_loss": 0.015983350574970245, "best_epoch": 0, "Final MSE": 0.0181193295866251, "Final RMSE": 0.13460806012153625, "Final MAPE": 504575.09375, "Final MAE": 0.08491338789463043, "Total Training Time": 1.8299264907836914, "Average Time per Epoch": 1.7307703495025635, "_wandb": {"runtime": 1}}