{"epoch": 18, "_timestamp": 1703097488.7512681, "loss": 0.009573766030371189, "root_mean_squared_error": 0.09784560650587082, "mean_absolute_percentage_error": 84254.7734375, "mean_absolute_error": 0.061660412698984146, "val_loss": 0.014548229984939098, "val_root_mean_squared_error": 0.12061605602502823, "val_mean_absolute_percentage_error": 103110.2265625, "val_mean_absolute_error": 0.07672487944364548, "_runtime": 17.566817045211792, "_step": 19, "best_val_loss": 0.014231584034860134, "best_epoch": 8, "Final MSE": 0.022413507103919983, "Final RMSE": 0.14971140027046204, "Final MAPE": 104627.5, "Final MAE": 0.11260193586349487, "Total Training Time": 15.41105842590332, "Average Time per Epoch": 0.8037918115917005, "_wandb": {"runtime": 15}}