{"epoch": 0, "_timestamp": 1703501971.441265, "loss": 0.003907422535121441, "root_mean_squared_error": 0.06604259461164474, "mean_absolute_percentage_error": 234791.25, "mean_absolute_error": 0.037446800619363785, "val_loss": 0.00656834477558732, "val_root_mean_squared_error": 0.08104532212018967, "val_mean_absolute_percentage_error": 30.775943756103516, "val_mean_absolute_error": 0.04090395197272301, "_runtime": 7.422124147415161, "_step": 1, "best_val_loss": 0.00656834477558732, "best_epoch": 0, "Final MSE": 0.007744154427200556, "Final RMSE": 0.08800087869167328, "Final MAPE": 272859.9375, "Final MAE": 0.05705651268362999, "Total Training Time": 6.2310471534729, "Average Time per Epoch": 6.074005842208862, "_wandb": {"runtime": 6}}