{"epoch": 14, "_timestamp": 1703745336.4295971, "loss": 0.008249735459685326, "root_mean_squared_error": 0.0908280536532402, "mean_absolute_percentage_error": 7145073.5, "mean_absolute_error": 0.05358747020363808, "val_loss": 0.008586750365793705, "val_root_mean_squared_error": 0.09266471862792969, "val_mean_absolute_percentage_error": 12014657.0, "val_mean_absolute_error": 0.058963727205991745, "_runtime": 23.80796504020691, "_step": 15, "best_val_loss": 0.0080685093998909, "best_epoch": 4, "Final MSE": 0.012774398550391197, "Final RMSE": 0.11302388459444046, "Final MAPE": 18688440.0, "Final MAE": 0.0737481415271759, "Total Training Time": 22.454282760620117, "Average Time per Epoch": 1.4805485089619954, "_wandb": {"runtime": 22}}