{"epoch": 19, "_timestamp": 1703437968.3741167, "loss": 0.008740320801734924, "root_mean_squared_error": 0.09348968416452408, "mean_absolute_percentage_error": 9060845.0, "mean_absolute_error": 0.055813126266002655, "val_loss": 0.013694866560399532, "val_root_mean_squared_error": 0.11702506989240646, "val_mean_absolute_percentage_error": 11514076.0, "val_mean_absolute_error": 0.07138609886169434, "_runtime": 17.22170877456665, "_step": 20, "best_val_loss": 0.012288135476410389, "best_epoch": 9, "Final MSE": 0.01264779269695282, "Final RMSE": 0.11246240884065628, "Final MAPE": 20332284.0, "Final MAE": 0.07238595932722092, "Total Training Time": 15.016839981079102, "Average Time per Epoch": 0.744446849822998, "_wandb": {"runtime": 15}}