{"epoch": 10, "_timestamp": 1703196443.4481888, "loss": 0.00761671457439661, "root_mean_squared_error": 0.08727380633354187, "mean_absolute_percentage_error": 29024.322265625, "mean_absolute_error": 0.05300464853644371, "val_loss": 0.03833036124706268, "val_root_mean_squared_error": 0.195781409740448, "val_mean_absolute_percentage_error": 101936.015625, "val_mean_absolute_error": 0.16877229511737823, "_runtime": 11.12637186050415, "_step": 11, "best_val_loss": 0.035338155925273895, "best_epoch": 0, "Final MSE": 0.027494553476572037, "Final RMSE": 0.16581480205059052, "Final MAPE": 207539.1875, "Final MAE": 0.0924038216471672, "Total Training Time": 8.947864770889282, "Average Time per Epoch": 0.8026226000352339, "_wandb": {"runtime": 9}}