{"epoch": 0, "_timestamp": 1703746925.9291694, "loss": 0.008180993609130383, "root_mean_squared_error": 0.09202595055103302, "mean_absolute_percentage_error": 8274157.5, "mean_absolute_error": 0.05338190123438835, "val_loss": 0.006732575129717588, "val_root_mean_squared_error": 0.08205226808786392, "val_mean_absolute_percentage_error": 8721118.0, "val_mean_absolute_error": 0.05029899999499321, "_runtime": 4.678378343582153, "_step": 1, "best_val_loss": 0.006732575129717588, "best_epoch": 0, "Final MSE": 0.010987037792801857, "Final RMSE": 0.10481907427310944, "Final MAPE": 12236845.0, "Final MAE": 0.0640232190489769, "Total Training Time": 2.7409327030181885, "Average Time per Epoch": 2.600626230239868, "_wandb": {"runtime": 2}}