{"epoch": 14, "_timestamp": 1703345271.78152, "loss": 0.06283264607191086, "root_mean_squared_error": 0.2506643235683441, "mean_absolute_percentage_error": 78921024.0, "mean_absolute_error": 0.20004582405090332, "val_loss": 0.06366393715143204, "val_root_mean_squared_error": 0.2523171305656433, "val_mean_absolute_percentage_error": 90969640.0, "val_mean_absolute_error": 0.2049214392900467, "_runtime": 13.338977813720703, "_step": 15, "best_val_loss": 0.06338430941104889, "best_epoch": 4, "Final MSE": 0.06280156970024109, "Final RMSE": 0.25060245394706726, "Final MAPE": 100849680.0, "Final MAE": 0.20244614779949188, "Total Training Time": 11.133493661880493, "Average Time per Epoch": 0.7344993432362874, "_wandb": {"runtime": 11}}