{"epoch": 26, "_timestamp": 1703891399.4348948, "loss": 0.009494934231042862, "root_mean_squared_error": 0.09744195640087128, "mean_absolute_percentage_error": 9157.5, "mean_absolute_error": 0.05739714577794075, "val_loss": 0.016114357858896255, "val_root_mean_squared_error": 0.12694233655929565, "val_mean_absolute_percentage_error": 22104.99609375, "val_mean_absolute_error": 0.07473649084568024, "_runtime": 22.071513891220093, "_step": 27, "best_val_loss": 0.015185557305812836, "best_epoch": 16, "Final MSE": 0.027647027745842934, "Final RMSE": 0.16627395153045654, "Final MAPE": 125893.453125, "Final MAE": 0.11534854769706726, "Total Training Time": 20.767085552215576, "Average Time per Epoch": 0.7654440579590974, "_wandb": {"runtime": 21}}