{"epoch": 0, "_timestamp": 1703787947.5809875, "loss": 0.0059835053980350494, "root_mean_squared_error": 0.08877705037593842, "mean_absolute_percentage_error": 42523.75, "mean_absolute_error": 0.052203577011823654, "val_loss": 0.014009608887135983, "val_root_mean_squared_error": 0.118362195789814, "val_mean_absolute_percentage_error": 109338.046875, "val_mean_absolute_error": 0.07417359203100204, "_runtime": 40.44830346107483, "_step": 1, "best_val_loss": 0.014009608887135983, "best_epoch": 0, "Final MSE": 0.02809802256524563, "Final RMSE": 0.16762465238571167, "Final MAPE": 80012.1796875, "Final MAE": 0.10257208347320557, "Total Training Time": 39.14702773094177, "Average Time per Epoch": 37.31983923912048, "_wandb": {"runtime": 39}}