{"epoch": 0, "_timestamp": 1703657019.4103174, "loss": 0.004478147253394127, "root_mean_squared_error": 0.0756610780954361, "mean_absolute_percentage_error": 31683.171875, "mean_absolute_error": 0.03984740003943443, "val_loss": 0.012607771903276443, "val_root_mean_squared_error": 0.1122843325138092, "val_mean_absolute_percentage_error": 140330.53125, "val_mean_absolute_error": 0.07763591408729553, "_runtime": 4.600950479507446, "_step": 1, "best_val_loss": 0.012607771903276443, "best_epoch": 0, "Final MSE": 0.018493646755814552, "Final RMSE": 0.13599134981632233, "Final MAPE": 251032.9375, "Final MAE": 0.09450551867485046, "Total Training Time": 2.754030704498291, "Average Time per Epoch": 2.6040279865264893, "_wandb": {"runtime": 2}}