{"epoch": 0, "_timestamp": 1703674797.7686777, "loss": 0.006508106365799904, "root_mean_squared_error": 0.08214081823825836, "mean_absolute_percentage_error": 6165369.0, "mean_absolute_error": 0.04657241329550743, "val_loss": 0.007136121857911348, "val_root_mean_squared_error": 0.0844755694270134, "val_mean_absolute_percentage_error": 4761647.5, "val_mean_absolute_error": 0.04765191674232483, "_runtime": 7.464892625808716, "_step": 1, "best_val_loss": 0.007136121857911348, "best_epoch": 0, "Final MSE": 0.007382603827863932, "Final RMSE": 0.08592207729816437, "Final MAPE": 7860255.0, "Final MAE": 0.04967377334833145, "Total Training Time": 6.314338207244873, "Average Time per Epoch": 6.128764867782593, "_wandb": {"runtime": 6}}