{"epoch": 0, "_timestamp": 1703803453.3598952, "loss": 0.011485347524285316, "root_mean_squared_error": 0.10954707860946655, "mean_absolute_percentage_error": 7155.81689453125, "mean_absolute_error": 0.06355125457048416, "val_loss": 0.008137448690831661, "val_root_mean_squared_error": 0.09020780771970749, "val_mean_absolute_percentage_error": 50604.875, "val_mean_absolute_error": 0.05229927599430084, "_runtime": 9.277995347976685, "_step": 1, "best_val_loss": 0.008137448690831661, "best_epoch": 0, "Final MSE": 0.015195799991488457, "Final RMSE": 0.12327124923467636, "Final MAPE": 41306.03125, "Final MAE": 0.0732215940952301, "Total Training Time": 4.4584197998046875, "Average Time per Epoch": 4.30257248878479, "_wandb": {"runtime": 4}}