{"epoch": 14, "_timestamp": 1703169151.187173, "loss": 0.014364497736096382, "root_mean_squared_error": 0.1198519840836525, "mean_absolute_percentage_error": 11281.1552734375, "mean_absolute_error": 0.07407188415527344, "val_loss": 0.012175477109849453, "val_root_mean_squared_error": 0.11034254729747772, "val_mean_absolute_percentage_error": 66464.78125, "val_mean_absolute_error": 0.0773807242512703, "_runtime": 48.760695934295654, "_step": 15, "best_val_loss": 0.010690921917557716, "best_epoch": 4, "Final MSE": 0.018086250871419907, "Final RMSE": 0.134485125541687, "Final MAPE": 118912.4453125, "Final MAE": 0.09331325441598892, "Total Training Time": 46.405781507492065, "Average Time per Epoch": 3.0772516250610353, "_wandb": {"runtime": 46}}