{"epoch": 13, "_timestamp": 1703307636.716233, "loss": 0.016518505290150642, "root_mean_squared_error": 0.12852433323860168, "mean_absolute_percentage_error": 12949.3486328125, "mean_absolute_error": 0.08185629546642303, "val_loss": 0.014476899988949299, "val_root_mean_squared_error": 0.12031999230384827, "val_mean_absolute_percentage_error": 67190.09375, "val_mean_absolute_error": 0.09194445610046387, "_runtime": 56.788657903671265, "_step": 14, "best_val_loss": 0.013575376942753792, "best_epoch": 3, "Final MSE": 0.01848994940519333, "Final RMSE": 0.13597775995731354, "Final MAPE": 59289.25, "Final MAE": 0.10619886219501495, "Total Training Time": 54.4566490650177, "Average Time per Epoch": 3.8692220790045604, "_wandb": {"runtime": 54}}