{"epoch": 32, "_timestamp": 1705603035.1573074, "loss": 0.008921711705625057, "root_mean_squared_error": 0.0944548100233078, "mean_absolute_percentage_error": 27558.3515625, "mean_absolute_error": 0.06308504194021225, "val_loss": 0.014418315142393112, "val_root_mean_squared_error": 0.12007629126310349, "val_mean_absolute_percentage_error": 16723.6875, "val_mean_absolute_error": 0.07836208492517471, "_runtime": 113.51457333564758, "_step": 33, "best_val_loss": 0.014199004508554935, "best_epoch": 22, "Final MSE": 0.025977449491620064, "Final RMSE": 0.1611752063035965, "Final MAPE": 16116.9052734375, "Final MAE": 0.11424554139375687, "Total Training Time": 112.12001252174377, "Average Time per Epoch": 3.3881823221842446, "_wandb": {"runtime": 112}}