{"epoch": 53, "_timestamp": 1703094482.1585846, "loss": 0.004855638835579157, "root_mean_squared_error": 0.06968241184949875, "mean_absolute_percentage_error": 7376.62255859375, "mean_absolute_error": 0.04403548315167427, "val_loss": 0.01163407601416111, "val_root_mean_squared_error": 0.10786137729883194, "val_mean_absolute_percentage_error": 157133.21875, "val_mean_absolute_error": 0.07758615911006927, "_runtime": 131.84004759788513, "_step": 54, "best_val_loss": 0.011548961512744427, "best_epoch": 43, "Final MSE": 0.008424448780715466, "Final RMSE": 0.09178479760885239, "Final MAPE": 61506.68359375, "Final MAE": 0.06567541509866714, "Total Training Time": 129.1541247367859, "Average Time per Epoch": 2.3872914402573198, "_wandb": {"runtime": 129}}