{"epoch": 23, "_timestamp": 1703843792.032186, "loss": 0.010929434560239315, "root_mean_squared_error": 0.10454393923282623, "mean_absolute_percentage_error": 10110.9619140625, "mean_absolute_error": 0.056756582111120224, "val_loss": 0.015061152167618275, "val_root_mean_squared_error": 0.12272388488054276, "val_mean_absolute_percentage_error": 23331.9921875, "val_mean_absolute_error": 0.0846310630440712, "_runtime": 58.847415924072266, "_step": 24, "best_val_loss": 0.010090762749314308, "best_epoch": 13, "Final MSE": 0.02254832163453102, "Final RMSE": 0.1501609832048416, "Final MAPE": 148957.28125, "Final MAE": 0.10482585430145264, "Total Training Time": 56.269129276275635, "Average Time per Epoch": 2.335041324297587, "_wandb": {"runtime": 56}}