{"epoch": 0, "_timestamp": 1703548548.8604956, "loss": 0.005900128744542599, "root_mean_squared_error": 0.08233389258384705, "mean_absolute_percentage_error": 58189.96875, "mean_absolute_error": 0.040471192449331284, "val_loss": 0.008364323526620865, "val_root_mean_squared_error": 0.09145667403936386, "val_mean_absolute_percentage_error": 18054.927734375, "val_mean_absolute_error": 0.04578745737671852, "_runtime": 10.467029571533203, "_step": 1, "best_val_loss": 0.008364323526620865, "best_epoch": 0, "Final MSE": 0.013387042097747326, "Final RMSE": 0.11570238322019577, "Final MAPE": 105097.109375, "Final MAE": 0.06171595677733421, "Total Training Time": 4.563424348831177, "Average Time per Epoch": 4.4134156703948975, "_wandb": {"runtime": 4}}