{"epoch": 36, "_timestamp": 1703087438.0555186, "loss": 0.005757211707532406, "root_mean_squared_error": 0.07587629556655884, "mean_absolute_percentage_error": 11575.6845703125, "mean_absolute_error": 0.04776018485426903, "val_loss": 0.017898593097925186, "val_root_mean_squared_error": 0.13378562033176422, "val_mean_absolute_percentage_error": 62645.28125, "val_mean_absolute_error": 0.08333668857812881, "_runtime": 93.04087662696838, "_step": 37, "best_val_loss": 0.01645073853433132, "best_epoch": 26, "Final MSE": 0.02296246401965618, "Final RMSE": 0.15153370797634125, "Final MAPE": 88105.6875, "Final MAE": 0.10196410119533539, "Total Training Time": 90.43284940719604, "Average Time per Epoch": 2.4384278413411735, "_wandb": {"runtime": 91}}