{"epoch": 21, "_timestamp": 1703854931.4770484, "loss": 0.02825784496963024, "root_mean_squared_error": 0.16810071468353271, "mean_absolute_percentage_error": 42191.48046875, "mean_absolute_error": 0.11897683888673782, "val_loss": 0.031363192945718765, "val_root_mean_squared_error": 0.17709654569625854, "val_mean_absolute_percentage_error": 146275.28125, "val_mean_absolute_error": 0.12685728073120117, "_runtime": 18.179474353790283, "_step": 22, "best_val_loss": 0.031254228204488754, "best_epoch": 11, "Final MSE": 0.03864404931664467, "Final RMSE": 0.1965809017419815, "Final MAPE": 448321.25, "Final MAE": 0.13522495329380035, "Total Training Time": 16.031643629074097, "Average Time per Epoch": 0.7220671610398726, "_wandb": {"runtime": 16}}