{"epoch": 0, "_timestamp": 1703741376.684848, "loss": 0.011197159066796303, "root_mean_squared_error": 0.1074381098151207, "mean_absolute_percentage_error": 9501032.0, "mean_absolute_error": 0.062366683036088943, "val_loss": 0.012589847669005394, "val_root_mean_squared_error": 0.11220449209213257, "val_mean_absolute_percentage_error": 8809762.0, "val_mean_absolute_error": 0.06246200576424599, "_runtime": 3.110090970993042, "_step": 1, "best_val_loss": 0.012589847669005394, "best_epoch": 0, "Final MSE": 0.013920069672167301, "Final RMSE": 0.11798334121704102, "Final MAPE": 13702034.0, "Final MAE": 0.07140973955392838, "Total Training Time": 1.8857059478759766, "Average Time per Epoch": 1.7667388916015625, "_wandb": {"runtime": 2}}