{"epoch": 0, "_timestamp": 1703505211.6152804, "loss": 0.006807825528085232, "root_mean_squared_error": 0.09105195850133896, "mean_absolute_percentage_error": 47358.7109375, "mean_absolute_error": 0.051840975880622864, "val_loss": 0.01748928613960743, "val_root_mean_squared_error": 0.13224706053733826, "val_mean_absolute_percentage_error": 65933.3359375, "val_mean_absolute_error": 0.07840762287378311, "_runtime": 3.6235244274139404, "_step": 1, "best_val_loss": 0.01748928613960743, "best_epoch": 0, "Final MSE": 0.0321357399225235, "Final RMSE": 0.17926444113254547, "Final MAPE": 67676.921875, "Final MAE": 0.09872644394636154, "Total Training Time": 1.5730266571044922, "Average Time per Epoch": 1.4729914665222168, "_wandb": {"runtime": 1}}