{"epoch": 17, "_timestamp": 1703812547.4717684, "loss": 0.011802254244685173, "root_mean_squared_error": 0.10863818228244781, "mean_absolute_percentage_error": 1563.156982421875, "mean_absolute_error": 0.064641572535038, "val_loss": 0.008511207066476345, "val_root_mean_squared_error": 0.09225620329380035, "val_mean_absolute_percentage_error": 145431.984375, "val_mean_absolute_error": 0.05550533905625343, "_runtime": 16.02430534362793, "_step": 18, "best_val_loss": 0.007128091529011726, "best_epoch": 7, "Final MSE": 0.03900137171149254, "Final RMSE": 0.19748765230178833, "Final MAPE": 228767.921875, "Final MAE": 0.12350840121507645, "Total Training Time": 14.719471454620361, "Average Time per Epoch": 0.8112945954004923, "_wandb": {"runtime": 15}}