{"epoch": 0, "_timestamp": 1703640747.4011998, "loss": 0.0042146313935518265, "root_mean_squared_error": 0.07732567936182022, "mean_absolute_percentage_error": 24472.111328125, "mean_absolute_error": 0.04001501575112343, "val_loss": 0.0045606293715536594, "val_root_mean_squared_error": 0.06753243505954742, "val_mean_absolute_percentage_error": 46512.35546875, "val_mean_absolute_error": 0.03996558487415314, "_runtime": 12.821058750152588, "_step": 1, "best_val_loss": 0.0045606293715536594, "best_epoch": 0, "Final MSE": 0.010778907686471939, "Final RMSE": 0.1038215160369873, "Final MAPE": 184731.609375, "Final MAE": 0.05834230035543442, "Total Training Time": 4.510341167449951, "Average Time per Epoch": 4.3603270053863525, "_wandb": {"runtime": 4}}