{"epoch": 10, "_timestamp": 1703655313.9533174, "loss": 0.01049200538545847, "root_mean_squared_error": 0.10243049263954163, "mean_absolute_percentage_error": 10850.39453125, "mean_absolute_error": 0.06055745854973793, "val_loss": 0.022162003442645073, "val_root_mean_squared_error": 0.1488690823316574, "val_mean_absolute_percentage_error": 162.93203735351562, "val_mean_absolute_error": 0.10360387712717056, "_runtime": 19.288992404937744, "_step": 11, "best_val_loss": 0.010259296745061874, "best_epoch": 0, "Final MSE": 0.039823539555072784, "Final RMSE": 0.19955836236476898, "Final MAPE": 248216.890625, "Final MAE": 0.14012716710567474, "Total Training Time": 16.986154556274414, "Average Time per Epoch": 1.5292866880243474, "_wandb": {"runtime": 17}}