{"epoch": 46, "_timestamp": 1705576297.4862497, "loss": 0.007619870360940695, "root_mean_squared_error": 0.08729186654090881, "mean_absolute_percentage_error": 7926.6181640625, "mean_absolute_error": 0.05685319006443024, "val_loss": 0.01487742643803358, "val_root_mean_squared_error": 0.12197305262088776, "val_mean_absolute_percentage_error": 33434.14453125, "val_mean_absolute_error": 0.08510687947273254, "_runtime": 37.808109760284424, "_step": 47, "best_val_loss": 0.013694540597498417, "best_epoch": 36, "Final MSE": 0.013913441449403763, "Final RMSE": 0.11795525252819061, "Final MAPE": 69424.0546875, "Final MAE": 0.08384612947702408, "Total Training Time": 35.505061864852905, "Average Time per Epoch": 0.7521079651852871, "_wandb": {"runtime": 35}}