{"epoch": 17, "_timestamp": 1705600792.8066146, "loss": 0.004137899726629257, "root_mean_squared_error": 0.06432650983333588, "mean_absolute_percentage_error": 12336.708984375, "mean_absolute_error": 0.04077433794736862, "val_loss": 0.01165898609906435, "val_root_mean_squared_error": 0.10797678679227829, "val_mean_absolute_percentage_error": 56496.1796875, "val_mean_absolute_error": 0.07030416280031204, "_runtime": 58.36433553695679, "_step": 18, "best_val_loss": 0.009925693273544312, "best_epoch": 7, "Final MSE": 0.01145497802644968, "Final RMSE": 0.10702793300151825, "Final MAPE": 129358.3203125, "Final MAE": 0.06624452769756317, "Total Training Time": 56.92983078956604, "Average Time per Epoch": 3.148953252368503, "_wandb": {"runtime": 57}}