{"epoch": 36, "_timestamp": 1703921654.225851, "loss": 0.004720450844615698, "root_mean_squared_error": 0.06870553642511368, "mean_absolute_percentage_error": 10601.375, "mean_absolute_error": 0.043916165828704834, "val_loss": 0.01267809048295021, "val_root_mean_squared_error": 0.1125970259308815, "val_mean_absolute_percentage_error": 194909.78125, "val_mean_absolute_error": 0.08453219383955002, "_runtime": 140.07185816764832, "_step": 37, "best_val_loss": 0.011542069725692272, "best_epoch": 26, "Final MSE": 0.008726593106985092, "Final RMSE": 0.0934162363409996, "Final MAPE": 81495.21875, "Final MAE": 0.07001481205224991, "Total Training Time": 137.72199749946594, "Average Time per Epoch": 3.714354147782197, "_wandb": {"runtime": 138}}