{"epoch": 50, "_timestamp": 1705590666.4262948, "loss": 0.006786850746721029, "root_mean_squared_error": 0.08238234370946884, "mean_absolute_percentage_error": 39154.484375, "mean_absolute_error": 0.05273604765534401, "val_loss": 0.008800567127764225, "val_root_mean_squared_error": 0.09381134063005447, "val_mean_absolute_percentage_error": 6433.53857421875, "val_mean_absolute_error": 0.058427873998880386, "_runtime": 128.02870988845825, "_step": 51, "best_val_loss": 0.008628295734524727, "best_epoch": 40, "Final MSE": 0.015455013141036034, "Final RMSE": 0.1243181899189949, "Final MAPE": 120262.3203125, "Final MAE": 0.08305732905864716, "Total Training Time": 126.48787069320679, "Average Time per Epoch": 2.475295992458568, "_wandb": {"runtime": 127}}