{"epoch": 55, "_timestamp": 1703649924.3355343, "loss": 0.0057877711951732635, "root_mean_squared_error": 0.076077401638031, "mean_absolute_percentage_error": 8489.41796875, "mean_absolute_error": 0.04424562677741051, "val_loss": 0.010019171983003616, "val_root_mean_squared_error": 0.10009581595659256, "val_mean_absolute_percentage_error": 13086.46875, "val_mean_absolute_error": 0.055016010999679565, "_runtime": 47.873313426971436, "_step": 56, "best_val_loss": 0.009877125732600689, "best_epoch": 45, "Final MSE": 0.016542799770832062, "Final RMSE": 0.12861882150173187, "Final MAPE": 40392.77734375, "Final MAE": 0.0852063000202179, "Total Training Time": 45.57282996177673, "Average Time per Epoch": 0.8106406714235034, "_wandb": {"runtime": 45}}