{"epoch": 28, "_timestamp": 1703453504.1789887, "loss": 0.00722033716738224, "root_mean_squared_error": 0.0849725678563118, "mean_absolute_percentage_error": 8038395.5, "mean_absolute_error": 0.049391813576221466, "val_loss": 0.007025739178061485, "val_root_mean_squared_error": 0.083819679915905, "val_mean_absolute_percentage_error": 11412651.0, "val_mean_absolute_error": 0.052447132766246796, "_runtime": 77.17996263504028, "_step": 29, "best_val_loss": 0.006089853588491678, "best_epoch": 18, "Final MSE": 0.008661257103085518, "Final RMSE": 0.09306587278842926, "Final MAPE": 16921014.0, "Final MAE": 0.057142384350299835, "Total Training Time": 74.7385504245758, "Average Time per Epoch": 2.569476916872222, "_wandb": {"runtime": 75}}