{"epoch": 24, "_timestamp": 1703169022.1058679, "loss": 0.014167122542858124, "root_mean_squared_error": 0.11902572214603424, "mean_absolute_percentage_error": 11681.19140625, "mean_absolute_error": 0.07405214011669159, "val_loss": 0.010384547524154186, "val_root_mean_squared_error": 0.10190460085868835, "val_mean_absolute_percentage_error": 74235.7421875, "val_mean_absolute_error": 0.07018861174583435, "_runtime": 80.29333782196045, "_step": 25, "best_val_loss": 0.008889857679605484, "best_epoch": 14, "Final MSE": 0.014933478087186813, "Final RMSE": 0.12220261245965958, "Final MAPE": 171512.453125, "Final MAE": 0.0841137021780014, "Total Training Time": 77.97650408744812, "Average Time per Epoch": 3.1085237216949464, "_wandb": {"runtime": 78}}