{"epoch": 0, "_timestamp": 1703648633.490317, "loss": 0.009139022789895535, "root_mean_squared_error": 0.10472062975168228, "mean_absolute_percentage_error": 14941.474609375, "mean_absolute_error": 0.06302275508642197, "val_loss": 0.012622582726180553, "val_root_mean_squared_error": 0.11235027015209198, "val_mean_absolute_percentage_error": 59177.98046875, "val_mean_absolute_error": 0.06740272790193558, "_runtime": 6.594739198684692, "_step": 1, "best_val_loss": 0.012622582726180553, "best_epoch": 0, "Final MSE": 0.022874731570482254, "Final RMSE": 0.15124393999576569, "Final MAPE": 63721.7890625, "Final MAE": 0.1027434840798378, "Total Training Time": 4.829329252243042, "Average Time per Epoch": 4.630786418914795, "_wandb": {"runtime": 5}}