{"epoch": 0, "_timestamp": 1703811730.561666, "loss": 0.012075555510818958, "root_mean_squared_error": 0.11424951255321503, "mean_absolute_percentage_error": 221094.078125, "mean_absolute_error": 0.07888215035200119, "val_loss": 0.015183467417955399, "val_root_mean_squared_error": 0.12322121113538742, "val_mean_absolute_percentage_error": 56100.59375, "val_mean_absolute_error": 0.08406738191843033, "_runtime": 5.649907112121582, "_step": 1, "best_val_loss": 0.015183467417955399, "best_epoch": 0, "Final MSE": 0.019516021013259888, "Final RMSE": 0.1396997570991516, "Final MAPE": 348976.5, "Final MAE": 0.09532808512449265, "Total Training Time": 4.405266046524048, "Average Time per Epoch": 4.214853048324585, "_wandb": {"runtime": 4}}