{"epoch": 0, "_timestamp": 1703591960.2749453, "loss": 0.006671255454421043, "root_mean_squared_error": 0.09939036518335342, "mean_absolute_percentage_error": 37909.015625, "mean_absolute_error": 0.06577206403017044, "val_loss": 0.007248461712151766, "val_root_mean_squared_error": 0.08513789623975754, "val_mean_absolute_percentage_error": 110995.03125, "val_mean_absolute_error": 0.06985792517662048, "_runtime": 7.478984355926514, "_step": 1, "best_val_loss": 0.007248461712151766, "best_epoch": 0, "Final MSE": 0.02393200621008873, "Final RMSE": 0.15469972789287567, "Final MAPE": 305159.9375, "Final MAE": 0.13167555630207062, "Total Training Time": 6.276299715042114, "Average Time per Epoch": 6.115280628204346, "_wandb": {"runtime": 6}}