{"epoch": 31, "_timestamp": 1705592050.6091988, "loss": 0.010224426165223122, "root_mean_squared_error": 0.10111590474843979, "mean_absolute_percentage_error": 430086.21875, "mean_absolute_error": 0.0687020942568779, "val_loss": 0.015095101669430733, "val_root_mean_squared_error": 0.12286212295293808, "val_mean_absolute_percentage_error": 141410.328125, "val_mean_absolute_error": 0.08785180747509003, "_runtime": 83.14672875404358, "_step": 32, "best_val_loss": 0.014881052076816559, "best_epoch": 21, "Final MSE": 0.013314440846443176, "Final RMSE": 0.11538821458816528, "Final MAPE": 95983.6015625, "Final MAE": 0.08838412165641785, "Total Training Time": 81.62427639961243, "Average Time per Epoch": 2.543849490582943, "_wandb": {"runtime": 82}}