{"epoch": 14, "_timestamp": 1703734671.2178514, "loss": 0.007013043854385614, "root_mean_squared_error": 0.08374391496181488, "mean_absolute_percentage_error": 7705488.0, "mean_absolute_error": 0.04805978387594223, "val_loss": 0.0101932343095541, "val_root_mean_squared_error": 0.10096155107021332, "val_mean_absolute_percentage_error": 9841587.0, "val_mean_absolute_error": 0.057140085846185684, "_runtime": 44.080432415008545, "_step": 15, "best_val_loss": 0.009894084185361862, "best_epoch": 4, "Final MSE": 0.012125200591981411, "Final RMSE": 0.11011448502540588, "Final MAPE": 13228812.0, "Final MAE": 0.06014354154467583, "Total Training Time": 42.57904863357544, "Average Time per Epoch": 2.8242378393809, "_wandb": {"runtime": 43}}