{"epoch": 20, "_timestamp": 1705576376.4323657, "loss": 0.007866770960390568, "root_mean_squared_error": 0.08869481831789017, "mean_absolute_percentage_error": 12400.3505859375, "mean_absolute_error": 0.057387981563806534, "val_loss": 0.016279645264148712, "val_root_mean_squared_error": 0.12759171426296234, "val_mean_absolute_percentage_error": 4848.9248046875, "val_mean_absolute_error": 0.08182750642299652, "_runtime": 19.222729682922363, "_step": 21, "best_val_loss": 0.014200071804225445, "best_epoch": 10, "Final MSE": 0.014943353831768036, "Final RMSE": 0.1222430095076561, "Final MAPE": 55683.72265625, "Final MAE": 0.08225467056035995, "Total Training Time": 16.624260902404785, "Average Time per Epoch": 0.7852586791628883, "_wandb": {"runtime": 17}}