{"epoch": 0, "_timestamp": 1703712085.0151846, "loss": 0.03667081519961357, "root_mean_squared_error": 0.1956862509250641, "mean_absolute_percentage_error": 43806380.0, "mean_absolute_error": 0.13309897482395172, "val_loss": 0.08917103707790375, "val_root_mean_squared_error": 0.2986151874065399, "val_mean_absolute_percentage_error": 148190576.0, "val_mean_absolute_error": 0.2614569067955017, "_runtime": 58.56452560424805, "_step": 1, "best_val_loss": 0.08917103707790375, "best_epoch": 0, "Final MSE": 0.08909276127815247, "Final RMSE": 0.29848411679267883, "Final MAPE": 147534544.0, "Final MAE": 0.24352100491523743, "Total Training Time": 33.84801959991455, "Average Time per Epoch": 32.353440046310425, "_wandb": {"runtime": 34}}