{"epoch": 0, "_timestamp": 1703764730.2527156, "loss": 0.020302873104810715, "root_mean_squared_error": 0.15938197076320648, "mean_absolute_percentage_error": 34873.0859375, "mean_absolute_error": 0.11433430761098862, "val_loss": 0.03172595798969269, "val_root_mean_squared_error": 0.17811782658100128, "val_mean_absolute_percentage_error": 84835.546875, "val_mean_absolute_error": 0.13746872544288635, "_runtime": 3.4816997051239014, "_step": 1, "best_val_loss": 0.03172595798969269, "best_epoch": 0, "Final MSE": 0.027641011402010918, "Final RMSE": 0.1662558615207672, "Final MAPE": 172029.4375, "Final MAE": 0.1316666156053543, "Total Training Time": 1.5484201908111572, "Average Time per Epoch": 1.4531903266906738, "_wandb": {"runtime": 1}}