{"epoch": 13, "_timestamp": 1703899254.525833, "loss": 0.008764613419771194, "root_mean_squared_error": 0.09361951053142548, "mean_absolute_percentage_error": 60755.4375, "mean_absolute_error": 0.06346014887094498, "val_loss": 0.007324751000851393, "val_root_mean_squared_error": 0.08558475971221924, "val_mean_absolute_percentage_error": 11760.66796875, "val_mean_absolute_error": 0.057274218648672104, "_runtime": 19.918848991394043, "_step": 14, "best_val_loss": 0.007193179801106453, "best_epoch": 3, "Final MSE": 0.020695645362138748, "Final RMSE": 0.14385981857776642, "Final MAPE": 193388.171875, "Final MAE": 0.10055290162563324, "Total Training Time": 18.58138656616211, "Average Time per Epoch": 1.3146741049630302, "_wandb": {"runtime": 18}}