{"epoch": 59, "_timestamp": 1703848406.9353292, "loss": 0.020959539338946342, "root_mean_squared_error": 0.14477409422397614, "mean_absolute_percentage_error": 70301.375, "mean_absolute_error": 0.09925650805234909, "val_loss": 0.027538219466805458, "val_root_mean_squared_error": 0.16594643890857697, "val_mean_absolute_percentage_error": 105285.1640625, "val_mean_absolute_error": 0.11695097386837006, "_runtime": 138.36115312576294, "_step": 60, "best_val_loss": 0.026982508599758148, "best_epoch": 49, "Final MSE": 0.033045899122953415, "Final RMSE": 0.18178531527519226, "Final MAPE": 301143.28125, "Final MAE": 0.12123451381921768, "Total Training Time": 136.70261359214783, "Average Time per Epoch": 2.2744324644406637, "_wandb": {"runtime": 137}}