{"epoch": 0, "_timestamp": 1703501893.3573298, "loss": 0.0046322220005095005, "root_mean_squared_error": 0.08255192637443542, "mean_absolute_percentage_error": 15761.318359375, "mean_absolute_error": 0.043310292065143585, "val_loss": 0.012285119853913784, "val_root_mean_squared_error": 0.11083825677633286, "val_mean_absolute_percentage_error": 91116.6171875, "val_mean_absolute_error": 0.06563929468393326, "_runtime": 7.445701837539673, "_step": 1, "best_val_loss": 0.012285119853913784, "best_epoch": 0, "Final MSE": 0.02208288013935089, "Final RMSE": 0.14860309660434723, "Final MAPE": 35091.44140625, "Final MAE": 0.0828104093670845, "Total Training Time": 6.213446140289307, "Average Time per Epoch": 6.054413795471191, "_wandb": {"runtime": 6}}