{"epoch": 14, "_timestamp": 1703161669.7293537, "loss": 0.003830337431281805, "root_mean_squared_error": 0.06188971921801567, "mean_absolute_percentage_error": 11679.546875, "mean_absolute_error": 0.03543534129858017, "val_loss": 0.012332159094512463, "val_root_mean_squared_error": 0.11105025559663773, "val_mean_absolute_percentage_error": 122930.1640625, "val_mean_absolute_error": 0.06710992753505707, "_runtime": 36.99279475212097, "_step": 15, "best_val_loss": 0.011176150292158127, "best_epoch": 4, "Final MSE": 0.019103266298770905, "Final RMSE": 0.138214573264122, "Final MAPE": 6385.6982421875, "Final MAE": 0.07354693859815598, "Total Training Time": 34.51744484901428, "Average Time per Epoch": 2.28806209564209, "_wandb": {"runtime": 35}}