{"epoch": 25, "_timestamp": 1705619454.9780114, "loss": 0.006060030777007341, "root_mean_squared_error": 0.07784619927406311, "mean_absolute_percentage_error": 109941.5, "mean_absolute_error": 0.04389067366719246, "val_loss": 0.0077654579654335976, "val_root_mean_squared_error": 0.08812183886766434, "val_mean_absolute_percentage_error": 31633.38671875, "val_mean_absolute_error": 0.0652986392378807, "_runtime": 34.47241425514221, "_step": 26, "best_val_loss": 0.005954659078270197, "best_epoch": 15, "Final MSE": 0.013688760809600353, "Final RMSE": 0.11699897795915604, "Final MAPE": 613379.75, "Final MAE": 0.0879468098282814, "Total Training Time": 32.22619819641113, "Average Time per Epoch": 1.2327312964659471, "_wandb": {"runtime": 32}}