{"epoch": 26, "_timestamp": 1703553930.1166453, "loss": 0.0039037878159433603, "root_mean_squared_error": 0.06248030066490173, "mean_absolute_percentage_error": 16659.09375, "mean_absolute_error": 0.039544373750686646, "val_loss": 0.00957418791949749, "val_root_mean_squared_error": 0.09784778207540512, "val_mean_absolute_percentage_error": 53764.94140625, "val_mean_absolute_error": 0.06515658646821976, "_runtime": 75.08408427238464, "_step": 27, "best_val_loss": 0.00907143484801054, "best_epoch": 16, "Final MSE": 0.01393536664545536, "Final RMSE": 0.11804815381765366, "Final MAPE": 126016.625, "Final MAE": 0.08507616817951202, "Total Training Time": 72.63579106330872, "Average Time per Epoch": 2.6810167100694446, "_wandb": {"runtime": 73}}