{"epoch": 0, "_timestamp": 1703819334.5863662, "loss": 0.014123852364718914, "root_mean_squared_error": 0.13355962932109833, "mean_absolute_percentage_error": 65737.734375, "mean_absolute_error": 0.08181551098823547, "val_loss": 0.02011553756892681, "val_root_mean_squared_error": 0.141829252243042, "val_mean_absolute_percentage_error": 349847.65625, "val_mean_absolute_error": 0.10084132850170135, "_runtime": 4.416124105453491, "_step": 1, "best_val_loss": 0.02011553756892681, "best_epoch": 0, "Final MSE": 0.04635722190141678, "Final RMSE": 0.21530728042125702, "Final MAPE": 521976.90625, "Final MAE": 0.15710483491420746, "Total Training Time": 2.5958797931671143, "Average Time per Epoch": 2.4456942081451416, "_wandb": {"runtime": 2}}