{"epoch": 21, "_timestamp": 1703330790.898891, "loss": 0.008299495093524456, "root_mean_squared_error": 0.09110156446695328, "mean_absolute_percentage_error": 5187047.5, "mean_absolute_error": 0.050838399678468704, "val_loss": 0.01228465884923935, "val_root_mean_squared_error": 0.11083617806434631, "val_mean_absolute_percentage_error": 11261271.0, "val_mean_absolute_error": 0.06859773397445679, "_runtime": 54.556747913360596, "_step": 22, "best_val_loss": 0.011616210453212261, "best_epoch": 11, "Final MSE": 0.013400672003626823, "Final RMSE": 0.11576127260923386, "Final MAPE": 14125394.0, "Final MAE": 0.07003696262836456, "Total Training Time": 51.931233644485474, "Average Time per Epoch": 2.3522333015095103, "_wandb": {"runtime": 52}}