{"epoch": 0, "_timestamp": 1703741062.7187045, "loss": 0.009363329969346523, "root_mean_squared_error": 0.09797995537519455, "mean_absolute_percentage_error": 8448045.0, "mean_absolute_error": 0.054856620728969574, "val_loss": 0.01531125232577324, "val_root_mean_squared_error": 0.12373864650726318, "val_mean_absolute_percentage_error": 7867011.0, "val_mean_absolute_error": 0.06371354311704636, "_runtime": 3.1046273708343506, "_step": 1, "best_val_loss": 0.01531125232577324, "best_epoch": 0, "Final MSE": 0.011103910394012928, "Final RMSE": 0.10537509620189667, "Final MAPE": 10126982.0, "Final MAE": 0.05228489264845848, "Total Training Time": 1.8705310821533203, "Average Time per Epoch": 1.7593705654144287, "_wandb": {"runtime": 2}}