{"epoch": 21, "_timestamp": 1703726246.955787, "loss": 0.007661442272365093, "root_mean_squared_error": 0.08752966672182083, "mean_absolute_percentage_error": 8950944.0, "mean_absolute_error": 0.05121593177318573, "val_loss": 0.00937520619481802, "val_root_mean_squared_error": 0.09682565182447433, "val_mean_absolute_percentage_error": 10373572.0, "val_mean_absolute_error": 0.05609526112675667, "_runtime": 45.01795196533203, "_step": 22, "best_val_loss": 0.008923681452870369, "best_epoch": 11, "Final MSE": 0.00879686325788498, "Final RMSE": 0.09379159659147263, "Final MAPE": 14735402.0, "Final MAE": 0.056607525795698166, "Total Training Time": 43.47576880455017, "Average Time per Epoch": 1.968329364603216, "_wandb": {"runtime": 44}}