{"epoch": 19, "_timestamp": 1703853492.282374, "loss": 0.021289687603712082, "root_mean_squared_error": 0.1459098756313324, "mean_absolute_percentage_error": 18380.04296875, "mean_absolute_error": 0.10792221128940582, "val_loss": 0.02275753766298294, "val_root_mean_squared_error": 0.15085600316524506, "val_mean_absolute_percentage_error": 67905.171875, "val_mean_absolute_error": 0.10148707777261734, "_runtime": 17.165442943572998, "_step": 20, "best_val_loss": 0.022557733580470085, "best_epoch": 9, "Final MSE": 0.027113642543554306, "Final RMSE": 0.1646621972322464, "Final MAPE": 141728.078125, "Final MAE": 0.11563267558813095, "Total Training Time": 15.086868286132812, "Average Time per Epoch": 0.7460565686225891, "_wandb": {"runtime": 15}}