{"epoch": 31, "_timestamp": 1703555964.2330492, "loss": 0.00826799776405096, "root_mean_squared_error": 0.09092853218317032, "mean_absolute_percentage_error": 31974.7265625, "mean_absolute_error": 0.05959668010473251, "val_loss": 0.017773473635315895, "val_root_mean_squared_error": 0.13331718742847443, "val_mean_absolute_percentage_error": 35509.05859375, "val_mean_absolute_error": 0.0945851132273674, "_runtime": 94.37602210044861, "_step": 32, "best_val_loss": 0.017186155542731285, "best_epoch": 21, "Final MSE": 0.028591841459274292, "Final RMSE": 0.16909122467041016, "Final MAPE": 119401.0546875, "Final MAE": 0.13104042410850525, "Total Training Time": 92.40284609794617, "Average Time per Epoch": 2.879426598548889, "_wandb": {"runtime": 92}}