{"epoch": 36, "_timestamp": 1703902565.4742396, "loss": 0.009383082389831543, "root_mean_squared_error": 0.09686630964279175, "mean_absolute_percentage_error": 6219.11279296875, "mean_absolute_error": 0.05682920292019844, "val_loss": 0.016607584431767464, "val_root_mean_squared_error": 0.1288704127073288, "val_mean_absolute_percentage_error": 29152.2265625, "val_mean_absolute_error": 0.08558152616024017, "_runtime": 84.07673668861389, "_step": 37, "best_val_loss": 0.01512842159718275, "best_epoch": 26, "Final MSE": 0.02715081349015236, "Final RMSE": 0.1647750437259674, "Final MAPE": 110320.9609375, "Final MAE": 0.11878111958503723, "Total Training Time": 81.64087009429932, "Average Time per Epoch": 2.199899170849774, "_wandb": {"runtime": 82}}