{"epoch": 0, "_timestamp": 1703815220.534059, "loss": 0.01166666578501463, "root_mean_squared_error": 0.11355944722890854, "mean_absolute_percentage_error": 205266.578125, "mean_absolute_error": 0.07875321060419083, "val_loss": 0.015474289655685425, "val_root_mean_squared_error": 0.1243956983089447, "val_mean_absolute_percentage_error": 31033.603515625, "val_mean_absolute_error": 0.08459104597568512, "_runtime": 3.052773952484131, "_step": 1, "best_val_loss": 0.015474289655685425, "best_epoch": 0, "Final MSE": 0.02147943340241909, "Final RMSE": 0.14655862748622894, "Final MAPE": 317873.5, "Final MAE": 0.10461395233869553, "Total Training Time": 1.8416297435760498, "Average Time per Epoch": 1.7319421768188477, "_wandb": {"runtime": 2}}