{"epoch": 0, "_timestamp": 1703764453.4893327, "loss": 0.008128608576953411, "root_mean_squared_error": 0.10259798914194107, "mean_absolute_percentage_error": 64499.4296875, "mean_absolute_error": 0.0515630804002285, "val_loss": 0.008544471114873886, "val_root_mean_squared_error": 0.0924363061785698, "val_mean_absolute_percentage_error": 124567.78125, "val_mean_absolute_error": 0.053095683455467224, "_runtime": 3.594454765319824, "_step": 1, "best_val_loss": 0.008544471114873886, "best_epoch": 0, "Final MSE": 0.028059622272849083, "Final RMSE": 0.1675100475549698, "Final MAPE": 84570.71875, "Final MAE": 0.0817982479929924, "Total Training Time": 1.526456594467163, "Average Time per Epoch": 1.446603536605835, "_wandb": {"runtime": 1}}