{"epoch": 0, "_timestamp": 1703677071.8580797, "loss": 0.08028809726238251, "root_mean_squared_error": 0.2838864326477051, "mean_absolute_percentage_error": 99396240.0, "mean_absolute_error": 0.23432397842407227, "val_loss": 0.07976589351892471, "val_root_mean_squared_error": 0.2824285626411438, "val_mean_absolute_percentage_error": 107973456.0, "val_mean_absolute_error": 0.23458285629749298, "_runtime": 2.833923578262329, "_step": 1, "best_val_loss": 0.07976589351892471, "best_epoch": 0, "Final MSE": 0.0823485478758812, "Final RMSE": 0.28696438670158386, "Final MAPE": 117601296.0, "Final MAE": 0.23411761224269867, "Total Training Time": 1.578533411026001, "Average Time per Epoch": 1.4846348762512207, "_wandb": {"runtime": 1}}