{"epoch": 11, "_timestamp": 1703089868.6376314, "loss": 0.004799789749085903, "root_mean_squared_error": 0.06928051263093948, "mean_absolute_percentage_error": 15541.111328125, "mean_absolute_error": 0.04459342733025551, "val_loss": 0.024333814159035683, "val_root_mean_squared_error": 0.1559929996728897, "val_mean_absolute_percentage_error": 64026.25, "val_mean_absolute_error": 0.112803615629673, "_runtime": 34.534101486206055, "_step": 12, "best_val_loss": 0.011028786189854145, "best_epoch": 1, "Final MSE": 0.037525881081819534, "Final RMSE": 0.19371597468852997, "Final MAPE": 151426.4375, "Final MAE": 0.13954474031925201, "Total Training Time": 31.88014006614685, "Average Time per Epoch": 2.642091671625773, "_wandb": {"runtime": 32}}