{"epoch": 0, "_timestamp": 1703548373.8756247, "loss": 0.0051635936833918095, "root_mean_squared_error": 0.07796936482191086, "mean_absolute_percentage_error": 113724.3671875, "mean_absolute_error": 0.043498970568180084, "val_loss": 0.007960977032780647, "val_root_mean_squared_error": 0.08922430872917175, "val_mean_absolute_percentage_error": 39148.796875, "val_mean_absolute_error": 0.048776715993881226, "_runtime": 10.06124758720398, "_step": 1, "best_val_loss": 0.007960977032780647, "best_epoch": 0, "Final MSE": 0.012646137736737728, "Final RMSE": 0.11245504766702652, "Final MAPE": 86474.3671875, "Final MAE": 0.06994707137346268, "Total Training Time": 4.584672212600708, "Average Time per Epoch": 4.436635971069336, "_wandb": {"runtime": 4}}