{"epoch": 18, "_timestamp": 1703799449.8795803, "loss": 0.010188600979745388, "root_mean_squared_error": 0.10093860328197479, "mean_absolute_percentage_error": 110862.9296875, "mean_absolute_error": 0.055569540709257126, "val_loss": 0.00916038453578949, "val_root_mean_squared_error": 0.0957098975777626, "val_mean_absolute_percentage_error": 10155.720703125, "val_mean_absolute_error": 0.051729846745729446, "_runtime": 37.87725114822388, "_step": 19, "best_val_loss": 0.008761730045080185, "best_epoch": 8, "Final MSE": 0.019153963774442673, "Final RMSE": 0.13839784264564514, "Final MAPE": 83696.2421875, "Final MAE": 0.08429235965013504, "Total Training Time": 35.84331202507019, "Average Time per Epoch": 1.8779679348594265, "_wandb": {"runtime": 36}}