{"epoch": 23, "_timestamp": 1703918750.0025384, "loss": 0.008877928368747234, "root_mean_squared_error": 0.09422276169061661, "mean_absolute_percentage_error": 35728.15625, "mean_absolute_error": 0.062326930463314056, "val_loss": 0.01501179113984108, "val_root_mean_squared_error": 0.12252261489629745, "val_mean_absolute_percentage_error": 60955.15234375, "val_mean_absolute_error": 0.08013739436864853, "_runtime": 85.64627146720886, "_step": 24, "best_val_loss": 0.014682184904813766, "best_epoch": 13, "Final MSE": 0.026779785752296448, "Final RMSE": 0.16364529728889465, "Final MAPE": 99816.7734375, "Final MAE": 0.11672879755496979, "Total Training Time": 83.23450875282288, "Average Time per Epoch": 3.4564443131287894, "_wandb": {"runtime": 83}}