{"epoch": 0, "_timestamp": 1703761069.5515747, "loss": 0.012058003805577755, "root_mean_squared_error": 0.11611157655715942, "mean_absolute_percentage_error": 55609.24609375, "mean_absolute_error": 0.06627604365348816, "val_loss": 0.028396476060152054, "val_root_mean_squared_error": 0.16851253807544708, "val_mean_absolute_percentage_error": 81246.34375, "val_mean_absolute_error": 0.08531457185745239, "_runtime": 7.468812704086304, "_step": 1, "best_val_loss": 0.028396476060152054, "best_epoch": 0, "Final MSE": 0.02936032973229885, "Final RMSE": 0.17134855687618256, "Final MAPE": 246170.84375, "Final MAE": 0.08475784957408905, "Total Training Time": 6.145902633666992, "Average Time per Epoch": 5.974005460739136, "_wandb": {"runtime": 6}}