{"epoch": 0, "_timestamp": 1703764062.6360753, "loss": 0.028293568640947342, "root_mean_squared_error": 0.17193953692913055, "mean_absolute_percentage_error": 93276.5078125, "mean_absolute_error": 0.12053467333316803, "val_loss": 0.0313008576631546, "val_root_mean_squared_error": 0.17692050337791443, "val_mean_absolute_percentage_error": 142589.4375, "val_mean_absolute_error": 0.12529662251472473, "_runtime": 2.7407312393188477, "_step": 1, "best_val_loss": 0.0313008576631546, "best_epoch": 0, "Final MSE": 0.038786884397268295, "Final RMSE": 0.19694386422634125, "Final MAPE": 434707.21875, "Final MAE": 0.13411803543567657, "Total Training Time": 1.5597009658813477, "Average Time per Epoch": 1.4711780548095703, "_wandb": {"runtime": 1}}