{"epoch": 1, "_timestamp": 1702912438.728511, "loss": 0.005156959407031536, "root_mean_squared_error": 0.0718119740486145, "mean_absolute_percentage_error": 20943.978515625, "mean_absolute_error": 0.03683945909142494, "val_loss": 0.009821668267250061, "val_root_mean_squared_error": 0.09910432994365692, "val_mean_absolute_percentage_error": 9186281.0, "val_mean_absolute_error": 0.0586821511387825, "_runtime": 20.921463012695312, "_step": 2, "best_val_loss": 0.009117393754422665, "best_epoch": 0, "Final MSE": 0.016164494678378105, "Final RMSE": 0.12713967263698578, "Final MAPE": 3769273.0, "Final MAE": 0.0812101662158966, "Total Training Time": 18.289345502853394, "Average Time per Epoch": 8.952682971954346, "_wandb": {"runtime": 18}}