{"epoch": 38, "_timestamp": 1703366922.980217, "loss": 0.008260281756520271, "root_mean_squared_error": 0.09088609367609024, "mean_absolute_percentage_error": 8292116.0, "mean_absolute_error": 0.05347749963402748, "val_loss": 0.05550485476851463, "val_root_mean_squared_error": 0.23559468984603882, "val_mean_absolute_percentage_error": 21904606.0, "val_mean_absolute_error": 0.13921740651130676, "_runtime": 570.9165279865265, "_step": 39, "best_val_loss": 0.044637531042099, "best_epoch": 28, "Final MSE": 0.04865569993853569, "Final RMSE": 0.22058036923408508, "Final MAPE": 21794832.0, "Final MAE": 0.1218961849808693, "Total Training Time": 568.560478925705, "Average Time per Epoch": 14.555901374572363, "_wandb": {"runtime": 569}}