{"epoch": 18, "_timestamp": 1703810556.3405576, "loss": 0.007371995132416487, "root_mean_squared_error": 0.08586032688617706, "mean_absolute_percentage_error": 8358.4775390625, "mean_absolute_error": 0.05597756803035736, "val_loss": 0.013049161061644554, "val_root_mean_squared_error": 0.11423292756080627, "val_mean_absolute_percentage_error": 25711.412109375, "val_mean_absolute_error": 0.07569438219070435, "_runtime": 47.68325448036194, "_step": 19, "best_val_loss": 0.012795151211321354, "best_epoch": 8, "Final MSE": 0.012120261788368225, "Final RMSE": 0.11009205877780914, "Final MAPE": 47941.57421875, "Final MAE": 0.07369927316904068, "Total Training Time": 45.33678197860718, "Average Time per Epoch": 2.3751129351164164, "_wandb": {"runtime": 45}}