{"epoch": 10, "_timestamp": 1703446696.2061648, "loss": 0.009675008244812489, "root_mean_squared_error": 0.09836161881685257, "mean_absolute_percentage_error": 12154412.0, "mean_absolute_error": 0.06056549772620201, "val_loss": 0.01849760115146637, "val_root_mean_squared_error": 0.13600589334964752, "val_mean_absolute_percentage_error": 30626718.0, "val_mean_absolute_error": 0.0946166068315506, "_runtime": 16.417069911956787, "_step": 11, "best_val_loss": 0.017952721565961838, "best_epoch": 0, "Final MSE": 0.017571764066815376, "Final RMSE": 0.13255852460861206, "Final MAPE": 38912608.0, "Final MAE": 0.09407354146242142, "Total Training Time": 14.184809446334839, "Average Time per Epoch": 1.2761644883589311, "_wandb": {"runtime": 14}}