{"epoch": 0, "_timestamp": 1703536328.3156636, "loss": 0.004197326023131609, "root_mean_squared_error": 0.06890126317739487, "mean_absolute_percentage_error": 250250.1875, "mean_absolute_error": 0.04050073400139809, "val_loss": 0.008029199205338955, "val_root_mean_squared_error": 0.08960580080747604, "val_mean_absolute_percentage_error": 34.28108215332031, "val_mean_absolute_error": 0.048312678933143616, "_runtime": 17.79020857810974, "_step": 1, "best_val_loss": 0.008029199205338955, "best_epoch": 0, "Final MSE": 0.00822756439447403, "Final RMSE": 0.09070592373609543, "Final MAPE": 265803.53125, "Final MAE": 0.05427166819572449, "Total Training Time": 15.68828797340393, "Average Time per Epoch": 15.047840356826782, "_wandb": {"runtime": 15}}