{"epoch": 23, "_timestamp": 1705586993.425029, "loss": 0.004162217024713755, "root_mean_squared_error": 0.06451524794101715, "mean_absolute_percentage_error": 61595.8046875, "mean_absolute_error": 0.03405274078249931, "val_loss": 0.013986273668706417, "val_root_mean_squared_error": 0.11826357990503311, "val_mean_absolute_percentage_error": 1887.7286376953125, "val_mean_absolute_error": 0.07253479957580566, "_runtime": 63.1939971446991, "_step": 24, "best_val_loss": 0.012096122838556767, "best_epoch": 13, "Final MSE": 0.01644655503332615, "Final RMSE": 0.12824411690235138, "Final MAPE": 30948.95703125, "Final MAE": 0.08413223922252655, "Total Training Time": 60.75340390205383, "Average Time per Epoch": 2.523003747065862, "_wandb": {"runtime": 61}}