{"epoch": 34, "_timestamp": 1703812918.886564, "loss": 0.015290101058781147, "root_mean_squared_error": 0.12365315109491348, "mean_absolute_percentage_error": 6747.09716796875, "mean_absolute_error": 0.07969397306442261, "val_loss": 0.021052207797765732, "val_root_mean_squared_error": 0.14509378373622894, "val_mean_absolute_percentage_error": 136946.5625, "val_mean_absolute_error": 0.10220112651586533, "_runtime": 30.871325969696045, "_step": 35, "best_val_loss": 0.020643893629312515, "best_epoch": 24, "Final MSE": 0.024754002690315247, "Final RMSE": 0.15733404457569122, "Final MAPE": 366052.1875, "Final MAE": 0.11408018320798874, "Total Training Time": 28.82740879058838, "Average Time per Epoch": 0.8180695193154471, "_wandb": {"runtime": 29}}