{"epoch": 0, "_timestamp": 1703648653.6402, "loss": 0.005871976725757122, "root_mean_squared_error": 0.07885212451219559, "mean_absolute_percentage_error": 27435.298828125, "mean_absolute_error": 0.05433303117752075, "val_loss": 0.007982885465025902, "val_root_mean_squared_error": 0.0893469974398613, "val_mean_absolute_percentage_error": 64502.546875, "val_mean_absolute_error": 0.06297729909420013, "_runtime": 6.624231815338135, "_step": 1, "best_val_loss": 0.007982885465025902, "best_epoch": 0, "Final MSE": 0.009723128750920296, "Final RMSE": 0.0986059233546257, "Final MAPE": 161030.46875, "Final MAE": 0.07704848051071167, "Total Training Time": 4.819545269012451, "Average Time per Epoch": 4.620025634765625, "_wandb": {"runtime": 5}}