{"epoch": 16, "_timestamp": 1703305524.2094326, "loss": 0.011378888972103596, "root_mean_squared_error": 0.10667187720537186, "mean_absolute_percentage_error": 14729.2783203125, "mean_absolute_error": 0.06511270999908447, "val_loss": 0.014900616370141506, "val_root_mean_squared_error": 0.12206807732582092, "val_mean_absolute_percentage_error": 65297.37890625, "val_mean_absolute_error": 0.08603664487600327, "_runtime": 58.683823585510254, "_step": 17, "best_val_loss": 0.013752230443060398, "best_epoch": 6, "Final MSE": 0.019053049385547638, "Final RMSE": 0.13803277909755707, "Final MAPE": 145810.203125, "Final MAE": 0.1030653566122055, "Total Training Time": 56.32261657714844, "Average Time per Epoch": 3.297734905691708, "_wandb": {"runtime": 56}}