{"epoch": 0, "_timestamp": 1703805330.1660523, "loss": 0.008820985443890095, "root_mean_squared_error": 0.10198352485895157, "mean_absolute_percentage_error": 31542.26953125, "mean_absolute_error": 0.06679104268550873, "val_loss": 0.015736019238829613, "val_root_mean_squared_error": 0.12544329464435577, "val_mean_absolute_percentage_error": 49499.1015625, "val_mean_absolute_error": 0.0859237015247345, "_runtime": 13.041007280349731, "_step": 1, "best_val_loss": 0.015736019238829613, "best_epoch": 0, "Final MSE": 0.026047924533486366, "Final RMSE": 0.1613936871290207, "Final MAPE": 94932.671875, "Final MAE": 0.1174008920788765, "Total Training Time": 4.501447439193726, "Average Time per Epoch": 4.354741811752319, "_wandb": {"runtime": 4}}