{"epoch": 22, "_timestamp": 1703550983.8942752, "loss": 0.003693155711516738, "root_mean_squared_error": 0.060771338641643524, "mean_absolute_percentage_error": 249943.515625, "mean_absolute_error": 0.03376176580786705, "val_loss": 0.006909369491040707, "val_root_mean_squared_error": 0.083122618496418, "val_mean_absolute_percentage_error": 34.0543098449707, "val_mean_absolute_error": 0.04432421550154686, "_runtime": 57.44218111038208, "_step": 23, "best_val_loss": 0.006315669044852257, "best_epoch": 12, "Final MSE": 0.007855549454689026, "Final RMSE": 0.0886315405368805, "Final MAPE": 159374.609375, "Final MAE": 0.06041513755917549, "Total Training Time": 55.17175507545471, "Average Time per Epoch": 2.388783019521962, "_wandb": {"runtime": 55}}