{"epoch": 13, "_timestamp": 1703709827.881396, "loss": 0.012935413047671318, "root_mean_squared_error": 0.11373395472764969, "mean_absolute_percentage_error": 13707045.0, "mean_absolute_error": 0.06994839757680893, "val_loss": 0.05925417318940163, "val_root_mean_squared_error": 0.24342180788516998, "val_mean_absolute_percentage_error": 11589921.0, "val_mean_absolute_error": 0.13422457873821259, "_runtime": 287.23390316963196, "_step": 14, "best_val_loss": 0.045141737908124924, "best_epoch": 3, "Final MSE": 0.06840237975120544, "Final RMSE": 0.26153847575187683, "Final MAPE": 14676177.0, "Final MAE": 0.13813073933124542, "Total Training Time": 285.6939146518707, "Average Time per Epoch": 20.324812531471252, "_wandb": {"runtime": 286}}