{"epoch": 59, "_timestamp": 1703414401.714817, "loss": 0.007402676157653332, "root_mean_squared_error": 0.08603880554437637, "mean_absolute_percentage_error": 7686937.0, "mean_absolute_error": 0.04883196949958801, "val_loss": 0.02784607745707035, "val_root_mean_squared_error": 0.16687144339084625, "val_mean_absolute_percentage_error": 27842830.0, "val_mean_absolute_error": 0.10077711194753647, "_runtime": 1134.165452003479, "_step": 60, "best_val_loss": 0.025431795045733452, "best_epoch": 49, "Final MSE": 0.038093894720077515, "Final RMSE": 0.19517657160758972, "Final MAPE": 37866432.0, "Final MAE": 0.1180281713604927, "Total Training Time": 1132.087725162506, "Average Time per Epoch": 18.84880904754003, "_wandb": {"runtime": 1132}}