{"epoch": 34, "_timestamp": 1703908193.7196884, "loss": 0.010746904648840427, "root_mean_squared_error": 0.10366728156805038, "mean_absolute_percentage_error": 1822.0361328125, "mean_absolute_error": 0.060984428972005844, "val_loss": 0.007356262765824795, "val_root_mean_squared_error": 0.08576865494251251, "val_mean_absolute_percentage_error": 121917.03125, "val_mean_absolute_error": 0.05265243351459503, "_runtime": 99.00073647499084, "_step": 35, "best_val_loss": 0.0069368453696370125, "best_epoch": 24, "Final MSE": 0.0364040732383728, "Final RMSE": 0.19079852104187012, "Final MAPE": 237398.546875, "Final MAE": 0.12219525128602982, "Total Training Time": 97.46983480453491, "Average Time per Epoch": 2.7786902018955777, "_wandb": {"runtime": 98}}