{"epoch": 26, "_timestamp": 1703897047.6005478, "loss": 0.009551110677421093, "root_mean_squared_error": 0.09772978723049164, "mean_absolute_percentage_error": 37677.6328125, "mean_absolute_error": 0.06572488695383072, "val_loss": 0.014832768589258194, "val_root_mean_squared_error": 0.1217898577451706, "val_mean_absolute_percentage_error": 55355.51953125, "val_mean_absolute_error": 0.0834607407450676, "_runtime": 35.877068758010864, "_step": 27, "best_val_loss": 0.014534449204802513, "best_epoch": 16, "Final MSE": 0.026326971128582954, "Final RMSE": 0.1622558832168579, "Final MAPE": 169430.203125, "Final MAE": 0.11981300264596939, "Total Training Time": 33.62452721595764, "Average Time per Epoch": 1.2388277407045718, "_wandb": {"runtime": 34}}