{"epoch": 0, "_timestamp": 1703677211.1036422, "loss": 0.0665910542011261, "root_mean_squared_error": 0.2558358907699585, "mean_absolute_percentage_error": 92743768.0, "mean_absolute_error": 0.20828025043010712, "val_loss": 0.07333871722221375, "val_root_mean_squared_error": 0.27081117033958435, "val_mean_absolute_percentage_error": 99119896.0, "val_mean_absolute_error": 0.22232048213481903, "_runtime": 3.4675042629241943, "_step": 1, "best_val_loss": 0.07333871722221375, "best_epoch": 0, "Final MSE": 0.07590358704328537, "Final RMSE": 0.27550601959228516, "Final MAPE": 109088616.0, "Final MAE": 0.22042739391326904, "Total Training Time": 1.5413434505462646, "Average Time per Epoch": 1.4319736957550049, "_wandb": {"runtime": 1}}