{"epoch": 20, "_timestamp": 1703602049.1338212, "loss": 0.007339197210967541, "root_mean_squared_error": 0.08566911518573761, "mean_absolute_percentage_error": 36363.03515625, "mean_absolute_error": 0.06334905326366425, "val_loss": 0.018023444339632988, "val_root_mean_squared_error": 0.1342514157295227, "val_mean_absolute_percentage_error": 192539.234375, "val_mean_absolute_error": 0.10205669701099396, "_runtime": 228.7148551940918, "_step": 21, "best_val_loss": 0.01738549768924713, "best_epoch": 10, "Final MSE": 0.04162254557013512, "Final RMSE": 0.2040160447359085, "Final MAPE": 60203.81640625, "Final MAE": 0.15696175396442413, "Total Training Time": 226.8358256816864, "Average Time per Epoch": 10.770399218513852, "_wandb": {"runtime": 227}}