{"epoch": 0, "_timestamp": 1703677278.189062, "loss": 0.07031123340129852, "root_mean_squared_error": 0.2591121792793274, "mean_absolute_percentage_error": 87618128.0, "mean_absolute_error": 0.20780572295188904, "val_loss": 0.07172874361276627, "val_root_mean_squared_error": 0.2678222358226776, "val_mean_absolute_percentage_error": 93472672.0, "val_mean_absolute_error": 0.21130497753620148, "_runtime": 3.527736186981201, "_step": 1, "best_val_loss": 0.07172874361276627, "best_epoch": 0, "Final MSE": 0.057728223502635956, "Final RMSE": 0.24026694893836975, "Final MAPE": 101278392.0, "Final MAE": 0.19197535514831543, "Total Training Time": 1.5453464984893799, "Average Time per Epoch": 1.4468212127685547, "_wandb": {"runtime": 1}}