{"epoch": 14, "_timestamp": 1705628767.1049454, "loss": 0.003964343573898077, "root_mean_squared_error": 0.06296303123235703, "mean_absolute_percentage_error": 39868.44140625, "mean_absolute_error": 0.03268846869468689, "val_loss": 0.008307890966534615, "val_root_mean_squared_error": 0.09114763140678406, "val_mean_absolute_percentage_error": 83108.1328125, "val_mean_absolute_error": 0.04661649838089943, "_runtime": 39.252596378326416, "_step": 15, "best_val_loss": 0.008031375706195831, "best_epoch": 4, "Final MSE": 0.012008123099803925, "Final RMSE": 0.10958158224821091, "Final MAPE": 84056.859375, "Final MAE": 0.06061779335141182, "Total Training Time": 36.80349540710449, "Average Time per Epoch": 2.440289338429769, "_wandb": {"runtime": 37}}