{"epoch": 14, "_timestamp": 1703894847.8605602, "loss": 0.008956948295235634, "root_mean_squared_error": 0.09464115649461746, "mean_absolute_percentage_error": 18101.40234375, "mean_absolute_error": 0.06285399198532104, "val_loss": 0.015169095247983932, "val_root_mean_squared_error": 0.1231628805398941, "val_mean_absolute_percentage_error": 59837.640625, "val_mean_absolute_error": 0.09769190102815628, "_runtime": 20.426016092300415, "_step": 15, "best_val_loss": 0.014903480187058449, "best_epoch": 4, "Final MSE": 0.024206608533859253, "Final RMSE": 0.15558473765850067, "Final MAPE": 251618.609375, "Final MAE": 0.12107286602258682, "Total Training Time": 19.105201482772827, "Average Time per Epoch": 1.2619828224182128, "_wandb": {"runtime": 19}}