{"epoch": 16, "_timestamp": 1703739894.8265584, "loss": 0.008529399521648884, "root_mean_squared_error": 0.09235474467277527, "mean_absolute_percentage_error": 9471112.0, "mean_absolute_error": 0.054776471108198166, "val_loss": 0.011300306767225266, "val_root_mean_squared_error": 0.1063029021024704, "val_mean_absolute_percentage_error": 10783844.0, "val_mean_absolute_error": 0.06207893043756485, "_runtime": 17.3464412689209, "_step": 17, "best_val_loss": 0.010739960707724094, "best_epoch": 6, "Final MSE": 0.011611666530370712, "Final RMSE": 0.10775744169950485, "Final MAPE": 15295065.0, "Final MAE": 0.06419085711240768, "Total Training Time": 15.135913848876953, "Average Time per Epoch": 0.8829024679520551, "_wandb": {"runtime": 15}}