{"epoch": 29, "_timestamp": 1705576633.8464048, "loss": 0.00367649900726974, "root_mean_squared_error": 0.06063413992524147, "mean_absolute_percentage_error": 13184.310546875, "mean_absolute_error": 0.03381245955824852, "val_loss": 0.013637558557093143, "val_root_mean_squared_error": 0.11677996069192886, "val_mean_absolute_percentage_error": 71276.59375, "val_mean_absolute_error": 0.06921132653951645, "_runtime": 25.048588752746582, "_step": 30, "best_val_loss": 0.011313957162201405, "best_epoch": 19, "Final MSE": 0.02200143225491047, "Final RMSE": 0.14832879602909088, "Final MAPE": 81712.8125, "Final MAE": 0.08324524760246277, "Total Training Time": 22.856035947799683, "Average Time per Epoch": 0.7572953859965007, "_wandb": {"runtime": 23}}