{"epoch": 0, "_timestamp": 1703549795.0829594, "loss": 0.005483484826982021, "root_mean_squared_error": 0.07748615741729736, "mean_absolute_percentage_error": 47523.54296875, "mean_absolute_error": 0.047535788267850876, "val_loss": 0.007651771884411573, "val_root_mean_squared_error": 0.08747440576553345, "val_mean_absolute_percentage_error": 38103.328125, "val_mean_absolute_error": 0.053630657494068146, "_runtime": 12.839377403259277, "_step": 1, "best_val_loss": 0.007651771884411573, "best_epoch": 0, "Final MSE": 0.009377380833029747, "Final RMSE": 0.0968368798494339, "Final MAPE": 173760.0625, "Final MAE": 0.057977523654699326, "Total Training Time": 4.601474285125732, "Average Time per Epoch": 4.446369171142578, "_wandb": {"runtime": 4}}