{"epoch": 30, "_timestamp": 1703673189.0722682, "loss": 0.007802356965839863, "root_mean_squared_error": 0.0883309543132782, "mean_absolute_percentage_error": 4258634.0, "mean_absolute_error": 0.04802558198571205, "val_loss": 0.0084682023152709, "val_root_mean_squared_error": 0.0920228362083435, "val_mean_absolute_percentage_error": 6654981.5, "val_mean_absolute_error": 0.052508506923913956, "_runtime": 73.43108320236206, "_step": 31, "best_val_loss": 0.008119670674204826, "best_epoch": 20, "Final MSE": 0.010369454510509968, "Final RMSE": 0.10183051973581314, "Final MAPE": 10387132.0, "Final MAE": 0.05764273554086685, "Total Training Time": 70.86121845245361, "Average Time per Epoch": 2.278637986029348, "_wandb": {"runtime": 71}}