{"epoch": 29, "_timestamp": 1703282405.219106, "loss": 0.0037197221536189318, "root_mean_squared_error": 0.06098952516913414, "mean_absolute_percentage_error": 13045.7490234375, "mean_absolute_error": 0.03951699286699295, "val_loss": 0.007928533479571342, "val_root_mean_squared_error": 0.0890423133969307, "val_mean_absolute_percentage_error": 61082.140625, "val_mean_absolute_error": 0.059009190648794174, "_runtime": 25.738110065460205, "_step": 30, "best_val_loss": 0.0069395629689097404, "best_epoch": 19, "Final MSE": 0.009300125762820244, "Final RMSE": 0.09643715620040894, "Final MAPE": 133344.625, "Final MAE": 0.06381339579820633, "Total Training Time": 23.556110858917236, "Average Time per Epoch": 0.7804025491078694, "_wandb": {"runtime": 23}}