{"epoch": 14, "_timestamp": 1703099011.7204149, "loss": 0.023093461990356445, "root_mean_squared_error": 0.15196539461612701, "mean_absolute_percentage_error": 29286.087890625, "mean_absolute_error": 0.11594203114509583, "val_loss": 0.03370216488838196, "val_root_mean_squared_error": 0.18358151614665985, "val_mean_absolute_percentage_error": 113051.765625, "val_mean_absolute_error": 0.14400945603847504, "_runtime": 14.21848177909851, "_step": 15, "best_val_loss": 0.033399492502212524, "best_epoch": 4, "Final MSE": 0.07091435045003891, "Final RMSE": 0.26629751920700073, "Final MAPE": 229439.0625, "Final MAE": 0.22085635364055634, "Total Training Time": 11.800153970718384, "Average Time per Epoch": 0.7785045782725016, "_wandb": {"runtime": 12}}