{"epoch": 44, "_timestamp": 1702889528.9023483, "loss": 0.010362188331782818, "root_mean_squared_error": 0.10179483145475388, "mean_absolute_percentage_error": 10190.470703125, "mean_absolute_error": 0.0635652244091034, "val_loss": 0.009603847749531269, "val_root_mean_squared_error": 0.0979992225766182, "val_mean_absolute_percentage_error": 20314.509765625, "val_mean_absolute_error": 0.060073122382164, "_runtime": 306.59748220443726, "_step": 45, "best_val_loss": 0.00906570628285408, "best_epoch": 34, "Final MSE": 0.015865841880440712, "Final RMSE": 0.12595967948436737, "Final MAPE": 87438.5078125, "Final MAE": 0.0766395851969719, "Total Training Time": 304.04334831237793, "Average Time per Epoch": 6.746812809838189, "_wandb": {"runtime": 304}}