{"epoch": 23, "_timestamp": 1703251021.774348, "loss": 0.013814573176205158, "root_mean_squared_error": 0.11753541231155396, "mean_absolute_percentage_error": 25237.58203125, "mean_absolute_error": 0.08461324125528336, "val_loss": 0.033822719007730484, "val_root_mean_squared_error": 0.18390953540802002, "val_mean_absolute_percentage_error": 135068.984375, "val_mean_absolute_error": 0.14448970556259155, "_runtime": 215.1506040096283, "_step": 24, "best_val_loss": 0.023038821294903755, "best_epoch": 13, "Final MSE": 0.025418957695364952, "Final RMSE": 0.1594332456588745, "Final MAPE": 410868.65625, "Final MAE": 0.1279018372297287, "Total Training Time": 212.70439958572388, "Average Time per Epoch": 8.839004774888357, "_wandb": {"runtime": 213}}