{"epoch": 22, "_timestamp": 1703915616.5609806, "loss": 0.007806312292814255, "root_mean_squared_error": 0.08835333585739136, "mean_absolute_percentage_error": 8999.3173828125, "mean_absolute_error": 0.0581526979804039, "val_loss": 0.013710975646972656, "val_root_mean_squared_error": 0.11709387600421906, "val_mean_absolute_percentage_error": 1417.425537109375, "val_mean_absolute_error": 0.07482269406318665, "_runtime": 92.34539556503296, "_step": 23, "best_val_loss": 0.013501920737326145, "best_epoch": 12, "Final MSE": 0.013702432624995708, "Final RMSE": 0.11705739051103592, "Final MAPE": 21078.759765625, "Final MAE": 0.07660628855228424, "Total Training Time": 89.976487159729, "Average Time per Epoch": 3.8989009338876475, "_wandb": {"runtime": 90}}