{"epoch": 0, "_timestamp": 1703560912.3738213, "loss": 0.005700611975044012, "root_mean_squared_error": 0.07895676791667938, "mean_absolute_percentage_error": 44997.75390625, "mean_absolute_error": 0.04914948716759682, "val_loss": 0.007985621690750122, "val_root_mean_squared_error": 0.08936230838298798, "val_mean_absolute_percentage_error": 90969.4375, "val_mean_absolute_error": 0.051303431391716, "_runtime": 3.8268463611602783, "_step": 1, "best_val_loss": 0.007985621690750122, "best_epoch": 0, "Final MSE": 0.010175880044698715, "Final RMSE": 0.10087556391954422, "Final MAPE": 189930.28125, "Final MAE": 0.05883273482322693, "Total Training Time": 1.9192626476287842, "Average Time per Epoch": 1.8072607517242432, "_wandb": {"runtime": 2}}