{"epoch": 0, "_timestamp": 1703745848.6902237, "loss": 0.008570249192416668, "root_mean_squared_error": 0.09562448412179947, "mean_absolute_percentage_error": 9657659.0, "mean_absolute_error": 0.05777923762798309, "val_loss": 0.010218087583780289, "val_root_mean_squared_error": 0.10108456015586853, "val_mean_absolute_percentage_error": 10730149.0, "val_mean_absolute_error": 0.0657593309879303, "_runtime": 3.851386785507202, "_step": 1, "best_val_loss": 0.010218087583780289, "best_epoch": 0, "Final MSE": 0.015114869922399521, "Final RMSE": 0.12294254451990128, "Final MAPE": 19168904.0, "Final MAE": 0.08253346383571625, "Total Training Time": 2.630100727081299, "Average Time per Epoch": 2.5023977756500244, "_wandb": {"runtime": 2}}