{"epoch": 27, "_timestamp": 1703644293.2725601, "loss": 0.0166294164955616, "root_mean_squared_error": 0.12895509600639343, "mean_absolute_percentage_error": 11407.048828125, "mean_absolute_error": 0.08957962691783905, "val_loss": 0.02421450987458229, "val_root_mean_squared_error": 0.1556101143360138, "val_mean_absolute_percentage_error": 46209.90234375, "val_mean_absolute_error": 0.10781250149011612, "_runtime": 72.01074409484863, "_step": 28, "best_val_loss": 0.023963382467627525, "best_epoch": 17, "Final MSE": 0.026379631832242012, "Final RMSE": 0.16241808235645294, "Final MAPE": 153247.203125, "Final MAE": 0.11435891687870026, "Total Training Time": 69.52899169921875, "Average Time per Epoch": 2.474880644253322, "_wandb": {"runtime": 70}}