{"epoch": 0, "_timestamp": 1703648855.5403173, "loss": 0.004647001624107361, "root_mean_squared_error": 0.0710991695523262, "mean_absolute_percentage_error": 20156.896484375, "mean_absolute_error": 0.04589005932211876, "val_loss": 0.006480546668171883, "val_root_mean_squared_error": 0.08050183951854706, "val_mean_absolute_percentage_error": 41863.28515625, "val_mean_absolute_error": 0.04947348311543465, "_runtime": 6.642606258392334, "_step": 1, "best_val_loss": 0.006480546668171883, "best_epoch": 0, "Final MSE": 0.008201126009225845, "Final RMSE": 0.09056007117033005, "Final MAPE": 67557.5078125, "Final MAE": 0.0560583621263504, "Total Training Time": 4.876666069030762, "Average Time per Epoch": 4.6725287437438965, "_wandb": {"runtime": 5}}