{"epoch": 17, "_timestamp": 1705581074.3885696, "loss": 0.0037152068689465523, "root_mean_squared_error": 0.06095249578356743, "mean_absolute_percentage_error": 15028.7734375, "mean_absolute_error": 0.03389286249876022, "val_loss": 0.012175966054201126, "val_root_mean_squared_error": 0.11034476011991501, "val_mean_absolute_percentage_error": 187710.375, "val_mean_absolute_error": 0.07238245755434036, "_runtime": 25.991576671600342, "_step": 18, "best_val_loss": 0.010944581590592861, "best_epoch": 7, "Final MSE": 0.019490620121359825, "Final RMSE": 0.13960881531238556, "Final MAPE": 36850.7421875, "Final MAE": 0.08919000625610352, "Total Training Time": 23.718976974487305, "Average Time per Epoch": 1.3085312578413222, "_wandb": {"runtime": 24}}