{"epoch": 27, "_timestamp": 1703636636.088366, "loss": 0.004396247211843729, "root_mean_squared_error": 0.06630419939756393, "mean_absolute_percentage_error": 16227.0107421875, "mean_absolute_error": 0.04655398800969124, "val_loss": 0.0059392694383859634, "val_root_mean_squared_error": 0.07706665247678757, "val_mean_absolute_percentage_error": 73697.9765625, "val_mean_absolute_error": 0.05224888026714325, "_runtime": 55.38160014152527, "_step": 28, "best_val_loss": 0.005899695213884115, "best_epoch": 17, "Final MSE": 0.011086134240031242, "Final RMSE": 0.10529071092605591, "Final MAPE": 142046.953125, "Final MAE": 0.07462762296199799, "Total Training Time": 53.35749101638794, "Average Time per Epoch": 1.8991305487496513, "_wandb": {"runtime": 53}}