{"epoch": 13, "_timestamp": 1703156691.6749122, "loss": 0.005416558589786291, "root_mean_squared_error": 0.07359727472066879, "mean_absolute_percentage_error": 64803.20703125, "mean_absolute_error": 0.03473109006881714, "val_loss": 0.006078565958887339, "val_root_mean_squared_error": 0.0779651552438736, "val_mean_absolute_percentage_error": 110556.515625, "val_mean_absolute_error": 0.049055151641368866, "_runtime": 21.092458248138428, "_step": 14, "best_val_loss": 0.005957701709121466, "best_epoch": 3, "Final MSE": 0.014101620763540268, "Final RMSE": 0.11875024437904358, "Final MAPE": 297857.75, "Final MAE": 0.07375913113355637, "Total Training Time": 18.825703620910645, "Average Time per Epoch": 1.3336216041019984, "_wandb": {"runtime": 19}}