{"epoch": 0, "_timestamp": 1703595513.2438917, "loss": 0.01692507602274418, "root_mean_squared_error": 0.13143952190876007, "mean_absolute_percentage_error": 61774.92578125, "mean_absolute_error": 0.0819954201579094, "val_loss": 0.0099843954667449, "val_root_mean_squared_error": 0.09992194920778275, "val_mean_absolute_percentage_error": 120575.1875, "val_mean_absolute_error": 0.07392709702253342, "_runtime": 3.635572671890259, "_step": 1, "best_val_loss": 0.0099843954667449, "best_epoch": 0, "Final MSE": 0.019672900438308716, "Final RMSE": 0.14026010036468506, "Final MAPE": 245722.34375, "Final MAE": 0.08046428114175797, "Total Training Time": 1.6123239994049072, "Average Time per Epoch": 1.5052740573883057, "_wandb": {"runtime": 1}}