{"epoch": 17, "_timestamp": 1702650601.333925, "loss": 0.01323332916945219, "root_mean_squared_error": 0.11503621935844421, "mean_absolute_percentage_error": 96601.3359375, "mean_absolute_error": 0.08504369854927063, "val_loss": 0.02026953361928463, "val_root_mean_squared_error": 0.14237110316753387, "val_mean_absolute_percentage_error": 95809.2890625, "val_mean_absolute_error": 0.09743251651525497, "_runtime": 40.6282000541687, "_step": 18, "best_val_loss": 0.02011053077876568, "best_epoch": 7, "Final MSE": 0.0257505364716053, "Final RMSE": 0.16046969592571259, "Final MAPE": 48629.14453125, "Final MAE": 0.10819678008556366, "Total Training Time": 38.47251057624817, "Average Time per Epoch": 2.1244721147749157, "_wandb": {"runtime": 38}}