{"epoch": 50, "_timestamp": 1703183328.046849, "loss": 0.005863345693796873, "root_mean_squared_error": 0.076572485268116, "mean_absolute_percentage_error": 8354.474609375, "mean_absolute_error": 0.04302864521741867, "val_loss": 0.008008592762053013, "val_root_mean_squared_error": 0.08949074149131775, "val_mean_absolute_percentage_error": 44505.82421875, "val_mean_absolute_error": 0.04732394590973854, "_runtime": 123.43226599693298, "_step": 51, "best_val_loss": 0.007509729824960232, "best_epoch": 40, "Final MSE": 0.010075303725898266, "Final RMSE": 0.10037580877542496, "Final MAPE": 47987.18359375, "Final MAE": 0.06336583197116852, "Total Training Time": 120.7284197807312, "Average Time per Epoch": 2.3626553030575024, "_wandb": {"runtime": 121}}