{"epoch": 20, "_timestamp": 1703154930.4213212, "loss": 0.0038555676583200693, "root_mean_squared_error": 0.06209321692585945, "mean_absolute_percentage_error": 51640.3671875, "mean_absolute_error": 0.03169209882616997, "val_loss": 0.008775265887379646, "val_root_mean_squared_error": 0.09367638826370239, "val_mean_absolute_percentage_error": 58149.39453125, "val_mean_absolute_error": 0.04761023074388504, "_runtime": 29.517110109329224, "_step": 21, "best_val_loss": 0.008650314062833786, "best_epoch": 10, "Final MSE": 0.012671583332121372, "Final RMSE": 0.11256812512874603, "Final MAPE": 79011.125, "Final MAE": 0.0610167533159256, "Total Training Time": 27.2873854637146, "Average Time per Epoch": 1.291590350014823, "_wandb": {"runtime": 27}}