{"epoch": 0, "_timestamp": 1703596227.2470655, "loss": 0.02639380842447281, "root_mean_squared_error": 0.16044138371944427, "mean_absolute_percentage_error": 122843.921875, "mean_absolute_error": 0.12305895984172821, "val_loss": 0.028945915400981903, "val_root_mean_squared_error": 0.17013497650623322, "val_mean_absolute_percentage_error": 261450.84375, "val_mean_absolute_error": 0.13576167821884155, "_runtime": 3.6527504920959473, "_step": 1, "best_val_loss": 0.028945915400981903, "best_epoch": 0, "Final MSE": 0.02176714316010475, "Final RMSE": 0.14753691852092743, "Final MAPE": 527382.5625, "Final MAE": 0.09980479627847672, "Total Training Time": 1.5861685276031494, "Average Time per Epoch": 1.478166103363037, "_wandb": {"runtime": 1}}