{"epoch": 10, "_timestamp": 1703534309.5089533, "loss": 0.006934173405170441, "root_mean_squared_error": 0.08327168226242065, "mean_absolute_percentage_error": 37101.015625, "mean_absolute_error": 0.05556469410657883, "val_loss": 0.015051851980388165, "val_root_mean_squared_error": 0.1226859912276268, "val_mean_absolute_percentage_error": 148711.453125, "val_mean_absolute_error": 0.08520675450563431, "_runtime": 149.29783844947815, "_step": 11, "best_val_loss": 0.014004086144268513, "best_epoch": 0, "Final MSE": 0.02006937563419342, "Final RMSE": 0.14166642725467682, "Final MAPE": 209166.265625, "Final MAE": 0.0989338830113411, "Total Training Time": 146.8445382118225, "Average Time per Epoch": 13.27951210195368, "_wandb": {"runtime": 147}}