{"epoch": 32, "_timestamp": 1703447888.9129314, "loss": 0.007416258566081524, "root_mean_squared_error": 0.0861176997423172, "mean_absolute_percentage_error": 8495175.0, "mean_absolute_error": 0.05079425498843193, "val_loss": 0.012650452554225922, "val_root_mean_squared_error": 0.1124742329120636, "val_mean_absolute_percentage_error": 12192740.0, "val_mean_absolute_error": 0.06628131121397018, "_runtime": 70.08838248252869, "_step": 33, "best_val_loss": 0.011387861333787441, "best_epoch": 22, "Final MSE": 0.013101549819111824, "Final RMSE": 0.1144620031118393, "Final MAPE": 16809726.0, "Final MAE": 0.06860146671533585, "Total Training Time": 67.60188174247742, "Average Time per Epoch": 2.042088833722201, "_wandb": {"runtime": 68}}