{"epoch": 0, "_timestamp": 1703640372.1987333, "loss": 0.005305902101099491, "root_mean_squared_error": 0.07535911351442337, "mean_absolute_percentage_error": 17184.8984375, "mean_absolute_error": 0.04031597822904587, "val_loss": 0.009095990099012852, "val_root_mean_squared_error": 0.09537290036678314, "val_mean_absolute_percentage_error": 173465.234375, "val_mean_absolute_error": 0.07778549194335938, "_runtime": 11.065324306488037, "_step": 1, "best_val_loss": 0.009095990099012852, "best_epoch": 0, "Final MSE": 0.008266625925898552, "Final RMSE": 0.09092098474502563, "Final MAPE": 22721.16796875, "Final MAE": 0.06957439333200455, "Total Training Time": 4.520488262176514, "Average Time per Epoch": 4.370482921600342, "_wandb": {"runtime": 4}}