{"epoch": 13, "_timestamp": 1703672952.7714708, "loss": 0.005907739512622356, "root_mean_squared_error": 0.07686182111501694, "mean_absolute_percentage_error": 5013286.0, "mean_absolute_error": 0.04091263934969902, "val_loss": 0.015470911748707294, "val_root_mean_squared_error": 0.1243821233510971, "val_mean_absolute_percentage_error": 5329942.5, "val_mean_absolute_error": 0.06690448522567749, "_runtime": 39.58683967590332, "_step": 14, "best_val_loss": 0.009076406247913837, "best_epoch": 3, "Final MSE": 0.01573970355093479, "Final RMSE": 0.1254579722881317, "Final MAPE": 9243381.0, "Final MAE": 0.06580764800310135, "Total Training Time": 37.03311371803284, "Average Time per Epoch": 2.631599630628313, "_wandb": {"runtime": 37}}