{"epoch": 46, "_timestamp": 1703162871.4854321, "loss": 0.008668550290167332, "root_mean_squared_error": 0.09310504794120789, "mean_absolute_percentage_error": 40175.1328125, "mean_absolute_error": 0.061479486525058746, "val_loss": 0.014809737913310528, "val_root_mean_squared_error": 0.12169526517391205, "val_mean_absolute_percentage_error": 60992.29296875, "val_mean_absolute_error": 0.07824578881263733, "_runtime": 124.6607232093811, "_step": 47, "best_val_loss": 0.01449655368924141, "best_epoch": 36, "Final MSE": 0.0249704010784626, "Final RMSE": 0.1580202579498291, "Final MAPE": 26748.015625, "Final MAE": 0.10916901379823685, "Total Training Time": 122.22682237625122, "Average Time per Epoch": 2.594802861518048, "_wandb": {"runtime": 122}}