{"epoch": 0, "_timestamp": 1703677534.4664412, "loss": 0.08044413477182388, "root_mean_squared_error": 0.2831628918647766, "mean_absolute_percentage_error": 97509424.0, "mean_absolute_error": 0.23342417180538177, "val_loss": 0.07463473826646805, "val_root_mean_squared_error": 0.2731936275959015, "val_mean_absolute_percentage_error": 101006664.0, "val_mean_absolute_error": 0.22666580975055695, "_runtime": 3.4510130882263184, "_step": 1, "best_val_loss": 0.07463473826646805, "best_epoch": 0, "Final MSE": 0.07820044457912445, "Final RMSE": 0.2796434164047241, "Final MAPE": 114955312.0, "Final MAE": 0.2287963330745697, "Total Training Time": 1.539647102355957, "Average Time per Epoch": 1.432816505432129, "_wandb": {"runtime": 1}}