{"epoch": 0, "_timestamp": 1703764836.6282709, "loss": 0.01579429768025875, "root_mean_squared_error": 0.1378224790096283, "mean_absolute_percentage_error": 33088.03515625, "mean_absolute_error": 0.08610029518604279, "val_loss": 0.017055733129382133, "val_root_mean_squared_error": 0.13059762120246887, "val_mean_absolute_percentage_error": 790570.25, "val_mean_absolute_error": 0.0899091437458992, "_runtime": 2.73032283782959, "_step": 1, "best_val_loss": 0.017055733129382133, "best_epoch": 0, "Final MSE": 0.0411965437233448, "Final RMSE": 0.20296931266784668, "Final MAPE": 134998.90625, "Final MAE": 0.14693571627140045, "Total Training Time": 1.5722086429595947, "Average Time per Epoch": 1.4605083465576172, "_wandb": {"runtime": 1}}