{"epoch": 32, "_timestamp": 1703892326.9365263, "loss": 0.009161274880170822, "root_mean_squared_error": 0.09571454674005508, "mean_absolute_percentage_error": 36622.578125, "mean_absolute_error": 0.06463048607110977, "val_loss": 0.014506710693240166, "val_root_mean_squared_error": 0.12044380605220795, "val_mean_absolute_percentage_error": 81959.9140625, "val_mean_absolute_error": 0.0793386921286583, "_runtime": 26.14521837234497, "_step": 33, "best_val_loss": 0.01422030944377184, "best_epoch": 22, "Final MSE": 0.026916930451989174, "Final RMSE": 0.16406379640102386, "Final MAPE": 39701.79296875, "Final MAE": 0.11459648609161377, "Total Training Time": 24.84756350517273, "Average Time per Epoch": 0.7489452506556655, "_wandb": {"runtime": 25}}