{"epoch": 32, "_timestamp": 1703846133.490388, "loss": 0.004330283496528864, "root_mean_squared_error": 0.06580489128828049, "mean_absolute_percentage_error": 17190.634765625, "mean_absolute_error": 0.041765615344047546, "val_loss": 0.010467399843037128, "val_root_mean_squared_error": 0.10231031477451324, "val_mean_absolute_percentage_error": 64487.71484375, "val_mean_absolute_error": 0.06970895081758499, "_runtime": 77.4995768070221, "_step": 33, "best_val_loss": 0.01001086737960577, "best_epoch": 22, "Final MSE": 0.012760905548930168, "Final RMSE": 0.11296417564153671, "Final MAPE": 152114.234375, "Final MAE": 0.0810357928276062, "Total Training Time": 75.91545081138611, "Average Time per Epoch": 2.2948833884614888, "_wandb": {"runtime": 76}}