{"epoch": 21, "_timestamp": 1703499660.2632022, "loss": 0.005525307264178991, "root_mean_squared_error": 0.07433240860700607, "mean_absolute_percentage_error": 116301.796875, "mean_absolute_error": 0.04175696521997452, "val_loss": 0.006183328106999397, "val_root_mean_squared_error": 0.07863414287567139, "val_mean_absolute_percentage_error": 31820.0859375, "val_mean_absolute_error": 0.04497349634766579, "_runtime": 54.95486116409302, "_step": 22, "best_val_loss": 0.0050705960020422935, "best_epoch": 11, "Final MSE": 0.01162952370941639, "Final RMSE": 0.10784026980400085, "Final MAPE": 334171.25, "Final MAE": 0.06643196940422058, "Total Training Time": 52.37327599525452, "Average Time per Epoch": 2.372268893501975, "_wandb": {"runtime": 53}}