{"epoch": 26, "_timestamp": 1705575960.1092305, "loss": 0.0043353065848350525, "root_mean_squared_error": 0.06584304571151733, "mean_absolute_percentage_error": 83152.3125, "mean_absolute_error": 0.03406486287713051, "val_loss": 0.01414948608726263, "val_root_mean_squared_error": 0.11895161122083664, "val_mean_absolute_percentage_error": 2955.976806640625, "val_mean_absolute_error": 0.07623481750488281, "_runtime": 23.039323568344116, "_step": 27, "best_val_loss": 0.012637347914278507, "best_epoch": 16, "Final MSE": 0.018287668004631996, "Final RMSE": 0.1352318972349167, "Final MAPE": 22071.8203125, "Final MAE": 0.09491068124771118, "Total Training Time": 20.68421745300293, "Average Time per Epoch": 0.760914334544429, "_wandb": {"runtime": 21}}