{"epoch": 17, "_timestamp": 1703650212.279585, "loss": 0.010629357770085335, "root_mean_squared_error": 0.1030987799167633, "mean_absolute_percentage_error": 1285.213623046875, "mean_absolute_error": 0.06076968461275101, "val_loss": 0.006626340560615063, "val_root_mean_squared_error": 0.08140233904123306, "val_mean_absolute_percentage_error": 69.15696716308594, "val_mean_absolute_error": 0.04984956607222557, "_runtime": 27.172207832336426, "_step": 18, "best_val_loss": 0.005913096014410257, "best_epoch": 7, "Final MSE": 0.028701238334178925, "Final RMSE": 0.16941440105438232, "Final MAPE": 48263.61328125, "Final MAE": 0.10316775739192963, "Total Training Time": 24.932055473327637, "Average Time per Epoch": 1.3778709703021579, "_wandb": {"runtime": 25}}