{"epoch": 22, "_timestamp": 1703099080.4685442, "loss": 0.013678275048732758, "root_mean_squared_error": 0.11695415526628494, "mean_absolute_percentage_error": 33449.26953125, "mean_absolute_error": 0.08222492784261703, "val_loss": 0.01393129676580429, "val_root_mean_squared_error": 0.11803091317415237, "val_mean_absolute_percentage_error": 65953.109375, "val_mean_absolute_error": 0.09176967293024063, "_runtime": 19.807430267333984, "_step": 23, "best_val_loss": 0.013399867340922356, "best_epoch": 12, "Final MSE": 0.023782657459378242, "Final RMSE": 0.15421628952026367, "Final MAPE": 135786.828125, "Final MAE": 0.11465662717819214, "Total Training Time": 17.553067445755005, "Average Time per Epoch": 0.7572036722432012, "_wandb": {"runtime": 17}}