{"epoch": 20, "_timestamp": 1703924205.5441158, "loss": 0.004956590011715889, "root_mean_squared_error": 0.07040305435657501, "mean_absolute_percentage_error": 62462.75, "mean_absolute_error": 0.034006617963314056, "val_loss": 0.006720738485455513, "val_root_mean_squared_error": 0.08198010921478271, "val_mean_absolute_percentage_error": 62709.06640625, "val_mean_absolute_error": 0.05368194356560707, "_runtime": 90.96438980102539, "_step": 21, "best_val_loss": 0.006289240904152393, "best_epoch": 10, "Final MSE": 0.018870308995246887, "Final RMSE": 0.13736924529075623, "Final MAPE": 149196.703125, "Final MAE": 0.08772967755794525, "Total Training Time": 88.69368076324463, "Average Time per Epoch": 4.209087190173921, "_wandb": {"runtime": 89}}