{"epoch": 12, "_timestamp": 1703763780.5985894, "loss": 0.020498815923929214, "root_mean_squared_error": 0.14317412674427032, "mean_absolute_percentage_error": 722173.9375, "mean_absolute_error": 0.10326842963695526, "val_loss": 0.0307257529348135, "val_root_mean_squared_error": 0.1752876341342926, "val_mean_absolute_percentage_error": 167834.234375, "val_mean_absolute_error": 0.11139526218175888, "_runtime": 11.9469633102417, "_step": 13, "best_val_loss": 0.027718978002667427, "best_epoch": 2, "Final MSE": 0.03515196964144707, "Final RMSE": 0.18748857080936432, "Final MAPE": 171297.40625, "Final MAE": 0.14760783314704895, "Total Training Time": 9.84389877319336, "Average Time per Epoch": 0.7481197577256423, "_wandb": {"runtime": 10}}