{"epoch": 44, "_timestamp": 1703875167.1483855, "loss": 0.005240741651505232, "root_mean_squared_error": 0.07239297032356262, "mean_absolute_percentage_error": 71288.8984375, "mean_absolute_error": 0.038055140525102615, "val_loss": 0.00837661325931549, "val_root_mean_squared_error": 0.09152384102344513, "val_mean_absolute_percentage_error": 76188.03125, "val_mean_absolute_error": 0.043998055160045624, "_runtime": 485.0015776157379, "_step": 45, "best_val_loss": 0.00784169603139162, "best_epoch": 34, "Final MSE": 0.027073023840785027, "Final RMSE": 0.16453881561756134, "Final MAPE": 51374.22265625, "Final MAE": 0.07546276599168777, "Total Training Time": 483.4687201976776, "Average Time per Epoch": 10.729000690248277, "_wandb": {"runtime": 484}}