{"epoch": 0, "_timestamp": 1703556227.4517064, "loss": 0.005324538331478834, "root_mean_squared_error": 0.08080138266086578, "mean_absolute_percentage_error": 149481.90625, "mean_absolute_error": 0.047201287001371384, "val_loss": 0.009898312389850616, "val_root_mean_squared_error": 0.09949026256799698, "val_mean_absolute_percentage_error": 366769.34375, "val_mean_absolute_error": 0.05900263041257858, "_runtime": 13.015563488006592, "_step": 1, "best_val_loss": 0.009898312389850616, "best_epoch": 0, "Final MSE": 0.01336670946329832, "Final RMSE": 0.11561448872089386, "Final MAPE": 73596.359375, "Final MAE": 0.06819628179073334, "Total Training Time": 11.309904336929321, "Average Time per Epoch": 11.110891342163086, "_wandb": {"runtime": 11}}