{"epoch": 23, "_timestamp": 1705628830.1286702, "loss": 0.003947020974010229, "root_mean_squared_error": 0.06282532215118408, "mean_absolute_percentage_error": 37518.58984375, "mean_absolute_error": 0.03226139396429062, "val_loss": 0.008408843539655209, "val_root_mean_squared_error": 0.0916997492313385, "val_mean_absolute_percentage_error": 39640.67578125, "val_mean_absolute_error": 0.050893764942884445, "_runtime": 59.9393413066864, "_step": 24, "best_val_loss": 0.008366094902157784, "best_epoch": 13, "Final MSE": 0.012724963016808033, "Final RMSE": 0.11280497908592224, "Final MAPE": 19725.96484375, "Final MAE": 0.06565509736537933, "Total Training Time": 57.45507526397705, "Average Time per Epoch": 2.3852760593096414, "_wandb": {"runtime": 58}}