{"epoch": 0, "_timestamp": 1703651627.2628767, "loss": 0.018354840576648712, "root_mean_squared_error": 0.13891755044460297, "mean_absolute_percentage_error": 32383.716796875, "mean_absolute_error": 0.09705274552106857, "val_loss": 0.02417588233947754, "val_root_mean_squared_error": 0.15548595786094666, "val_mean_absolute_percentage_error": 36188.28125, "val_mean_absolute_error": 0.09979000687599182, "_runtime": 3.7902116775512695, "_step": 1, "best_val_loss": 0.02417588233947754, "best_epoch": 0, "Final MSE": 0.026337262243032455, "Final RMSE": 0.16228759288787842, "Final MAPE": 124637.7421875, "Final MAE": 0.11089527606964111, "Total Training Time": 1.8799664974212646, "Average Time per Epoch": 1.7681732177734375, "_wandb": {"runtime": 2}}