{"epoch": 38, "_timestamp": 1703167052.4210546, "loss": 0.00523389084264636, "root_mean_squared_error": 0.07234563678503036, "mean_absolute_percentage_error": 29762.939453125, "mean_absolute_error": 0.0452597476541996, "val_loss": 0.00790333840996027, "val_root_mean_squared_error": 0.08890072256326675, "val_mean_absolute_percentage_error": 107224.703125, "val_mean_absolute_error": 0.05377023294568062, "_runtime": 100.1776225566864, "_step": 39, "best_val_loss": 0.007740670815110207, "best_epoch": 28, "Final MSE": 0.010369080118834972, "Final RMSE": 0.1018286794424057, "Final MAPE": 193656.609375, "Final MAE": 0.06108960881829262, "Total Training Time": 97.72841954231262, "Average Time per Epoch": 2.4995232300880628, "_wandb": {"runtime": 98}}