{"epoch": 0, "_timestamp": 1703815337.4787812, "loss": 0.005278448574244976, "root_mean_squared_error": 0.07987851649522781, "mean_absolute_percentage_error": 85709.2265625, "mean_absolute_error": 0.039247896522283554, "val_loss": 0.005590843502432108, "val_root_mean_squared_error": 0.0747719407081604, "val_mean_absolute_percentage_error": 84590.6328125, "val_mean_absolute_error": 0.04542785510420799, "_runtime": 3.729051113128662, "_step": 1, "best_val_loss": 0.005590843502432108, "best_epoch": 0, "Final MSE": 0.012576034292578697, "Final RMSE": 0.11214292049407959, "Final MAPE": 223085.890625, "Final MAE": 0.06550414860248566, "Total Training Time": 1.8666398525238037, "Average Time per Epoch": 1.7506437301635742, "_wandb": {"runtime": 2}}