{"epoch": 16, "_timestamp": 1703768605.7384274, "loss": 0.023036789149045944, "root_mean_squared_error": 0.15177875757217407, "mean_absolute_percentage_error": 32332.482421875, "mean_absolute_error": 0.09295876324176788, "val_loss": 0.026431681588292122, "val_root_mean_squared_error": 0.16257822513580322, "val_mean_absolute_percentage_error": 78709.7890625, "val_mean_absolute_error": 0.10208233445882797, "_runtime": 94.17580938339233, "_step": 17, "best_val_loss": 0.026392269879579544, "best_epoch": 6, "Final MSE": 0.04027106612920761, "Final RMSE": 0.20067651569843292, "Final MAPE": 441544.1875, "Final MAE": 0.1143980547785759, "Total Training Time": 92.70620965957642, "Average Time per Epoch": 5.432850276722627, "_wandb": {"runtime": 93}}