{"epoch": 34, "_timestamp": 1703441383.235983, "loss": 0.0076432679779827595, "root_mean_squared_error": 0.08742578327655792, "mean_absolute_percentage_error": 9957093.0, "mean_absolute_error": 0.05384419113397598, "val_loss": 0.012273780070245266, "val_root_mean_squared_error": 0.11078709363937378, "val_mean_absolute_percentage_error": 17448850.0, "val_mean_absolute_error": 0.0712423101067543, "_runtime": 28.36427879333496, "_step": 35, "best_val_loss": 0.010476058349013329, "best_epoch": 24, "Final MSE": 0.0193663090467453, "Final RMSE": 0.13916288316249847, "Final MAPE": 30333124.0, "Final MAE": 0.0939696803689003, "Total Training Time": 26.20806360244751, "Average Time per Epoch": 0.7446193490709577, "_wandb": {"runtime": 26}}