{"epoch": 23, "_timestamp": 1702645157.1288264, "loss": 0.00809631310403347, "root_mean_squared_error": 0.08997951447963715, "mean_absolute_percentage_error": 78617.0625, "mean_absolute_error": 0.06107516586780548, "val_loss": 0.01144168246537447, "val_root_mean_squared_error": 0.1069658026099205, "val_mean_absolute_percentage_error": 77681.59375, "val_mean_absolute_error": 0.07317683845758438, "_runtime": 58.01503944396973, "_step": 24, "best_val_loss": 0.010818369686603546, "best_epoch": 13, "Final MSE": 0.020193500444293022, "Final RMSE": 0.14210383594036102, "Final MAPE": 47774.34765625, "Final MAE": 0.09463002532720566, "Total Training Time": 56.124654054641724, "Average Time per Epoch": 2.3286046385765076, "_wandb": {"runtime": 56}}