{"epoch": 18, "_timestamp": 1703855305.013652, "loss": 0.015103754587471485, "root_mean_squared_error": 0.12289733439683914, "mean_absolute_percentage_error": 11902.751953125, "mean_absolute_error": 0.07308006286621094, "val_loss": 0.009817507117986679, "val_root_mean_squared_error": 0.0990833267569542, "val_mean_absolute_percentage_error": 94534.6015625, "val_mean_absolute_error": 0.07507961988449097, "_runtime": 15.993399143218994, "_step": 19, "best_val_loss": 0.009068609215319157, "best_epoch": 8, "Final MSE": 0.021770615130662918, "Final RMSE": 0.14754867553710938, "Final MAPE": 95831.984375, "Final MAE": 0.09850968420505524, "Total Training Time": 13.838807344436646, "Average Time per Epoch": 0.7206998624299702, "_wandb": {"runtime": 14}}