{"epoch": 29, "_timestamp": 1703853207.3907073, "loss": 0.006039508618414402, "root_mean_squared_error": 0.07771427184343338, "mean_absolute_percentage_error": 124633.015625, "mean_absolute_error": 0.04749009758234024, "val_loss": 0.013715027831494808, "val_root_mean_squared_error": 0.11711117625236511, "val_mean_absolute_percentage_error": 234634.1875, "val_mean_absolute_error": 0.05929553136229515, "_runtime": 72.14682221412659, "_step": 30, "best_val_loss": 0.01184939220547676, "best_epoch": 19, "Final MSE": 0.03326360881328583, "Final RMSE": 0.18238313496112823, "Final MAPE": 333504.78125, "Final MAE": 0.11513551324605942, "Total Training Time": 69.55641961097717, "Average Time per Epoch": 2.311513598759969, "_wandb": {"runtime": 70}}