{"epoch": 0, "_timestamp": 1703746115.4612298, "loss": 0.009117274545133114, "root_mean_squared_error": 0.10130901634693146, "mean_absolute_percentage_error": 9921771.0, "mean_absolute_error": 0.0604284293949604, "val_loss": 0.01536654680967331, "val_root_mean_squared_error": 0.12396187335252762, "val_mean_absolute_percentage_error": 10214938.0, "val_mean_absolute_error": 0.07240298390388489, "_runtime": 3.804133892059326, "_step": 1, "best_val_loss": 0.01536654680967331, "best_epoch": 0, "Final MSE": 0.021143963560461998, "Final RMSE": 0.14540964365005493, "Final MAPE": 18085194.0, "Final MAE": 0.08709001541137695, "Total Training Time": 2.655316114425659, "Average Time per Epoch": 2.5276598930358887, "_wandb": {"runtime": 2}}