{"epoch": 16, "_timestamp": 1703528989.339742, "loss": 0.0060387565754354, "root_mean_squared_error": 0.07770943641662598, "mean_absolute_percentage_error": 130368.0859375, "mean_absolute_error": 0.048958636820316315, "val_loss": 0.013725601136684418, "val_root_mean_squared_error": 0.11715631186962128, "val_mean_absolute_percentage_error": 316103.625, "val_mean_absolute_error": 0.06957455724477768, "_runtime": 203.6707739830017, "_step": 17, "best_val_loss": 0.01332621555775404, "best_epoch": 6, "Final MSE": 0.02146902307868004, "Final RMSE": 0.146523118019104, "Final MAPE": 60937.65625, "Final MAE": 0.08497794717550278, "Total Training Time": 200.6727283000946, "Average Time per Epoch": 11.763462992275462, "_wandb": {"runtime": 201}}