{"epoch": 27, "_timestamp": 1705623038.9320564, "loss": 0.014331849291920662, "root_mean_squared_error": 0.11971570551395416, "mean_absolute_percentage_error": 7948.16259765625, "mean_absolute_error": 0.07441812753677368, "val_loss": 0.008396600373089314, "val_root_mean_squared_error": 0.09163296222686768, "val_mean_absolute_percentage_error": 42605.30859375, "val_mean_absolute_error": 0.05463075265288353, "_runtime": 59.255913496017456, "_step": 28, "best_val_loss": 0.008151908405125141, "best_epoch": 17, "Final MSE": 0.013693208806216717, "Final RMSE": 0.11701798439025879, "Final MAPE": 73356.3203125, "Final MAE": 0.07233354449272156, "Total Training Time": 56.7456157207489, "Average Time per Epoch": 2.019494559083666, "_wandb": {"runtime": 57}}