{"epoch": 22, "_timestamp": 1703263671.0864248, "loss": 0.011250111274421215, "root_mean_squared_error": 0.10606653988361359, "mean_absolute_percentage_error": 16742.197265625, "mean_absolute_error": 0.07154504954814911, "val_loss": 0.020195724442601204, "val_root_mean_squared_error": 0.1421116590499878, "val_mean_absolute_percentage_error": 329343.46875, "val_mean_absolute_error": 0.10873875021934509, "_runtime": 254.77625489234924, "_step": 23, "best_val_loss": 0.01654057577252388, "best_epoch": 12, "Final MSE": 0.03355139121413231, "Final RMSE": 0.1831703931093216, "Final MAPE": 243580.75, "Final MAE": 0.14342786371707916, "Total Training Time": 252.2050278186798, "Average Time per Epoch": 10.9357445343681, "_wandb": {"runtime": 252}}