{"epoch": 0, "_timestamp": 1703565223.3132176, "loss": 0.015268519520759583, "root_mean_squared_error": 0.12279166281223297, "mean_absolute_percentage_error": 22833.337890625, "mean_absolute_error": 0.07582602649927139, "val_loss": 0.008632556535303593, "val_root_mean_squared_error": 0.09291154891252518, "val_mean_absolute_percentage_error": 58923.35546875, "val_mean_absolute_error": 0.0564919151365757, "_runtime": 4.707404613494873, "_step": 1, "best_val_loss": 0.008632556535303593, "best_epoch": 0, "Final MSE": 0.013493812642991543, "Final RMSE": 0.11616287380456924, "Final MAPE": 112730.375, "Final MAE": 0.07196243107318878, "Total Training Time": 2.7708654403686523, "Average Time per Epoch": 2.616861343383789, "_wandb": {"runtime": 3}}