{"epoch": 0, "_timestamp": 1703565384.462155, "loss": 0.0087382597848773, "root_mean_squared_error": 0.09642495959997177, "mean_absolute_percentage_error": 12300.16015625, "mean_absolute_error": 0.06267622113227844, "val_loss": 0.015041586011648178, "val_root_mean_squared_error": 0.12264414131641388, "val_mean_absolute_percentage_error": 24726.640625, "val_mean_absolute_error": 0.07725151628255844, "_runtime": 4.614922046661377, "_step": 1, "best_val_loss": 0.015041586011648178, "best_epoch": 0, "Final MSE": 0.012908736243844032, "Final RMSE": 0.11361662298440933, "Final MAPE": 46086.34375, "Final MAE": 0.07449906319379807, "Total Training Time": 2.7352161407470703, "Average Time per Epoch": 2.58317232131958, "_wandb": {"runtime": 2}}