{"epoch": 0, "_timestamp": 1703560714.6902454, "loss": 0.00678034545853734, "root_mean_squared_error": 0.08693016320466995, "mean_absolute_percentage_error": 10862.7158203125, "mean_absolute_error": 0.05053053796291351, "val_loss": 0.012429524213075638, "val_root_mean_squared_error": 0.11148777604103088, "val_mean_absolute_percentage_error": 31401.40234375, "val_mean_absolute_error": 0.060910843312740326, "_runtime": 3.9541172981262207, "_step": 1, "best_val_loss": 0.012429524213075638, "best_epoch": 0, "Final MSE": 0.013469683937728405, "Final RMSE": 0.11605896800756454, "Final MAPE": 24385.71484375, "Final MAE": 0.0766480341553688, "Total Training Time": 1.923560380935669, "Average Time per Epoch": 1.8125507831573486, "_wandb": {"runtime": 2}}