{"epoch": 15, "_timestamp": 1703593806.4454167, "loss": 0.018387338146567345, "root_mean_squared_error": 0.1355999857187271, "mean_absolute_percentage_error": 34745.41015625, "mean_absolute_error": 0.09741141647100449, "val_loss": 0.01737101748585701, "val_root_mean_squared_error": 0.1317991465330124, "val_mean_absolute_percentage_error": 121494.6875, "val_mean_absolute_error": 0.07901681214570999, "_runtime": 14.854333639144897, "_step": 16, "best_val_loss": 0.017337635159492493, "best_epoch": 5, "Final MSE": 0.02067224308848381, "Final RMSE": 0.14377844333648682, "Final MAPE": 246343.953125, "Final MAE": 0.08967611938714981, "Total Training Time": 12.794053077697754, "Average Time per Epoch": 0.7917256504297256, "_wandb": {"runtime": 13}}