{"epoch": 0, "_timestamp": 1703564987.083383, "loss": 0.003909354563802481, "root_mean_squared_error": 0.066153883934021, "mean_absolute_percentage_error": 219915.90625, "mean_absolute_error": 0.037266552448272705, "val_loss": 0.006701555103063583, "val_root_mean_squared_error": 0.08186302334070206, "val_mean_absolute_percentage_error": 29.90409278869629, "val_mean_absolute_error": 0.04115937277674675, "_runtime": 4.551944971084595, "_step": 1, "best_val_loss": 0.006701555103063583, "best_epoch": 0, "Final MSE": 0.0076276445761322975, "Final RMSE": 0.08733638375997543, "Final MAPE": 230051.8125, "Final MAE": 0.05542336776852608, "Total Training Time": 2.735687494277954, "Average Time per Epoch": 2.5835015773773193, "_wandb": {"runtime": 2}}