{"epoch": 0, "_timestamp": 1703505477.396553, "loss": 0.02763219177722931, "root_mean_squared_error": 0.16482654213905334, "mean_absolute_percentage_error": 39074.93359375, "mean_absolute_error": 0.11480902880430222, "val_loss": 0.014074196107685566, "val_root_mean_squared_error": 0.11863470822572708, "val_mean_absolute_percentage_error": 82730.421875, "val_mean_absolute_error": 0.08783111721277237, "_runtime": 3.6792399883270264, "_step": 1, "best_val_loss": 0.014074196107685566, "best_epoch": 0, "Final MSE": 0.023839203640818596, "Final RMSE": 0.15439949929714203, "Final MAPE": 168566.875, "Final MAE": 0.10418067872524261, "Total Training Time": 1.5704541206359863, "Average Time per Epoch": 1.4680798053741455, "_wandb": {"runtime": 1}}