{"epoch": 0, "_timestamp": 1703505320.452547, "loss": 0.01790248602628708, "root_mean_squared_error": 0.13589200377464294, "mean_absolute_percentage_error": 21023.33203125, "mean_absolute_error": 0.0634632483124733, "val_loss": 0.016730478033423424, "val_root_mean_squared_error": 0.1293463408946991, "val_mean_absolute_percentage_error": 68106.75, "val_mean_absolute_error": 0.06975356489419937, "_runtime": 3.6141741275787354, "_step": 1, "best_val_loss": 0.016730478033423424, "best_epoch": 0, "Final MSE": 0.014824544079601765, "Final RMSE": 0.12175608426332474, "Final MAPE": 139434.671875, "Final MAE": 0.06674789637327194, "Total Training Time": 1.5407137870788574, "Average Time per Epoch": 1.4394917488098145, "_wandb": {"runtime": 1}}