{"epoch": 0, "_timestamp": 1703804035.6221735, "loss": 0.0040731970220804214, "root_mean_squared_error": 0.07556112855672836, "mean_absolute_percentage_error": 9631.0849609375, "mean_absolute_error": 0.04093804955482483, "val_loss": 0.011260493658483028, "val_root_mean_squared_error": 0.10611547529697418, "val_mean_absolute_percentage_error": 94952.765625, "val_mean_absolute_error": 0.06346004456281662, "_runtime": 10.55361557006836, "_step": 1, "best_val_loss": 0.011260493658483028, "best_epoch": 0, "Final MSE": 0.017301620915532112, "Final RMSE": 0.1315356194972992, "Final MAPE": 7575.810546875, "Final MAE": 0.07215945422649384, "Total Training Time": 4.43025803565979, "Average Time per Epoch": 4.298591375350952, "_wandb": {"runtime": 4}}