{"epoch": 35, "_timestamp": 1705606130.9184923, "loss": 0.004878992680460215, "root_mean_squared_error": 0.06984978914260864, "mean_absolute_percentage_error": 11594.5068359375, "mean_absolute_error": 0.044088128954172134, "val_loss": 0.010839142836630344, "val_root_mean_squared_error": 0.1041112020611763, "val_mean_absolute_percentage_error": 140997.1875, "val_mean_absolute_error": 0.07272464036941528, "_runtime": 119.48542141914368, "_step": 36, "best_val_loss": 0.010456169955432415, "best_epoch": 25, "Final MSE": 0.007954827509820461, "Final RMSE": 0.08918984234333038, "Final MAPE": 63824.73046875, "Final MAE": 0.06562520563602448, "Total Training Time": 117.19484901428223, "Average Time per Epoch": 3.24786596165763, "_wandb": {"runtime": 117}}