{"epoch": 23, "_timestamp": 1703166138.8529053, "loss": 0.011270876042544842, "root_mean_squared_error": 0.10616438090801239, "mean_absolute_percentage_error": 141.32789611816406, "mean_absolute_error": 0.06294162571430206, "val_loss": 0.008523006923496723, "val_root_mean_squared_error": 0.09232012927532196, "val_mean_absolute_percentage_error": 161850.140625, "val_mean_absolute_error": 0.061344679445028305, "_runtime": 63.46783638000488, "_step": 24, "best_val_loss": 0.007028879597783089, "best_epoch": 13, "Final MSE": 0.03610338270664215, "Final RMSE": 0.19000890851020813, "Final MAPE": 155765.828125, "Final MAE": 0.11561205983161926, "Total Training Time": 61.02253031730652, "Average Time per Epoch": 2.533354957898458, "_wandb": {"runtime": 61}}