{"epoch": 0, "_timestamp": 1703623352.673341, "loss": 0.010062886402010918, "root_mean_squared_error": 0.10783134400844574, "mean_absolute_percentage_error": 61599.1953125, "mean_absolute_error": 0.06030933931469917, "val_loss": 0.008985777385532856, "val_root_mean_squared_error": 0.09479334205389023, "val_mean_absolute_percentage_error": 101320.265625, "val_mean_absolute_error": 0.06048344075679779, "_runtime": 40.89171004295349, "_step": 1, "best_val_loss": 0.008985777385532856, "best_epoch": 0, "Final MSE": 0.013771084137260914, "Final RMSE": 0.1173502653837204, "Final MAPE": 190704.5625, "Final MAE": 0.08076770603656769, "Total Training Time": 39.372517824172974, "Average Time per Epoch": 37.54668712615967, "_wandb": {"runtime": 39}}