{"epoch": 17, "_timestamp": 1705616560.8744156, "loss": 0.007351332809776068, "root_mean_squared_error": 0.08573991060256958, "mean_absolute_percentage_error": 30457.177734375, "mean_absolute_error": 0.0476045086979866, "val_loss": 0.014143906533718109, "val_root_mean_squared_error": 0.11892815679311752, "val_mean_absolute_percentage_error": 442215.375, "val_mean_absolute_error": 0.0666007399559021, "_runtime": 16.335530519485474, "_step": 18, "best_val_loss": 0.013614100404083729, "best_epoch": 7, "Final MSE": 0.02661646343767643, "Final RMSE": 0.1631455272436142, "Final MAPE": 65202.1171875, "Final MAE": 0.1089203953742981, "Total Training Time": 14.103251695632935, "Average Time per Epoch": 0.7765634324815538, "_wandb": {"runtime": 14}}