{"epoch": 26, "_timestamp": 1705576985.471056, "loss": 0.006700517609715462, "root_mean_squared_error": 0.08185669034719467, "mean_absolute_percentage_error": 10674.9892578125, "mean_absolute_error": 0.05323638394474983, "val_loss": 0.011332524940371513, "val_root_mean_squared_error": 0.10645433515310287, "val_mean_absolute_percentage_error": 59692.734375, "val_mean_absolute_error": 0.06536787748336792, "_runtime": 23.0986750125885, "_step": 27, "best_val_loss": 0.01096492912620306, "best_epoch": 16, "Final MSE": 0.02076752670109272, "Final RMSE": 0.14410942792892456, "Final MAPE": 64874.8046875, "Final MAE": 0.10144639760255814, "Total Training Time": 20.903505325317383, "Average Time per Epoch": 0.769006367082949, "_wandb": {"runtime": 21}}