{"epoch": 26, "_timestamp": 1703152162.3542862, "loss": 0.0046822689473629, "root_mean_squared_error": 0.06842710822820663, "mean_absolute_percentage_error": 6284.111328125, "mean_absolute_error": 0.03754854574799538, "val_loss": 0.008791758678853512, "val_root_mean_squared_error": 0.09376437962055206, "val_mean_absolute_percentage_error": 24850.525390625, "val_mean_absolute_error": 0.05429495871067047, "_runtime": 36.6626501083374, "_step": 27, "best_val_loss": 0.008050644770264626, "best_epoch": 16, "Final MSE": 0.009451521560549736, "Final RMSE": 0.09721893817186356, "Final MAPE": 53682.31640625, "Final MAE": 0.058522652834653854, "Total Training Time": 34.44355630874634, "Average Time per Epoch": 1.2692791532587122, "_wandb": {"runtime": 34}}