{"epoch": 0, "_timestamp": 1703501388.093749, "loss": 0.0077245160937309265, "root_mean_squared_error": 0.09442126005887985, "mean_absolute_percentage_error": 49880.5078125, "mean_absolute_error": 0.060744207352399826, "val_loss": 0.009196593426167965, "val_root_mean_squared_error": 0.09589887410402298, "val_mean_absolute_percentage_error": 6482.705078125, "val_mean_absolute_error": 0.06281135976314545, "_runtime": 7.339678049087524, "_step": 1, "best_val_loss": 0.009196593426167965, "best_epoch": 0, "Final MSE": 0.016332978382706642, "Final RMSE": 0.12780053913593292, "Final MAPE": 153840.28125, "Final MAE": 0.08933448791503906, "Total Training Time": 6.232661724090576, "Average Time per Epoch": 6.076632261276245, "_wandb": {"runtime": 6}}