{"epoch": 27, "_timestamp": 1703339474.6931653, "loss": 0.007814639247953892, "root_mean_squared_error": 0.0884004458785057, "mean_absolute_percentage_error": 4841867.5, "mean_absolute_error": 0.0487256720662117, "val_loss": 0.011895888485014439, "val_root_mean_squared_error": 0.10906827449798584, "val_mean_absolute_percentage_error": 6947459.5, "val_mean_absolute_error": 0.06225496903061867, "_runtime": 69.62293434143066, "_step": 28, "best_val_loss": 0.010261447168886662, "best_epoch": 17, "Final MSE": 0.008455749601125717, "Final RMSE": 0.09195514768362045, "Final MAPE": 9126528.0, "Final MAE": 0.0521157868206501, "Total Training Time": 66.95684051513672, "Average Time per Epoch": 2.3838872824396407, "_wandb": {"runtime": 67}}