{"epoch": 31, "_timestamp": 1703812478.8359876, "loss": 0.021375810727477074, "root_mean_squared_error": 0.14620469510555267, "mean_absolute_percentage_error": 92167.78125, "mean_absolute_error": 0.10120821744203568, "val_loss": 0.02754264697432518, "val_root_mean_squared_error": 0.16595977544784546, "val_mean_absolute_percentage_error": 163036.734375, "val_mean_absolute_error": 0.11867503076791763, "_runtime": 26.68082857131958, "_step": 32, "best_val_loss": 0.02723090723156929, "best_epoch": 21, "Final MSE": 0.03235849738121033, "Final RMSE": 0.179884672164917, "Final MAPE": 338165.4375, "Final MAE": 0.12231622636318207, "Total Training Time": 25.348910808563232, "Average Time per Epoch": 0.7871848195791245, "_wandb": {"runtime": 25}}