{"epoch": 0, "_timestamp": 1703737760.653295, "loss": 0.006744146812707186, "root_mean_squared_error": 0.08712198585271835, "mean_absolute_percentage_error": 7065272.5, "mean_absolute_error": 0.04889814183115959, "val_loss": 0.009827609173953533, "val_root_mean_squared_error": 0.09913429617881775, "val_mean_absolute_percentage_error": 6607430.5, "val_mean_absolute_error": 0.057871874421834946, "_runtime": 6.119372129440308, "_step": 1, "best_val_loss": 0.009827609173953533, "best_epoch": 0, "Final MSE": 0.011553892865777016, "Final RMSE": 0.10748903453350067, "Final MAPE": 11339947.0, "Final MAE": 0.06302586942911148, "Total Training Time": 4.958362817764282, "Average Time per Epoch": 4.740673065185547, "_wandb": {"runtime": 5}}