{"epoch": 0, "_timestamp": 1703812056.7162879, "loss": 0.008624741807579994, "root_mean_squared_error": 0.09511975944042206, "mean_absolute_percentage_error": 7867.09912109375, "mean_absolute_error": 0.06225854530930519, "val_loss": 0.013872509822249413, "val_root_mean_squared_error": 0.1177816167473793, "val_mean_absolute_percentage_error": 21854.302734375, "val_mean_absolute_error": 0.08225458860397339, "_runtime": 5.805189847946167, "_step": 1, "best_val_loss": 0.013872509822249413, "best_epoch": 0, "Final MSE": 0.012474304996430874, "Final RMSE": 0.11168842762708664, "Final MAPE": 32782.3203125, "Final MAE": 0.07910317927598953, "Total Training Time": 4.591126441955566, "Average Time per Epoch": 4.3959691524505615, "_wandb": {"runtime": 4}}