{"epoch": 0, "_timestamp": 1703565231.1874473, "loss": 0.01506973709911108, "root_mean_squared_error": 0.12197248637676239, "mean_absolute_percentage_error": 23511.587890625, "mean_absolute_error": 0.07557026296854019, "val_loss": 0.009068668819963932, "val_root_mean_squared_error": 0.09522955864667892, "val_mean_absolute_percentage_error": 65047.3046875, "val_mean_absolute_error": 0.05824124068021774, "_runtime": 4.537135362625122, "_step": 1, "best_val_loss": 0.009068668819963932, "best_epoch": 0, "Final MSE": 0.013853119686245918, "Final RMSE": 0.1176992729306221, "Final MAPE": 102594.7734375, "Final MAE": 0.07405687123537064, "Total Training Time": 2.7625856399536133, "Average Time per Epoch": 2.6105144023895264, "_wandb": {"runtime": 2}}