{"epoch": 0, "_timestamp": 1703565578.247169, "loss": 0.0044233244843780994, "root_mean_squared_error": 0.07622046768665314, "mean_absolute_percentage_error": 55067.3671875, "mean_absolute_error": 0.04118604585528374, "val_loss": 0.013549298979341984, "val_root_mean_squared_error": 0.11640145629644394, "val_mean_absolute_percentage_error": 10940.4912109375, "val_mean_absolute_error": 0.0713823139667511, "_runtime": 4.6631269454956055, "_step": 1, "best_val_loss": 0.013549298979341984, "best_epoch": 0, "Final MSE": 0.016425566747784615, "Final RMSE": 0.12816226482391357, "Final MAPE": 17187.08984375, "Final MAE": 0.0851161777973175, "Total Training Time": 2.730154514312744, "Average Time per Epoch": 2.578136682510376, "_wandb": {"runtime": 3}}