{"epoch": 32, "_timestamp": 1703286827.2895074, "loss": 0.015112506225705147, "root_mean_squared_error": 0.12293293327093124, "mean_absolute_percentage_error": 11386.7587890625, "mean_absolute_error": 0.0785759910941124, "val_loss": 0.01887265220284462, "val_root_mean_squared_error": 0.1373777687549591, "val_mean_absolute_percentage_error": 55021.01953125, "val_mean_absolute_error": 0.1010342612862587, "_runtime": 44.82002234458923, "_step": 33, "best_val_loss": 0.013024896383285522, "best_epoch": 22, "Final MSE": 0.024410510435700417, "Final RMSE": 0.1562386304140091, "Final MAPE": 65268.3046875, "Final MAE": 0.11547287553548813, "Total Training Time": 42.542869567871094, "Average Time per Epoch": 1.283844788869222, "_wandb": {"runtime": 42}}