{"epoch": 0, "_timestamp": 1703746715.9829912, "loss": 0.007383452728390694, "root_mean_squared_error": 0.08801249414682388, "mean_absolute_percentage_error": 8635968.0, "mean_absolute_error": 0.05198974907398224, "val_loss": 0.009881485253572464, "val_root_mean_squared_error": 0.09940566122531891, "val_mean_absolute_percentage_error": 7893545.5, "val_mean_absolute_error": 0.05838789790868759, "_runtime": 4.644822120666504, "_step": 1, "best_val_loss": 0.009881485253572464, "best_epoch": 0, "Final MSE": 0.01200141105800867, "Final RMSE": 0.10955095291137695, "Final MAPE": 13776114.0, "Final MAE": 0.06439215689897537, "Total Training Time": 2.7900984287261963, "Average Time per Epoch": 2.6289899349212646, "_wandb": {"runtime": 3}}