{"epoch": 18, "_timestamp": 1703245902.3820171, "loss": 0.008656078018248081, "root_mean_squared_error": 0.09303804486989975, "mean_absolute_percentage_error": 32325.234375, "mean_absolute_error": 0.06956474483013153, "val_loss": 0.028048500418663025, "val_root_mean_squared_error": 0.1674768626689911, "val_mean_absolute_percentage_error": 189568.5625, "val_mean_absolute_error": 0.1288003772497177, "_runtime": 165.95305013656616, "_step": 19, "best_val_loss": 0.018941156566143036, "best_epoch": 8, "Final MSE": 0.03230871260166168, "Final RMSE": 0.17974624037742615, "Final MAPE": 333481.5, "Final MAE": 0.13781359791755676, "Total Training Time": 162.81906032562256, "Average Time per Epoch": 8.541202658101133, "_wandb": {"runtime": 163}}