{"epoch": 0, "_timestamp": 1703737278.151293, "loss": 0.007870901376008987, "root_mean_squared_error": 0.09095504134893417, "mean_absolute_percentage_error": 7616580.0, "mean_absolute_error": 0.052592601627111435, "val_loss": 0.01125983614474535, "val_root_mean_squared_error": 0.10611237585544586, "val_mean_absolute_percentage_error": 11903919.0, "val_mean_absolute_error": 0.06482983380556107, "_runtime": 6.580505132675171, "_step": 1, "best_val_loss": 0.01125983614474535, "best_epoch": 0, "Final MSE": 0.012444169260561466, "Final RMSE": 0.11155343800783157, "Final MAPE": 23649870.0, "Final MAE": 0.07373949140310287, "Total Training Time": 4.762601375579834, "Average Time per Epoch": 4.547235012054443, "_wandb": {"runtime": 5}}