{"epoch": 0, "_timestamp": 1703764401.5500858, "loss": 0.011364229954779148, "root_mean_squared_error": 0.10874660313129425, "mean_absolute_percentage_error": 196436.171875, "mean_absolute_error": 0.05629252642393112, "val_loss": 0.00865041185170412, "val_root_mean_squared_error": 0.09300758689641953, "val_mean_absolute_percentage_error": 99.94145965576172, "val_mean_absolute_error": 0.04895389825105667, "_runtime": 2.7449398040771484, "_step": 1, "best_val_loss": 0.00865041185170412, "best_epoch": 0, "Final MSE": 0.01464565098285675, "Final RMSE": 0.12101922184228897, "Final MAPE": 86280.7890625, "Final MAE": 0.06825076043605804, "Total Training Time": 1.54833984375, "Average Time per Epoch": 1.4290215969085693, "_wandb": {"runtime": 1}}