{"epoch": 14, "_timestamp": 1703504039.0694218, "loss": 0.010034006088972092, "root_mean_squared_error": 0.10016986727714539, "mean_absolute_percentage_error": 20658160.0, "mean_absolute_error": 0.07213819026947021, "val_loss": 0.01116368267685175, "val_root_mean_squared_error": 0.10565832257270813, "val_mean_absolute_percentage_error": 62308.08203125, "val_mean_absolute_error": 0.07502655684947968, "_runtime": 13.32250165939331, "_step": 15, "best_val_loss": 0.011089933104813099, "best_epoch": 4, "Final MSE": 0.008143237791955471, "Final RMSE": 0.09023989737033844, "Final MAPE": 519994.625, "Final MAE": 0.07703912258148193, "Total Training Time": 11.25176739692688, "Average Time per Epoch": 0.7421833197275798, "_wandb": {"runtime": 11}}