{"epoch": 0, "_timestamp": 1703729247.1786344, "loss": 0.0075395056046545506, "root_mean_squared_error": 0.08889622986316681, "mean_absolute_percentage_error": 9904725.0, "mean_absolute_error": 0.0523378811776638, "val_loss": 0.01144896075129509, "val_root_mean_squared_error": 0.10699981451034546, "val_mean_absolute_percentage_error": 17093746.0, "val_mean_absolute_error": 0.06642591953277588, "_runtime": 12.447954416275024, "_step": 1, "best_val_loss": 0.01144896075129509, "best_epoch": 0, "Final MSE": 0.012047640979290009, "Final RMSE": 0.10976174473762512, "Final MAPE": 20137178.0, "Final MAE": 0.06960064172744751, "Total Training Time": 4.53775429725647, "Average Time per Epoch": 4.395834445953369, "_wandb": {"runtime": 4}}