{"epoch": 10, "_timestamp": 1705620594.150141, "loss": 0.006347451824694872, "root_mean_squared_error": 0.07967089861631393, "mean_absolute_percentage_error": 6609.3720703125, "mean_absolute_error": 0.037437405437231064, "val_loss": 0.020554721355438232, "val_root_mean_squared_error": 0.1433691829442978, "val_mean_absolute_percentage_error": 88927.3671875, "val_mean_absolute_error": 0.09961012005805969, "_runtime": 18.732407093048096, "_step": 11, "best_val_loss": 0.012810063548386097, "best_epoch": 0, "Final MSE": 0.02063831500709057, "Final RMSE": 0.14366041123867035, "Final MAPE": 234520.453125, "Final MAE": 0.0962114930152893, "Total Training Time": 14.481189012527466, "Average Time per Epoch": 1.3027064150029963, "_wandb": {"runtime": 16}}