{"epoch": 42, "_timestamp": 1703557689.784279, "loss": 0.010206523351371288, "root_mean_squared_error": 0.10102733969688416, "mean_absolute_percentage_error": 4013.101806640625, "mean_absolute_error": 0.05816510319709778, "val_loss": 0.00982885342091322, "val_root_mean_squared_error": 0.09914057701826096, "val_mean_absolute_percentage_error": 119996.8671875, "val_mean_absolute_error": 0.07467421144247055, "_runtime": 40.51786398887634, "_step": 43, "best_val_loss": 0.008374588564038277, "best_epoch": 32, "Final MSE": 0.016396591439843178, "Final RMSE": 0.12804917991161346, "Final MAPE": 54573.6328125, "Final MAE": 0.08942125737667084, "Total Training Time": 38.223973512649536, "Average Time per Epoch": 0.8851208631382432, "_wandb": {"runtime": 38}}