{"epoch": 15, "_timestamp": 1703897134.9503987, "loss": 0.0221463181078434, "root_mean_squared_error": 0.14881639182567596, "mean_absolute_percentage_error": 51126.66796875, "mean_absolute_error": 0.10309349745512009, "val_loss": 0.027809826657176018, "val_root_mean_squared_error": 0.16676278412342072, "val_mean_absolute_percentage_error": 101459.2421875, "val_mean_absolute_error": 0.11471172422170639, "_runtime": 21.865667581558228, "_step": 16, "best_val_loss": 0.027532193809747696, "best_epoch": 5, "Final MSE": 0.03322388604283333, "Final RMSE": 0.1822742074728012, "Final MAPE": 234941.90625, "Final MAE": 0.12105797976255417, "Total Training Time": 20.530417442321777, "Average Time per Epoch": 1.273280307650566, "_wandb": {"runtime": 20}}