{"epoch": 20, "_timestamp": 1703895407.6023731, "loss": 0.020153449848294258, "root_mean_squared_error": 0.14196284115314484, "mean_absolute_percentage_error": 170873.015625, "mean_absolute_error": 0.08824162930250168, "val_loss": 0.018203917890787125, "val_root_mean_squared_error": 0.13492189347743988, "val_mean_absolute_percentage_error": 28047.61328125, "val_mean_absolute_error": 0.10019321739673615, "_runtime": 27.698820114135742, "_step": 21, "best_val_loss": 0.01649164780974388, "best_epoch": 10, "Final MSE": 0.01996207982301712, "Final RMSE": 0.14128722250461578, "Final MAPE": 349848.84375, "Final MAE": 0.10030560195446014, "Total Training Time": 26.4712176322937, "Average Time per Epoch": 1.2536694889976865, "_wandb": {"runtime": 26}}