{"epoch": 27, "_timestamp": 1703763631.0695662, "loss": 0.020257040858268738, "root_mean_squared_error": 0.14232724905014038, "mean_absolute_percentage_error": 16453.095703125, "mean_absolute_error": 0.08164051920175552, "val_loss": 0.03049452044069767, "val_root_mean_squared_error": 0.17462679743766785, "val_mean_absolute_percentage_error": 117854.8984375, "val_mean_absolute_error": 0.09824120253324509, "_runtime": 21.21761918067932, "_step": 28, "best_val_loss": 0.030311772599816322, "best_epoch": 17, "Final MSE": 0.03261231258511543, "Final RMSE": 0.18058878183364868, "Final MAPE": 239558.3125, "Final MAE": 0.10006507486104965, "Total Training Time": 19.96434783935547, "Average Time per Epoch": 0.7084638220923287, "_wandb": {"runtime": 20}}