{"epoch": 23, "_timestamp": 1703180765.9172814, "loss": 0.006085092201828957, "root_mean_squared_error": 0.07800699770450592, "mean_absolute_percentage_error": 43030.234375, "mean_absolute_error": 0.04681431129574776, "val_loss": 0.007127722725272179, "val_root_mean_squared_error": 0.08442584425210953, "val_mean_absolute_percentage_error": 44498.54296875, "val_mean_absolute_error": 0.05332484468817711, "_runtime": 80.36531043052673, "_step": 24, "best_val_loss": 0.006847419310361147, "best_epoch": 13, "Final MSE": 0.01827794499695301, "Final RMSE": 0.13519595563411713, "Final MAPE": 175449.625, "Final MAE": 0.09461856633424759, "Total Training Time": 78.01808643341064, "Average Time per Epoch": 3.239087015390396, "_wandb": {"runtime": 78}}