{"epoch": 0, "_timestamp": 1703711232.7607472, "loss": 0.034794121980667114, "root_mean_squared_error": 0.19184482097625732, "mean_absolute_percentage_error": 44647168.0, "mean_absolute_error": 0.13262413442134857, "val_loss": 0.03840626776218414, "val_root_mean_squared_error": 0.1959751695394516, "val_mean_absolute_percentage_error": 60808156.0, "val_mean_absolute_error": 0.14296601712703705, "_runtime": 31.12867021560669, "_step": 1, "best_val_loss": 0.03840626776218414, "best_epoch": 0, "Final MSE": 0.04164533317089081, "Final RMSE": 0.20407187938690186, "Final MAPE": 41969308.0, "Final MAE": 0.12541908025741577, "Total Training Time": 29.828060626983643, "Average Time per Epoch": 28.524685382843018, "_wandb": {"runtime": 30}}