{"epoch": 0, "_timestamp": 1703764152.2006006, "loss": 0.021776920184493065, "root_mean_squared_error": 0.14879851043224335, "mean_absolute_percentage_error": 231026.234375, "mean_absolute_error": 0.0973426029086113, "val_loss": 0.011200272478163242, "val_root_mean_squared_error": 0.1058313250541687, "val_mean_absolute_percentage_error": 353927.0, "val_mean_absolute_error": 0.07657518237829208, "_runtime": 2.7237865924835205, "_step": 1, "best_val_loss": 0.011200272478163242, "best_epoch": 0, "Final MSE": 0.024775950238108635, "Final RMSE": 0.15740378201007843, "Final MAPE": 120450.109375, "Final MAE": 0.09875497221946716, "Total Training Time": 1.5662682056427002, "Average Time per Epoch": 1.4708516597747803, "_wandb": {"runtime": 1}}