{"epoch": 0, "_timestamp": 1703501729.4156523, "loss": 0.00570982601493597, "root_mean_squared_error": 0.08319175988435745, "mean_absolute_percentage_error": 131916.46875, "mean_absolute_error": 0.04747605696320534, "val_loss": 0.010302506387233734, "val_root_mean_squared_error": 0.10150126367807388, "val_mean_absolute_percentage_error": 57351.82421875, "val_mean_absolute_error": 0.06798650324344635, "_runtime": 7.43562126159668, "_step": 1, "best_val_loss": 0.010302506387233734, "best_epoch": 0, "Final MSE": 0.013833943754434586, "Final RMSE": 0.11761778593063354, "Final MAPE": 130115.046875, "Final MAE": 0.08090835064649582, "Total Training Time": 6.22317910194397, "Average Time per Epoch": 6.068178653717041, "_wandb": {"runtime": 6}}