{"epoch": 28, "_timestamp": 1703240000.9815037, "loss": 0.01990184746682644, "root_mean_squared_error": 0.14107391238212585, "mean_absolute_percentage_error": 20538.353515625, "mean_absolute_error": 0.09208394587039948, "val_loss": 0.02016262710094452, "val_root_mean_squared_error": 0.1419951617717743, "val_mean_absolute_percentage_error": 88195.6796875, "val_mean_absolute_error": 0.11367005109786987, "_runtime": 297.96449065208435, "_step": 29, "best_val_loss": 0.01686464436352253, "best_epoch": 18, "Final MSE": 0.024409404024481773, "Final RMSE": 0.15623509883880615, "Final MAPE": 166425.015625, "Final MAE": 0.12244836241006851, "Total Training Time": 295.5692503452301, "Average Time per Epoch": 10.170367323119065, "_wandb": {"runtime": 296}}