{"epoch": 17, "_timestamp": 1703149624.0596614, "loss": 0.010767011903226376, "root_mean_squared_error": 0.10376421362161636, "mean_absolute_percentage_error": 8981.3193359375, "mean_absolute_error": 0.059313930571079254, "val_loss": 0.008601204492151737, "val_root_mean_squared_error": 0.0927426815032959, "val_mean_absolute_percentage_error": 76143.5078125, "val_mean_absolute_error": 0.06356009840965271, "_runtime": 16.97511649131775, "_step": 18, "best_val_loss": 0.008158277720212936, "best_epoch": 7, "Final MSE": 0.0158192478120327, "Final RMSE": 0.1257745921611786, "Final MAPE": 51720.45703125, "Final MAE": 0.08147554844617844, "Total Training Time": 14.767369985580444, "Average Time per Epoch": 0.813089927037557, "_wandb": {"runtime": 15}}