{"epoch": 20, "_timestamp": 1703558418.513609, "loss": 0.004454571288079023, "root_mean_squared_error": 0.06674257665872574, "mean_absolute_percentage_error": 57055.70703125, "mean_absolute_error": 0.034621089696884155, "val_loss": 0.014922921545803547, "val_root_mean_squared_error": 0.12215941399335861, "val_mean_absolute_percentage_error": 7025.9384765625, "val_mean_absolute_error": 0.08190110325813293, "_runtime": 21.233752965927124, "_step": 21, "best_val_loss": 0.013146525248885155, "best_epoch": 10, "Final MSE": 0.018924938514828682, "Final RMSE": 0.137567937374115, "Final MAPE": 8710.6474609375, "Final MAE": 0.09860758483409882, "Total Training Time": 19.250921964645386, "Average Time per Epoch": 0.910406578154791, "_wandb": {"runtime": 19}}