{"epoch": 35, "_timestamp": 1703203720.587153, "loss": 0.007531681098043919, "root_mean_squared_error": 0.08678525686264038, "mean_absolute_percentage_error": 15217.9267578125, "mean_absolute_error": 0.05756323039531708, "val_loss": 0.01953723654150963, "val_root_mean_squared_error": 0.13977566361427307, "val_mean_absolute_percentage_error": 136400.859375, "val_mean_absolute_error": 0.08677714318037033, "_runtime": 306.27893805503845, "_step": 36, "best_val_loss": 0.017673516646027565, "best_epoch": 25, "Final MSE": 0.03096446394920349, "Final RMSE": 0.1759672313928604, "Final MAPE": 354210.9375, "Final MAE": 0.13046438992023468, "Total Training Time": 303.78016090393066, "Average Time per Epoch": 8.422503074010214, "_wandb": {"runtime": 304}}