{"epoch": 0, "_timestamp": 1703560140.1020935, "loss": 0.012832961976528168, "root_mean_squared_error": 0.11370856314897537, "mean_absolute_percentage_error": 4596.21484375, "mean_absolute_error": 0.065831258893013, "val_loss": 0.008600808680057526, "val_root_mean_squared_error": 0.09274054318666458, "val_mean_absolute_percentage_error": 168178.421875, "val_mean_absolute_error": 0.0628625750541687, "_runtime": 3.847637414932251, "_step": 1, "best_val_loss": 0.008600808680057526, "best_epoch": 0, "Final MSE": 0.037219785153865814, "Final RMSE": 0.19292430579662323, "Final MAPE": 270071.59375, "Final MAE": 0.13355164229869843, "Total Training Time": 1.917494773864746, "Average Time per Epoch": 1.806481122970581, "_wandb": {"runtime": 2}}