{"epoch": 19, "_timestamp": 1703098085.0474844, "loss": 0.011863877065479755, "root_mean_squared_error": 0.10892140120267868, "mean_absolute_percentage_error": 63668.25, "mean_absolute_error": 0.06235315278172493, "val_loss": 0.030496401712298393, "val_root_mean_squared_error": 0.17463219165802002, "val_mean_absolute_percentage_error": 45330.125, "val_mean_absolute_error": 0.11735925823450089, "_runtime": 17.616174459457397, "_step": 20, "best_val_loss": 0.028134409338235855, "best_epoch": 9, "Final MSE": 0.042024269700050354, "Final RMSE": 0.20499823987483978, "Final MAPE": 92517.234375, "Final MAE": 0.13517634570598602, "Total Training Time": 15.425192594528198, "Average Time per Epoch": 0.7647593855857849, "_wandb": {"runtime": 15}}