{"epoch": 24, "_timestamp": 1705579704.6587908, "loss": 0.00553747545927763, "root_mean_squared_error": 0.0744142159819603, "mean_absolute_percentage_error": 8432.306640625, "mean_absolute_error": 0.04831599071621895, "val_loss": 0.015660731121897697, "val_root_mean_squared_error": 0.12514284253120422, "val_mean_absolute_percentage_error": 55239.75390625, "val_mean_absolute_error": 0.08009818941354752, "_runtime": 34.79512572288513, "_step": 25, "best_val_loss": 0.015543483197689056, "best_epoch": 14, "Final MSE": 0.019230928272008896, "Final RMSE": 0.13867561519145966, "Final MAPE": 74880.984375, "Final MAE": 0.09559359401464462, "Total Training Time": 32.45474147796631, "Average Time per Epoch": 1.291272096633911, "_wandb": {"runtime": 32}}