{"epoch": 0, "_timestamp": 1703764474.5138218, "loss": 0.0179107878357172, "root_mean_squared_error": 0.13193576037883759, "mean_absolute_percentage_error": 29607.923828125, "mean_absolute_error": 0.06236302852630615, "val_loss": 0.01661800593137741, "val_root_mean_squared_error": 0.1289108395576477, "val_mean_absolute_percentage_error": 69587.140625, "val_mean_absolute_error": 0.06933339685201645, "_runtime": 3.571112871170044, "_step": 1, "best_val_loss": 0.01661800593137741, "best_epoch": 0, "Final MSE": 0.014758273027837276, "Final RMSE": 0.12148363143205643, "Final MAPE": 141623.484375, "Final MAE": 0.06664659082889557, "Total Training Time": 1.52949857711792, "Average Time per Epoch": 1.444096326828003, "_wandb": {"runtime": 1}}