{"epoch": 28, "_timestamp": 1703094347.4282763, "loss": 0.005449761636555195, "root_mean_squared_error": 0.0738224983215332, "mean_absolute_percentage_error": 9900.4716796875, "mean_absolute_error": 0.04806162789463997, "val_loss": 0.013144358061254025, "val_root_mean_squared_error": 0.11464884877204895, "val_mean_absolute_percentage_error": 161041.03125, "val_mean_absolute_error": 0.08019603788852692, "_runtime": 74.93406128883362, "_step": 29, "best_val_loss": 0.01246271375566721, "best_epoch": 18, "Final MSE": 0.009431849233806133, "Final RMSE": 0.09711770713329315, "Final MAPE": 85428.6640625, "Final MAE": 0.06807529181241989, "Total Training Time": 72.25970673561096, "Average Time per Epoch": 2.484403059400361, "_wandb": {"runtime": 72}}