{"epoch": 0, "_timestamp": 1703648491.5503683, "loss": 0.00426094513386488, "root_mean_squared_error": 0.0781746506690979, "mean_absolute_percentage_error": 24840.052734375, "mean_absolute_error": 0.04003611207008362, "val_loss": 0.004761469550430775, "val_root_mean_squared_error": 0.0690034031867981, "val_mean_absolute_percentage_error": 39283.875, "val_mean_absolute_error": 0.038764696568250656, "_runtime": 6.603791236877441, "_step": 1, "best_val_loss": 0.004761469550430775, "best_epoch": 0, "Final MSE": 0.011315729469060898, "Final RMSE": 0.10637541860342026, "Final MAPE": 209648.03125, "Final MAE": 0.058696381747722626, "Total Training Time": 4.882320404052734, "Average Time per Epoch": 4.679930925369263, "_wandb": {"runtime": 5}}