{"epoch": 32, "_timestamp": 1705633505.0900104, "loss": 0.007639491930603981, "root_mean_squared_error": 0.08740418404340744, "mean_absolute_percentage_error": 121472.578125, "mean_absolute_error": 0.05934565141797066, "val_loss": 0.009311403147876263, "val_root_mean_squared_error": 0.0964956134557724, "val_mean_absolute_percentage_error": 35859.94140625, "val_mean_absolute_error": 0.06474288552999496, "_runtime": 101.62291741371155, "_step": 33, "best_val_loss": 0.00879924651235342, "best_epoch": 22, "Final MSE": 0.02364681102335453, "Final RMSE": 0.1537752002477646, "Final MAPE": 320379.78125, "Final MAE": 0.09771842509508133, "Total Training Time": 99.27447557449341, "Average Time per Epoch": 3.000200452226581, "_wandb": {"runtime": 99}}