{"epoch": 0, "_timestamp": 1703537190.074241, "loss": 0.02571512758731842, "root_mean_squared_error": 0.1604769229888916, "mean_absolute_percentage_error": 23682.3359375, "mean_absolute_error": 0.1102854460477829, "val_loss": 0.011927153915166855, "val_root_mean_squared_error": 0.1092115119099617, "val_mean_absolute_percentage_error": 46118.046875, "val_mean_absolute_error": 0.06437576562166214, "_runtime": 25.14093589782715, "_step": 1, "best_val_loss": 0.011927153915166855, "best_epoch": 0, "Final MSE": 0.023851826786994934, "Final RMSE": 0.15444037318229675, "Final MAPE": 94428.3984375, "Final MAE": 0.09541632980108261, "Total Training Time": 23.86419439315796, "Average Time per Epoch": 22.847904205322266, "_wandb": {"runtime": 24}}