{"epoch": 0, "_timestamp": 1703596290.717706, "loss": 0.012917617335915565, "root_mean_squared_error": 0.11725661903619766, "mean_absolute_percentage_error": 58139.58984375, "mean_absolute_error": 0.08604400604963303, "val_loss": 0.016445467248558998, "val_root_mean_squared_error": 0.12823989987373352, "val_mean_absolute_percentage_error": 117988.71875, "val_mean_absolute_error": 0.09204287827014923, "_runtime": 3.691659927368164, "_step": 1, "best_val_loss": 0.016445467248558998, "best_epoch": 0, "Final MSE": 0.019908027723431587, "Final RMSE": 0.1410958170890808, "Final MAPE": 240332.984375, "Final MAE": 0.09674658626317978, "Total Training Time": 1.622720718383789, "Average Time per Epoch": 1.5164432525634766, "_wandb": {"runtime": 1}}