{"epoch": 19, "_timestamp": 1703812663.859224, "loss": 0.009559799917042255, "root_mean_squared_error": 0.09777422994375229, "mean_absolute_percentage_error": 144630.28125, "mean_absolute_error": 0.053767308592796326, "val_loss": 0.009747444652020931, "val_root_mean_squared_error": 0.09872914850711823, "val_mean_absolute_percentage_error": 35155.2734375, "val_mean_absolute_error": 0.062449369579553604, "_runtime": 18.055517196655273, "_step": 20, "best_val_loss": 0.008862800896167755, "best_epoch": 9, "Final MSE": 0.01958612911403179, "Final RMSE": 0.1399504542350769, "Final MAPE": 159288.546875, "Final MAE": 0.09152309596538544, "Total Training Time": 16.019404649734497, "Average Time per Epoch": 0.7946089386940003, "_wandb": {"runtime": 16}}