{"epoch": 26, "_timestamp": 1703635595.215272, "loss": 0.0030219710897654295, "root_mean_squared_error": 0.05497245863080025, "mean_absolute_percentage_error": 8405.533203125, "mean_absolute_error": 0.033340420573949814, "val_loss": 0.01078264694660902, "val_root_mean_squared_error": 0.10383952409029007, "val_mean_absolute_percentage_error": 31786.908203125, "val_mean_absolute_error": 0.07938636094331741, "_runtime": 52.94197487831116, "_step": 27, "best_val_loss": 0.007797828409820795, "best_epoch": 16, "Final MSE": 0.013866066932678223, "Final RMSE": 0.117754265666008, "Final MAPE": 24467.103515625, "Final MAE": 0.06830287724733353, "Total Training Time": 50.48077726364136, "Average Time per Epoch": 1.8630669558489765, "_wandb": {"runtime": 51}}