{"epoch": 46, "_timestamp": 1703845564.6697013, "loss": 0.007441174704581499, "root_mean_squared_error": 0.08626224100589752, "mean_absolute_percentage_error": 7916.84716796875, "mean_absolute_error": 0.055210623890161514, "val_loss": 0.017831631004810333, "val_root_mean_squared_error": 0.13353513181209564, "val_mean_absolute_percentage_error": 36529.578125, "val_mean_absolute_error": 0.08957668393850327, "_runtime": 112.19099640846252, "_step": 47, "best_val_loss": 0.0166914239525795, "best_epoch": 36, "Final MSE": 0.01618875004351139, "Final RMSE": 0.1272350251674652, "Final MAPE": 49670.84375, "Final MAE": 0.08633583784103394, "Total Training Time": 110.57882356643677, "Average Time per Epoch": 2.3483474000971367, "_wandb": {"runtime": 111}}