{"epoch": 23, "_timestamp": 1703346644.8843458, "loss": 0.06672079861164093, "root_mean_squared_error": 0.25830379128456116, "mean_absolute_percentage_error": 90223496.0, "mean_absolute_error": 0.20975255966186523, "val_loss": 0.07334873080253601, "val_root_mean_squared_error": 0.2708297073841095, "val_mean_absolute_percentage_error": 95248016.0, "val_mean_absolute_error": 0.2196446806192398, "_runtime": 19.336946725845337, "_step": 24, "best_val_loss": 0.07332391291856766, "best_epoch": 13, "Final MSE": 0.07568565756082535, "Final RMSE": 0.27511030435562134, "Final MAPE": 104882592.0, "Final MAE": 0.21730917692184448, "Total Training Time": 17.260911226272583, "Average Time per Epoch": 0.7135851979255676, "_wandb": {"runtime": 17}}