{"epoch": 16, "_timestamp": 1703099190.799417, "loss": 0.007441133260726929, "root_mean_squared_error": 0.08626200258731842, "mean_absolute_percentage_error": 63546.12109375, "mean_absolute_error": 0.045251499861478806, "val_loss": 0.013728683814406395, "val_root_mean_squared_error": 0.11716947704553604, "val_mean_absolute_percentage_error": 112409.546875, "val_mean_absolute_error": 0.05829646438360214, "_runtime": 15.56999397277832, "_step": 17, "best_val_loss": 0.013242529705166817, "best_epoch": 6, "Final MSE": 0.02306973934173584, "Final RMSE": 0.15188726782798767, "Final MAPE": 76719.3046875, "Final MAE": 0.072105273604393, "Total Training Time": 13.291693449020386, "Average Time per Epoch": 0.7742162872763241, "_wandb": {"runtime": 13}}