{"epoch": 0, "_timestamp": 1703761097.029697, "loss": 0.024411726742982864, "root_mean_squared_error": 0.15753792226314545, "mean_absolute_percentage_error": 160499.8125, "mean_absolute_error": 0.09598199278116226, "val_loss": 0.018986733630299568, "val_root_mean_squared_error": 0.13779236376285553, "val_mean_absolute_percentage_error": 17478.669921875, "val_mean_absolute_error": 0.08198925852775574, "_runtime": 7.378675937652588, "_step": 1, "best_val_loss": 0.018986733630299568, "best_epoch": 0, "Final MSE": 0.022247077897191048, "Final RMSE": 0.14915454387664795, "Final MAPE": 211122.4375, "Final MAE": 0.09418042004108429, "Total Training Time": 6.2132954597473145, "Average Time per Epoch": 6.030787467956543, "_wandb": {"runtime": 6}}