{"epoch": 16, "_timestamp": 1703924845.721074, "loss": 0.008542452938854694, "root_mean_squared_error": 0.0924253910779953, "mean_absolute_percentage_error": 49461.69921875, "mean_absolute_error": 0.0620005764067173, "val_loss": 0.011469411663711071, "val_root_mean_squared_error": 0.10709533840417862, "val_mean_absolute_percentage_error": 94387.0, "val_mean_absolute_error": 0.08238692581653595, "_runtime": 70.5638530254364, "_step": 17, "best_val_loss": 0.008241808041930199, "best_epoch": 6, "Final MSE": 0.02412738837301731, "Final RMSE": 0.15532992780208588, "Final MAPE": 352007.21875, "Final MAE": 0.12075722217559814, "Total Training Time": 69.1224160194397, "Average Time per Epoch": 4.048621135599473, "_wandb": {"runtime": 69}}