{"epoch": 25, "_timestamp": 1703445117.8587823, "loss": 0.00866637285798788, "root_mean_squared_error": 0.09309335798025131, "mean_absolute_percentage_error": 10153878.0, "mean_absolute_error": 0.05692135542631149, "val_loss": 0.010449686087667942, "val_root_mean_squared_error": 0.1022237092256546, "val_mean_absolute_percentage_error": 13868691.0, "val_mean_absolute_error": 0.06243250146508217, "_runtime": 34.78489637374878, "_step": 26, "best_val_loss": 0.010286759585142136, "best_epoch": 15, "Final MSE": 0.012212765403091908, "Final RMSE": 0.11051138490438461, "Final MAPE": 18127748.0, "Final MAE": 0.06842873990535736, "Total Training Time": 32.59798192977905, "Average Time per Epoch": 1.2473154709889338, "_wandb": {"runtime": 32}}