{"epoch": 14, "_timestamp": 1703511044.1782155, "loss": 0.009967007674276829, "root_mean_squared_error": 0.09983490407466888, "mean_absolute_percentage_error": 20545.0390625, "mean_absolute_error": 0.05783171206712723, "val_loss": 0.019684812054038048, "val_root_mean_squared_error": 0.14030256867408752, "val_mean_absolute_percentage_error": 212191.171875, "val_mean_absolute_error": 0.06992252171039581, "_runtime": 103.13243556022644, "_step": 15, "best_val_loss": 0.015907585620880127, "best_epoch": 4, "Final MSE": 0.04867076873779297, "Final RMSE": 0.22061452269554138, "Final MAPE": 52088.09765625, "Final MAE": 0.14478473365306854, "Total Training Time": 100.6131899356842, "Average Time per Epoch": 6.677725680669149, "_wandb": {"runtime": 101}}