{"epoch": 32, "_timestamp": 1703331245.1848335, "loss": 0.008542988449335098, "root_mean_squared_error": 0.0924282893538475, "mean_absolute_percentage_error": 6771735.5, "mean_absolute_error": 0.052349645644426346, "val_loss": 0.016448019072413445, "val_root_mean_squared_error": 0.12824982404708862, "val_mean_absolute_percentage_error": 13748040.0, "val_mean_absolute_error": 0.07667230069637299, "_runtime": 78.65116262435913, "_step": 33, "best_val_loss": 0.016200048848986626, "best_epoch": 22, "Final MSE": 0.018716949969530106, "Final RMSE": 0.13680990040302277, "Final MAPE": 16438855.0, "Final MAE": 0.07923614978790283, "Total Training Time": 76.06984186172485, "Average Time per Epoch": 2.2991466016480415, "_wandb": {"runtime": 76}}