{"epoch": 14, "_timestamp": 1703650475.9158978, "loss": 0.012460676021873951, "root_mean_squared_error": 0.11162739992141724, "mean_absolute_percentage_error": 32762.810546875, "mean_absolute_error": 0.07345468550920486, "val_loss": 0.015287583693861961, "val_root_mean_squared_error": 0.12364296615123749, "val_mean_absolute_percentage_error": 71959.40625, "val_mean_absolute_error": 0.07763262093067169, "_runtime": 15.67475175857544, "_step": 15, "best_val_loss": 0.014801375567913055, "best_epoch": 4, "Final MSE": 0.019249889999628067, "Final RMSE": 0.13874396681785583, "Final MAPE": 116555.3046875, "Final MAE": 0.08854787796735764, "Total Training Time": 13.539656162261963, "Average Time per Epoch": 0.8939439614613851, "_wandb": {"runtime": 13}}