{"epoch": 12, "_timestamp": 1703503303.7610135, "loss": 0.01795368827879429, "root_mean_squared_error": 0.1339913159608841, "mean_absolute_percentage_error": 12042.6875, "mean_absolute_error": 0.061707302927970886, "val_loss": 0.015829868614673615, "val_root_mean_squared_error": 0.12581682205200195, "val_mean_absolute_percentage_error": 78074.1875, "val_mean_absolute_error": 0.06767024844884872, "_runtime": 12.0769784450531, "_step": 13, "best_val_loss": 0.014950619079172611, "best_epoch": 2, "Final MSE": 0.014107436873018742, "Final RMSE": 0.11877473443746567, "Final MAPE": 158757.4375, "Final MAE": 0.06683596968650818, "Total Training Time": 9.971790075302124, "Average Time per Epoch": 0.7577526019169734, "_wandb": {"runtime": 10}}