{"epoch": 20, "_timestamp": 1703892896.4797153, "loss": 0.010587203316390514, "root_mean_squared_error": 0.1028941348195076, "mean_absolute_percentage_error": 10995.2919921875, "mean_absolute_error": 0.05933205038309097, "val_loss": 0.008900690823793411, "val_root_mean_squared_error": 0.09434347599744797, "val_mean_absolute_percentage_error": 81131.8046875, "val_mean_absolute_error": 0.07000742852687836, "_runtime": 18.377809286117554, "_step": 21, "best_val_loss": 0.008174330927431583, "best_epoch": 10, "Final MSE": 0.016692744567990303, "Final RMSE": 0.12920039892196655, "Final MAPE": 72816.96875, "Final MAE": 0.08847786486148834, "Total Training Time": 16.195237159729004, "Average Time per Epoch": 0.7650361628759474, "_wandb": {"runtime": 16}}