{"epoch": 20, "_timestamp": 1703090324.2963083, "loss": 0.00455403933301568, "root_mean_squared_error": 0.06748362630605698, "mean_absolute_percentage_error": 12551.9208984375, "mean_absolute_error": 0.03799046203494072, "val_loss": 0.012853745371103287, "val_root_mean_squared_error": 0.11337435990571976, "val_mean_absolute_percentage_error": 152444.6875, "val_mean_absolute_error": 0.0728258267045021, "_runtime": 55.37340831756592, "_step": 21, "best_val_loss": 0.01190045103430748, "best_epoch": 10, "Final MSE": 0.023640817031264305, "Final RMSE": 0.15375570952892303, "Final MAPE": 28077.919921875, "Final MAE": 0.0989949032664299, "Total Training Time": 52.711435317993164, "Average Time per Epoch": 2.501067502158029, "_wandb": {"runtime": 53}}