{"epoch": 34, "_timestamp": 1703168244.4148188, "loss": 0.007150471210479736, "root_mean_squared_error": 0.08456046134233475, "mean_absolute_percentage_error": 116424.5234375, "mean_absolute_error": 0.05780242010951042, "val_loss": 0.008857622742652893, "val_root_mean_squared_error": 0.09411494433879852, "val_mean_absolute_percentage_error": 59593.12890625, "val_mean_absolute_error": 0.06383828818798065, "_runtime": 112.04368877410889, "_step": 35, "best_val_loss": 0.008607752621173859, "best_epoch": 24, "Final MSE": 0.022962037473917007, "Final RMSE": 0.15153229236602783, "Final MAPE": 470709.46875, "Final MAE": 0.10066080093383789, "Total Training Time": 109.81243014335632, "Average Time per Epoch": 3.1294695581708636, "_wandb": {"runtime": 110}}