{"epoch": 22, "_timestamp": 1703233013.343404, "loss": 0.016419274732470512, "root_mean_squared_error": 0.1281377226114273, "mean_absolute_percentage_error": 26406.15234375, "mean_absolute_error": 0.09177838265895844, "val_loss": 0.02002396248281002, "val_root_mean_squared_error": 0.14150604605674744, "val_mean_absolute_percentage_error": 98788.1328125, "val_mean_absolute_error": 0.08717546612024307, "_runtime": 103.48059511184692, "_step": 23, "best_val_loss": 0.01698233373463154, "best_epoch": 12, "Final MSE": 0.02247961424291134, "Final RMSE": 0.14993202686309814, "Final MAPE": 148945.0625, "Final MAE": 0.08963920176029205, "Total Training Time": 101.07869243621826, "Average Time per Epoch": 4.380507852720178, "_wandb": {"runtime": 101}}