{"epoch": 15, "_timestamp": 1703528264.4978387, "loss": 0.005583850666880608, "root_mean_squared_error": 0.07472516596317291, "mean_absolute_percentage_error": 10278.876953125, "mean_absolute_error": 0.04075222834944725, "val_loss": 0.01004672609269619, "val_root_mean_squared_error": 0.10023336112499237, "val_mean_absolute_percentage_error": 26695.58984375, "val_mean_absolute_error": 0.0536300353705883, "_runtime": 168.09258365631104, "_step": 16, "best_val_loss": 0.009243013337254524, "best_epoch": 5, "Final MSE": 0.017036590725183487, "Final RMSE": 0.13052429258823395, "Final MAPE": 54040.37890625, "Final MAE": 0.08283793181180954, "Total Training Time": 166.07496976852417, "Average Time per Epoch": 10.340983852744102, "_wandb": {"runtime": 166}}