{"epoch": 62, "_timestamp": 1703091385.5093133, "loss": 0.006357579492032528, "root_mean_squared_error": 0.0797344297170639, "mean_absolute_percentage_error": 13623.8935546875, "mean_absolute_error": 0.05114166438579559, "val_loss": 0.011882055550813675, "val_root_mean_squared_error": 0.10900484025478363, "val_mean_absolute_percentage_error": 58167.76953125, "val_mean_absolute_error": 0.07334299385547638, "_runtime": 152.21383333206177, "_step": 63, "best_val_loss": 0.011217532679438591, "best_epoch": 52, "Final MSE": 0.02109527587890625, "Final RMSE": 0.1452421247959137, "Final MAPE": 92935.3359375, "Final MAE": 0.10078499466180801, "Total Training Time": 149.6041431427002, "Average Time per Epoch": 2.3706202923305453, "_wandb": {"runtime": 150}}