{"epoch": 23, "_timestamp": 1703743771.5526114, "loss": 0.009031620807945728, "root_mean_squared_error": 0.09503483772277832, "mean_absolute_percentage_error": 10250235.0, "mean_absolute_error": 0.05658194422721863, "val_loss": 0.013371886685490608, "val_root_mean_squared_error": 0.11563687771558762, "val_mean_absolute_percentage_error": 12771701.0, "val_mean_absolute_error": 0.06787682324647903, "_runtime": 36.31205725669861, "_step": 24, "best_val_loss": 0.010904447175562382, "best_epoch": 13, "Final MSE": 0.015667669475078583, "Final RMSE": 0.12517055869102478, "Final MAPE": 20196846.0, "Final MAE": 0.07435522228479385, "Total Training Time": 34.97043299674988, "Average Time per Epoch": 1.4503576457500458, "_wandb": {"runtime": 35}}