{"epoch": 25, "_timestamp": 1703097691.6603816, "loss": 0.007211704738438129, "root_mean_squared_error": 0.08492174744606018, "mean_absolute_percentage_error": 12271.5205078125, "mean_absolute_error": 0.0437488928437233, "val_loss": 0.004745670594274998, "val_root_mean_squared_error": 0.0688888281583786, "val_mean_absolute_percentage_error": 76631.9140625, "val_mean_absolute_error": 0.04504483565688133, "_runtime": 22.03888750076294, "_step": 26, "best_val_loss": 0.004443982616066933, "best_epoch": 15, "Final MSE": 0.00620385492220521, "Final RMSE": 0.07876456528902054, "Final MAPE": 78194.78125, "Final MAE": 0.0450412817299366, "Total Training Time": 19.900005340576172, "Average Time per Epoch": 0.7597597745748667, "_wandb": {"runtime": 20}}