{"epoch": 15, "_timestamp": 1703597596.983361, "loss": 0.009827165864408016, "root_mean_squared_error": 0.09913206100463867, "mean_absolute_percentage_error": 33514.08203125, "mean_absolute_error": 0.07241350412368774, "val_loss": 0.03999371454119682, "val_root_mean_squared_error": 0.19998428225517273, "val_mean_absolute_percentage_error": 39414.58984375, "val_mean_absolute_error": 0.17280596494674683, "_runtime": 93.752690076828, "_step": 16, "best_val_loss": 0.017487410455942154, "best_epoch": 5, "Final MSE": 0.040746208280324936, "Final RMSE": 0.20185689628124237, "Final MAPE": 74553.671875, "Final MAE": 0.14387549459934235, "Total Training Time": 91.38179421424866, "Average Time per Epoch": 5.687172219157219, "_wandb": {"runtime": 91}}