{"epoch": 0, "_timestamp": 1703652581.59934, "loss": 0.008704186417162418, "root_mean_squared_error": 0.10048267245292664, "mean_absolute_percentage_error": 58023.9765625, "mean_absolute_error": 0.06916304677724838, "val_loss": 0.01053555402904749, "val_root_mean_squared_error": 0.10264284908771515, "val_mean_absolute_percentage_error": 52798.76953125, "val_mean_absolute_error": 0.07002399861812592, "_runtime": 15.405905961990356, "_step": 1, "best_val_loss": 0.01053555402904749, "best_epoch": 0, "Final MSE": 0.021825186908245087, "Final RMSE": 0.14773349463939667, "Final MAPE": 256192.640625, "Final MAE": 0.115547776222229, "Total Training Time": 1.897451639175415, "Average Time per Epoch": 1.7889771461486816, "_wandb": {"runtime": 13}}