{"epoch": 0, "_timestamp": 1703502793.022275, "loss": 0.005855935160070658, "root_mean_squared_error": 0.08015898615121841, "mean_absolute_percentage_error": 50461.7421875, "mean_absolute_error": 0.050698842853307724, "val_loss": 0.008756962604820728, "val_root_mean_squared_error": 0.09357864409685135, "val_mean_absolute_percentage_error": 94862.015625, "val_mean_absolute_error": 0.06277371197938919, "_runtime": 7.483999967575073, "_step": 1, "best_val_loss": 0.008756962604820728, "best_epoch": 0, "Final MSE": 0.01106016244739294, "Final RMSE": 0.10516730695962906, "Final MAPE": 246191.078125, "Final MAE": 0.06960904598236084, "Total Training Time": 6.306270360946655, "Average Time per Epoch": 6.146239757537842, "_wandb": {"runtime": 6}}