{"epoch": 25, "_timestamp": 1703180442.4902997, "loss": 0.00603837613016367, "root_mean_squared_error": 0.07770699262619019, "mean_absolute_percentage_error": 56961.6953125, "mean_absolute_error": 0.046505726873874664, "val_loss": 0.007727334275841713, "val_root_mean_squared_error": 0.08790525794029236, "val_mean_absolute_percentage_error": 18039.06640625, "val_mean_absolute_error": 0.04783761873841286, "_runtime": 87.18010878562927, "_step": 26, "best_val_loss": 0.00692574679851532, "best_epoch": 15, "Final MSE": 0.022717755287885666, "Final RMSE": 0.15072409808635712, "Final MAPE": 58708.4140625, "Final MAE": 0.09134076535701752, "Total Training Time": 84.63408422470093, "Average Time per Epoch": 3.2447268962860107, "_wandb": {"runtime": 85}}