{"epoch": 0, "_timestamp": 1703819397.6146805, "loss": 0.008261346258223057, "root_mean_squared_error": 0.09934305399656296, "mean_absolute_percentage_error": 39729.98046875, "mean_absolute_error": 0.06584238260984421, "val_loss": 0.013472344726324081, "val_root_mean_squared_error": 0.11607042700052261, "val_mean_absolute_percentage_error": 54528.890625, "val_mean_absolute_error": 0.08729523420333862, "_runtime": 3.84541654586792, "_step": 1, "best_val_loss": 0.013472344726324081, "best_epoch": 0, "Final MSE": 0.021763620898127556, "Final RMSE": 0.14752498269081116, "Final MAPE": 216437.890625, "Final MAE": 0.11103478074073792, "Total Training Time": 2.583123207092285, "Average Time per Epoch": 2.439352035522461, "_wandb": {"runtime": 2}}