{"epoch": 0, "_timestamp": 1703624894.336615, "loss": 0.017032545059919357, "root_mean_squared_error": 0.1328626424074173, "mean_absolute_percentage_error": 57759.94140625, "mean_absolute_error": 0.09270264953374863, "val_loss": 0.018138766288757324, "val_root_mean_squared_error": 0.13468024134635925, "val_mean_absolute_percentage_error": 123730.0546875, "val_mean_absolute_error": 0.08490248769521713, "_runtime": 43.11685800552368, "_step": 1, "best_val_loss": 0.018138766288757324, "best_epoch": 0, "Final MSE": 0.024176010861992836, "Final RMSE": 0.15548637509346008, "Final MAPE": 280557.03125, "Final MAE": 0.10590367764234543, "Total Training Time": 41.78617572784424, "Average Time per Epoch": 39.83484125137329, "_wandb": {"runtime": 42}}