{"epoch": 0, "_timestamp": 1703737528.8204238, "loss": 0.005608223844319582, "root_mean_squared_error": 0.07863801717758179, "mean_absolute_percentage_error": 7079207.0, "mean_absolute_error": 0.044038962572813034, "val_loss": 0.009474094957113266, "val_root_mean_squared_error": 0.09733496606349945, "val_mean_absolute_percentage_error": 7225345.0, "val_mean_absolute_error": 0.051456768065690994, "_runtime": 6.29037880897522, "_step": 1, "best_val_loss": 0.009474094957113266, "best_epoch": 0, "Final MSE": 0.011258961632847786, "Final RMSE": 0.10610825568437576, "Final MAPE": 12951920.0, "Final MAE": 0.06298474967479706, "Total Training Time": 5.0913050174713135, "Average Time per Epoch": 4.875942707061768, "_wandb": {"runtime": 5}}