{"epoch": 20, "_timestamp": 1703149540.949221, "loss": 0.010479533113539219, "root_mean_squared_error": 0.10236959159374237, "mean_absolute_percentage_error": 425304.78125, "mean_absolute_error": 0.07034395635128021, "val_loss": 0.0161998700350523, "val_root_mean_squared_error": 0.12727871537208557, "val_mean_absolute_percentage_error": 93779.5390625, "val_mean_absolute_error": 0.0833560973405838, "_runtime": 19.30043888092041, "_step": 21, "best_val_loss": 0.014940135180950165, "best_epoch": 10, "Final MSE": 0.014644628390669823, "Final RMSE": 0.12101498991250992, "Final MAPE": 120706.7734375, "Final MAE": 0.09278925508260727, "Total Training Time": 17.090628385543823, "Average Time per Epoch": 0.8075239544823056, "_wandb": {"runtime": 17}}