{"epoch": 0, "_timestamp": 1703565513.1363993, "loss": 0.008172580972313881, "root_mean_squared_error": 0.09747342020273209, "mean_absolute_percentage_error": 27557.572265625, "mean_absolute_error": 0.05484434589743614, "val_loss": 0.013561094179749489, "val_root_mean_squared_error": 0.11645211279392242, "val_mean_absolute_percentage_error": 308910.5625, "val_mean_absolute_error": 0.05878342688083649, "_runtime": 4.542956352233887, "_step": 1, "best_val_loss": 0.013561094179749489, "best_epoch": 0, "Final MSE": 0.020445367321372032, "Final RMSE": 0.14298729598522186, "Final MAPE": 27962.71484375, "Final MAE": 0.09203749150037766, "Total Training Time": 2.735927104949951, "Average Time per Epoch": 2.586902618408203, "_wandb": {"runtime": 2}}