{"epoch": 44, "_timestamp": 1703847638.647941, "loss": 0.006665267515927553, "root_mean_squared_error": 0.08164109289646149, "mean_absolute_percentage_error": 21435.009765625, "mean_absolute_error": 0.053071942180395126, "val_loss": 0.012995747849345207, "val_root_mean_squared_error": 0.1139988973736763, "val_mean_absolute_percentage_error": 56639.07421875, "val_mean_absolute_error": 0.07476580888032913, "_runtime": 104.47114610671997, "_step": 45, "best_val_loss": 0.01176413707435131, "best_epoch": 34, "Final MSE": 0.021270832046866417, "Final RMSE": 0.1458452343940735, "Final MAPE": 126048.6640625, "Final MAE": 0.10152040421962738, "Total Training Time": 101.94524073600769, "Average Time per Epoch": 2.260798051622179, "_wandb": {"runtime": 102}}