{"epoch": 22, "_timestamp": 1703167848.2489414, "loss": 0.005566675215959549, "root_mean_squared_error": 0.0746101513504982, "mean_absolute_percentage_error": 104009.75, "mean_absolute_error": 0.042369067668914795, "val_loss": 0.005022222641855478, "val_root_mean_squared_error": 0.0708676427602768, "val_mean_absolute_percentage_error": 200642.28125, "val_mean_absolute_error": 0.03860030323266983, "_runtime": 66.9482753276825, "_step": 23, "best_val_loss": 0.004920927342027426, "best_epoch": 12, "Final MSE": 0.021343840286135674, "Final RMSE": 0.14609530568122864, "Final MAPE": 116372.6875, "Final MAE": 0.09127949178218842, "Total Training Time": 63.74586057662964, "Average Time per Epoch": 2.761050680409307, "_wandb": {"runtime": 64}}