{"epoch": 15, "_timestamp": 1703762575.3108897, "loss": 0.017929887399077415, "root_mean_squared_error": 0.13390253484249115, "mean_absolute_percentage_error": 12318.2236328125, "mean_absolute_error": 0.061751771718263626, "val_loss": 0.01562301442027092, "val_root_mean_squared_error": 0.12499205768108368, "val_mean_absolute_percentage_error": 79264.2421875, "val_mean_absolute_error": 0.0675363838672638, "_runtime": 14.207663774490356, "_step": 16, "best_val_loss": 0.015276074409484863, "best_epoch": 5, "Final MSE": 0.014212935231626034, "Final RMSE": 0.11921799182891846, "Final MAPE": 156617.984375, "Final MAE": 0.06683560460805893, "Total Training Time": 12.036104679107666, "Average Time per Epoch": 0.745288148522377, "_wandb": {"runtime": 12}}