{"epoch": 0, "_timestamp": 1703564749.8374164, "loss": 0.006406343076378107, "root_mean_squared_error": 0.08789049088954926, "mean_absolute_percentage_error": 62715.58203125, "mean_absolute_error": 0.054146718233823776, "val_loss": 0.006883767433464527, "val_root_mean_squared_error": 0.08296847343444824, "val_mean_absolute_percentage_error": 45315.54296875, "val_mean_absolute_error": 0.050986599177122116, "_runtime": 4.597878456115723, "_step": 1, "best_val_loss": 0.006883767433464527, "best_epoch": 0, "Final MSE": 0.01663464494049549, "Final RMSE": 0.12897536158561707, "Final MAPE": 160684.078125, "Final MAE": 0.085364431142807, "Total Training Time": 2.748415470123291, "Average Time per Epoch": 2.597388505935669, "_wandb": {"runtime": 3}}