{"epoch": 0, "_timestamp": 1703815179.2358224, "loss": 0.007155357860028744, "root_mean_squared_error": 0.08759253472089767, "mean_absolute_percentage_error": 120871.0859375, "mean_absolute_error": 0.052658963948488235, "val_loss": 0.011527051217854023, "val_root_mean_squared_error": 0.10736410319805145, "val_mean_absolute_percentage_error": 652516.0, "val_mean_absolute_error": 0.06208781898021698, "_runtime": 3.0076425075531006, "_step": 1, "best_val_loss": 0.011527051217854023, "best_epoch": 0, "Final MSE": 0.02597336657345295, "Final RMSE": 0.16116254031658173, "Final MAPE": 696152.5, "Final MAE": 0.10643569380044937, "Total Training Time": 1.856736421585083, "Average Time per Epoch": 1.7403223514556885, "_wandb": {"runtime": 2}}