{"epoch": 0, "_timestamp": 1703595534.1968117, "loss": 0.026804959401488304, "root_mean_squared_error": 0.1666228026151657, "mean_absolute_percentage_error": 51704.46875, "mean_absolute_error": 0.11695196479558945, "val_loss": 0.011224501766264439, "val_root_mean_squared_error": 0.10594575107097626, "val_mean_absolute_percentage_error": 123.75704956054688, "val_mean_absolute_error": 0.08174596726894379, "_runtime": 3.5842387676239014, "_step": 1, "best_val_loss": 0.011224501766264439, "best_epoch": 0, "Final MSE": 0.03476589173078537, "Final RMSE": 0.1864561289548874, "Final MAPE": 204375.90625, "Final MAE": 0.11751334369182587, "Total Training Time": 1.5831832885742188, "Average Time per Epoch": 1.4781415462493896, "_wandb": {"runtime": 1}}