{"epoch": 21, "_timestamp": 1703097335.7049332, "loss": 0.014264972880482674, "root_mean_squared_error": 0.11943606287240982, "mean_absolute_percentage_error": 168478.625, "mean_absolute_error": 0.08825957030057907, "val_loss": 0.017046993598341942, "val_root_mean_squared_error": 0.1305641233921051, "val_mean_absolute_percentage_error": 71080.8125, "val_mean_absolute_error": 0.0978960171341896, "_runtime": 19.09734320640564, "_step": 22, "best_val_loss": 0.01618400774896145, "best_epoch": 11, "Final MSE": 0.02761848457157612, "Final RMSE": 0.1661881059408188, "Final MAPE": 435912.34375, "Final MAE": 0.11344337463378906, "Total Training Time": 16.710291862487793, "Average Time per Epoch": 0.7535119273445823, "_wandb": {"runtime": 17}}