{"epoch": 0, "_timestamp": 1703621008.7785356, "loss": 0.018292676657438278, "root_mean_squared_error": 0.14198893308639526, "mean_absolute_percentage_error": 67670.828125, "mean_absolute_error": 0.08637110888957977, "val_loss": 0.020720265805721283, "val_root_mean_squared_error": 0.1439453512430191, "val_mean_absolute_percentage_error": 75226.1640625, "val_mean_absolute_error": 0.07791993021965027, "_runtime": 31.01461958885193, "_step": 1, "best_val_loss": 0.020720265805721283, "best_epoch": 0, "Final MSE": 0.033687036484479904, "Final RMSE": 0.18354028463363647, "Final MAPE": 258729.46875, "Final MAE": 0.10769131779670715, "Total Training Time": 29.577947854995728, "Average Time per Epoch": 28.272916078567505, "_wandb": {"runtime": 29}}