{"epoch": 15, "_timestamp": 1703425724.9332962, "loss": 0.019392602145671844, "root_mean_squared_error": 0.13925732672214508, "mean_absolute_percentage_error": 21935642.0, "mean_absolute_error": 0.08847121894359589, "val_loss": 0.056456442922353745, "val_root_mean_squared_error": 0.23760564625263214, "val_mean_absolute_percentage_error": 8929234.0, "val_mean_absolute_error": 0.11604266613721848, "_runtime": 398.26307129859924, "_step": 16, "best_val_loss": 0.042486779391765594, "best_epoch": 5, "Final MSE": 0.04349960386753082, "Final RMSE": 0.2085655927658081, "Final MAPE": 11332834.0, "Final MAE": 0.10212157666683197, "Total Training Time": 395.7812054157257, "Average Time per Epoch": 24.64267724752426, "_wandb": {"runtime": 396}}