{"epoch": 0, "_timestamp": 1703548136.8727665, "loss": 0.0053515308536589146, "root_mean_squared_error": 0.07977180182933807, "mean_absolute_percentage_error": 150794.53125, "mean_absolute_error": 0.046514615416526794, "val_loss": 0.010280393064022064, "val_root_mean_squared_error": 0.10139227658510208, "val_mean_absolute_percentage_error": 316176.8125, "val_mean_absolute_error": 0.05703786015510559, "_runtime": 9.625237464904785, "_step": 1, "best_val_loss": 0.010280393064022064, "best_epoch": 0, "Final MSE": 0.013752342201769352, "Final RMSE": 0.11727038025856018, "Final MAPE": 49545.58984375, "Final MAE": 0.06571768969297409, "Total Training Time": 4.523815393447876, "Average Time per Epoch": 4.376814842224121, "_wandb": {"runtime": 4}}