{"epoch": 12, "_timestamp": 1703818321.358048, "loss": 0.00861819926649332, "root_mean_squared_error": 0.09283425658941269, "mean_absolute_percentage_error": 50681.953125, "mean_absolute_error": 0.06261643767356873, "val_loss": 0.012000557035207748, "val_root_mean_squared_error": 0.10954705625772476, "val_mean_absolute_percentage_error": 80978.53125, "val_mean_absolute_error": 0.08427117764949799, "_runtime": 21.46707797050476, "_step": 13, "best_val_loss": 0.008912937715649605, "best_epoch": 2, "Final MSE": 0.023193225264549255, "Final RMSE": 0.15229322016239166, "Final MAPE": 266655.09375, "Final MAE": 0.11752413213253021, "Total Training Time": 19.157945156097412, "Average Time per Epoch": 1.4602842330932617, "_wandb": {"runtime": 19}}