{"epoch": 15, "_timestamp": 1703895002.8675, "loss": 0.009752003476023674, "root_mean_squared_error": 0.0987522304058075, "mean_absolute_percentage_error": 5346.486328125, "mean_absolute_error": 0.056253474205732346, "val_loss": 0.00985163077712059, "val_root_mean_squared_error": 0.09925538301467896, "val_mean_absolute_percentage_error": 5508.5, "val_mean_absolute_error": 0.05997383967041969, "_runtime": 22.490493059158325, "_step": 16, "best_val_loss": 0.009414988569915295, "best_epoch": 5, "Final MSE": 0.01720605418086052, "Final RMSE": 0.13117185235023499, "Final MAPE": 61934.6796875, "Final MAE": 0.08700322359800339, "Total Training Time": 20.224905490875244, "Average Time per Epoch": 1.2551021128892899, "_wandb": {"runtime": 20}}