{"epoch": 0, "_timestamp": 1703564905.5507538, "loss": 0.005944793112576008, "root_mean_squared_error": 0.08318327367305756, "mean_absolute_percentage_error": 55533.16015625, "mean_absolute_error": 0.04082354158163071, "val_loss": 0.008687564171850681, "val_root_mean_squared_error": 0.09320710599422455, "val_mean_absolute_percentage_error": 15666.814453125, "val_mean_absolute_error": 0.04042452946305275, "_runtime": 4.4658448696136475, "_step": 1, "best_val_loss": 0.008687564171850681, "best_epoch": 0, "Final MSE": 0.014335290528833866, "Final RMSE": 0.11973007023334503, "Final MAPE": 82112.46875, "Final MAE": 0.05573606491088867, "Total Training Time": 2.7119431495666504, "Average Time per Epoch": 2.560917615890503, "_wandb": {"runtime": 2}}