{"epoch": 40, "_timestamp": 1705599886.6950784, "loss": 0.006056996528059244, "root_mean_squared_error": 0.07782670855522156, "mean_absolute_percentage_error": 7518.2783203125, "mean_absolute_error": 0.04388292506337166, "val_loss": 0.012897077947854996, "val_root_mean_squared_error": 0.11356530338525772, "val_mean_absolute_percentage_error": 38288.6484375, "val_mean_absolute_error": 0.062416475266218185, "_runtime": 128.91290140151978, "_step": 41, "best_val_loss": 0.011638454161584377, "best_epoch": 30, "Final MSE": 0.01549802627414465, "Final RMSE": 0.12449106574058533, "Final MAPE": 25428.46875, "Final MAE": 0.08437707275152206, "Total Training Time": 126.6973352432251, "Average Time per Epoch": 3.083223401046381, "_wandb": {"runtime": 127}}