{"epoch": 0, "_timestamp": 1703674878.374965, "loss": 0.00661719124764204, "root_mean_squared_error": 0.08499196916818619, "mean_absolute_percentage_error": 6246800.5, "mean_absolute_error": 0.04770052433013916, "val_loss": 0.00928286463022232, "val_root_mean_squared_error": 0.0963476225733757, "val_mean_absolute_percentage_error": 5809330.0, "val_mean_absolute_error": 0.0564967542886734, "_runtime": 7.431511878967285, "_step": 1, "best_val_loss": 0.00928286463022232, "best_epoch": 0, "Final MSE": 0.009636440314352512, "Final RMSE": 0.0981653705239296, "Final MAPE": 8306743.0, "Final MAE": 0.05654052644968033, "Total Training Time": 6.201610565185547, "Average Time per Epoch": 6.036937475204468, "_wandb": {"runtime": 6}}