{"epoch": 10, "_timestamp": 1703646250.056131, "loss": 0.005751373711973429, "root_mean_squared_error": 0.07583781331777573, "mean_absolute_percentage_error": 19248.078125, "mean_absolute_error": 0.052350468933582306, "val_loss": 0.009495229460299015, "val_root_mean_squared_error": 0.09744346886873245, "val_mean_absolute_percentage_error": 87286.6328125, "val_mean_absolute_error": 0.083498015999794, "_runtime": 31.753456830978394, "_step": 11, "best_val_loss": 0.006624027621001005, "best_epoch": 0, "Final MSE": 0.028412755578756332, "Final RMSE": 0.16856083273887634, "Final MAPE": 306118.03125, "Final MAE": 0.14662957191467285, "Total Training Time": 29.44717025756836, "Average Time per Epoch": 2.65790150382302, "_wandb": {"runtime": 29}}