{"epoch": 18, "_timestamp": 1703244442.2134597, "loss": 0.012106869369745255, "root_mean_squared_error": 0.11003121733665466, "mean_absolute_percentage_error": 20868.27734375, "mean_absolute_error": 0.07091489434242249, "val_loss": 0.05729303136467934, "val_root_mean_squared_error": 0.23935963213443756, "val_mean_absolute_percentage_error": 168431.53125, "val_mean_absolute_error": 0.2186637818813324, "_runtime": 145.48996472358704, "_step": 19, "best_val_loss": 0.029173018410801888, "best_epoch": 8, "Final MSE": 0.041870832443237305, "Final RMSE": 0.20462363958358765, "Final MAPE": 347928.3125, "Final MAE": 0.1724613606929779, "Total Training Time": 142.68691110610962, "Average Time per Epoch": 7.484626468859221, "_wandb": {"runtime": 143}}