{"epoch": 0, "_timestamp": 1703592337.9621055, "loss": 0.008627253584563732, "root_mean_squared_error": 0.0965176448225975, "mean_absolute_percentage_error": 37203.68359375, "mean_absolute_error": 0.056234754621982574, "val_loss": 0.00767608592286706, "val_root_mean_squared_error": 0.08761327713727951, "val_mean_absolute_percentage_error": 64112.796875, "val_mean_absolute_error": 0.058581847697496414, "_runtime": 7.599534511566162, "_step": 1, "best_val_loss": 0.00767608592286706, "best_epoch": 0, "Final MSE": 0.01310751773416996, "Final RMSE": 0.11448806524276733, "Final MAPE": 93023.4140625, "Final MAE": 0.0804009884595871, "Total Training Time": 6.322086572647095, "Average Time per Epoch": 6.164058208465576, "_wandb": {"runtime": 6}}