{"epoch": 0, "_timestamp": 1703648470.3010159, "loss": 0.0129293417558074, "root_mean_squared_error": 0.11681140959262848, "mean_absolute_percentage_error": 37601.6484375, "mean_absolute_error": 0.07625459134578705, "val_loss": 0.015363662503659725, "val_root_mean_squared_error": 0.12395024299621582, "val_mean_absolute_percentage_error": 42629.03515625, "val_mean_absolute_error": 0.07647617906332016, "_runtime": 6.4364447593688965, "_step": 1, "best_val_loss": 0.015363662503659725, "best_epoch": 0, "Final MSE": 0.018640873953700066, "Final RMSE": 0.13653159141540527, "Final MAPE": 156757.921875, "Final MAE": 0.08868871629238129, "Total Training Time": 4.818647146224976, "Average Time per Epoch": 4.618645429611206, "_wandb": {"runtime": 4}}