{"epoch": 61, "_timestamp": 1703635803.9973774, "loss": 0.004153663292527199, "root_mean_squared_error": 0.06444892287254333, "mean_absolute_percentage_error": 8492.2890625, "mean_absolute_error": 0.03279406949877739, "val_loss": 0.007045617792755365, "val_root_mean_squared_error": 0.08393818140029907, "val_mean_absolute_percentage_error": 187959.640625, "val_mean_absolute_error": 0.06288428604602814, "_runtime": 114.25209736824036, "_step": 62, "best_val_loss": 0.006560029927641153, "best_epoch": 51, "Final MSE": 0.007271164562553167, "Final RMSE": 0.08527112752199173, "Final MAPE": 40081.9375, "Final MAE": 0.059253763407468796, "Total Training Time": 111.83968710899353, "Average Time per Epoch": 1.8001956285968903, "_wandb": {"runtime": 112}}