{"epoch": 0, "_timestamp": 1703761844.2210302, "loss": 0.008919249288737774, "root_mean_squared_error": 0.09698308259248734, "mean_absolute_percentage_error": 13505.3251953125, "mean_absolute_error": 0.06391193717718124, "val_loss": 0.015646085143089294, "val_root_mean_squared_error": 0.1250843107700348, "val_mean_absolute_percentage_error": 44117.703125, "val_mean_absolute_error": 0.08925449103116989, "_runtime": 15.48998212814331, "_step": 1, "best_val_loss": 0.015646085143089294, "best_epoch": 0, "Final MSE": 0.013119561597704887, "Final RMSE": 0.11454065144062042, "Final MAPE": 59482.859375, "Final MAE": 0.08036033809185028, "Total Training Time": 14.190760135650635, "Average Time per Epoch": 13.9918212890625, "_wandb": {"runtime": 14}}