{"epoch": 21, "_timestamp": 1703151527.2826688, "loss": 0.0031953132711350918, "root_mean_squared_error": 0.05652710050344467, "mean_absolute_percentage_error": 7280.84716796875, "mean_absolute_error": 0.02651636116206646, "val_loss": 0.0047663007862865925, "val_root_mean_squared_error": 0.06903839856386185, "val_mean_absolute_percentage_error": 62556.42578125, "val_mean_absolute_error": 0.04154164344072342, "_runtime": 30.635267734527588, "_step": 22, "best_val_loss": 0.0038919129874557257, "best_epoch": 11, "Final MSE": 0.005585822276771069, "Final RMSE": 0.07473836094141006, "Final MAPE": 64125.8125, "Final MAE": 0.048987407237291336, "Total Training Time": 28.37363910675049, "Average Time per Epoch": 1.2821194908835671, "_wandb": {"runtime": 28}}