{"epoch": 21, "_timestamp": 1703807521.6812577, "loss": 0.00785625446587801, "root_mean_squared_error": 0.08863551169633865, "mean_absolute_percentage_error": 99158.859375, "mean_absolute_error": 0.057295531034469604, "val_loss": 0.022482536733150482, "val_root_mean_squared_error": 0.14994177222251892, "val_mean_absolute_percentage_error": 37687.69140625, "val_mean_absolute_error": 0.08917142450809479, "_runtime": 55.02343773841858, "_step": 22, "best_val_loss": 0.021415993571281433, "best_epoch": 11, "Final MSE": 0.02525608241558075, "Final RMSE": 0.15892162919044495, "Final MAPE": 28198.552734375, "Final MAE": 0.1103656217455864, "Total Training Time": 53.00997447967529, "Average Time per Epoch": 2.39698326587677, "_wandb": {"runtime": 53}}