{"epoch": 0, "_timestamp": 1703746664.8883061, "loss": 0.006999490782618523, "root_mean_squared_error": 0.08397567272186279, "mean_absolute_percentage_error": 7837098.5, "mean_absolute_error": 0.04956663399934769, "val_loss": 0.007104584015905857, "val_root_mean_squared_error": 0.08428869396448135, "val_mean_absolute_percentage_error": 5230928.0, "val_mean_absolute_error": 0.04698113724589348, "_runtime": 4.600572109222412, "_step": 1, "best_val_loss": 0.007104584015905857, "best_epoch": 0, "Final MSE": 0.008359349332749844, "Final RMSE": 0.09142947942018509, "Final MAPE": 10632866.0, "Final MAE": 0.05434083566069603, "Total Training Time": 2.759883165359497, "Average Time per Epoch": 2.602837085723877, "_wandb": {"runtime": 3}}