{"epoch": 13, "_timestamp": 1705632192.7021174, "loss": 0.005055245477706194, "root_mean_squared_error": 0.07110024988651276, "mean_absolute_percentage_error": 54750.5390625, "mean_absolute_error": 0.03443314880132675, "val_loss": 0.0064256079494953156, "val_root_mean_squared_error": 0.08015988767147064, "val_mean_absolute_percentage_error": 93584.640625, "val_mean_absolute_error": 0.04939218983054161, "_runtime": 47.7688205242157, "_step": 14, "best_val_loss": 0.005990578792989254, "best_epoch": 3, "Final MSE": 0.014236309565603733, "Final RMSE": 0.11931600421667099, "Final MAPE": 216590.9375, "Final MAE": 0.06898598372936249, "Total Training Time": 45.29207968711853, "Average Time per Epoch": 3.2194612877709523, "_wandb": {"runtime": 45}}