{"epoch": 27, "_timestamp": 1703724086.4668112, "loss": 0.006359815131872892, "root_mean_squared_error": 0.07974845170974731, "mean_absolute_percentage_error": 8011122.0, "mean_absolute_error": 0.04712650924921036, "val_loss": 0.007523390930145979, "val_root_mean_squared_error": 0.0867374837398529, "val_mean_absolute_percentage_error": 21781256.0, "val_mean_absolute_error": 0.060837745666503906, "_runtime": 56.63181829452515, "_step": 28, "best_val_loss": 0.007170883007347584, "best_epoch": 17, "Final MSE": 0.007581505458801985, "Final RMSE": 0.08707184344530106, "Final MAPE": 21120898.0, "Final MAE": 0.059485092759132385, "Total Training Time": 54.28767681121826, "Average Time per Epoch": 1.9313372543879919, "_wandb": {"runtime": 54}}