{"epoch": 0, "_timestamp": 1703538851.09947, "loss": 0.018001513555645943, "root_mean_squared_error": 0.1547253429889679, "mean_absolute_percentage_error": 53022.90625, "mean_absolute_error": 0.11516577750444412, "val_loss": 0.033266276121139526, "val_root_mean_squared_error": 0.18239045143127441, "val_mean_absolute_percentage_error": 78305.2578125, "val_mean_absolute_error": 0.12271188944578171, "_runtime": 29.47399091720581, "_step": 1, "best_val_loss": 0.033266276121139526, "best_epoch": 0, "Final MSE": 0.07409656792879105, "Final RMSE": 0.2722068428993225, "Final MAPE": 202474.75, "Final MAE": 0.21787971258163452, "Total Training Time": 28.17897319793701, "Average Time per Epoch": 26.939680099487305, "_wandb": {"runtime": 28}}