{"epoch": 0, "_timestamp": 1703815363.273007, "loss": 0.01594134420156479, "root_mean_squared_error": 0.12947919964790344, "mean_absolute_percentage_error": 80286.4609375, "mean_absolute_error": 0.07775988429784775, "val_loss": 0.016977515071630478, "val_root_mean_squared_error": 0.13029779493808746, "val_mean_absolute_percentage_error": 43505.28515625, "val_mean_absolute_error": 0.0832732617855072, "_runtime": 2.9862618446350098, "_step": 1, "best_val_loss": 0.016977515071630478, "best_epoch": 0, "Final MSE": 0.02228401228785515, "Final RMSE": 0.14927829802036285, "Final MAPE": 526114.4375, "Final MAE": 0.09974648803472519, "Total Training Time": 1.8498058319091797, "Average Time per Epoch": 1.7553856372833252, "_wandb": {"runtime": 2}}