{"epoch": 0, "_timestamp": 1703764697.691972, "loss": 0.018301552161574364, "root_mean_squared_error": 0.1456214040517807, "mean_absolute_percentage_error": 98025.953125, "mean_absolute_error": 0.08992480486631393, "val_loss": 0.03600827232003212, "val_root_mean_squared_error": 0.18975847959518433, "val_mean_absolute_percentage_error": 52358.48828125, "val_mean_absolute_error": 0.1006867066025734, "_runtime": 3.6397149562835693, "_step": 1, "best_val_loss": 0.03600827232003212, "best_epoch": 0, "Final MSE": 0.059813790023326874, "Final RMSE": 0.2445686161518097, "Final MAPE": 106568.5546875, "Final MAE": 0.15930207073688507, "Total Training Time": 1.548341989517212, "Average Time per Epoch": 1.4361603260040283, "_wandb": {"runtime": 1}}