{"epoch": 24, "_timestamp": 1703288203.3881948, "loss": 0.004605035297572613, "root_mean_squared_error": 0.06786040961742401, "mean_absolute_percentage_error": 19714.1796875, "mean_absolute_error": 0.04791416600346565, "val_loss": 0.008258285000920296, "val_root_mean_squared_error": 0.09087510406970978, "val_mean_absolute_percentage_error": 129825.3359375, "val_mean_absolute_error": 0.06365937739610672, "_runtime": 34.98295283317566, "_step": 25, "best_val_loss": 0.00746198371052742, "best_epoch": 14, "Final MSE": 0.014981103129684925, "Final RMSE": 0.12239731848239899, "Final MAPE": 174818.921875, "Final MAE": 0.09108535945415497, "Total Training Time": 32.66191530227661, "Average Time per Epoch": 1.2997561550140382, "_wandb": {"runtime": 33}}