{"epoch": 10, "_timestamp": 1705617028.8474758, "loss": 0.006035578902810812, "root_mean_squared_error": 0.07768899202346802, "mean_absolute_percentage_error": 122575.8203125, "mean_absolute_error": 0.04346795007586479, "val_loss": 0.007387116551399231, "val_root_mean_squared_error": 0.08594833314418793, "val_mean_absolute_percentage_error": 428893.5625, "val_mean_absolute_error": 0.060130175203084946, "_runtime": 11.369366884231567, "_step": 11, "best_val_loss": 0.006012347526848316, "best_epoch": 0, "Final MSE": 0.024253161624073982, "Final RMSE": 0.15573427081108093, "Final MAPE": 71344.2265625, "Final MAE": 0.11124429106712341, "Total Training Time": 9.050269365310669, "Average Time per Epoch": 0.8123729879205878, "_wandb": {"runtime": 9}}