{"epoch": 23, "_timestamp": 1703346911.869916, "loss": 0.072325199842453, "root_mean_squared_error": 0.26893341541290283, "mean_absolute_percentage_error": 90284528.0, "mean_absolute_error": 0.2153925746679306, "val_loss": 0.06283031404018402, "val_root_mean_squared_error": 0.2506597638130188, "val_mean_absolute_percentage_error": 101570224.0, "val_mean_absolute_error": 0.2053239792585373, "_runtime": 19.573049068450928, "_step": 24, "best_val_loss": 0.062258604913949966, "best_epoch": 13, "Final MSE": 0.07245743274688721, "Final RMSE": 0.26917919516563416, "Final MAPE": 110737808.0, "Final MAE": 0.21398960053920746, "Total Training Time": 17.421178102493286, "Average Time per Epoch": 0.7204355398813883, "_wandb": {"runtime": 17}}