{"epoch": 0, "_timestamp": 1703651585.0473876, "loss": 0.0103985033929348, "root_mean_squared_error": 0.10275079309940338, "mean_absolute_percentage_error": 20621.521484375, "mean_absolute_error": 0.062375590205192566, "val_loss": 0.010752316564321518, "val_root_mean_squared_error": 0.10369338095188141, "val_mean_absolute_percentage_error": 60175.65234375, "val_mean_absolute_error": 0.06909432262182236, "_runtime": 3.8611416816711426, "_step": 1, "best_val_loss": 0.010752316564321518, "best_epoch": 0, "Final MSE": 0.015450836159288883, "Final RMSE": 0.12430138885974884, "Final MAPE": 143122.703125, "Final MAE": 0.08385013043880463, "Total Training Time": 1.8662314414978027, "Average Time per Epoch": 1.7562122344970703, "_wandb": {"runtime": 2}}