{"epoch": 10, "_timestamp": 1703774167.530759, "loss": 0.012285487726330757, "root_mean_squared_error": 0.11083991825580597, "mean_absolute_percentage_error": 8617.97265625, "mean_absolute_error": 0.07651595026254654, "val_loss": 0.06502754986286163, "val_root_mean_squared_error": 0.25500500202178955, "val_mean_absolute_percentage_error": 236046.03125, "val_mean_absolute_error": 0.22655513882637024, "_runtime": 137.97428011894226, "_step": 11, "best_val_loss": 0.03099278174340725, "best_epoch": 0, "Final MSE": 0.040344126522541046, "Final RMSE": 0.200858473777771, "Final MAPE": 207159.65625, "Final MAE": 0.17345227301120758, "Total Training Time": 136.44632196426392, "Average Time per Epoch": 12.341292901472611, "_wandb": {"runtime": 136}}