{"epoch": 18, "_timestamp": 1703842145.2271943, "loss": 0.012011746875941753, "root_mean_squared_error": 0.10959811508655548, "mean_absolute_percentage_error": 141750.484375, "mean_absolute_error": 0.06002466380596161, "val_loss": 0.011155796237289906, "val_root_mean_squared_error": 0.10562100261449814, "val_mean_absolute_percentage_error": 52536.0703125, "val_mean_absolute_error": 0.07114297151565552, "_runtime": 48.53040027618408, "_step": 19, "best_val_loss": 0.009743033908307552, "best_epoch": 8, "Final MSE": 0.02283317781984806, "Final RMSE": 0.15110650658607483, "Final MAPE": 160950.671875, "Final MAE": 0.10801639407873154, "Total Training Time": 45.91867184638977, "Average Time per Epoch": 2.4082102022672953, "_wandb": {"runtime": 46}}