{"epoch": 19, "_timestamp": 1702890904.435252, "loss": 0.005857498850673437, "root_mean_squared_error": 0.07653430104255676, "mean_absolute_percentage_error": 6032.6357421875, "mean_absolute_error": 0.05625481531023979, "val_loss": 0.0069373492151498795, "val_root_mean_squared_error": 0.08329074829816818, "val_mean_absolute_percentage_error": 26379.458984375, "val_mean_absolute_error": 0.06178303435444832, "_runtime": 112.65703797340393, "_step": 20, "best_val_loss": 0.006358778104186058, "best_epoch": 9, "Final MSE": 0.008766655810177326, "Final RMSE": 0.09363041818141937, "Final MAPE": 19.632646560668945, "Final MAE": 0.06704937666654587, "Total Training Time": 110.13309788703918, "Average Time per Epoch": 5.489028203487396, "_wandb": {"runtime": 110}}