{"epoch": 0, "_timestamp": 1703803730.531638, "loss": 0.008062987588346004, "root_mean_squared_error": 0.09698787331581116, "mean_absolute_percentage_error": 37710.1875, "mean_absolute_error": 0.06349823623895645, "val_loss": 0.011731000617146492, "val_root_mean_squared_error": 0.10830974578857422, "val_mean_absolute_percentage_error": 29124.05078125, "val_mean_absolute_error": 0.07509259134531021, "_runtime": 9.794303894042969, "_step": 1, "best_val_loss": 0.011731000617146492, "best_epoch": 0, "Final MSE": 0.019022807478904724, "Final RMSE": 0.1379231959581375, "Final MAPE": 199972.0625, "Final MAE": 0.09594106674194336, "Total Training Time": 4.435014247894287, "Average Time per Epoch": 4.307839393615723, "_wandb": {"runtime": 4}}