{"epoch": 0, "_timestamp": 1703715591.3892043, "loss": 0.054852716624736786, "root_mean_squared_error": 0.2387915551662445, "mean_absolute_percentage_error": 59218048.0, "mean_absolute_error": 0.16858087480068207, "val_loss": 0.07341471314430237, "val_root_mean_squared_error": 0.270951509475708, "val_mean_absolute_percentage_error": 46551428.0, "val_mean_absolute_error": 0.1720731109380722, "_runtime": 52.15278935432434, "_step": 1, "best_val_loss": 0.07341471314430237, "best_epoch": 0, "Final MSE": 0.07343034446239471, "Final RMSE": 0.2709803283214569, "Final MAPE": 61063424.0, "Final MAE": 0.17700082063674927, "Total Training Time": 50.94350457191467, "Average Time per Epoch": 48.54661560058594, "_wandb": {"runtime": 51}}