{"epoch": 0, "_timestamp": 1703556470.662628, "loss": 0.005176742561161518, "root_mean_squared_error": 0.07826779782772064, "mean_absolute_percentage_error": 106838.9921875, "mean_absolute_error": 0.043969959020614624, "val_loss": 0.008476069197058678, "val_root_mean_squared_error": 0.09206557273864746, "val_mean_absolute_percentage_error": 41648.7734375, "val_mean_absolute_error": 0.053711388260126114, "_runtime": 6.315965890884399, "_step": 1, "best_val_loss": 0.008476069197058678, "best_epoch": 0, "Final MSE": 0.01280105672776699, "Final RMSE": 0.1131417527794838, "Final MAPE": 74221.890625, "Final MAE": 0.0729576051235199, "Total Training Time": 4.591913938522339, "Average Time per Epoch": 4.39689564704895, "_wandb": {"runtime": 4}}