{"epoch": 45, "_timestamp": 1703331163.4971826, "loss": 0.0076286462135612965, "root_mean_squared_error": 0.08734212070703506, "mean_absolute_percentage_error": 4512367.0, "mean_absolute_error": 0.04774343594908714, "val_loss": 0.013733918778598309, "val_root_mean_squared_error": 0.11719180643558502, "val_mean_absolute_percentage_error": 4005501.75, "val_mean_absolute_error": 0.05829208344221115, "_runtime": 107.79366970062256, "_step": 46, "best_val_loss": 0.012815096415579319, "best_epoch": 35, "Final MSE": 0.01828845590353012, "Final RMSE": 0.13523481786251068, "Final MAPE": 6050441.5, "Final MAE": 0.05957301706075668, "Total Training Time": 105.19608283042908, "Average Time per Epoch": 2.2820012673087744, "_wandb": {"runtime": 105}}