{"epoch": 0, "_timestamp": 1703746077.0093539, "loss": 0.009271111339330673, "root_mean_squared_error": 0.09742724150419235, "mean_absolute_percentage_error": 11289012.0, "mean_absolute_error": 0.05951976403594017, "val_loss": 0.01109971571713686, "val_root_mean_squared_error": 0.10535518825054169, "val_mean_absolute_percentage_error": 17590870.0, "val_mean_absolute_error": 0.06896091997623444, "_runtime": 4.51301383972168, "_step": 1, "best_val_loss": 0.01109971571713686, "best_epoch": 0, "Final MSE": 0.012621928937733173, "Final RMSE": 0.11234735697507858, "Final MAPE": 27045318.0, "Final MAE": 0.0780668780207634, "Total Training Time": 2.662282943725586, "Average Time per Epoch": 2.5262949466705322, "_wandb": {"runtime": 2}}