{"epoch": 0, "_timestamp": 1703746005.8511121, "loss": 0.009554157964885235, "root_mean_squared_error": 0.10060726851224899, "mean_absolute_percentage_error": 10356734.0, "mean_absolute_error": 0.05912917107343674, "val_loss": 0.011266769841313362, "val_root_mean_squared_error": 0.10614503920078278, "val_mean_absolute_percentage_error": 7624690.5, "val_mean_absolute_error": 0.057313233613967896, "_runtime": 3.7858691215515137, "_step": 1, "best_val_loss": 0.011266769841313362, "best_epoch": 0, "Final MSE": 0.01685769110918045, "Final RMSE": 0.12983717024326324, "Final MAPE": 18847356.0, "Final MAE": 0.0770445466041565, "Total Training Time": 2.6513495445251465, "Average Time per Epoch": 2.5026304721832275, "_wandb": {"runtime": 2}}