{"epoch": 0, "_timestamp": 1703621636.7165382, "loss": 0.015300274826586246, "root_mean_squared_error": 0.12616729736328125, "mean_absolute_percentage_error": 59763.56640625, "mean_absolute_error": 0.08109699189662933, "val_loss": 0.009038175456225872, "val_root_mean_squared_error": 0.09506931900978088, "val_mean_absolute_percentage_error": 97029.015625, "val_mean_absolute_error": 0.05653033033013344, "_runtime": 34.55628514289856, "_step": 1, "best_val_loss": 0.009038175456225872, "best_epoch": 0, "Final MSE": 0.022860756143927574, "Final RMSE": 0.15119773149490356, "Final MAPE": 195556.25, "Final MAE": 0.08788455277681351, "Total Training Time": 33.146127223968506, "Average Time per Epoch": 31.667682647705078, "_wandb": {"runtime": 33}}