{"epoch": 45, "_timestamp": 1703107601.2215455, "loss": 0.004909655079245567, "root_mean_squared_error": 0.07006893306970596, "mean_absolute_percentage_error": 4082.126220703125, "mean_absolute_error": 0.03910232335329056, "val_loss": 0.011213438585400581, "val_root_mean_squared_error": 0.10589352250099182, "val_mean_absolute_percentage_error": 309.8906555175781, "val_mean_absolute_error": 0.06232021003961563, "_runtime": 287.1573283672333, "_step": 46, "best_val_loss": 0.009061898104846478, "best_epoch": 35, "Final MSE": 0.01498353574424982, "Final RMSE": 0.12240725010633469, "Final MAPE": 40739.65234375, "Final MAE": 0.0740341767668724, "Total Training Time": 284.78495025634766, "Average Time per Epoch": 6.180680845094764, "_wandb": {"runtime": 285}}