{"epoch": 52, "_timestamp": 1703236734.5776522, "loss": 0.007236858829855919, "root_mean_squared_error": 0.08506973087787628, "mean_absolute_percentage_error": 10540.08984375, "mean_absolute_error": 0.060531679540872574, "val_loss": 0.014235164038836956, "val_root_mean_squared_error": 0.11931120604276657, "val_mean_absolute_percentage_error": 101200.5703125, "val_mean_absolute_error": 0.08403590321540833, "_runtime": 381.43620228767395, "_step": 53, "best_val_loss": 0.013897108845412731, "best_epoch": 42, "Final MSE": 0.024791942909359932, "Final RMSE": 0.15745458006858826, "Final MAPE": 294839.1875, "Final MAE": 0.11796873062849045, "Total Training Time": 379.0432913303375, "Average Time per Epoch": 7.141862752302638, "_wandb": {"runtime": 379}}