{"epoch": 29, "_timestamp": 1703755058.0035555, "loss": 0.013499023392796516, "root_mean_squared_error": 0.11618530005216599, "mean_absolute_percentage_error": 16982.822265625, "mean_absolute_error": 0.06711428612470627, "val_loss": 0.024313176050782204, "val_root_mean_squared_error": 0.15592682361602783, "val_mean_absolute_percentage_error": 117323.546875, "val_mean_absolute_error": 0.09068737179040909, "_runtime": 71.12305760383606, "_step": 30, "best_val_loss": 0.019204137846827507, "best_epoch": 19, "Final MSE": 0.037604521960020065, "Final RMSE": 0.1939188539981842, "Final MAPE": 408352.21875, "Final MAE": 0.1178898811340332, "Total Training Time": 69.07636952400208, "Average Time per Epoch": 2.2960936784744264, "_wandb": {"runtime": 69}}