{"epoch": 0, "_timestamp": 1703815248.0054657, "loss": 0.01024220697581768, "root_mean_squared_error": 0.10781271755695343, "mean_absolute_percentage_error": 441269.40625, "mean_absolute_error": 0.07311509549617767, "val_loss": 0.016043856739997864, "val_root_mean_squared_error": 0.12666434049606323, "val_mean_absolute_percentage_error": 121247.8984375, "val_mean_absolute_error": 0.08313237130641937, "_runtime": 3.054161787033081, "_step": 1, "best_val_loss": 0.016043856739997864, "best_epoch": 0, "Final MSE": 0.01350798923522234, "Final RMSE": 0.11622387915849686, "Final MAPE": 107847.2265625, "Final MAE": 0.08867397159337997, "Total Training Time": 1.8672888278961182, "Average Time per Epoch": 1.7428770065307617, "_wandb": {"runtime": 2}}