{"epoch": 26, "_timestamp": 1703281189.1964636, "loss": 0.006020095199346542, "root_mean_squared_error": 0.07758927345275879, "mean_absolute_percentage_error": 97.82884216308594, "mean_absolute_error": 0.04469799995422363, "val_loss": 0.00771375373005867, "val_root_mean_squared_error": 0.08782798051834106, "val_mean_absolute_percentage_error": 5613.84033203125, "val_mean_absolute_error": 0.04708927497267723, "_runtime": 23.280508518218994, "_step": 27, "best_val_loss": 0.006766985636204481, "best_epoch": 16, "Final MSE": 0.006856170948594809, "Final RMSE": 0.08280199766159058, "Final MAPE": 38182.40625, "Final MAE": 0.05131745710968971, "Total Training Time": 21.093101263046265, "Average Time per Epoch": 0.7762626453682229, "_wandb": {"runtime": 21}}