{"epoch": 22, "_timestamp": 1705629419.0884392, "loss": 0.010435420088469982, "root_mean_squared_error": 0.10215390473604202, "mean_absolute_percentage_error": 457528.34375, "mean_absolute_error": 0.0698656439781189, "val_loss": 0.016479389742016792, "val_root_mean_squared_error": 0.12837207317352295, "val_mean_absolute_percentage_error": 69379.90625, "val_mean_absolute_error": 0.08761057257652283, "_runtime": 57.72969317436218, "_step": 23, "best_val_loss": 0.015401707962155342, "best_epoch": 12, "Final MSE": 0.015526825562119484, "Final RMSE": 0.12460668385028839, "Final MAPE": 30029.638671875, "Final MAE": 0.09642267972230911, "Total Training Time": 55.29416370391846, "Average Time per Epoch": 2.394846543021824, "_wandb": {"runtime": 55}}