{"epoch": 45, "_timestamp": 1705598618.0823164, "loss": 0.004061538260430098, "root_mean_squared_error": 0.06373020261526108, "mean_absolute_percentage_error": 6800.3046875, "mean_absolute_error": 0.0347963348031044, "val_loss": 0.008325018920004368, "val_root_mean_squared_error": 0.09124153852462769, "val_mean_absolute_percentage_error": 4544.94921875, "val_mean_absolute_error": 0.05099567770957947, "_runtime": 161.44663429260254, "_step": 46, "best_val_loss": 0.007844566367566586, "best_epoch": 35, "Final MSE": 0.009343035519123077, "Final RMSE": 0.09665937721729279, "Final MAPE": 4259.375, "Final MAE": 0.05966157838702202, "Total Training Time": 159.91442275047302, "Average Time per Epoch": 3.470346072445745, "_wandb": {"runtime": 160}}