{"epoch": 22, "_timestamp": 1705585775.1475015, "loss": 0.004438498988747597, "root_mean_squared_error": 0.0666220635175705, "mean_absolute_percentage_error": 2097523.5, "mean_absolute_error": 0.040283020585775375, "val_loss": 0.007603607606142759, "val_root_mean_squared_error": 0.0871986672282219, "val_mean_absolute_percentage_error": 18074.548828125, "val_mean_absolute_error": 0.04986388608813286, "_runtime": 60.798683404922485, "_step": 23, "best_val_loss": 0.007303536869585514, "best_epoch": 12, "Final MSE": 0.004088509827852249, "Final RMSE": 0.06394145637750626, "Final MAPE": 72791.5390625, "Final MAE": 0.034832913428545, "Total Training Time": 59.26151371002197, "Average Time per Epoch": 2.5677735805511475, "_wandb": {"runtime": 59}}