{"epoch": 0, "_timestamp": 1703728856.6436753, "loss": 0.007884337566792965, "root_mean_squared_error": 0.0889374315738678, "mean_absolute_percentage_error": 9708985.0, "mean_absolute_error": 0.05307593569159508, "val_loss": 0.010179375298321247, "val_root_mean_squared_error": 0.10089288651943207, "val_mean_absolute_percentage_error": 12083284.0, "val_mean_absolute_error": 0.06006490811705589, "_runtime": 12.09988522529602, "_step": 1, "best_val_loss": 0.010179375298321247, "best_epoch": 0, "Final MSE": 0.008488042280077934, "Final RMSE": 0.09213057160377502, "Final MAPE": 17483940.0, "Final MAE": 0.05825025960803032, "Total Training Time": 4.594482898712158, "Average Time per Epoch": 4.458539962768555, "_wandb": {"runtime": 4}}