{"epoch": 15, "_timestamp": 1703553698.848621, "loss": 0.004387787543237209, "root_mean_squared_error": 0.06624037772417068, "mean_absolute_percentage_error": 2084905.875, "mean_absolute_error": 0.039964061230421066, "val_loss": 0.008379689417779446, "val_root_mean_squared_error": 0.09154064208269119, "val_mean_absolute_percentage_error": 5329.83447265625, "val_mean_absolute_error": 0.06510445475578308, "_runtime": 45.422308921813965, "_step": 16, "best_val_loss": 0.007989841513335705, "best_epoch": 5, "Final MSE": 0.005104726646095514, "Final RMSE": 0.07144737243652344, "Final MAPE": 279919.9375, "Final MAE": 0.05353114381432533, "Total Training Time": 43.770090103149414, "Average Time per Epoch": 2.7212499529123306, "_wandb": {"runtime": 44}}