{"epoch": 13, "_timestamp": 1703099849.6335008, "loss": 0.030905069783329964, "root_mean_squared_error": 0.1757984608411789, "mean_absolute_percentage_error": 19032.552734375, "mean_absolute_error": 0.12391318380832672, "val_loss": 0.014810613356530666, "val_root_mean_squared_error": 0.12169889360666275, "val_mean_absolute_percentage_error": 231997.109375, "val_mean_absolute_error": 0.10617081820964813, "_runtime": 13.201897859573364, "_step": 14, "best_val_loss": 0.010715118609368801, "best_epoch": 3, "Final MSE": 0.04024442285299301, "Final RMSE": 0.20061013102531433, "Final MAPE": 320022.375, "Final MAE": 0.14505039155483246, "Total Training Time": 11.01987886428833, "Average Time per Epoch": 0.7781319788524083, "_wandb": {"runtime": 11}}