{"epoch": 23, "_timestamp": 1703503071.038226, "loss": 0.013713233172893524, "root_mean_squared_error": 0.11710350215435028, "mean_absolute_percentage_error": 36594.0, "mean_absolute_error": 0.08200711756944656, "val_loss": 0.014024066738784313, "val_root_mean_squared_error": 0.11842325329780579, "val_mean_absolute_percentage_error": 67457.0703125, "val_mean_absolute_error": 0.09267926216125488, "_runtime": 20.27488684654236, "_step": 24, "best_val_loss": 0.01341858971863985, "best_epoch": 13, "Final MSE": 0.023764437064528465, "Final RMSE": 0.15415719151496887, "Final MAPE": 137801.796875, "Final MAE": 0.1148318499326706, "Total Training Time": 18.069270849227905, "Average Time per Epoch": 0.7471305926640829, "_wandb": {"runtime": 18}}