{"epoch": 24, "_timestamp": 1703799059.3236866, "loss": 0.022437285631895065, "root_mean_squared_error": 0.14979080855846405, "mean_absolute_percentage_error": 63985.83203125, "mean_absolute_error": 0.10334664583206177, "val_loss": 0.027367951348423958, "val_root_mean_squared_error": 0.1654326170682907, "val_mean_absolute_percentage_error": 95726.7109375, "val_mean_absolute_error": 0.11288757622241974, "_runtime": 50.29945659637451, "_step": 25, "best_val_loss": 0.027203110978007317, "best_epoch": 14, "Final MSE": 0.03239138424396515, "Final RMSE": 0.17997606098651886, "Final MAPE": 220701.796875, "Final MAE": 0.12105213105678558, "Total Training Time": 47.859506130218506, "Average Time per Epoch": 1.907759246826172, "_wandb": {"runtime": 48}}