{"epoch": 12, "_timestamp": 1703892911.5180073, "loss": 0.01070648618042469, "root_mean_squared_error": 0.10347215086221695, "mean_absolute_percentage_error": 3919.37890625, "mean_absolute_error": 0.05903381109237671, "val_loss": 0.009695748798549175, "val_root_mean_squared_error": 0.09846699237823486, "val_mean_absolute_percentage_error": 107085.4453125, "val_mean_absolute_error": 0.07410509139299393, "_runtime": 12.615935325622559, "_step": 13, "best_val_loss": 0.008066215552389622, "best_epoch": 2, "Final MSE": 0.016046222299337387, "Final RMSE": 0.12667368352413177, "Final MAPE": 31088.828125, "Final MAE": 0.08407243341207504, "Total Training Time": 10.435737133026123, "Average Time per Epoch": 0.7926837297586294, "_wandb": {"runtime": 10}}