{"epoch": 11, "_timestamp": 1703151494.1832082, "loss": 0.0035341696348041296, "root_mean_squared_error": 0.059448882937431335, "mean_absolute_percentage_error": 142.88479614257812, "mean_absolute_error": 0.02740958146750927, "val_loss": 0.003853903152048588, "val_root_mean_squared_error": 0.062079813331365585, "val_mean_absolute_percentage_error": 41069.26953125, "val_mean_absolute_error": 0.03181042894721031, "_runtime": 18.47635316848755, "_step": 12, "best_val_loss": 0.0037344007287174463, "best_epoch": 1, "Final MSE": 0.004057236947119236, "Final RMSE": 0.06369644403457642, "Final MAPE": 37429.15234375, "Final MAE": 0.03311081603169441, "Total Training Time": 16.1694233417511, "Average Time per Epoch": 1.334701697031657, "_wandb": {"runtime": 16}}