{"epoch": 0, "_timestamp": 1703652245.3179433, "loss": 0.004692670423537493, "root_mean_squared_error": 0.07475604861974716, "mean_absolute_percentage_error": 40231.15625, "mean_absolute_error": 0.03945758938789368, "val_loss": 0.004977486561983824, "val_root_mean_squared_error": 0.0705513060092926, "val_mean_absolute_percentage_error": 81474.4921875, "val_mean_absolute_error": 0.04703975096344948, "_runtime": 3.808063268661499, "_step": 1, "best_val_loss": 0.004977486561983824, "best_epoch": 0, "Final MSE": 0.011710861697793007, "Final RMSE": 0.10821673274040222, "Final MAPE": 263070.1875, "Final MAE": 0.07131490111351013, "Total Training Time": 1.9153697490692139, "Average Time per Epoch": 1.8023614883422852, "_wandb": {"runtime": 2}}