{"epoch": 14, "_timestamp": 1703151956.1628826, "loss": 0.0057892873883247375, "root_mean_squared_error": 0.07608737051486969, "mean_absolute_percentage_error": 14240.27734375, "mean_absolute_error": 0.04932429641485214, "val_loss": 0.01703253574669361, "val_root_mean_squared_error": 0.13050875067710876, "val_mean_absolute_percentage_error": 81098.609375, "val_mean_absolute_error": 0.09301777929067612, "_runtime": 21.95940852165222, "_step": 15, "best_val_loss": 0.01615084521472454, "best_epoch": 4, "Final MSE": 0.021214453503489494, "Final RMSE": 0.14565181732177734, "Final MAPE": 112222.546875, "Final MAE": 0.10787156224250793, "Total Training Time": 19.67786478996277, "Average Time per Epoch": 1.3013474146525066, "_wandb": {"runtime": 20}}