{"epoch": 0, "_timestamp": 1703556984.391039, "loss": 0.014485163614153862, "root_mean_squared_error": 0.12033801525831223, "mean_absolute_percentage_error": 22983.333984375, "mean_absolute_error": 0.07495971024036407, "val_loss": 0.008570845238864422, "val_root_mean_squared_error": 0.09257885813713074, "val_mean_absolute_percentage_error": 41889.00390625, "val_mean_absolute_error": 0.0535319559276104, "_runtime": 6.491101980209351, "_step": 1, "best_val_loss": 0.008570845238864422, "best_epoch": 0, "Final MSE": 0.014262042939662933, "Final RMSE": 0.11942379921674728, "Final MAPE": 96462.28125, "Final MAE": 0.07382567226886749, "Total Training Time": 4.837239980697632, "Average Time per Epoch": 4.632217884063721, "_wandb": {"runtime": 5}}