{"epoch": 14, "_timestamp": 1703147371.9622228, "loss": 0.0033574060071259737, "root_mean_squared_error": 0.05794312804937363, "mean_absolute_percentage_error": 6435.38232421875, "mean_absolute_error": 0.02706947922706604, "val_loss": 0.0050090616568923, "val_root_mean_squared_error": 0.07077472656965256, "val_mean_absolute_percentage_error": 62136.31640625, "val_mean_absolute_error": 0.0466340072453022, "_runtime": 14.41640591621399, "_step": 15, "best_val_loss": 0.003921228926628828, "best_epoch": 4, "Final MSE": 0.0057960390113294125, "Final RMSE": 0.07613172382116318, "Final MAPE": 57339.09375, "Final MAE": 0.052208416163921356, "Total Training Time": 12.239911556243896, "Average Time per Epoch": 0.8078598658243815, "_wandb": {"runtime": 12}}