{"epoch": 21, "_timestamp": 1703918551.3947175, "loss": 0.009271999821066856, "root_mean_squared_error": 0.09629122167825699, "mean_absolute_percentage_error": 38621.44140625, "mean_absolute_error": 0.06375530362129211, "val_loss": 0.014962058514356613, "val_root_mean_squared_error": 0.12231949716806412, "val_mean_absolute_percentage_error": 71525.15625, "val_mean_absolute_error": 0.08131056278944016, "_runtime": 79.42957353591919, "_step": 22, "best_val_loss": 0.014399675652384758, "best_epoch": 11, "Final MSE": 0.027635913342237473, "Final RMSE": 0.16624052822589874, "Final MAPE": 110479.0, "Final MAE": 0.12073726207017899, "Total Training Time": 77.12254762649536, "Average Time per Epoch": 3.491858048872514, "_wandb": {"runtime": 77}}