{"epoch": 0, "_timestamp": 1703557147.9547021, "loss": 0.008428573608398438, "root_mean_squared_error": 0.0950545147061348, "mean_absolute_percentage_error": 6554.4892578125, "mean_absolute_error": 0.061804354190826416, "val_loss": 0.014172391965985298, "val_root_mean_squared_error": 0.1190478578209877, "val_mean_absolute_percentage_error": 35881.27734375, "val_mean_absolute_error": 0.08809243142604828, "_runtime": 6.430540084838867, "_step": 1, "best_val_loss": 0.014172391965985298, "best_epoch": 0, "Final MSE": 0.012801825068891048, "Final RMSE": 0.11314515024423599, "Final MAPE": 84422.515625, "Final MAE": 0.0834956020116806, "Total Training Time": 4.758208751678467, "Average Time per Epoch": 4.55218505859375, "_wandb": {"runtime": 4}}