{"epoch": 0, "_timestamp": 1703595851.633885, "loss": 0.015866050496697426, "root_mean_squared_error": 0.1296764612197876, "mean_absolute_percentage_error": 51496.41015625, "mean_absolute_error": 0.06618887931108475, "val_loss": 0.07076629251241684, "val_root_mean_squared_error": 0.26601937413215637, "val_mean_absolute_percentage_error": 105307.453125, "val_mean_absolute_error": 0.23897694051265717, "_runtime": 3.6388869285583496, "_step": 1, "best_val_loss": 0.07076629251241684, "best_epoch": 0, "Final MSE": 0.04800253361463547, "Final RMSE": 0.21909481287002563, "Final MAPE": 214550.734375, "Final MAE": 0.1960950642824173, "Total Training Time": 1.5877323150634766, "Average Time per Epoch": 1.482696771621704, "_wandb": {"runtime": 1}}