{"epoch": 11, "_timestamp": 1703644780.085629, "loss": 0.0030858663376420736, "root_mean_squared_error": 0.055550575256347656, "mean_absolute_percentage_error": 7962.27734375, "mean_absolute_error": 0.03368104621767998, "val_loss": 0.008983476087450981, "val_root_mean_squared_error": 0.09478119760751724, "val_mean_absolute_percentage_error": 24874.578125, "val_mean_absolute_error": 0.07096987217664719, "_runtime": 34.27041697502136, "_step": 12, "best_val_loss": 0.008835208602249622, "best_epoch": 1, "Final MSE": 0.012410212308168411, "Final RMSE": 0.11140113323926926, "Final MAPE": 68787.2734375, "Final MAE": 0.06774357706308365, "Total Training Time": 31.85839605331421, "Average Time per Epoch": 2.6369643807411194, "_wandb": {"runtime": 32}}