{"epoch": 0, "_timestamp": 1703595771.3173456, "loss": 0.00759762991219759, "root_mean_squared_error": 0.10015210509300232, "mean_absolute_percentage_error": 50521.6484375, "mean_absolute_error": 0.05745888128876686, "val_loss": 0.037117525935173035, "val_root_mean_squared_error": 0.19265912473201752, "val_mean_absolute_percentage_error": 104312.640625, "val_mean_absolute_error": 0.1657230257987976, "_runtime": 3.6963226795196533, "_step": 1, "best_val_loss": 0.037117525935173035, "best_epoch": 0, "Final MSE": 0.027063289657235146, "Final RMSE": 0.16450922191143036, "Final MAPE": 212441.453125, "Final MAE": 0.09032358229160309, "Total Training Time": 1.6137824058532715, "Average Time per Epoch": 1.50848388671875, "_wandb": {"runtime": 1}}