{"epoch": 39, "_timestamp": 1703852575.9974113, "loss": 0.008474829606711864, "root_mean_squared_error": 0.09205883741378784, "mean_absolute_percentage_error": 80064.421875, "mean_absolute_error": 0.06120402738451958, "val_loss": 0.008060108870267868, "val_root_mean_squared_error": 0.0897781103849411, "val_mean_absolute_percentage_error": 35875.625, "val_mean_absolute_error": 0.06119437515735626, "_runtime": 93.51872420310974, "_step": 40, "best_val_loss": 0.007317841053009033, "best_epoch": 29, "Final MSE": 0.025455668568611145, "Final RMSE": 0.1595483273267746, "Final MAPE": 250186.984375, "Final MAE": 0.11411494016647339, "Total Training Time": 91.8275785446167, "Average Time per Epoch": 2.2911628067493437, "_wandb": {"runtime": 92}}