{"epoch": 47, "_timestamp": 1703166588.2689416, "loss": 0.0068627018481493, "root_mean_squared_error": 0.0828414261341095, "mean_absolute_percentage_error": 36842.1015625, "mean_absolute_error": 0.04614904150366783, "val_loss": 0.01306066568940878, "val_root_mean_squared_error": 0.11428327113389969, "val_mean_absolute_percentage_error": 373837.375, "val_mean_absolute_error": 0.06129496172070503, "_runtime": 122.60230374336243, "_step": 48, "best_val_loss": 0.012739853002130985, "best_epoch": 37, "Final MSE": 0.023788658902049065, "Final RMSE": 0.15423572063446045, "Final MAPE": 3252.96044921875, "Final MAE": 0.09897981584072113, "Total Training Time": 120.1632924079895, "Average Time per Epoch": 2.4980088671048484, "_wandb": {"runtime": 120}}