{"epoch": 0, "_timestamp": 1703761439.72316, "loss": 0.01229884847998619, "root_mean_squared_error": 0.12374071031808853, "mean_absolute_percentage_error": 203036.1875, "mean_absolute_error": 0.08456744998693466, "val_loss": 0.016953034326434135, "val_root_mean_squared_error": 0.13020381331443787, "val_mean_absolute_percentage_error": 37705.4921875, "val_mean_absolute_error": 0.08861903101205826, "_runtime": 7.304064035415649, "_step": 1, "best_val_loss": 0.016953034326434135, "best_epoch": 0, "Final MSE": 0.021823089569807053, "Final RMSE": 0.1477264016866684, "Final MAPE": 304557.84375, "Final MAE": 0.09669474512338638, "Total Training Time": 6.116674184799194, "Average Time per Epoch": 5.958730220794678, "_wandb": {"runtime": 6}}