{"epoch": 10, "_timestamp": 1703517134.9519684, "loss": 0.012150143273174763, "root_mean_squared_error": 0.11022768914699554, "mean_absolute_percentage_error": 3031.15234375, "mean_absolute_error": 0.07783906161785126, "val_loss": 0.03586845099925995, "val_root_mean_squared_error": 0.1893896758556366, "val_mean_absolute_percentage_error": 16259.5244140625, "val_mean_absolute_error": 0.12035989761352539, "_runtime": 153.49633741378784, "_step": 11, "best_val_loss": 0.03170010820031166, "best_epoch": 0, "Final MSE": 0.026925962418317795, "Final RMSE": 0.1640913188457489, "Final MAPE": 32996.94921875, "Final MAE": 0.10660668462514877, "Total Training Time": 151.27041816711426, "Average Time per Epoch": 13.680892489173196, "_wandb": {"runtime": 151}}