{"epoch": 20, "_timestamp": 1703899536.867428, "loss": 0.011981952004134655, "root_mean_squared_error": 0.10946210473775864, "mean_absolute_percentage_error": 178245.3125, "mean_absolute_error": 0.07628205418586731, "val_loss": 0.0163019560277462, "val_root_mean_squared_error": 0.12767910957336426, "val_mean_absolute_percentage_error": 25037.94921875, "val_mean_absolute_error": 0.08555915951728821, "_runtime": 46.42800807952881, "_step": 21, "best_val_loss": 0.013901644386351109, "best_epoch": 10, "Final MSE": 0.020012393593788147, "Final RMSE": 0.1414651721715927, "Final MAPE": 259280.0625, "Final MAE": 0.09135162830352783, "Total Training Time": 44.02929639816284, "Average Time per Epoch": 2.087442931674776, "_wandb": {"runtime": 44}}