{"epoch": 0, "_timestamp": 1703729017.8258326, "loss": 0.006325773894786835, "root_mean_squared_error": 0.07935386896133423, "mean_absolute_percentage_error": 7787101.0, "mean_absolute_error": 0.04629845172166824, "val_loss": 0.007772753015160561, "val_root_mean_squared_error": 0.08816321939229965, "val_mean_absolute_percentage_error": 8943534.0, "val_mean_absolute_error": 0.0537128783762455, "_runtime": 12.033473491668701, "_step": 1, "best_val_loss": 0.007772753015160561, "best_epoch": 0, "Final MSE": 0.006890774704515934, "Final RMSE": 0.08301068842411041, "Final MAPE": 10877596.0, "Final MAE": 0.05022379010915756, "Total Training Time": 4.504970073699951, "Average Time per Epoch": 4.36157751083374, "_wandb": {"runtime": 4}}