{"epoch": 0, "_timestamp": 1703815093.470708, "loss": 0.01086881011724472, "root_mean_squared_error": 0.10586288571357727, "mean_absolute_percentage_error": 162267.8125, "mean_absolute_error": 0.053908269852399826, "val_loss": 0.008188026957213879, "val_root_mean_squared_error": 0.09048771858215332, "val_mean_absolute_percentage_error": 104.41339874267578, "val_mean_absolute_error": 0.048803333193063736, "_runtime": 3.7609260082244873, "_step": 1, "best_val_loss": 0.008188026957213879, "best_epoch": 0, "Final MSE": 0.013684284873306751, "Final RMSE": 0.11697984486818314, "Final MAPE": 71004.2421875, "Final MAE": 0.06754998862743378, "Total Training Time": 1.8368074893951416, "Average Time per Epoch": 1.7245166301727295, "_wandb": {"runtime": 2}}