{"epoch": 21, "_timestamp": 1703186082.3680398, "loss": 0.01831628382205963, "root_mean_squared_error": 0.13533766567707062, "mean_absolute_percentage_error": 12944.7626953125, "mean_absolute_error": 0.08802904188632965, "val_loss": 0.020608438178896904, "val_root_mean_squared_error": 0.1435564011335373, "val_mean_absolute_percentage_error": 109062.6171875, "val_mean_absolute_error": 0.12531565129756927, "_runtime": 56.90008091926575, "_step": 22, "best_val_loss": 0.0147597910836339, "best_epoch": 11, "Final MSE": 0.023411104455590248, "Final RMSE": 0.1530068814754486, "Final MAPE": 162569.171875, "Final MAE": 0.1298464834690094, "Total Training Time": 54.27567791938782, "Average Time per Epoch": 2.4583948742259634, "_wandb": {"runtime": 54}}