{"epoch": 0, "_timestamp": 1703505582.5528727, "loss": 0.012421407736837864, "root_mean_squared_error": 0.11859258264303207, "mean_absolute_percentage_error": 29530.00390625, "mean_absolute_error": 0.07551460713148117, "val_loss": 0.018675707280635834, "val_root_mean_squared_error": 0.13665907084941864, "val_mean_absolute_percentage_error": 58480.60546875, "val_mean_absolute_error": 0.07275895774364471, "_runtime": 3.4895057678222656, "_step": 1, "best_val_loss": 0.018675707280635834, "best_epoch": 0, "Final MSE": 0.02608604170382023, "Final RMSE": 0.16151176393032074, "Final MAPE": 119276.640625, "Final MAE": 0.11560255289077759, "Total Training Time": 1.5618834495544434, "Average Time per Epoch": 1.4597692489624023, "_wandb": {"runtime": 1}}