{"epoch": 0, "_timestamp": 1703556460.6082737, "loss": 0.005124180112034082, "root_mean_squared_error": 0.07757280766963959, "mean_absolute_percentage_error": 108423.015625, "mean_absolute_error": 0.04267566278576851, "val_loss": 0.008718105964362621, "val_root_mean_squared_error": 0.09337079524993896, "val_mean_absolute_percentage_error": 44287.65234375, "val_mean_absolute_error": 0.05644020065665245, "_runtime": 6.4565207958221436, "_step": 1, "best_val_loss": 0.008718105964362621, "best_epoch": 0, "Final MSE": 0.01294867042452097, "Final RMSE": 0.11379222571849823, "Final MAPE": 99308.59375, "Final MAE": 0.07499222457408905, "Total Training Time": 4.635384798049927, "Average Time per Epoch": 4.436335563659668, "_wandb": {"runtime": 4}}