{"epoch": 0, "_timestamp": 1703648208.900864, "loss": 0.003976269159466028, "root_mean_squared_error": 0.07082737237215042, "mean_absolute_percentage_error": 12794.634765625, "mean_absolute_error": 0.03727337345480919, "val_loss": 0.004889052826911211, "val_root_mean_squared_error": 0.06992176175117493, "val_mean_absolute_percentage_error": 11276.89453125, "val_mean_absolute_error": 0.04394080117344856, "_runtime": 6.214457988739014, "_step": 1, "best_val_loss": 0.004889052826911211, "best_epoch": 0, "Final MSE": 0.012208203785121441, "Final RMSE": 0.11049073934555054, "Final MAPE": 50730.203125, "Final MAE": 0.061360832303762436, "Total Training Time": 4.513450384140015, "Average Time per Epoch": 4.321396589279175, "_wandb": {"runtime": 4}}