{"epoch": 0, "_timestamp": 1703729181.0936956, "loss": 0.006449160631746054, "root_mean_squared_error": 0.08259746432304382, "mean_absolute_percentage_error": 7848874.5, "mean_absolute_error": 0.04833477362990379, "val_loss": 0.01043607760220766, "val_root_mean_squared_error": 0.1021571233868599, "val_mean_absolute_percentage_error": 8923562.0, "val_mean_absolute_error": 0.06096648424863815, "_runtime": 12.459654569625854, "_step": 1, "best_val_loss": 0.01043607760220766, "best_epoch": 0, "Final MSE": 0.010807645507156849, "Final RMSE": 0.1039598286151886, "Final MAPE": 12715658.0, "Final MAE": 0.06250142306089401, "Total Training Time": 4.52458119392395, "Average Time per Epoch": 4.387031078338623, "_wandb": {"runtime": 4}}