{"epoch": 21, "_timestamp": 1703755406.3541117, "loss": 0.004524379502981901, "root_mean_squared_error": 0.06726350635290146, "mean_absolute_percentage_error": 16703.1484375, "mean_absolute_error": 0.04289670288562775, "val_loss": 0.00991830974817276, "val_root_mean_squared_error": 0.0995907112956047, "val_mean_absolute_percentage_error": 54530.77734375, "val_mean_absolute_error": 0.06681826710700989, "_runtime": 53.3975555896759, "_step": 22, "best_val_loss": 0.009855144657194614, "best_epoch": 11, "Final MSE": 0.012419543229043484, "Final RMSE": 0.11144300550222397, "Final MAPE": 136162.078125, "Final MAE": 0.07815836369991302, "Total Training Time": 51.65727996826172, "Average Time per Epoch": 2.336417718367143, "_wandb": {"runtime": 52}}