{"epoch": 35, "_timestamp": 1703668467.720719, "loss": 0.00791714247316122, "root_mean_squared_error": 0.08897832781076431, "mean_absolute_percentage_error": 4891810.5, "mean_absolute_error": 0.046582434326410294, "val_loss": 0.015546683222055435, "val_root_mean_squared_error": 0.1246863380074501, "val_mean_absolute_percentage_error": 3739961.0, "val_mean_absolute_error": 0.060333166271448135, "_runtime": 85.39330101013184, "_step": 36, "best_val_loss": 0.01270312536507845, "best_epoch": 25, "Final MSE": 0.011051632463932037, "Final RMSE": 0.1051267459988594, "Final MAPE": 5775744.5, "Final MAE": 0.049433693289756775, "Total Training Time": 82.7787127494812, "Average Time per Epoch": 2.2923764917585583, "_wandb": {"runtime": 83}}