{"epoch": 0, "_timestamp": 1703675038.4459448, "loss": 0.008406104519963264, "root_mean_squared_error": 0.09318163245916367, "mean_absolute_percentage_error": 7438526.0, "mean_absolute_error": 0.05269985273480415, "val_loss": 0.011125771328806877, "val_root_mean_squared_error": 0.10547877103090286, "val_mean_absolute_percentage_error": 8954271.0, "val_mean_absolute_error": 0.06110897287726402, "_runtime": 7.432908773422241, "_step": 1, "best_val_loss": 0.011125771328806877, "best_epoch": 0, "Final MSE": 0.01084856502711773, "Final RMSE": 0.10415644198656082, "Final MAPE": 11750057.0, "Final MAE": 0.06014728918671608, "Total Training Time": 6.233510971069336, "Average Time per Epoch": 6.06647801399231, "_wandb": {"runtime": 6}}