{"epoch": 57, "_timestamp": 1703168690.5873098, "loss": 0.0067512765526771545, "root_mean_squared_error": 0.0821661502122879, "mean_absolute_percentage_error": 105358.375, "mean_absolute_error": 0.0562998466193676, "val_loss": 0.009215068072080612, "val_root_mean_squared_error": 0.09599514305591583, "val_mean_absolute_percentage_error": 35661.5546875, "val_mean_absolute_error": 0.06423045694828033, "_runtime": 183.2171847820282, "_step": 58, "best_val_loss": 0.008667868562042713, "best_epoch": 47, "Final MSE": 0.02324768714606762, "Final RMSE": 0.15247192978858948, "Final MAPE": 453571.625, "Final MAE": 0.09311158955097198, "Total Training Time": 181.8824954032898, "Average Time per Epoch": 3.130220487199981, "_wandb": {"runtime": 182}}