{"epoch": 0, "_timestamp": 1703502034.7148924, "loss": 0.004372589290142059, "root_mean_squared_error": 0.07307727634906769, "mean_absolute_percentage_error": 57658.0234375, "mean_absolute_error": 0.03648466244339943, "val_loss": 0.00859786756336689, "val_root_mean_squared_error": 0.09272468835115433, "val_mean_absolute_percentage_error": 64439.29296875, "val_mean_absolute_error": 0.046334896236658096, "_runtime": 7.492522478103638, "_step": 1, "best_val_loss": 0.00859786756336689, "best_epoch": 0, "Final MSE": 0.012324550189077854, "Final RMSE": 0.11101599037647247, "Final MAPE": 44220.9609375, "Final MAE": 0.05732244998216629, "Total Training Time": 6.3476715087890625, "Average Time per Epoch": 6.170671224594116, "_wandb": {"runtime": 6}}