{"epoch": 0, "_timestamp": 1703535573.612399, "loss": 0.009275773540139198, "root_mean_squared_error": 0.11889557540416718, "mean_absolute_percentage_error": 87731.4453125, "mean_absolute_error": 0.07102517783641815, "val_loss": 0.00927064474672079, "val_root_mean_squared_error": 0.09628418833017349, "val_mean_absolute_percentage_error": 132748.765625, "val_mean_absolute_error": 0.06323374807834625, "_runtime": 20.538923025131226, "_step": 1, "best_val_loss": 0.00927064474672079, "best_epoch": 0, "Final MSE": 0.03459155932068825, "Final RMSE": 0.18598806858062744, "Final MAPE": 232967.21875, "Final MAE": 0.13211487233638763, "Total Training Time": 19.120928525924683, "Average Time per Epoch": 18.3429753780365, "_wandb": {"runtime": 19}}