{"epoch": 30, "_timestamp": 1703854112.140925, "loss": 0.02969331294298172, "root_mean_squared_error": 0.1723174899816513, "mean_absolute_percentage_error": 163741.78125, "mean_absolute_error": 0.10865475237369537, "val_loss": 0.021683882921934128, "val_root_mean_squared_error": 0.14725451171398163, "val_mean_absolute_percentage_error": 66735.78125, "val_mean_absolute_error": 0.11548756062984467, "_runtime": 23.904117822647095, "_step": 31, "best_val_loss": 0.019885839894413948, "best_epoch": 20, "Final MSE": 0.022395499050617218, "Final RMSE": 0.14965124428272247, "Final MAPE": 396808.3125, "Final MAE": 0.11657901108264923, "Total Training Time": 21.781100034713745, "Average Time per Epoch": 0.6974150288489557, "_wandb": {"runtime": 22}}