{"epoch": 0, "_timestamp": 1703656347.0696297, "loss": 0.009412562474608421, "root_mean_squared_error": 0.10685405135154724, "mean_absolute_percentage_error": 38605.06640625, "mean_absolute_error": 0.06299050897359848, "val_loss": 0.009294155985116959, "val_root_mean_squared_error": 0.09640620648860931, "val_mean_absolute_percentage_error": 73693.4375, "val_mean_absolute_error": 0.07069524377584457, "_runtime": 4.68474268913269, "_step": 1, "best_val_loss": 0.009294155985116959, "best_epoch": 0, "Final MSE": 0.014715450815856457, "Final RMSE": 0.12130726128816605, "Final MAPE": 137207.921875, "Final MAE": 0.08910000324249268, "Total Training Time": 2.7625811100006104, "Average Time per Epoch": 2.6175785064697266, "_wandb": {"runtime": 3}}