{"epoch": 17, "_timestamp": 1703198531.1061907, "loss": 0.0116569297388196, "root_mean_squared_error": 0.10796726495027542, "mean_absolute_percentage_error": 18448.7890625, "mean_absolute_error": 0.08460733294487, "val_loss": 0.04062838852405548, "val_root_mean_squared_error": 0.20156484842300415, "val_mean_absolute_percentage_error": 69446.4453125, "val_mean_absolute_error": 0.15219517052173615, "_runtime": 95.97317457199097, "_step": 18, "best_val_loss": 0.024123987182974815, "best_epoch": 7, "Final MSE": 0.029159706085920334, "Final RMSE": 0.17076213657855988, "Final MAPE": 234642.875, "Final MAE": 0.129724383354187, "Total Training Time": 93.58095598220825, "Average Time per Epoch": 5.178846783108181, "_wandb": {"runtime": 94}}