{"epoch": 21, "_timestamp": 1703167778.0758295, "loss": 0.006145053077489138, "root_mean_squared_error": 0.07839038968086243, "mean_absolute_percentage_error": 31723.173828125, "mean_absolute_error": 0.047317128628492355, "val_loss": 0.006900859531015158, "val_root_mean_squared_error": 0.08307141065597534, "val_mean_absolute_percentage_error": 26059.0, "val_mean_absolute_error": 0.05036327242851257, "_runtime": 63.5604784488678, "_step": 22, "best_val_loss": 0.006836313754320145, "best_epoch": 11, "Final MSE": 0.01798735000193119, "Final RMSE": 0.13411693274974823, "Final MAPE": 118533.4453125, "Final MAE": 0.0841345265507698, "Total Training Time": 61.00362157821655, "Average Time per Epoch": 2.7622000087391245, "_wandb": {"runtime": 61}}