{"epoch": 18, "_timestamp": 1703438669.555491, "loss": 0.007088350597769022, "root_mean_squared_error": 0.08419234305620193, "mean_absolute_percentage_error": 6931077.0, "mean_absolute_error": 0.048757825046777725, "val_loss": 0.011612378992140293, "val_root_mean_squared_error": 0.10776074975728989, "val_mean_absolute_percentage_error": 10513778.0, "val_mean_absolute_error": 0.0655810609459877, "_runtime": 17.404675006866455, "_step": 19, "best_val_loss": 0.008379925973713398, "best_epoch": 8, "Final MSE": 0.014793597161769867, "Final RMSE": 0.12162893265485764, "Final MAPE": 15627696.0, "Final MAE": 0.07280082255601883, "Total Training Time": 14.693027019500732, "Average Time per Epoch": 0.76674054798327, "_wandb": {"runtime": 15}}