{"epoch": 30, "_timestamp": 1705602636.5025866, "loss": 0.0064576235599815845, "root_mean_squared_error": 0.08035933971405029, "mean_absolute_percentage_error": 20139.6953125, "mean_absolute_error": 0.05180700123310089, "val_loss": 0.014224039390683174, "val_root_mean_squared_error": 0.11926458030939102, "val_mean_absolute_percentage_error": 64188.6328125, "val_mean_absolute_error": 0.08914817869663239, "_runtime": 105.13534164428711, "_step": 31, "best_val_loss": 0.012426505796611309, "best_epoch": 20, "Final MSE": 0.023748483508825302, "Final RMSE": 0.15410542488098145, "Final MAPE": 64077.7109375, "Final MAE": 0.11797860264778137, "Total Training Time": 103.7625424861908, "Average Time per Epoch": 3.3385893606370494, "_wandb": {"runtime": 104}}