{"epoch": 21, "_timestamp": 1703897379.6278505, "loss": 0.004706174600869417, "root_mean_squared_error": 0.0686015635728836, "mean_absolute_percentage_error": 37389.625, "mean_absolute_error": 0.0350046381354332, "val_loss": 0.006091136019676924, "val_root_mean_squared_error": 0.07804573327302933, "val_mean_absolute_percentage_error": 116753.515625, "val_mean_absolute_error": 0.04527896270155907, "_runtime": 29.048991441726685, "_step": 22, "best_val_loss": 0.0059029399417340755, "best_epoch": 11, "Final MSE": 0.018636232241988182, "Final RMSE": 0.1365145891904831, "Final MAPE": 27774.94140625, "Final MAE": 0.0788302794098854, "Total Training Time": 27.69679021835327, "Average Time per Epoch": 1.2495848590677434, "_wandb": {"runtime": 28}}