{"epoch": 25, "_timestamp": 1703894747.957786, "loss": 0.013446812517940998, "root_mean_squared_error": 0.11596038937568665, "mean_absolute_percentage_error": 20815.884765625, "mean_absolute_error": 0.06860117614269257, "val_loss": 0.018864011391997337, "val_root_mean_squared_error": 0.1373463124036789, "val_mean_absolute_percentage_error": 65683.2890625, "val_mean_absolute_error": 0.09485597163438797, "_runtime": 33.96735715866089, "_step": 26, "best_val_loss": 0.01757972128689289, "best_epoch": 15, "Final MSE": 0.027138449251651764, "Final RMSE": 0.1647375226020813, "Final MAPE": 653111.375, "Final MAE": 0.12072288990020752, "Total Training Time": 32.656599283218384, "Average Time per Epoch": 1.2505143238947942, "_wandb": {"runtime": 33}}