{"epoch": 13, "_timestamp": 1703243804.6362119, "loss": 0.005045982077717781, "root_mean_squared_error": 0.07103507965803146, "mean_absolute_percentage_error": 11676.85546875, "mean_absolute_error": 0.048469178378582, "val_loss": 0.03306468948721886, "val_root_mean_squared_error": 0.18183699250221252, "val_mean_absolute_percentage_error": 92203.0078125, "val_mean_absolute_error": 0.15480069816112518, "_runtime": 113.7621397972107, "_step": 14, "best_val_loss": 0.01880866475403309, "best_epoch": 3, "Final MSE": 0.025417298078536987, "Final RMSE": 0.15942803025245667, "Final MAPE": 169856.390625, "Final MAE": 0.0924265906214714, "Total Training Time": 111.36941957473755, "Average Time per Epoch": 7.920273423194885, "_wandb": {"runtime": 111}}