{"epoch": 0, "_timestamp": 1703761754.317909, "loss": 0.013486968353390694, "root_mean_squared_error": 0.12678514420986176, "mean_absolute_percentage_error": 26681.791015625, "mean_absolute_error": 0.07488629221916199, "val_loss": 0.023171445354819298, "val_root_mean_squared_error": 0.1522216945886612, "val_mean_absolute_percentage_error": 45415.671875, "val_mean_absolute_error": 0.08592034876346588, "_runtime": 7.3328330516815186, "_step": 1, "best_val_loss": 0.023171445354819298, "best_epoch": 0, "Final MSE": 0.03849409520626068, "Final RMSE": 0.19619911909103394, "Final MAPE": 77438.578125, "Final MAE": 0.1343046873807907, "Total Training Time": 6.148495674133301, "Average Time per Epoch": 6.009513854980469, "_wandb": {"runtime": 6}}