{"epoch": 43, "_timestamp": 1703679454.937188, "loss": 0.010298415087163448, "root_mean_squared_error": 0.1014811098575592, "mean_absolute_percentage_error": 8265220.5, "mean_absolute_error": 0.05856655165553093, "val_loss": 0.043019190430641174, "val_root_mean_squared_error": 0.20741067826747894, "val_mean_absolute_percentage_error": 49977400.0, "val_mean_absolute_error": 0.13363033533096313, "_runtime": 280.2463448047638, "_step": 44, "best_val_loss": 0.042048901319503784, "best_epoch": 33, "Final MSE": 0.06802961230278015, "Final RMSE": 0.26082485914230347, "Final MAPE": 86233640.0, "Final MAE": 0.16516515612602234, "Total Training Time": 278.3836817741394, "Average Time per Epoch": 6.317632929845289, "_wandb": {"runtime": 278}}