{"epoch": 18, "_timestamp": 1703690115.2077973, "loss": 0.011813018471002579, "root_mean_squared_error": 0.10868771374225616, "mean_absolute_percentage_error": 10734655.0, "mean_absolute_error": 0.06553556770086288, "val_loss": 0.04511212557554245, "val_root_mean_squared_error": 0.21239615976810455, "val_mean_absolute_percentage_error": 55471948.0, "val_mean_absolute_error": 0.14853574335575104, "_runtime": 226.774019241333, "_step": 19, "best_val_loss": 0.03931597247719765, "best_epoch": 8, "Final MSE": 0.055537763983011246, "Final RMSE": 0.2356645166873932, "Final MAPE": 64977984.0, "Final MAE": 0.15761913359165192, "Total Training Time": 225.2890865802765, "Average Time per Epoch": 11.818663433978433, "_wandb": {"runtime": 225}}