{"epoch": 39, "_timestamp": 1703645600.4737964, "loss": 0.0034944810904562473, "root_mean_squared_error": 0.059114135801792145, "mean_absolute_percentage_error": 1834.642822265625, "mean_absolute_error": 0.04103713482618332, "val_loss": 0.005863204598426819, "val_root_mean_squared_error": 0.07657156884670258, "val_mean_absolute_percentage_error": 62334.64453125, "val_mean_absolute_error": 0.05351104959845543, "_runtime": 101.68579626083374, "_step": 40, "best_val_loss": 0.005790506023913622, "best_epoch": 29, "Final MSE": 0.005248258356004953, "Final RMSE": 0.0724448636174202, "Final MAPE": 107226.359375, "Final MAE": 0.05300632864236832, "Total Training Time": 99.30171275138855, "Average Time per Epoch": 2.4763027250766756, "_wandb": {"runtime": 99}}