{"epoch": 35, "_timestamp": 1703774026.4084206, "loss": 0.011858798563480377, "root_mean_squared_error": 0.1088981106877327, "mean_absolute_percentage_error": 16786.791015625, "mean_absolute_error": 0.06519009172916412, "val_loss": 0.03009127266705036, "val_root_mean_squared_error": 0.17346836626529694, "val_mean_absolute_percentage_error": 149962.515625, "val_mean_absolute_error": 0.11830567568540573, "_runtime": 434.16688561439514, "_step": 36, "best_val_loss": 0.02910768613219261, "best_epoch": 25, "Final MSE": 0.05026201531291008, "Final RMSE": 0.22419191896915436, "Final MAPE": 96905.2890625, "Final MAE": 0.16799409687519073, "Total Training Time": 431.75957679748535, "Average Time per Epoch": 11.973730981349945, "_wandb": {"runtime": 432}}