{"epoch": 20, "_timestamp": 1703176121.9312723, "loss": 0.00713352719321847, "root_mean_squared_error": 0.08446021378040314, "mean_absolute_percentage_error": 32696.96875, "mean_absolute_error": 0.0536026731133461, "val_loss": 0.011431992053985596, "val_root_mean_squared_error": 0.10692049562931061, "val_mean_absolute_percentage_error": 42156.0234375, "val_mean_absolute_error": 0.0832291916012764, "_runtime": 70.24566531181335, "_step": 21, "best_val_loss": 0.009504848159849644, "best_epoch": 10, "Final MSE": 0.015401367098093033, "Final RMSE": 0.12410224229097366, "Final MAPE": 131872.0, "Final MAE": 0.0936795249581337, "Total Training Time": 67.9234881401062, "Average Time per Epoch": 3.2217935153416226, "_wandb": {"runtime": 68}}