{"epoch": 36, "_timestamp": 1703558540.6195755, "loss": 0.004397471901029348, "root_mean_squared_error": 0.06631343811750412, "mean_absolute_percentage_error": 8029.26513671875, "mean_absolute_error": 0.03629116714000702, "val_loss": 0.007948304526507854, "val_root_mean_squared_error": 0.08915326744318008, "val_mean_absolute_percentage_error": 38103.98828125, "val_mean_absolute_error": 0.05133417248725891, "_runtime": 34.83512854576111, "_step": 37, "best_val_loss": 0.007684463635087013, "best_epoch": 26, "Final MSE": 0.00887548178434372, "Final RMSE": 0.09420977532863617, "Final MAPE": 48067.4609375, "Final MAE": 0.06223234906792641, "Total Training Time": 32.76354503631592, "Average Time per Epoch": 0.8811754535984349, "_wandb": {"runtime": 33}}