{"epoch": 10, "_timestamp": 1703514736.3063986, "loss": 0.008355733007192612, "root_mean_squared_error": 0.09140969812870026, "mean_absolute_percentage_error": 7352.80126953125, "mean_absolute_error": 0.042423974722623825, "val_loss": 0.013683173805475235, "val_root_mean_squared_error": 0.1169750988483429, "val_mean_absolute_percentage_error": 43286.484375, "val_mean_absolute_error": 0.06688429415225983, "_runtime": 144.85748052597046, "_step": 11, "best_val_loss": 0.012889321893453598, "best_epoch": 0, "Final MSE": 0.014088273048400879, "Final RMSE": 0.11869402974843979, "Final MAPE": 98286.984375, "Final MAE": 0.06747712194919586, "Total Training Time": 142.41553854942322, "Average Time per Epoch": 12.879897052591497, "_wandb": {"runtime": 142}}