{"epoch": 0, "_timestamp": 1703790054.6487472, "loss": 0.008277944289147854, "root_mean_squared_error": 0.11852624267339706, "mean_absolute_percentage_error": 222931.1875, "mean_absolute_error": 0.06516289710998535, "val_loss": 0.009255693294107914, "val_root_mean_squared_error": 0.09620651602745056, "val_mean_absolute_percentage_error": 224553.0625, "val_mean_absolute_error": 0.07444942742586136, "_runtime": 52.762227296829224, "_step": 1, "best_val_loss": 0.009255693294107914, "best_epoch": 0, "Final MSE": 0.020791485905647278, "Final RMSE": 0.14419253170490265, "Final MAPE": 591557.0625, "Final MAE": 0.10603608191013336, "Total Training Time": 51.45563888549805, "Average Time per Epoch": 49.001580476760864, "_wandb": {"runtime": 51}}