{"epoch": 20, "_timestamp": 1705617694.2631426, "loss": 0.0032420570496469736, "root_mean_squared_error": 0.05693906545639038, "mean_absolute_percentage_error": 5714.9462890625, "mean_absolute_error": 0.026495853438973427, "val_loss": 0.004396955948323011, "val_root_mean_squared_error": 0.06630954891443253, "val_mean_absolute_percentage_error": 54616.6015625, "val_mean_absolute_error": 0.040217772126197815, "_runtime": 28.66226553916931, "_step": 21, "best_val_loss": 0.0036962057929486036, "best_epoch": 10, "Final MSE": 0.00545261986553669, "Final RMSE": 0.07384185492992401, "Final MAPE": 52807.3203125, "Final MAE": 0.05029209703207016, "Total Training Time": 26.388710260391235, "Average Time per Epoch": 1.2489164216177804, "_wandb": {"runtime": 26}}