{"epoch": 0, "_timestamp": 1703815410.144303, "loss": 0.011624728329479694, "root_mean_squared_error": 0.11541209369897842, "mean_absolute_percentage_error": 25680.708984375, "mean_absolute_error": 0.06915163993835449, "val_loss": 0.016223294660449028, "val_root_mean_squared_error": 0.1273707002401352, "val_mean_absolute_percentage_error": 26932.4609375, "val_mean_absolute_error": 0.08048968017101288, "_runtime": 3.6404500007629395, "_step": 1, "best_val_loss": 0.016223294660449028, "best_epoch": 0, "Final MSE": 0.026390230283141136, "Final RMSE": 0.16245070099830627, "Final MAPE": 114202.984375, "Final MAE": 0.11560157686471939, "Total Training Time": 1.834916353225708, "Average Time per Epoch": 1.7375621795654297, "_wandb": {"runtime": 2}}