{"epoch": 0, "_timestamp": 1703677385.3471756, "loss": 0.0898720845580101, "root_mean_squared_error": 0.2987154424190521, "mean_absolute_percentage_error": 107752800.0, "mean_absolute_error": 0.2476685643196106, "val_loss": 0.08734845370054245, "val_root_mean_squared_error": 0.2955477237701416, "val_mean_absolute_percentage_error": 115477784.0, "val_mean_absolute_error": 0.24649466574192047, "_runtime": 2.6273624897003174, "_step": 1, "best_val_loss": 0.08734845370054245, "best_epoch": 0, "Final MSE": 0.08433020859956741, "Final RMSE": 0.29039666056632996, "Final MAPE": 125611968.0, "Final MAE": 0.24004724621772766, "Total Training Time": 1.5753083229064941, "Average Time per Epoch": 1.4701473712921143, "_wandb": {"runtime": 1}}