{"epoch": 0, "_timestamp": 1703740674.6419244, "loss": 0.00891944207251072, "root_mean_squared_error": 0.09426212310791016, "mean_absolute_percentage_error": 11060862.0, "mean_absolute_error": 0.05804852023720741, "val_loss": 0.010226495563983917, "val_root_mean_squared_error": 0.10112613439559937, "val_mean_absolute_percentage_error": 13299631.0, "val_mean_absolute_error": 0.06332803517580032, "_runtime": 3.7375993728637695, "_step": 1, "best_val_loss": 0.010226495563983917, "best_epoch": 0, "Final MSE": 0.009327549487352371, "Final RMSE": 0.09657923877239227, "Final MAPE": 19320688.0, "Final MAE": 0.06398037075996399, "Total Training Time": 1.8766169548034668, "Average Time per Epoch": 1.7549560070037842, "_wandb": {"runtime": 2}}