{"epoch": 0, "_timestamp": 1703804097.4310546, "loss": 0.010856722481548786, "root_mean_squared_error": 0.10597434639930725, "mean_absolute_percentage_error": 161725.4375, "mean_absolute_error": 0.054942719638347626, "val_loss": 0.008199505507946014, "val_root_mean_squared_error": 0.09055112302303314, "val_mean_absolute_percentage_error": 93.02465057373047, "val_mean_absolute_error": 0.046216461807489395, "_runtime": 13.057493686676025, "_step": 1, "best_val_loss": 0.008199505507946014, "best_epoch": 0, "Final MSE": 0.013837290927767754, "Final RMSE": 0.11763201653957367, "Final MAPE": 76631.578125, "Final MAE": 0.06549446284770966, "Total Training Time": 4.406528949737549, "Average Time per Epoch": 4.2519004344940186, "_wandb": {"runtime": 4}}