{"epoch": 0, "_timestamp": 1703505846.7881138, "loss": 0.02303161844611168, "root_mean_squared_error": 0.1709364950656891, "mean_absolute_percentage_error": 54379.80859375, "mean_absolute_error": 0.12817887961864471, "val_loss": 0.033565014600753784, "val_root_mean_squared_error": 0.18320754170417786, "val_mean_absolute_percentage_error": 108730.296875, "val_mean_absolute_error": 0.14117534458637238, "_runtime": 3.675259828567505, "_step": 1, "best_val_loss": 0.033565014600753784, "best_epoch": 0, "Final MSE": 0.07224150747060776, "Final RMSE": 0.2687778174877167, "Final MAPE": 221429.125, "Final MAE": 0.2202240377664566, "Total Training Time": 1.593644142150879, "Average Time per Epoch": 1.4946191310882568, "_wandb": {"runtime": 1}}