{"epoch": 16, "_timestamp": 1703153937.8746774, "loss": 0.003978973254561424, "root_mean_squared_error": 0.0630791038274765, "mean_absolute_percentage_error": 8648.2373046875, "mean_absolute_error": 0.035075437277555466, "val_loss": 0.012705438770353794, "val_root_mean_squared_error": 0.11271840333938599, "val_mean_absolute_percentage_error": 97082.7578125, "val_mean_absolute_error": 0.06567207723855972, "_runtime": 24.361225366592407, "_step": 17, "best_val_loss": 0.010822290554642677, "best_epoch": 6, "Final MSE": 0.020018186420202255, "Final RMSE": 0.14148564636707306, "Final MAPE": 41410.43359375, "Final MAE": 0.08055000752210617, "Total Training Time": 22.14762783050537, "Average Time per Epoch": 1.2935034527498133, "_wandb": {"runtime": 22}}