{"epoch": 21, "_timestamp": 1705635395.382279, "loss": 0.004455953370779753, "root_mean_squared_error": 0.06675292551517487, "mean_absolute_percentage_error": 10546.4775390625, "mean_absolute_error": 0.035836007446050644, "val_loss": 0.008036445826292038, "val_root_mean_squared_error": 0.08964622765779495, "val_mean_absolute_percentage_error": 7472.6337890625, "val_mean_absolute_error": 0.05147692188620567, "_runtime": 66.86690282821655, "_step": 22, "best_val_loss": 0.007677771616727114, "best_epoch": 11, "Final MSE": 0.008925285190343857, "Final RMSE": 0.09447372704744339, "Final MAPE": 38296.19140625, "Final MAE": 0.05747097358107567, "Total Training Time": 64.49320006370544, "Average Time per Epoch": 2.9200846173546533, "_wandb": {"runtime": 65}}