{"epoch": 0, "_timestamp": 1703804861.0487378, "loss": 0.008648221381008625, "root_mean_squared_error": 0.09575895965099335, "mean_absolute_percentage_error": 11613.7431640625, "mean_absolute_error": 0.06259600818157196, "val_loss": 0.014831858687102795, "val_root_mean_squared_error": 0.12178611755371094, "val_mean_absolute_percentage_error": 17255.326171875, "val_mean_absolute_error": 0.07783408463001251, "_runtime": 12.011485815048218, "_step": 1, "best_val_loss": 0.014831858687102795, "best_epoch": 0, "Final MSE": 0.013078266754746437, "Final RMSE": 0.1143602505326271, "Final MAPE": 34475.23046875, "Final MAE": 0.07546067982912064, "Total Training Time": 4.424883842468262, "Average Time per Epoch": 4.273727893829346, "_wandb": {"runtime": 4}}