{"epoch": 17, "_timestamp": 1705624394.2865267, "loss": 0.005634804721921682, "root_mean_squared_error": 0.07506533712148666, "mean_absolute_percentage_error": 10622.720703125, "mean_absolute_error": 0.04790477827191353, "val_loss": 0.015567075461149216, "val_root_mean_squared_error": 0.12476808577775955, "val_mean_absolute_percentage_error": 35371.53515625, "val_mean_absolute_error": 0.0781441256403923, "_runtime": 40.92347979545593, "_step": 18, "best_val_loss": 0.015248988755047321, "best_epoch": 7, "Final MSE": 0.019001934677362442, "Final RMSE": 0.13784749805927277, "Final MAPE": 25201.81640625, "Final MAE": 0.08904589712619781, "Total Training Time": 38.507182359695435, "Average Time per Epoch": 2.1286997530195446, "_wandb": {"runtime": 39}}