{"epoch": 0, "_timestamp": 1703595590.618092, "loss": 0.013589806854724884, "root_mean_squared_error": 0.12697026133537292, "mean_absolute_percentage_error": 78841.4140625, "mean_absolute_error": 0.08994796872138977, "val_loss": 0.011530638672411442, "val_root_mean_squared_error": 0.10738080739974976, "val_mean_absolute_percentage_error": 162860.796875, "val_mean_absolute_error": 0.08754412084817886, "_runtime": 3.6177940368652344, "_step": 1, "best_val_loss": 0.011530638672411442, "best_epoch": 0, "Final MSE": 0.03468509763479233, "Final RMSE": 0.1862393617630005, "Final MAPE": 332823.65625, "Final MAE": 0.16040082275867462, "Total Training Time": 1.5805494785308838, "Average Time per Epoch": 1.4755475521087646, "_wandb": {"runtime": 1}}