{"epoch": 0, "_timestamp": 1703656234.0534892, "loss": 0.00782151147723198, "root_mean_squared_error": 0.0907326489686966, "mean_absolute_percentage_error": 13878.216796875, "mean_absolute_error": 0.05911688134074211, "val_loss": 0.009090183302760124, "val_root_mean_squared_error": 0.09534244984388351, "val_mean_absolute_percentage_error": 141449.03125, "val_mean_absolute_error": 0.07273048162460327, "_runtime": 4.527013301849365, "_step": 1, "best_val_loss": 0.009090183302760124, "best_epoch": 0, "Final MSE": 0.011834091506898403, "Final RMSE": 0.10878460854291916, "Final MAPE": 83648.0859375, "Final MAE": 0.08168463408946991, "Total Training Time": 2.691657304763794, "Average Time per Epoch": 2.545119524002075, "_wandb": {"runtime": 2}}