{"epoch": 19, "_timestamp": 1705591153.539386, "loss": 0.00400775671005249, "root_mean_squared_error": 0.06330684572458267, "mean_absolute_percentage_error": 48783.63671875, "mean_absolute_error": 0.03235423564910889, "val_loss": 0.009610552340745926, "val_root_mean_squared_error": 0.09803342819213867, "val_mean_absolute_percentage_error": 69951.34375, "val_mean_absolute_error": 0.05359279736876488, "_runtime": 57.12502408027649, "_step": 20, "best_val_loss": 0.008590719662606716, "best_epoch": 9, "Final MSE": 0.013666174374520779, "Final RMSE": 0.1169024109840393, "Final MAPE": 43257.9609375, "Final MAE": 0.06471992284059525, "Total Training Time": 55.55091214179993, "Average Time per Epoch": 2.765912890434265, "_wandb": {"runtime": 56}}