{"epoch": 21, "_timestamp": 1703243432.8520756, "loss": 0.0044317995198071, "root_mean_squared_error": 0.06657176464796066, "mean_absolute_percentage_error": 12356.107421875, "mean_absolute_error": 0.04363851994276047, "val_loss": 0.021427346393465996, "val_root_mean_squared_error": 0.14638082683086395, "val_mean_absolute_percentage_error": 111096.2109375, "val_mean_absolute_error": 0.11929383873939514, "_runtime": 180.32739353179932, "_step": 22, "best_val_loss": 0.016485847532749176, "best_epoch": 11, "Final MSE": 0.02249852381646633, "Final RMSE": 0.14999507367610931, "Final MAPE": 216708.078125, "Final MAE": 0.09070896357297897, "Total Training Time": 177.87403321266174, "Average Time per Epoch": 8.062637556682933, "_wandb": {"runtime": 178}}