{"epoch": 35, "_timestamp": 1703642139.904752, "loss": 0.010339606553316116, "root_mean_squared_error": 0.1016838550567627, "mean_absolute_percentage_error": 2504.6904296875, "mean_absolute_error": 0.05962753668427467, "val_loss": 0.014272316358983517, "val_root_mean_squared_error": 0.11946679651737213, "val_mean_absolute_percentage_error": 134.95372009277344, "val_mean_absolute_error": 0.08385428786277771, "_runtime": 84.8223569393158, "_step": 36, "best_val_loss": 0.0077214110642671585, "best_epoch": 25, "Final MSE": 0.040489763021469116, "Final RMSE": 0.20122067630290985, "Final MAPE": 364498.4375, "Final MAE": 0.14570888876914978, "Total Training Time": 82.36834716796875, "Average Time per Epoch": 2.2814663781060114, "_wandb": {"runtime": 82}}