{"epoch": 0, "_timestamp": 1703815485.1552203, "loss": 0.005866760388016701, "root_mean_squared_error": 0.08077467978000641, "mean_absolute_percentage_error": 27229.681640625, "mean_absolute_error": 0.052067067474126816, "val_loss": 0.012438005767762661, "val_root_mean_squared_error": 0.11152581125497818, "val_mean_absolute_percentage_error": 156806.375, "val_mean_absolute_error": 0.08279138803482056, "_runtime": 3.685986280441284, "_step": 1, "best_val_loss": 0.012438005767762661, "best_epoch": 0, "Final MSE": 0.009316625073552132, "Final RMSE": 0.09652266651391983, "Final MAPE": 112129.5625, "Final MAE": 0.0731748715043068, "Total Training Time": 1.836656093597412, "Average Time per Epoch": 1.7246952056884766, "_wandb": {"runtime": 2}}