{"epoch": 26, "_timestamp": 1703308376.9095283, "loss": 0.00784107856452465, "root_mean_squared_error": 0.08854986727237701, "mean_absolute_percentage_error": 7581.36962890625, "mean_absolute_error": 0.052473559975624084, "val_loss": 0.01358977984637022, "val_root_mean_squared_error": 0.1165752112865448, "val_mean_absolute_percentage_error": 61216.22265625, "val_mean_absolute_error": 0.07248742878437042, "_runtime": 108.03267121315002, "_step": 27, "best_val_loss": 0.012482293881475925, "best_epoch": 16, "Final MSE": 0.024643486365675926, "Final RMSE": 0.1569824367761612, "Final MAPE": 37797.6484375, "Final MAE": 0.11030552536249161, "Total Training Time": 105.6134262084961, "Average Time per Epoch": 3.900266965230306, "_wandb": {"runtime": 106}}