{"epoch": 40, "_timestamp": 1703154402.6950436, "loss": 0.00657155504450202, "root_mean_squared_error": 0.08106512576341629, "mean_absolute_percentage_error": 14663.8857421875, "mean_absolute_error": 0.05304691568017006, "val_loss": 0.012619159184396267, "val_root_mean_squared_error": 0.11233503371477127, "val_mean_absolute_percentage_error": 69256.1171875, "val_mean_absolute_error": 0.07801441103219986, "_runtime": 54.565311670303345, "_step": 41, "best_val_loss": 0.011460334993898869, "best_epoch": 30, "Final MSE": 0.02018209919333458, "Final RMSE": 0.14206372201442719, "Final MAPE": 57875.60546875, "Final MAE": 0.10069305449724197, "Total Training Time": 52.193687438964844, "Average Time per Epoch": 1.2684750091738817, "_wandb": {"runtime": 52}}