{"epoch": 0, "_timestamp": 1703674530.1190305, "loss": 0.008285637013614178, "root_mean_squared_error": 0.09411272406578064, "mean_absolute_percentage_error": 7191460.0, "mean_absolute_error": 0.0518127903342247, "val_loss": 0.01709102652966976, "val_root_mean_squared_error": 0.13073265552520752, "val_mean_absolute_percentage_error": 5045699.5, "val_mean_absolute_error": 0.07076656818389893, "_runtime": 7.557426452636719, "_step": 1, "best_val_loss": 0.01709102652966976, "best_epoch": 0, "Final MSE": 0.015904491767287254, "Final RMSE": 0.12611301243305206, "Final MAPE": 9119639.0, "Final MAE": 0.06696909666061401, "Total Training Time": 6.295431852340698, "Average Time per Epoch": 6.1172380447387695, "_wandb": {"runtime": 6}}