{"epoch": 0, "_timestamp": 1703760784.762782, "loss": 0.017002413049340248, "root_mean_squared_error": 0.13306991755962372, "mean_absolute_percentage_error": 303126.90625, "mean_absolute_error": 0.08257850259542465, "val_loss": 0.01051667146384716, "val_root_mean_squared_error": 0.10255082696676254, "val_mean_absolute_percentage_error": 372333.59375, "val_mean_absolute_error": 0.06736676394939423, "_runtime": 7.39565110206604, "_step": 1, "best_val_loss": 0.01051667146384716, "best_epoch": 0, "Final MSE": 0.0230715312063694, "Final RMSE": 0.15189315378665924, "Final MAPE": 70369.5625, "Final MAE": 0.09806179255247116, "Total Training Time": 6.126018762588501, "Average Time per Epoch": 5.981401443481445, "_wandb": {"runtime": 6}}