{"epoch": 0, "_timestamp": 1703714196.2964785, "loss": 0.03459308296442032, "root_mean_squared_error": 0.19251081347465515, "mean_absolute_percentage_error": 34008216.0, "mean_absolute_error": 0.12525995075702667, "val_loss": 0.0704951137304306, "val_root_mean_squared_error": 0.26550915837287903, "val_mean_absolute_percentage_error": 111520200.0, "val_mean_absolute_error": 0.20807845890522003, "_runtime": 72.09892559051514, "_step": 1, "best_val_loss": 0.0704951137304306, "best_epoch": 0, "Final MSE": 0.0905388742685318, "Final RMSE": 0.3008967936038971, "Final MAPE": 140149616.0, "Final MAE": 0.24160444736480713, "Total Training Time": 44.83239150047302, "Average Time per Epoch": 42.70624661445618, "_wandb": {"runtime": 45}}