{"epoch": 18, "_timestamp": 1703282695.573, "loss": 0.009402354247868061, "root_mean_squared_error": 0.0969657376408577, "mean_absolute_percentage_error": 16875.517578125, "mean_absolute_error": 0.05841108411550522, "val_loss": 0.011567885987460613, "val_root_mean_squared_error": 0.1075541079044342, "val_mean_absolute_percentage_error": 67235.875, "val_mean_absolute_error": 0.06798716634511948, "_runtime": 17.7053120136261, "_step": 19, "best_val_loss": 0.010805036872625351, "best_epoch": 8, "Final MSE": 0.016382046043872833, "Final RMSE": 0.12799236178398132, "Final MAPE": 122773.640625, "Final MAE": 0.08444033563137054, "Total Training Time": 15.396973371505737, "Average Time per Epoch": 0.8033565722013775, "_wandb": {"runtime": 15}}