{"epoch": 0, "_timestamp": 1703560319.361015, "loss": 0.006063232198357582, "root_mean_squared_error": 0.07879694551229477, "mean_absolute_percentage_error": 59727.46875, "mean_absolute_error": 0.0413975790143013, "val_loss": 0.008575111627578735, "val_root_mean_squared_error": 0.09260189533233643, "val_mean_absolute_percentage_error": 15885.3349609375, "val_mean_absolute_error": 0.03999019414186478, "_runtime": 3.7656800746917725, "_step": 1, "best_val_loss": 0.008575111627578735, "best_epoch": 0, "Final MSE": 0.01425256673246622, "Final RMSE": 0.11938411742448807, "Final MAPE": 67124.5546875, "Final MAE": 0.05744330212473869, "Total Training Time": 1.9151442050933838, "Average Time per Epoch": 1.8041331768035889, "_wandb": {"runtime": 2}}