{"epoch": 0, "_timestamp": 1703746766.0101612, "loss": 0.00872744806110859, "root_mean_squared_error": 0.0966026559472084, "mean_absolute_percentage_error": 10975376.0, "mean_absolute_error": 0.05699656158685684, "val_loss": 0.012416533194482327, "val_root_mean_squared_error": 0.11142949759960175, "val_mean_absolute_percentage_error": 11318408.0, "val_mean_absolute_error": 0.06160610169172287, "_runtime": 6.689562082290649, "_step": 1, "best_val_loss": 0.012416533194482327, "best_epoch": 0, "Final MSE": 0.01502065360546112, "Final RMSE": 0.12255877256393433, "Final MAPE": 17313974.0, "Final MAE": 0.06821165233850479, "Total Training Time": 2.779686689376831, "Average Time per Epoch": 2.6388001441955566, "_wandb": {"runtime": 3}}