{"epoch": 20, "_timestamp": 1703642383.4355838, "loss": 0.00626843236386776, "root_mean_squared_error": 0.07917343080043793, "mean_absolute_percentage_error": 10222.171875, "mean_absolute_error": 0.04603571817278862, "val_loss": 0.009074578993022442, "val_root_mean_squared_error": 0.09526058286428452, "val_mean_absolute_percentage_error": 19890.98828125, "val_mean_absolute_error": 0.056367676705121994, "_runtime": 50.885971784591675, "_step": 21, "best_val_loss": 0.008785504847764969, "best_epoch": 10, "Final MSE": 0.010001113638281822, "Final RMSE": 0.10000556707382202, "Final MAPE": 135238.15625, "Final MAE": 0.0670074000954628, "Total Training Time": 48.91292643547058, "Average Time per Epoch": 2.31904285294669, "_wandb": {"runtime": 49}}