{"epoch": 0, "_timestamp": 1703647691.3608084, "loss": 0.009435217827558517, "root_mean_squared_error": 0.1000349149107933, "mean_absolute_percentage_error": 45464.43359375, "mean_absolute_error": 0.060121044516563416, "val_loss": 0.007263120263814926, "val_root_mean_squared_error": 0.08522394299507141, "val_mean_absolute_percentage_error": 71313.3359375, "val_mean_absolute_error": 0.060007475316524506, "_runtime": 6.30600643157959, "_step": 1, "best_val_loss": 0.007263120263814926, "best_epoch": 0, "Final MSE": 0.013635140843689442, "Final RMSE": 0.11676960438489914, "Final MAPE": 176348.734375, "Final MAE": 0.08545099198818207, "Total Training Time": 4.631442546844482, "Average Time per Epoch": 4.439440488815308, "_wandb": {"runtime": 4}}