{"epoch": 47, "_timestamp": 1703091627.7310355, "loss": 0.006660104263573885, "root_mean_squared_error": 0.08160946518182755, "mean_absolute_percentage_error": 15110.052734375, "mean_absolute_error": 0.05273899435997009, "val_loss": 0.01287096831947565, "val_root_mean_squared_error": 0.11345028877258301, "val_mean_absolute_percentage_error": 54655.05859375, "val_mean_absolute_error": 0.07337386906147003, "_runtime": 117.2997465133667, "_step": 48, "best_val_loss": 0.01235811784863472, "best_epoch": 37, "Final MSE": 0.021191107109189034, "Final RMSE": 0.14557164907455444, "Final MAPE": 96625.1484375, "Final MAE": 0.10061872005462646, "Total Training Time": 114.68970251083374, "Average Time per Epoch": 2.384555692474047, "_wandb": {"runtime": 115}}