{"epoch": 0, "_timestamp": 1703656533.9831378, "loss": 0.00680558243766427, "root_mean_squared_error": 0.08875884115695953, "mean_absolute_percentage_error": 20782.318359375, "mean_absolute_error": 0.059465374797582626, "val_loss": 0.009326070547103882, "val_root_mean_squared_error": 0.09657157957553864, "val_mean_absolute_percentage_error": 45501.24609375, "val_mean_absolute_error": 0.06640127301216125, "_runtime": 4.645553827285767, "_step": 1, "best_val_loss": 0.009326070547103882, "best_epoch": 0, "Final MSE": 0.015078440308570862, "Final RMSE": 0.12279430031776428, "Final MAPE": 148804.09375, "Final MAE": 0.08518555760383606, "Total Training Time": 2.710597038269043, "Average Time per Epoch": 2.5655486583709717, "_wandb": {"runtime": 2}}