{"epoch": 20, "_timestamp": 1703507715.5047936, "loss": 0.004917230922728777, "root_mean_squared_error": 0.07012297213077545, "mean_absolute_percentage_error": 16500.60546875, "mean_absolute_error": 0.03596530109643936, "val_loss": 0.00522641884163022, "val_root_mean_squared_error": 0.0722939744591713, "val_mean_absolute_percentage_error": 52734.984375, "val_mean_absolute_error": 0.04453754797577858, "_runtime": 146.64978671073914, "_step": 21, "best_val_loss": 0.004301604349166155, "best_epoch": 10, "Final MSE": 0.006564640905708075, "Final RMSE": 0.0810224711894989, "Final MAPE": 13149.6171875, "Final MAE": 0.048949845135211945, "Total Training Time": 144.21960520744324, "Average Time per Epoch": 6.84572434425354, "_wandb": {"runtime": 144}}