{"epoch": 0, "_timestamp": 1703652259.4517257, "loss": 0.00469800503924489, "root_mean_squared_error": 0.07395709306001663, "mean_absolute_percentage_error": 37870.046875, "mean_absolute_error": 0.038292691111564636, "val_loss": 0.005056481808423996, "val_root_mean_squared_error": 0.07110894471406937, "val_mean_absolute_percentage_error": 84268.2421875, "val_mean_absolute_error": 0.047535210847854614, "_runtime": 3.8251097202301025, "_step": 1, "best_val_loss": 0.005056481808423996, "best_epoch": 0, "Final MSE": 0.011685339733958244, "Final RMSE": 0.10809875279664993, "Final MAPE": 236564.171875, "Final MAE": 0.07055626064538956, "Total Training Time": 1.889427661895752, "Average Time per Epoch": 1.7783849239349365, "_wandb": {"runtime": 2}}