{"epoch": 0, "_timestamp": 1703648430.0197666, "loss": 0.008191349916160107, "root_mean_squared_error": 0.09288714081048965, "mean_absolute_percentage_error": 32015.03515625, "mean_absolute_error": 0.0647614598274231, "val_loss": 0.014979399740695953, "val_root_mean_squared_error": 0.12239035964012146, "val_mean_absolute_percentage_error": 108837.4375, "val_mean_absolute_error": 0.08046875894069672, "_runtime": 6.577918529510498, "_step": 1, "best_val_loss": 0.014979399740695953, "best_epoch": 0, "Final MSE": 0.012890626676380634, "Final RMSE": 0.11353689432144165, "Final MAPE": 155466.6875, "Final MAE": 0.08612935990095139, "Total Training Time": 4.772192478179932, "Average Time per Epoch": 4.575172424316406, "_wandb": {"runtime": 5}}