{"epoch": 60, "_timestamp": 1703678510.413015, "loss": 0.009423058480024338, "root_mean_squared_error": 0.09707243740558624, "mean_absolute_percentage_error": 8589741.0, "mean_absolute_error": 0.05714564770460129, "val_loss": 0.033924832940101624, "val_root_mean_squared_error": 0.18418695032596588, "val_mean_absolute_percentage_error": 46457440.0, "val_mean_absolute_error": 0.11468622088432312, "_runtime": 273.79329681396484, "_step": 61, "best_val_loss": 0.03319530934095383, "best_epoch": 50, "Final MSE": 0.040135402232408524, "Final RMSE": 0.200338214635849, "Final MAPE": 24261316.0, "Final MAE": 0.11350706964731216, "Total Training Time": 272.3507480621338, "Average Time per Epoch": 4.45602339994712, "_wandb": {"runtime": 272}}