{"epoch": 15, "_timestamp": 1703723223.548903, "loss": 0.008811203762888908, "root_mean_squared_error": 0.09386800974607468, "mean_absolute_percentage_error": 11282522.0, "mean_absolute_error": 0.05743426829576492, "val_loss": 0.0192310381680727, "val_root_mean_squared_error": 0.1386760175228119, "val_mean_absolute_percentage_error": 15366929.0, "val_mean_absolute_error": 0.08283113688230515, "_runtime": 34.50427198410034, "_step": 16, "best_val_loss": 0.013705559074878693, "best_epoch": 5, "Final MSE": 0.015872079879045486, "Final RMSE": 0.12598444521427155, "Final MAPE": 24722886.0, "Final MAE": 0.08099576830863953, "Total Training Time": 31.987540245056152, "Average Time per Epoch": 1.9894688725471497, "_wandb": {"runtime": 32}}