{"epoch": 0, "_timestamp": 1703787748.1777132, "loss": 0.02926464006304741, "root_mean_squared_error": 0.16851554811000824, "mean_absolute_percentage_error": 182507.546875, "mean_absolute_error": 0.10454228520393372, "val_loss": 0.019904520362615585, "val_root_mean_squared_error": 0.14108337461948395, "val_mean_absolute_percentage_error": 40893.67578125, "val_mean_absolute_error": 0.09605022519826889, "_runtime": 39.779489040374756, "_step": 1, "best_val_loss": 0.019904520362615585, "best_epoch": 0, "Final MSE": 0.021422909572720528, "Final RMSE": 0.1463656723499298, "Final MAPE": 277949.75, "Final MAE": 0.09740138798952103, "Total Training Time": 38.486599922180176, "Average Time per Epoch": 36.708184242248535, "_wandb": {"runtime": 38}}