{"epoch": 25, "_timestamp": 1703086952.6448224, "loss": 0.004557683598250151, "root_mean_squared_error": 0.06751061975955963, "mean_absolute_percentage_error": 1901788.875, "mean_absolute_error": 0.0403934046626091, "val_loss": 0.008268811739981174, "val_root_mean_squared_error": 0.09093300998210907, "val_mean_absolute_percentage_error": 24191.037109375, "val_mean_absolute_error": 0.05841319262981415, "_runtime": 67.28468728065491, "_step": 26, "best_val_loss": 0.00818659458309412, "best_epoch": 15, "Final MSE": 0.004425589926540852, "Final RMSE": 0.06652510911226273, "Final MAPE": 274311.875, "Final MAE": 0.041292645037174225, "Total Training Time": 64.54479885101318, "Average Time per Epoch": 2.474876495508047, "_wandb": {"runtime": 65}}