{"epoch": 38, "_timestamp": 1703187982.3875968, "loss": 0.008418585173785686, "root_mean_squared_error": 0.09175284951925278, "mean_absolute_percentage_error": 12613.7490234375, "mean_absolute_error": 0.053958650678396225, "val_loss": 0.011975370347499847, "val_root_mean_squared_error": 0.10943203419446945, "val_mean_absolute_percentage_error": 71541.46875, "val_mean_absolute_error": 0.0733535960316658, "_runtime": 101.1375367641449, "_step": 39, "best_val_loss": 0.00974607840180397, "best_epoch": 28, "Final MSE": 0.0231509730219841, "Final RMSE": 0.15215443074703217, "Final MAPE": 110151.546875, "Final MAE": 0.09588421881198883, "Total Training Time": 97.77709197998047, "Average Time per Epoch": 2.5008730399302945, "_wandb": {"runtime": 98}}