{"epoch": 18, "_timestamp": 1705593262.373958, "loss": 0.011370389722287655, "root_mean_squared_error": 0.10663203150033951, "mean_absolute_percentage_error": 507.6832275390625, "mean_absolute_error": 0.06353092193603516, "val_loss": 0.008563075214624405, "val_root_mean_squared_error": 0.09253688901662827, "val_mean_absolute_percentage_error": 138695.140625, "val_mean_absolute_error": 0.06487642228603363, "_runtime": 60.440773010253906, "_step": 19, "best_val_loss": 0.006624787114560604, "best_epoch": 8, "Final MSE": 0.03550030291080475, "Final RMSE": 0.18841524422168732, "Final MAPE": 225995.5625, "Final MAE": 0.12424460053443909, "Total Training Time": 56.97639536857605, "Average Time per Epoch": 2.9864931984951624, "_wandb": {"runtime": 57}}