{"epoch": 0, "_timestamp": 1703677541.577637, "loss": 0.08041171729564667, "root_mean_squared_error": 0.28309306502342224, "mean_absolute_percentage_error": 97626672.0, "mean_absolute_error": 0.23355890810489655, "val_loss": 0.07463515549898148, "val_root_mean_squared_error": 0.2731943130493164, "val_mean_absolute_percentage_error": 101046048.0, "val_mean_absolute_error": 0.22669142484664917, "_runtime": 3.5671298503875732, "_step": 1, "best_val_loss": 0.07463515549898148, "best_epoch": 0, "Final MSE": 0.07820302993059158, "Final RMSE": 0.2796480655670166, "Final MAPE": 114990384.0, "Final MAE": 0.22882214188575745, "Total Training Time": 1.5838565826416016, "Average Time per Epoch": 1.4632196426391602, "_wandb": {"runtime": 1}}