{"epoch": 14, "_timestamp": 1703817418.9050405, "loss": 0.010513361543416977, "root_mean_squared_error": 0.10253468155860901, "mean_absolute_percentage_error": 163754.625, "mean_absolute_error": 0.05271286889910698, "val_loss": 0.008368098177015781, "val_root_mean_squared_error": 0.09147731214761734, "val_mean_absolute_percentage_error": 115.80480194091797, "val_mean_absolute_error": 0.054218389093875885, "_runtime": 24.13826060295105, "_step": 15, "best_val_loss": 0.008097141049802303, "best_epoch": 4, "Final MSE": 0.014395241625607014, "Final RMSE": 0.11998017132282257, "Final MAPE": 70290.109375, "Final MAE": 0.07442929595708847, "Total Training Time": 21.849131107330322, "Average Time per Epoch": 1.4460339069366455, "_wandb": {"runtime": 22}}