{"epoch": 0, "_timestamp": 1703815642.215425, "loss": 0.009317582473158836, "root_mean_squared_error": 0.10546466708183289, "mean_absolute_percentage_error": 41923.44140625, "mean_absolute_error": 0.06968891620635986, "val_loss": 0.01422731764614582, "val_root_mean_squared_error": 0.11927831918001175, "val_mean_absolute_percentage_error": 49270.69140625, "val_mean_absolute_error": 0.07607021927833557, "_runtime": 3.7435641288757324, "_step": 1, "best_val_loss": 0.01422731764614582, "best_epoch": 0, "Final MSE": 0.02473275177180767, "Final RMSE": 0.1572664976119995, "Final MAPE": 103976.8515625, "Final MAE": 0.10689764469861984, "Total Training Time": 1.8638174533843994, "Average Time per Epoch": 1.7611749172210693, "_wandb": {"runtime": 2}}