{"epoch": 0, "_timestamp": 1703620779.608738, "loss": 0.02277405373752117, "root_mean_squared_error": 0.15458564460277557, "mean_absolute_percentage_error": 107888.09375, "mean_absolute_error": 0.10310470312833786, "val_loss": 0.025170650333166122, "val_root_mean_squared_error": 0.15865260362625122, "val_mean_absolute_percentage_error": 136193.65625, "val_mean_absolute_error": 0.09608498215675354, "_runtime": 30.00982403755188, "_step": 1, "best_val_loss": 0.025170650333166122, "best_epoch": 0, "Final MSE": 0.037864163517951965, "Final RMSE": 0.19458715617656708, "Final MAPE": 231806.703125, "Final MAE": 0.1429978609085083, "Total Training Time": 28.619733333587646, "Average Time per Epoch": 27.359434604644775, "_wandb": {"runtime": 28}}