{"epoch": 0, "_timestamp": 1703677512.852134, "loss": 0.08034417778253555, "root_mean_squared_error": 0.28476080298423767, "mean_absolute_percentage_error": 97793048.0, "mean_absolute_error": 0.2348865270614624, "val_loss": 0.07459019869565964, "val_root_mean_squared_error": 0.27311208844184875, "val_mean_absolute_percentage_error": 97685272.0, "val_mean_absolute_error": 0.2244531810283661, "_runtime": 2.632581949234009, "_step": 1, "best_val_loss": 0.07459019869565964, "best_epoch": 0, "Final MSE": 0.07794215530157089, "Final RMSE": 0.27918124198913574, "Final MAPE": 111155536.0, "Final MAE": 0.22596153616905212, "Total Training Time": 1.5649747848510742, "Average Time per Epoch": 1.447427749633789, "_wandb": {"runtime": 1}}