{"epoch": 0, "_timestamp": 1703737990.8072617, "loss": 0.007473140023648739, "root_mean_squared_error": 0.08975800126791, "mean_absolute_percentage_error": 7521632.0, "mean_absolute_error": 0.050631385296583176, "val_loss": 0.009983332827687263, "val_root_mean_squared_error": 0.09991662949323654, "val_mean_absolute_percentage_error": 9041244.0, "val_mean_absolute_error": 0.05583471432328224, "_runtime": 6.69462776184082, "_step": 1, "best_val_loss": 0.009983332827687263, "best_epoch": 0, "Final MSE": 0.014039628207683563, "Final RMSE": 0.11848893761634827, "Final MAPE": 15110108.0, "Final MAE": 0.06554524600505829, "Total Training Time": 4.994948148727417, "Average Time per Epoch": 4.763624429702759, "_wandb": {"runtime": 5}}