{"epoch": 10, "_timestamp": 1703734524.6601455, "loss": 0.007196784485131502, "root_mean_squared_error": 0.08483386039733887, "mean_absolute_percentage_error": 8722027.0, "mean_absolute_error": 0.04945460706949234, "val_loss": 0.010786532424390316, "val_root_mean_squared_error": 0.10385823249816895, "val_mean_absolute_percentage_error": 11259049.0, "val_mean_absolute_error": 0.06037040054798126, "_runtime": 33.51261043548584, "_step": 11, "best_val_loss": 0.010173803195357323, "best_epoch": 0, "Final MSE": 0.008191672153770924, "Final RMSE": 0.0905078575015068, "Final MAPE": 13380234.0, "Final MAE": 0.05484088137745857, "Total Training Time": 31.498676776885986, "Average Time per Epoch": 2.8458470647985283, "_wandb": {"runtime": 31}}