{"epoch": 31, "_timestamp": 1703849589.115552, "loss": 0.01071474701166153, "root_mean_squared_error": 0.10351206362247467, "mean_absolute_percentage_error": 471621.0, "mean_absolute_error": 0.07067037373781204, "val_loss": 0.019539864733815193, "val_root_mean_squared_error": 0.1397850662469864, "val_mean_absolute_percentage_error": 106814.234375, "val_mean_absolute_error": 0.08703970909118652, "_runtime": 76.83702683448792, "_step": 32, "best_val_loss": 0.01727033220231533, "best_epoch": 21, "Final MSE": 0.021682891994714737, "Final RMSE": 0.14725111424922943, "Final MAPE": 168662.9375, "Final MAE": 0.11572837084531784, "Total Training Time": 74.30767440795898, "Average Time per Epoch": 2.314067766070366, "_wandb": {"runtime": 74}}