{"epoch": 37, "_timestamp": 1703668214.9505782, "loss": 0.008754554204642773, "root_mean_squared_error": 0.09356577694416046, "mean_absolute_percentage_error": 5689348.5, "mean_absolute_error": 0.052011895924806595, "val_loss": 0.00979455467313528, "val_root_mean_squared_error": 0.09896744042634964, "val_mean_absolute_percentage_error": 6303991.0, "val_mean_absolute_error": 0.054210081696510315, "_runtime": 88.46332311630249, "_step": 38, "best_val_loss": 0.009561633691191673, "best_epoch": 27, "Final MSE": 0.010255590081214905, "Final RMSE": 0.10126988589763641, "Final MAPE": 11545351.0, "Final MAE": 0.05660814046859741, "Total Training Time": 86.84854054450989, "Average Time per Epoch": 2.2792170298726937, "_wandb": {"runtime": 87}}