{"epoch": 0, "_timestamp": 1703675082.3021855, "loss": 0.00794785562902689, "root_mean_squared_error": 0.09120085835456848, "mean_absolute_percentage_error": 5956768.5, "mean_absolute_error": 0.05000901594758034, "val_loss": 0.010972335003316402, "val_root_mean_squared_error": 0.1047489121556282, "val_mean_absolute_percentage_error": 3770006.0, "val_mean_absolute_error": 0.051115695387125015, "_runtime": 16.42701554298401, "_step": 1, "best_val_loss": 0.010972335003316402, "best_epoch": 0, "Final MSE": 0.010566445998847485, "Final RMSE": 0.10279321670532227, "Final MAPE": 5769058.0, "Final MAE": 0.053099408745765686, "Total Training Time": 15.181396484375, "Average Time per Epoch": 14.97460412979126, "_wandb": {"runtime": 15}}