{"epoch": 10, "_timestamp": 1703546744.5011358, "loss": 0.010786034166812897, "root_mean_squared_error": 0.10385583341121674, "mean_absolute_percentage_error": 8097.62939453125, "mean_absolute_error": 0.059866100549697876, "val_loss": 0.008441664278507233, "val_root_mean_squared_error": 0.09187853336334229, "val_mean_absolute_percentage_error": 56106.171875, "val_mean_absolute_error": 0.05611933022737503, "_runtime": 25.701608896255493, "_step": 11, "best_val_loss": 0.008322448469698429, "best_epoch": 0, "Final MSE": 0.015752047300338745, "Final RMSE": 0.1255071610212326, "Final MAPE": 33769.12109375, "Final MAE": 0.07665109634399414, "Total Training Time": 23.21762776374817, "Average Time per Epoch": 2.095770250667225, "_wandb": {"runtime": 23}}