{"epoch": 20, "_timestamp": 1703164870.7517447, "loss": 0.01070625614374876, "root_mean_squared_error": 0.10347104072570801, "mean_absolute_percentage_error": 6516.8994140625, "mean_absolute_error": 0.05964828282594681, "val_loss": 0.009813099168241024, "val_root_mean_squared_error": 0.09906108677387238, "val_mean_absolute_percentage_error": 70906.15625, "val_mean_absolute_error": 0.07269018143415451, "_runtime": 60.18793869018555, "_step": 21, "best_val_loss": 0.008361266925930977, "best_epoch": 10, "Final MSE": 0.0164117943495512, "Final RMSE": 0.12810853123664856, "Final MAPE": 39924.35546875, "Final MAE": 0.08736101537942886, "Total Training Time": 58.65928316116333, "Average Time per Epoch": 2.7825139250074113, "_wandb": {"runtime": 59}}