{"epoch": 48, "_timestamp": 1703722710.6132565, "loss": 0.007494822610169649, "root_mean_squared_error": 0.08657264709472656, "mean_absolute_percentage_error": 8208048.0, "mean_absolute_error": 0.05197593942284584, "val_loss": 0.009286027401685715, "val_root_mean_squared_error": 0.09636403620243073, "val_mean_absolute_percentage_error": 20622736.0, "val_mean_absolute_error": 0.06799719482660294, "_runtime": 95.8919243812561, "_step": 49, "best_val_loss": 0.008268370293080807, "best_epoch": 38, "Final MSE": 0.011352907866239548, "Final RMSE": 0.10655002295970917, "Final MAPE": 26705952.0, "Final MAE": 0.07779250293970108, "Total Training Time": 93.45721125602722, "Average Time per Epoch": 1.904293259795831, "_wandb": {"runtime": 94}}