{"epoch": 28, "_timestamp": 1702640185.0793943, "loss": 0.008508076891303062, "root_mean_squared_error": 0.09223923832178116, "mean_absolute_percentage_error": 24753.513671875, "mean_absolute_error": 0.05348639935255051, "val_loss": 0.007658644113689661, "val_root_mean_squared_error": 0.08751367777585983, "val_mean_absolute_percentage_error": 21110276.0, "val_mean_absolute_error": 0.05645894259214401, "_runtime": 169.09160733222961, "_step": 29, "best_val_loss": 0.007038990501314402, "best_epoch": 18, "Final MSE": 0.013042386621236801, "Final RMSE": 0.11420326679944992, "Final MAPE": 47798.59375, "Final MAE": 0.060859113931655884, "Total Training Time": 166.63664054870605, "Average Time per Epoch": 5.732073076840105, "_wandb": {"runtime": 167}}