{"epoch": 29, "_timestamp": 1703285424.2412462, "loss": 0.00787071231752634, "root_mean_squared_error": 0.0887170359492302, "mean_absolute_percentage_error": 20330.009765625, "mean_absolute_error": 0.051382094621658325, "val_loss": 0.007098231464624405, "val_root_mean_squared_error": 0.08425100147724152, "val_mean_absolute_percentage_error": 12585.212890625, "val_mean_absolute_error": 0.05099938064813614, "_runtime": 40.8068163394928, "_step": 30, "best_val_loss": 0.00692498916760087, "best_epoch": 19, "Final MSE": 0.015726037323474884, "Final RMSE": 0.125403493642807, "Final MAPE": 142188.265625, "Final MAE": 0.08282870054244995, "Total Training Time": 38.46324348449707, "Average Time per Epoch": 1.2762733459472657, "_wandb": {"runtime": 38}}