{"epoch": 0, "_timestamp": 1703656979.0389397, "loss": 0.012976021505892277, "root_mean_squared_error": 0.11933780461549759, "mean_absolute_percentage_error": 37321.3671875, "mean_absolute_error": 0.07942821830511093, "val_loss": 0.01712925173342228, "val_root_mean_squared_error": 0.1308787614107132, "val_mean_absolute_percentage_error": 96681.3046875, "val_mean_absolute_error": 0.08852910995483398, "_runtime": 4.604703664779663, "_step": 1, "best_val_loss": 0.01712925173342228, "best_epoch": 0, "Final MSE": 0.020576873794198036, "Final RMSE": 0.1434464156627655, "Final MAPE": 69736.1171875, "Final MAE": 0.10164937376976013, "Total Training Time": 2.7507433891296387, "Average Time per Epoch": 2.5997416973114014, "_wandb": {"runtime": 2}}