{"epoch": 0, "_timestamp": 1703648004.724857, "loss": 0.007631682325154543, "root_mean_squared_error": 0.08639668673276901, "mean_absolute_percentage_error": 17861.57421875, "mean_absolute_error": 0.049685996025800705, "val_loss": 0.0068818265572190285, "val_root_mean_squared_error": 0.08295677602291107, "val_mean_absolute_percentage_error": 12389.80078125, "val_mean_absolute_error": 0.044140543788671494, "_runtime": 6.341072082519531, "_step": 1, "best_val_loss": 0.0068818265572190285, "best_epoch": 0, "Final MSE": 0.00655974680557847, "Final RMSE": 0.08099226653575897, "Final MAPE": 16932.451171875, "Final MAE": 0.05020337551832199, "Total Training Time": 4.59809136390686, "Average Time per Epoch": 4.405089855194092, "_wandb": {"runtime": 4}}