{"epoch": 0, "_timestamp": 1703648097.3037682, "loss": 0.0033903305884450674, "root_mean_squared_error": 0.06677025556564331, "mean_absolute_percentage_error": 14420.123046875, "mean_absolute_error": 0.04013941437005997, "val_loss": 0.009210648015141487, "val_root_mean_squared_error": 0.09597212076187134, "val_mean_absolute_percentage_error": 30712.484375, "val_mean_absolute_error": 0.07284032553434372, "_runtime": 6.738579273223877, "_step": 1, "best_val_loss": 0.009210648015141487, "best_epoch": 0, "Final MSE": 0.012385786511003971, "Final RMSE": 0.11129144579172134, "Final MAPE": 87836.6015625, "Final MAE": 0.0671471506357193, "Total Training Time": 4.543530225753784, "Average Time per Epoch": 4.352479696273804, "_wandb": {"runtime": 4}}