{"epoch": 22, "_timestamp": 1703460300.8559477, "loss": 0.007725536823272705, "root_mean_squared_error": 0.08789503574371338, "mean_absolute_percentage_error": 7382535.5, "mean_absolute_error": 0.050659358501434326, "val_loss": 0.0113877784460783, "val_root_mean_squared_error": 0.10671353340148926, "val_mean_absolute_percentage_error": 8962458.0, "val_mean_absolute_error": 0.06099744513630867, "_runtime": 71.71477770805359, "_step": 23, "best_val_loss": 0.011028293520212173, "best_epoch": 12, "Final MSE": 0.012867862358689308, "Final RMSE": 0.11343660205602646, "Final MAPE": 14329786.0, "Final MAE": 0.06884805858135223, "Total Training Time": 69.37661170959473, "Average Time per Epoch": 3.0053928105727485, "_wandb": {"runtime": 69}}