{"epoch": 31, "_timestamp": 1703892196.4832087, "loss": 0.0066585722379386425, "root_mean_squared_error": 0.08160007745027542, "mean_absolute_percentage_error": 21411.5703125, "mean_absolute_error": 0.053301628679037094, "val_loss": 0.012379501014947891, "val_root_mean_squared_error": 0.111263208091259, "val_mean_absolute_percentage_error": 61722.0, "val_mean_absolute_error": 0.07860714197158813, "_runtime": 26.22349762916565, "_step": 32, "best_val_loss": 0.011307548731565475, "best_epoch": 21, "Final MSE": 0.01959809474647045, "Final RMSE": 0.13999319076538086, "Final MAPE": 89814.921875, "Final MAE": 0.09666801989078522, "Total Training Time": 25.03359627723694, "Average Time per Epoch": 0.777347557246685, "_wandb": {"runtime": 25}}