{"epoch": 0, "_timestamp": 1703647610.366847, "loss": 0.018078727647662163, "root_mean_squared_error": 0.13346362113952637, "mean_absolute_percentage_error": 30251.654296875, "mean_absolute_error": 0.09250979870557785, "val_loss": 0.02374769188463688, "val_root_mean_squared_error": 0.1541028618812561, "val_mean_absolute_percentage_error": 54976.94140625, "val_mean_absolute_error": 0.10409237444400787, "_runtime": 6.417659044265747, "_step": 1, "best_val_loss": 0.02374769188463688, "best_epoch": 0, "Final MSE": 0.025252660736441612, "Final RMSE": 0.1589108556509018, "Final MAPE": 142795.59375, "Final MAE": 0.11127850413322449, "Total Training Time": 4.69127893447876, "Average Time per Epoch": 4.496274948120117, "_wandb": {"runtime": 4}}