{"epoch": 22, "_timestamp": 1703808735.1404266, "loss": 0.014599356800317764, "root_mean_squared_error": 0.1208278015255928, "mean_absolute_percentage_error": 6639.4736328125, "mean_absolute_error": 0.07802872359752655, "val_loss": 0.023509731516242027, "val_root_mean_squared_error": 0.15332883596420288, "val_mean_absolute_percentage_error": 164758.609375, "val_mean_absolute_error": 0.11197657883167267, "_runtime": 55.698535680770874, "_step": 23, "best_val_loss": 0.020864371210336685, "best_epoch": 12, "Final MSE": 0.0273042693734169, "Final RMSE": 0.16524003446102142, "Final MAPE": 285394.125, "Final MAE": 0.12313863635063171, "Total Training Time": 54.28110647201538, "Average Time per Epoch": 2.3516207777935527, "_wandb": {"runtime": 54}}