{"epoch": 64, "_timestamp": 1703729861.2511432, "loss": 0.007235592696815729, "root_mean_squared_error": 0.08506228774785995, "mean_absolute_percentage_error": 8117701.5, "mean_absolute_error": 0.049163818359375, "val_loss": 0.010256979614496231, "val_root_mean_squared_error": 0.10127674788236618, "val_mean_absolute_percentage_error": 10201141.0, "val_mean_absolute_error": 0.0567733459174633, "_runtime": 149.50495624542236, "_step": 65, "best_val_loss": 0.009657441638410091, "best_epoch": 54, "Final MSE": 0.009951531887054443, "Final RMSE": 0.0997573658823967, "Final MAPE": 16806740.0, "Final MAE": 0.060735829174518585, "Total Training Time": 147.38255953788757, "Average Time per Epoch": 2.263137366221501, "_wandb": {"runtime": 147}}