{"epoch": 26, "_timestamp": 1703240194.7373042, "loss": 0.020016834139823914, "root_mean_squared_error": 0.14148086309432983, "mean_absolute_percentage_error": 13807.4853515625, "mean_absolute_error": 0.09275278449058533, "val_loss": 0.020764067769050598, "val_root_mean_squared_error": 0.14409741759300232, "val_mean_absolute_percentage_error": 109086.1640625, "val_mean_absolute_error": 0.0989271029829979, "_runtime": 190.55727529525757, "_step": 27, "best_val_loss": 0.018965300172567368, "best_epoch": 16, "Final MSE": 0.022567268460989, "Final RMSE": 0.15022405982017517, "Final MAPE": 238744.390625, "Final MAE": 0.11425542831420898, "Total Training Time": 188.1386411190033, "Average Time per Epoch": 6.950651689811989, "_wandb": {"runtime": 188}}