{"epoch": 0, "_timestamp": 1703741480.8125272, "loss": 0.007268298417329788, "root_mean_squared_error": 0.08897007256746292, "mean_absolute_percentage_error": 9361465.0, "mean_absolute_error": 0.05357728153467178, "val_loss": 0.010450167581439018, "val_root_mean_squared_error": 0.10222606360912323, "val_mean_absolute_percentage_error": 9473753.0, "val_mean_absolute_error": 0.0642179325222969, "_runtime": 3.1848411560058594, "_step": 1, "best_val_loss": 0.010450167581439018, "best_epoch": 0, "Final MSE": 0.012245025485754013, "Final RMSE": 0.11065724492073059, "Final MAPE": 14720542.0, "Final MAE": 0.06929492950439453, "Total Training Time": 1.9248523712158203, "Average Time per Epoch": 1.8106975555419922, "_wandb": {"runtime": 2}}