{"epoch": 19, "_timestamp": 1703244920.7228358, "loss": 0.009052665904164314, "root_mean_squared_error": 0.09514550119638443, "mean_absolute_percentage_error": 17426.005859375, "mean_absolute_error": 0.053958240896463394, "val_loss": 0.009101636707782745, "val_root_mean_squared_error": 0.09540250152349472, "val_mean_absolute_percentage_error": 96517.9453125, "val_mean_absolute_error": 0.059562452137470245, "_runtime": 139.18020486831665, "_step": 20, "best_val_loss": 0.008257068693637848, "best_epoch": 9, "Final MSE": 0.015131446532905102, "Final RMSE": 0.12300994247198105, "Final MAPE": 141837.34375, "Final MAE": 0.08751747012138367, "Total Training Time": 136.75686407089233, "Average Time per Epoch": 6.815341830253601, "_wandb": {"runtime": 137}}