{"epoch": 13, "_timestamp": 1703098441.2117944, "loss": 0.008569239638745785, "root_mean_squared_error": 0.09257020801305771, "mean_absolute_percentage_error": 26535.791015625, "mean_absolute_error": 0.06603687256574631, "val_loss": 0.016539646312594414, "val_root_mean_squared_error": 0.12860655784606934, "val_mean_absolute_percentage_error": 86705.6875, "val_mean_absolute_error": 0.09217436611652374, "_runtime": 13.27660846710205, "_step": 14, "best_val_loss": 0.015708111226558685, "best_epoch": 3, "Final MSE": 0.016766730695962906, "Final RMSE": 0.12948641180992126, "Final MAPE": 176617.0, "Final MAE": 0.09192748367786407, "Total Training Time": 11.057156324386597, "Average Time per Epoch": 0.7809300422668457, "_wandb": {"runtime": 11}}