{"epoch": 0, "_timestamp": 1703761935.4833155, "loss": 0.006225272547453642, "root_mean_squared_error": 0.08121083676815033, "mean_absolute_percentage_error": 18699.9140625, "mean_absolute_error": 0.054191071540117264, "val_loss": 0.012441855855286121, "val_root_mean_squared_error": 0.11154306679964066, "val_mean_absolute_percentage_error": 135667.640625, "val_mean_absolute_error": 0.07835680991411209, "_runtime": 7.336248397827148, "_step": 1, "best_val_loss": 0.012441855855286121, "best_epoch": 0, "Final MSE": 0.009815503843128681, "Final RMSE": 0.09907322376966476, "Final MAPE": 91507.4140625, "Final MAE": 0.07234518229961395, "Total Training Time": 6.180979251861572, "Average Time per Epoch": 6.023764610290527, "_wandb": {"runtime": 6}}