{"epoch": 20, "_timestamp": 1703849046.492518, "loss": 0.004971921909600496, "root_mean_squared_error": 0.07051185518503189, "mean_absolute_percentage_error": 52956.93359375, "mean_absolute_error": 0.03530063107609749, "val_loss": 0.006666668690741062, "val_root_mean_squared_error": 0.08164966851472855, "val_mean_absolute_percentage_error": 74490.6875, "val_mean_absolute_error": 0.03984994441270828, "_runtime": 52.897599935531616, "_step": 21, "best_val_loss": 0.0064474125392735004, "best_epoch": 10, "Final MSE": 0.01994973048567772, "Final RMSE": 0.14124351739883423, "Final MAPE": 57304.46875, "Final MAE": 0.06978704780340195, "Total Training Time": 50.297152042388916, "Average Time per Epoch": 2.38739706221081, "_wandb": {"runtime": 51}}