{"epoch": 40, "_timestamp": 1705599754.6523077, "loss": 0.006110078189522028, "root_mean_squared_error": 0.07816699147224426, "mean_absolute_percentage_error": 7994.41650390625, "mean_absolute_error": 0.044183216989040375, "val_loss": 0.011626441963016987, "val_root_mean_squared_error": 0.10782597959041595, "val_mean_absolute_percentage_error": 36073.59375, "val_mean_absolute_error": 0.06244945898652077, "_runtime": 128.4978368282318, "_step": 41, "best_val_loss": 0.010997235774993896, "best_epoch": 30, "Final MSE": 0.01452661119401455, "Final RMSE": 0.12052639573812485, "Final MAPE": 35593.5703125, "Final MAE": 0.08602502197027206, "Total Training Time": 127.1049280166626, "Average Time per Epoch": 3.0937135161423104, "_wandb": {"runtime": 127}}