{"epoch": 0, "_timestamp": 1703674154.4350746, "loss": 0.008394216187298298, "root_mean_squared_error": 0.09510080516338348, "mean_absolute_percentage_error": 5656815.5, "mean_absolute_error": 0.051598887890577316, "val_loss": 0.009377936832606792, "val_root_mean_squared_error": 0.09683974832296371, "val_mean_absolute_percentage_error": 4849450.0, "val_mean_absolute_error": 0.0522051565349102, "_runtime": 7.333373546600342, "_step": 1, "best_val_loss": 0.009377936832606792, "best_epoch": 0, "Final MSE": 0.011270148679614067, "Final RMSE": 0.1061609536409378, "Final MAPE": 7663274.5, "Final MAE": 0.05733845382928848, "Total Training Time": 6.168176889419556, "Average Time per Epoch": 6.008806228637695, "_wandb": {"runtime": 6}}