{"epoch": 28, "_timestamp": 1703812449.410657, "loss": 0.013050504960119724, "root_mean_squared_error": 0.11423880606889725, "mean_absolute_percentage_error": 96504.96875, "mean_absolute_error": 0.06541173905134201, "val_loss": 0.01480958890169859, "val_root_mean_squared_error": 0.1216946542263031, "val_mean_absolute_percentage_error": 30268.2421875, "val_mean_absolute_error": 0.07275253534317017, "_runtime": 24.684476852416992, "_step": 29, "best_val_loss": 0.014051510952413082, "best_epoch": 18, "Final MSE": 0.02345370315015316, "Final RMSE": 0.15314601361751556, "Final MAPE": 248546.28125, "Final MAE": 0.10064754635095596, "Total Training Time": 23.146215677261353, "Average Time per Epoch": 0.7926372741830761, "_wandb": {"runtime": 23}}