{"epoch": 0, "_timestamp": 1703592867.284617, "loss": 0.015149910934269428, "root_mean_squared_error": 0.12696391344070435, "mean_absolute_percentage_error": 29323.59375, "mean_absolute_error": 0.07921810448169708, "val_loss": 0.016414113342761993, "val_root_mean_squared_error": 0.12811757624149323, "val_mean_absolute_percentage_error": 56686.296875, "val_mean_absolute_error": 0.08167172223329544, "_runtime": 7.458621978759766, "_step": 1, "best_val_loss": 0.016414113342761993, "best_epoch": 0, "Final MSE": 0.02332659624516964, "Final RMSE": 0.15273046493530273, "Final MAPE": 155198.203125, "Final MAE": 0.10018543154001236, "Total Training Time": 6.318502187728882, "Average Time per Epoch": 6.157466173171997, "_wandb": {"runtime": 6}}