{"epoch": 10, "_timestamp": 1703805721.2395656, "loss": 0.011371069587767124, "root_mean_squared_error": 0.10663522034883499, "mean_absolute_percentage_error": 9138.7275390625, "mean_absolute_error": 0.06144111603498459, "val_loss": 0.015531971119344234, "val_root_mean_squared_error": 0.12462732940912247, "val_mean_absolute_percentage_error": 195780.375, "val_mean_absolute_error": 0.0950850322842598, "_runtime": 28.292795658111572, "_step": 11, "best_val_loss": 0.009212080389261246, "best_epoch": 0, "Final MSE": 0.02562769316136837, "Final RMSE": 0.1600865125656128, "Final MAPE": 59795.06640625, "Final MAE": 0.11660034209489822, "Total Training Time": 25.96464252471924, "Average Time per Epoch": 2.343484965237704, "_wandb": {"runtime": 26}}