{"epoch": 0, "_timestamp": 1703504912.9260218, "loss": 0.013698698952794075, "root_mean_squared_error": 0.12227458506822586, "mean_absolute_percentage_error": 46242.8125, "mean_absolute_error": 0.08550990372896194, "val_loss": 0.014510252512991428, "val_root_mean_squared_error": 0.12045850604772568, "val_mean_absolute_percentage_error": 72508.640625, "val_mean_absolute_error": 0.0966159999370575, "_runtime": 3.6690268516540527, "_step": 1, "best_val_loss": 0.014510252512991428, "best_epoch": 0, "Final MSE": 0.023522233590483665, "Final RMSE": 0.15336960554122925, "Final MAPE": 147555.359375, "Final MAE": 0.11649419367313385, "Total Training Time": 1.5572807788848877, "Average Time per Epoch": 1.452995777130127, "_wandb": {"runtime": 1}}