{"epoch": 0, "_timestamp": 1703639358.868681, "loss": 0.007031227927654982, "root_mean_squared_error": 0.08679081499576569, "mean_absolute_percentage_error": 25776.125, "mean_absolute_error": 0.05750717222690582, "val_loss": 0.007210472598671913, "val_root_mean_squared_error": 0.08491449803113937, "val_mean_absolute_percentage_error": 92156.984375, "val_mean_absolute_error": 0.05606582388281822, "_runtime": 9.021456956863403, "_step": 1, "best_val_loss": 0.007210472598671913, "best_epoch": 0, "Final MSE": 0.011338732205331326, "Final RMSE": 0.10648348182439804, "Final MAPE": 84579.1484375, "Final MAE": 0.07583998888731003, "Total Training Time": 4.5132200717926025, "Average Time per Epoch": 4.36971640586853, "_wandb": {"runtime": 4}}