{"epoch": 0, "_timestamp": 1703564766.1931002, "loss": 0.005492012016475201, "root_mean_squared_error": 0.08543384075164795, "mean_absolute_percentage_error": 20849.556640625, "mean_absolute_error": 0.05407987907528877, "val_loss": 0.015812406316399574, "val_root_mean_squared_error": 0.12574739754199982, "val_mean_absolute_percentage_error": 27944.984375, "val_mean_absolute_error": 0.080748051404953, "_runtime": 4.552337169647217, "_step": 1, "best_val_loss": 0.015812406316399574, "best_epoch": 0, "Final MSE": 0.01971680298447609, "Final RMSE": 0.14041653275489807, "Final MAPE": 80203.7109375, "Final MAE": 0.09361699223518372, "Total Training Time": 2.733320951461792, "Average Time per Epoch": 2.5820634365081787, "_wandb": {"runtime": 2}}