{"epoch": 10, "_timestamp": 1703554732.6652517, "loss": 0.006039182655513287, "root_mean_squared_error": 0.07771217823028564, "mean_absolute_percentage_error": 50254.1328125, "mean_absolute_error": 0.046875469386577606, "val_loss": 0.007543168496340513, "val_root_mean_squared_error": 0.08685141801834106, "val_mean_absolute_percentage_error": 26279.55078125, "val_mean_absolute_error": 0.05211465060710907, "_runtime": 34.27042770385742, "_step": 11, "best_val_loss": 0.00710153067484498, "best_epoch": 0, "Final MSE": 0.017410125583410263, "Final RMSE": 0.13194742798805237, "Final MAPE": 133834.3125, "Final MAE": 0.08527998626232147, "Total Training Time": 31.973785161972046, "Average Time per Epoch": 2.88601938160983, "_wandb": {"runtime": 32}}