{"epoch": 17, "_timestamp": 1705582836.432089, "loss": 0.010848594829440117, "root_mean_squared_error": 0.10415659099817276, "mean_absolute_percentage_error": 8756.4677734375, "mean_absolute_error": 0.05942338705062866, "val_loss": 0.00815831683576107, "val_root_mean_squared_error": 0.09032340347766876, "val_mean_absolute_percentage_error": 59764.4921875, "val_mean_absolute_error": 0.05756641924381256, "_runtime": 26.04780101776123, "_step": 18, "best_val_loss": 0.007843107916414738, "best_epoch": 7, "Final MSE": 0.015452619642019272, "Final RMSE": 0.12430856376886368, "Final MAPE": 38185.34765625, "Final MAE": 0.07418250292539597, "Total Training Time": 23.806630849838257, "Average Time per Epoch": 1.3131639957427979, "_wandb": {"runtime": 24}}