{"epoch": 17, "_timestamp": 1703594339.139999, "loss": 0.0076094395481050014, "root_mean_squared_error": 0.08723209798336029, "mean_absolute_percentage_error": 28174.037109375, "mean_absolute_error": 0.05266686528921127, "val_loss": 0.04223300516605377, "val_root_mean_squared_error": 0.20550672709941864, "val_mean_absolute_percentage_error": 94062.5, "val_mean_absolute_error": 0.17841418087482452, "_runtime": 29.727612018585205, "_step": 18, "best_val_loss": 0.03475280851125717, "best_epoch": 7, "Final MSE": 0.028981629759073257, "Final RMSE": 0.1702398955821991, "Final MAPE": 193286.875, "Final MAE": 0.09928920120000839, "Total Training Time": 14.167267322540283, "Average Time per Epoch": 0.7797367307874892, "_wandb": {"runtime": 14}}