{"epoch": 35, "_timestamp": 1703149967.219073, "loss": 0.005013163201510906, "root_mean_squared_error": 0.0708036944270134, "mean_absolute_percentage_error": 9338.55859375, "mean_absolute_error": 0.04571200907230377, "val_loss": 0.010719355195760727, "val_root_mean_squared_error": 0.10353431850671768, "val_mean_absolute_percentage_error": 90981.8046875, "val_mean_absolute_error": 0.06821848452091217, "_runtime": 30.5865261554718, "_step": 36, "best_val_loss": 0.010377589613199234, "best_epoch": 25, "Final MSE": 0.007816050201654434, "Final RMSE": 0.08840842545032501, "Final MAPE": 46012.27734375, "Final MAE": 0.06338153034448624, "Total Training Time": 28.38332509994507, "Average Time per Epoch": 0.784175329738193, "_wandb": {"runtime": 28}}