{"epoch": 24, "_timestamp": 1703893807.9933238, "loss": 0.00831097923219204, "root_mean_squared_error": 0.09116457402706146, "mean_absolute_percentage_error": 53050.890625, "mean_absolute_error": 0.06154266744852066, "val_loss": 0.007180777844041586, "val_root_mean_squared_error": 0.08473946899175644, "val_mean_absolute_percentage_error": 83849.2578125, "val_mean_absolute_error": 0.06034037470817566, "_runtime": 21.687878847122192, "_step": 25, "best_val_loss": 0.007020322140306234, "best_epoch": 14, "Final MSE": 0.021943820640444756, "Final RMSE": 0.14813446998596191, "Final MAPE": 234085.0625, "Final MAE": 0.10166941583156586, "Total Training Time": 19.49196171760559, "Average Time per Epoch": 0.7744879722595215, "_wandb": {"runtime": 19}}