{"epoch": 14, "_timestamp": 1703554359.3909478, "loss": 0.006050311494618654, "root_mean_squared_error": 0.0777837485074997, "mean_absolute_percentage_error": 23630.046875, "mean_absolute_error": 0.05009173974394798, "val_loss": 0.0122156273573637, "val_root_mean_squared_error": 0.11052432656288147, "val_mean_absolute_percentage_error": 69182.9140625, "val_mean_absolute_error": 0.0768071711063385, "_runtime": 44.09653091430664, "_step": 15, "best_val_loss": 0.011993245221674442, "best_epoch": 4, "Final MSE": 0.020918508991599083, "Final RMSE": 0.14463232457637787, "Final MAPE": 37822.0390625, "Final MAE": 0.10255663096904755, "Total Training Time": 42.084728479385376, "Average Time per Epoch": 2.7900195280710856, "_wandb": {"runtime": 42}}