{"epoch": 15, "_timestamp": 1703892838.0375674, "loss": 0.010548297315835953, "root_mean_squared_error": 0.10270490497350693, "mean_absolute_percentage_error": 7408.0703125, "mean_absolute_error": 0.05916997045278549, "val_loss": 0.010541305877268314, "val_root_mean_squared_error": 0.10267086327075958, "val_mean_absolute_percentage_error": 89102.9921875, "val_mean_absolute_error": 0.07422856986522675, "_runtime": 14.89029335975647, "_step": 16, "best_val_loss": 0.009630972519516945, "best_epoch": 5, "Final MSE": 0.0187833271920681, "Final RMSE": 0.1370522826910019, "Final MAPE": 55689.50390625, "Final MAE": 0.09239043295383453, "Total Training Time": 12.677388191223145, "Average Time per Epoch": 0.783470407128334, "_wandb": {"runtime": 13}}