{"epoch": 22, "_timestamp": 1703818587.752915, "loss": 0.005302061792463064, "root_mean_squared_error": 0.07281525433063507, "mean_absolute_percentage_error": 3643.36767578125, "mean_absolute_error": 0.03302960842847824, "val_loss": 0.009334437549114227, "val_root_mean_squared_error": 0.09661488980054855, "val_mean_absolute_percentage_error": 79969.7421875, "val_mean_absolute_error": 0.05755209922790527, "_runtime": 34.61066198348999, "_step": 23, "best_val_loss": 0.008852018043398857, "best_epoch": 12, "Final MSE": 0.011612609028816223, "Final RMSE": 0.10776181519031525, "Final MAPE": 159308.359375, "Final MAE": 0.06375209242105484, "Total Training Time": 32.31360721588135, "Average Time per Epoch": 1.398033971371858, "_wandb": {"runtime": 32}}