{"epoch": 33, "_timestamp": 1703726002.615519, "loss": 0.00672540906816721, "root_mean_squared_error": 0.08200859278440475, "mean_absolute_percentage_error": 8211194.0, "mean_absolute_error": 0.046736154705286026, "val_loss": 0.01244058832526207, "val_root_mean_squared_error": 0.1115373820066452, "val_mean_absolute_percentage_error": 15103522.0, "val_mean_absolute_error": 0.0673658475279808, "_runtime": 67.80699515342712, "_step": 34, "best_val_loss": 0.010928128845989704, "best_epoch": 23, "Final MSE": 0.011969592422246933, "Final RMSE": 0.10940562933683395, "Final MAPE": 17615516.0, "Final MAE": 0.0680312067270279, "Total Training Time": 65.353830575943, "Average Time per Epoch": 1.9158955251469332, "_wandb": {"runtime": 65}}