{"epoch": 27, "_timestamp": 1703842387.477594, "loss": 0.006205820478498936, "root_mean_squared_error": 0.07877703011035919, "mean_absolute_percentage_error": 9015.162109375, "mean_absolute_error": 0.04215211793780327, "val_loss": 0.011403601616621017, "val_root_mean_squared_error": 0.10678764432668686, "val_mean_absolute_percentage_error": 130132.6484375, "val_mean_absolute_error": 0.06791353225708008, "_runtime": 67.08806681632996, "_step": 28, "best_val_loss": 0.009831367991864681, "best_epoch": 17, "Final MSE": 0.012397770769894123, "Final RMSE": 0.11134527623653412, "Final MAPE": 194714.625, "Final MAE": 0.06668917089700699, "Total Training Time": 64.49579906463623, "Average Time per Epoch": 2.295455183301653, "_wandb": {"runtime": 65}}