{"epoch": 21, "_timestamp": 1703439612.9434648, "loss": 0.009159132838249207, "root_mean_squared_error": 0.0957033559679985, "mean_absolute_percentage_error": 9051340.0, "mean_absolute_error": 0.05693776160478592, "val_loss": 0.01002660021185875, "val_root_mean_squared_error": 0.10013291239738464, "val_mean_absolute_percentage_error": 11771962.0, "val_mean_absolute_error": 0.05956616997718811, "_runtime": 18.960639715194702, "_step": 22, "best_val_loss": 0.009432693012058735, "best_epoch": 11, "Final MSE": 0.017375066876411438, "Final RMSE": 0.13181450963020325, "Final MAPE": 25924394.0, "Final MAE": 0.08353082090616226, "Total Training Time": 16.693723440170288, "Average Time per Epoch": 0.7528962763873014, "_wandb": {"runtime": 17}}