{"epoch": 31, "_timestamp": 1703497550.755686, "loss": 0.004869009833782911, "root_mean_squared_error": 0.06977829337120056, "mean_absolute_percentage_error": 58485.70703125, "mean_absolute_error": 0.0369996540248394, "val_loss": 0.016543690115213394, "val_root_mean_squared_error": 0.12862227857112885, "val_mean_absolute_percentage_error": 460.59222412109375, "val_mean_absolute_error": 0.07973834127187729, "_runtime": 77.42725205421448, "_step": 32, "best_val_loss": 0.014409851282835007, "best_epoch": 21, "Final MSE": 0.020363885909318924, "Final RMSE": 0.14270208775997162, "Final MAPE": 18053.78125, "Final MAE": 0.09317494928836823, "Total Training Time": 75.35059785842896, "Average Time per Epoch": 2.3485177755355835, "_wandb": {"runtime": 76}}