{"epoch": 20, "_timestamp": 1703294685.7200522, "loss": 0.008276465348899364, "root_mean_squared_error": 0.0909750834107399, "mean_absolute_percentage_error": 13254.705078125, "mean_absolute_error": 0.054998163133859634, "val_loss": 0.018204476684331894, "val_root_mean_squared_error": 0.13492396473884583, "val_mean_absolute_percentage_error": 53625.4765625, "val_mean_absolute_error": 0.08915669471025467, "_runtime": 51.803959131240845, "_step": 21, "best_val_loss": 0.01452326774597168, "best_epoch": 10, "Final MSE": 0.028622785583138466, "Final RMSE": 0.1691827028989792, "Final MAPE": 30618.951171875, "Final MAE": 0.11642333120107651, "Total Training Time": 49.34088897705078, "Average Time per Epoch": 2.3398622558230446, "_wandb": {"runtime": 49}}