{"epoch": 19, "_timestamp": 1705604219.241298, "loss": 0.0038299299776554108, "root_mean_squared_error": 0.06188642978668213, "mean_absolute_percentage_error": 56945.76953125, "mean_absolute_error": 0.031086141243577003, "val_loss": 0.009179232642054558, "val_root_mean_squared_error": 0.09580831229686737, "val_mean_absolute_percentage_error": 80474.8203125, "val_mean_absolute_error": 0.05497199669480324, "_runtime": 69.24047589302063, "_step": 20, "best_val_loss": 0.008345226757228374, "best_epoch": 9, "Final MSE": 0.017556682229042053, "Final RMSE": 0.13250163197517395, "Final MAPE": 65855.9453125, "Final MAE": 0.0825355276465416, "Total Training Time": 66.95525431632996, "Average Time per Epoch": 3.3353236317634583, "_wandb": {"runtime": 67}}