{"epoch": 19, "_timestamp": 1703311715.768171, "loss": 0.004345384426414967, "root_mean_squared_error": 0.06591953337192535, "mean_absolute_percentage_error": 29123.177734375, "mean_absolute_error": 0.046112529933452606, "val_loss": 0.006208943668752909, "val_root_mean_squared_error": 0.07879684865474701, "val_mean_absolute_percentage_error": 94800.0390625, "val_mean_absolute_error": 0.05652917921543121, "_runtime": 71.77558708190918, "_step": 20, "best_val_loss": 0.006046013906598091, "best_epoch": 9, "Final MSE": 0.011671239510178566, "Final RMSE": 0.10803350806236267, "Final MAPE": 198335.90625, "Final MAE": 0.08117111027240753, "Total Training Time": 69.39972162246704, "Average Time per Epoch": 3.456302320957184, "_wandb": {"runtime": 69}}