{"epoch": 18, "_timestamp": 1703854632.3774893, "loss": 0.025010641664266586, "root_mean_squared_error": 0.15814752876758575, "mean_absolute_percentage_error": 45876.21875, "mean_absolute_error": 0.09547043591737747, "val_loss": 0.023944852873682976, "val_root_mean_squared_error": 0.15474124252796173, "val_mean_absolute_percentage_error": 54605.375, "val_mean_absolute_error": 0.09700191766023636, "_runtime": 15.007376432418823, "_step": 19, "best_val_loss": 0.023750629276037216, "best_epoch": 8, "Final MSE": 0.040548089891672134, "Final RMSE": 0.20136556029319763, "Final MAPE": 672871.0625, "Final MAE": 0.12127099186182022, "Total Training Time": 13.747483253479004, "Average Time per Epoch": 0.7163120194485313, "_wandb": {"runtime": 14}}