{"epoch": 0, "_timestamp": 1703736671.0623913, "loss": 0.007849307730793953, "root_mean_squared_error": 0.08968745172023773, "mean_absolute_percentage_error": 8087453.0, "mean_absolute_error": 0.05350855365395546, "val_loss": 0.008323775604367256, "val_root_mean_squared_error": 0.0912347286939621, "val_mean_absolute_percentage_error": 8417785.0, "val_mean_absolute_error": 0.05362580716609955, "_runtime": 6.605952262878418, "_step": 1, "best_val_loss": 0.008323775604367256, "best_epoch": 0, "Final MSE": 0.010192488320171833, "Final RMSE": 0.10095785558223724, "Final MAPE": 10665518.0, "Final MAE": 0.05954521521925926, "Total Training Time": 4.878881454467773, "Average Time per Epoch": 4.674685478210449, "_wandb": {"runtime": 5}}