{"epoch": 31, "_timestamp": 1705577221.104939, "loss": 0.006953337695449591, "root_mean_squared_error": 0.08338667452335358, "mean_absolute_percentage_error": 46815.21875, "mean_absolute_error": 0.054127443581819534, "val_loss": 0.009620096534490585, "val_root_mean_squared_error": 0.09808208793401718, "val_mean_absolute_percentage_error": 32500.826171875, "val_mean_absolute_error": 0.07098991423845291, "_runtime": 27.031333923339844, "_step": 32, "best_val_loss": 0.00902703870087862, "best_epoch": 21, "Final MSE": 0.01508190855383873, "Final RMSE": 0.12280841916799545, "Final MAPE": 131614.984375, "Final MAE": 0.09039147943258286, "Total Training Time": 24.779515266418457, "Average Time per Epoch": 0.7697608917951584, "_wandb": {"runtime": 25}}