{"epoch": 14, "_timestamp": 1703893275.873224, "loss": 0.011488302610814571, "root_mean_squared_error": 0.10718350112438202, "mean_absolute_percentage_error": 5158.6875, "mean_absolute_error": 0.06318943202495575, "val_loss": 0.012311599217355251, "val_root_mean_squared_error": 0.11095764487981796, "val_mean_absolute_percentage_error": 324865.34375, "val_mean_absolute_error": 0.07323455065488815, "_runtime": 14.1475989818573, "_step": 15, "best_val_loss": 0.007032484747469425, "best_epoch": 4, "Final MSE": 0.046017952263355255, "Final RMSE": 0.21451795101165771, "Final MAPE": 438177.5, "Final MAE": 0.14659830927848816, "Total Training Time": 11.952523708343506, "Average Time per Epoch": 0.7902052561442058, "_wandb": {"runtime": 12}}