{"epoch": 1, "_timestamp": 1702912762.7460175, "loss": 0.005280076526105404, "root_mean_squared_error": 0.07266413420438766, "mean_absolute_percentage_error": 32107.599609375, "mean_absolute_error": 0.047607652842998505, "val_loss": 0.006925505585968494, "val_root_mean_squared_error": 0.08321962505578995, "val_mean_absolute_percentage_error": 14405.7216796875, "val_mean_absolute_error": 0.059428490698337555, "_runtime": 20.79526138305664, "_step": 2, "best_val_loss": 0.006925505585968494, "best_epoch": 1, "Final MSE": 0.007453469559550285, "Final RMSE": 0.08633347600698471, "Final MAPE": 4396.55615234375, "Final MAE": 0.05047449469566345, "Total Training Time": 18.14796280860901, "Average Time per Epoch": 8.884611368179321, "_wandb": {"runtime": 18}}