{"epoch": 13, "_timestamp": 1703595344.4719481, "loss": 0.01527776475995779, "root_mean_squared_error": 0.12360327690839767, "mean_absolute_percentage_error": 61807.5859375, "mean_absolute_error": 0.08861467242240906, "val_loss": 0.019405422732234, "val_root_mean_squared_error": 0.13930334150791168, "val_mean_absolute_percentage_error": 218590.8125, "val_mean_absolute_error": 0.09569374471902847, "_runtime": 13.192257165908813, "_step": 14, "best_val_loss": 0.019246509298682213, "best_epoch": 3, "Final MSE": 0.030986035242676735, "Final RMSE": 0.17602849006652832, "Final MAPE": 445781.59375, "Final MAE": 0.12817133963108063, "Total Training Time": 11.147025346755981, "Average Time per Epoch": 0.7876439775739398, "_wandb": {"runtime": 11}}