{"epoch": 21, "_timestamp": 1703440632.6079128, "loss": 0.008796006441116333, "root_mean_squared_error": 0.09378702938556671, "mean_absolute_percentage_error": 7781128.0, "mean_absolute_error": 0.0541200265288353, "val_loss": 0.012375112622976303, "val_root_mean_squared_error": 0.11124348640441895, "val_mean_absolute_percentage_error": 9363864.0, "val_mean_absolute_error": 0.06592912971973419, "_runtime": 19.03700280189514, "_step": 22, "best_val_loss": 0.011193267069756985, "best_epoch": 11, "Final MSE": 0.011103585362434387, "Final RMSE": 0.1053735539317131, "Final MAPE": 10995896.0, "Final MAE": 0.06257079541683197, "Total Training Time": 16.864051580429077, "Average Time per Epoch": 0.7605791850523516, "_wandb": {"runtime": 17}}