{"epoch": 22, "_timestamp": 1703894880.5259395, "loss": 0.008709069341421127, "root_mean_squared_error": 0.09332239627838135, "mean_absolute_percentage_error": 10664.02734375, "mean_absolute_error": 0.06186405196785927, "val_loss": 0.013468051329255104, "val_root_mean_squared_error": 0.11605193465948105, "val_mean_absolute_percentage_error": 65925.6484375, "val_mean_absolute_error": 0.08614455163478851, "_runtime": 29.873857498168945, "_step": 23, "best_val_loss": 0.012557851150631905, "best_epoch": 12, "Final MSE": 0.021409772336483, "Final RMSE": 0.14632079005241394, "Final MAPE": 146792.8125, "Final MAE": 0.10867389291524887, "Total Training Time": 28.61447238922119, "Average Time per Epoch": 1.2385929771091626, "_wandb": {"runtime": 28}}