{"epoch": 14, "_timestamp": 1703088232.3357716, "loss": 0.005227578803896904, "root_mean_squared_error": 0.07230199873447418, "mean_absolute_percentage_error": 64030.40234375, "mean_absolute_error": 0.038558103144168854, "val_loss": 0.017393682152032852, "val_root_mean_squared_error": 0.1318851113319397, "val_mean_absolute_percentage_error": 40583.39453125, "val_mean_absolute_error": 0.09142874926328659, "_runtime": 43.0607385635376, "_step": 15, "best_val_loss": 0.01579710654914379, "best_epoch": 4, "Final MSE": 0.02077438309788704, "Final RMSE": 0.14413321018218994, "Final MAPE": 82809.8125, "Final MAE": 0.10247482359409332, "Total Training Time": 40.43318247795105, "Average Time per Epoch": 2.682744550704956, "_wandb": {"runtime": 41}}