{"epoch": 36, "_timestamp": 1703589838.1729023, "loss": 0.00530384574085474, "root_mean_squared_error": 0.07282750308513641, "mean_absolute_percentage_error": 6543.19091796875, "mean_absolute_error": 0.04327940568327904, "val_loss": 0.0070993127301335335, "val_root_mean_squared_error": 0.08425741642713547, "val_mean_absolute_percentage_error": 137499.609375, "val_mean_absolute_error": 0.059621963649988174, "_runtime": 93.48965835571289, "_step": 37, "best_val_loss": 0.0064119440503418446, "best_epoch": 26, "Final MSE": 0.01138369645923376, "Final RMSE": 0.10669440776109695, "Final MAPE": 65159.5078125, "Final MAE": 0.0795534998178482, "Total Training Time": 91.3594102859497, "Average Time per Epoch": 2.463361714337323, "_wandb": {"runtime": 92}}