{"epoch": 11, "_timestamp": 1703647075.9063585, "loss": 0.0051309638656675816, "root_mean_squared_error": 0.07163074612617493, "mean_absolute_percentage_error": 15698.083984375, "mean_absolute_error": 0.04881983995437622, "val_loss": 0.009039289318025112, "val_root_mean_squared_error": 0.09507517516613007, "val_mean_absolute_percentage_error": 62411.1015625, "val_mean_absolute_error": 0.06352292001247406, "_runtime": 36.135653495788574, "_step": 12, "best_val_loss": 0.007854469120502472, "best_epoch": 1, "Final MSE": 0.009714133106172085, "Final RMSE": 0.09856030344963074, "Final MAPE": 143931.71875, "Final MAE": 0.07340879738330841, "Total Training Time": 33.67913508415222, "Average Time per Epoch": 2.788189093271891, "_wandb": {"runtime": 34}}