{"epoch": 15, "_timestamp": 1703554634.0277228, "loss": 0.005088132340461016, "root_mean_squared_error": 0.07133114337921143, "mean_absolute_percentage_error": 127152.6171875, "mean_absolute_error": 0.04211035370826721, "val_loss": 0.010511182248592377, "val_root_mean_squared_error": 0.1025240570306778, "val_mean_absolute_percentage_error": 369793.78125, "val_mean_absolute_error": 0.06307153403759003, "_runtime": 48.61733675003052, "_step": 16, "best_val_loss": 0.009990237653255463, "best_epoch": 5, "Final MSE": 0.014180794358253479, "Final RMSE": 0.11908314377069473, "Final MAPE": 73567.5859375, "Final MAE": 0.07103925198316574, "Total Training Time": 45.71401405334473, "Average Time per Epoch": 2.8421640843153, "_wandb": {"runtime": 46}}