{"epoch": 0, "_timestamp": 1703639724.4424286, "loss": 0.012135470286011696, "root_mean_squared_error": 0.11892682313919067, "mean_absolute_percentage_error": 17606.669921875, "mean_absolute_error": 0.07001333683729172, "val_loss": 0.006365001201629639, "val_root_mean_squared_error": 0.0797809585928917, "val_mean_absolute_percentage_error": 61.761016845703125, "val_mean_absolute_error": 0.048723433166742325, "_runtime": 9.74454665184021, "_step": 1, "best_val_loss": 0.006365001201629639, "best_epoch": 0, "Final MSE": 0.02892148494720459, "Final RMSE": 0.17006318271160126, "Final MAPE": 114894.21875, "Final MAE": 0.10631193965673447, "Total Training Time": 4.552599906921387, "Average Time per Epoch": 4.404200553894043, "_wandb": {"runtime": 4}}