{"epoch": 36, "_timestamp": 1705620324.126895, "loss": 0.006985920947045088, "root_mean_squared_error": 0.0835818201303482, "mean_absolute_percentage_error": 45197.01953125, "mean_absolute_error": 0.05416102334856987, "val_loss": 0.009749640710651875, "val_root_mean_squared_error": 0.09874027222394943, "val_mean_absolute_percentage_error": 615.6867065429688, "val_mean_absolute_error": 0.0644172728061676, "_runtime": 47.963069915771484, "_step": 37, "best_val_loss": 0.009059721603989601, "best_epoch": 26, "Final MSE": 0.016084404662251472, "Final RMSE": 0.1268243044614792, "Final MAPE": 105894.9375, "Final MAE": 0.08529473096132278, "Total Training Time": 45.690462589263916, "Average Time per Epoch": 1.229882929776166, "_wandb": {"runtime": 46}}