{"epoch": 0, "_timestamp": 1703505098.1368327, "loss": 0.012006210163235664, "root_mean_squared_error": 0.1204313188791275, "mean_absolute_percentage_error": 38410.2109375, "mean_absolute_error": 0.08422505855560303, "val_loss": 0.023594930768013, "val_root_mean_squared_error": 0.15360641479492188, "val_mean_absolute_percentage_error": 78380.125, "val_mean_absolute_error": 0.10566245019435883, "_runtime": 3.628220796585083, "_step": 1, "best_val_loss": 0.023594930768013, "best_epoch": 0, "Final MSE": 0.03272021561861038, "Final RMSE": 0.18088731169700623, "Final MAPE": 160032.984375, "Final MAE": 0.12893995642662048, "Total Training Time": 1.5361735820770264, "Average Time per Epoch": 1.4341752529144287, "_wandb": {"runtime": 1}}