{"epoch": 0, "_timestamp": 1703505112.4132292, "loss": 0.00956442579627037, "root_mean_squared_error": 0.1054442971944809, "mean_absolute_percentage_error": 80647.0390625, "mean_absolute_error": 0.06752250343561172, "val_loss": 0.014519471675157547, "val_root_mean_squared_error": 0.12049676477909088, "val_mean_absolute_percentage_error": 102192.015625, "val_mean_absolute_error": 0.07632169872522354, "_runtime": 3.7373881340026855, "_step": 1, "best_val_loss": 0.014519471675157547, "best_epoch": 0, "Final MSE": 0.02246168814599514, "Final RMSE": 0.14987225830554962, "Final MAPE": 104165.8515625, "Final MAE": 0.11251375079154968, "Total Training Time": 1.5404045581817627, "Average Time per Epoch": 1.4395301342010498, "_wandb": {"runtime": 1}}