{"epoch": 20, "_timestamp": 1703801100.7166827, "loss": 0.007889073342084885, "root_mean_squared_error": 0.0888204574584961, "mean_absolute_percentage_error": 23846.978515625, "mean_absolute_error": 0.05874715745449066, "val_loss": 0.01164549496024847, "val_root_mean_squared_error": 0.10791429132223129, "val_mean_absolute_percentage_error": 20071.19921875, "val_mean_absolute_error": 0.07403647154569626, "_runtime": 40.96125864982605, "_step": 21, "best_val_loss": 0.011521275155246258, "best_epoch": 10, "Final MSE": 0.01912953332066536, "Final RMSE": 0.1383095532655716, "Final MAPE": 186865.078125, "Final MAE": 0.09685185551643372, "Total Training Time": 39.44301128387451, "Average Time per Epoch": 1.8682476906549363, "_wandb": {"runtime": 39}}