{"epoch": 30, "_timestamp": 1703170828.9228232, "loss": 0.0054558999836444855, "root_mean_squared_error": 0.07386406511068344, "mean_absolute_percentage_error": 8352.6552734375, "mean_absolute_error": 0.04674474895000458, "val_loss": 0.016229765489697456, "val_root_mean_squared_error": 0.1273960918188095, "val_mean_absolute_percentage_error": 66354.9375, "val_mean_absolute_error": 0.09199582040309906, "_runtime": 97.37328720092773, "_step": 31, "best_val_loss": 0.015262661501765251, "best_epoch": 20, "Final MSE": 0.02109668217599392, "Final RMSE": 0.1452469676733017, "Final MAPE": 77487.296875, "Final MAE": 0.1092291921377182, "Total Training Time": 94.78781294822693, "Average Time per Epoch": 3.0488322780978296, "_wandb": {"runtime": 95}}