{"epoch": 30, "_timestamp": 1703814075.8139162, "loss": 0.012145668268203735, "root_mean_squared_error": 0.11020738631486893, "mean_absolute_percentage_error": 80652.0, "mean_absolute_error": 0.06313113868236542, "val_loss": 0.013954109512269497, "val_root_mean_squared_error": 0.11812751740217209, "val_mean_absolute_percentage_error": 25466.474609375, "val_mean_absolute_error": 0.06709777563810349, "_runtime": 27.23444414138794, "_step": 31, "best_val_loss": 0.01389227993786335, "best_epoch": 20, "Final MSE": 0.021389426663517952, "Final RMSE": 0.14625124633312225, "Final MAPE": 211201.125, "Final MAE": 0.09142883867025375, "Total Training Time": 25.40152072906494, "Average Time per Epoch": 0.8136663206161991, "_wandb": {"runtime": 25}}