{"epoch": 12, "_timestamp": 1703555059.0708134, "loss": 0.003725864225998521, "root_mean_squared_error": 0.06103985756635666, "mean_absolute_percentage_error": 40711.7890625, "mean_absolute_error": 0.03076835907995701, "val_loss": 0.009068824350833893, "val_root_mean_squared_error": 0.09523037821054459, "val_mean_absolute_percentage_error": 59899.30078125, "val_mean_absolute_error": 0.05307817831635475, "_runtime": 40.46405649185181, "_step": 13, "best_val_loss": 0.008550629019737244, "best_epoch": 2, "Final MSE": 0.013458006083965302, "Final RMSE": 0.11600864678621292, "Final MAPE": 2002.0546875, "Final MAE": 0.06917691975831985, "Total Training Time": 38.15414834022522, "Average Time per Epoch": 2.9173605075249305, "_wandb": {"runtime": 38}}