{"epoch": 11, "_timestamp": 1703504346.48359, "loss": 0.012002987787127495, "root_mean_squared_error": 0.10955815017223358, "mean_absolute_percentage_error": 21146.462890625, "mean_absolute_error": 0.0777825266122818, "val_loss": 0.023670293390750885, "val_root_mean_squared_error": 0.15385155379772186, "val_mean_absolute_percentage_error": 77328.453125, "val_mean_absolute_error": 0.10525145381689072, "_runtime": 11.367379903793335, "_step": 12, "best_val_loss": 0.023354260250926018, "best_epoch": 1, "Final MSE": 0.032855018973350525, "Final RMSE": 0.18125954270362854, "Final MAPE": 157917.078125, "Final MAE": 0.128492072224617, "Total Training Time": 9.212063550949097, "Average Time per Epoch": 0.7576518058776855, "_wandb": {"runtime": 9}}