{"epoch": 0, "_timestamp": 1703593146.3292546, "loss": 0.006919319741427898, "root_mean_squared_error": 0.09180016815662384, "mean_absolute_percentage_error": 19671.072265625, "mean_absolute_error": 0.053126268088817596, "val_loss": 0.011908729560673237, "val_root_mean_squared_error": 0.10912712663412094, "val_mean_absolute_percentage_error": 73615.0546875, "val_mean_absolute_error": 0.06765710562467575, "_runtime": 7.615496635437012, "_step": 1, "best_val_loss": 0.011908729560673237, "best_epoch": 0, "Final MSE": 0.017476534470915794, "Final RMSE": 0.13219884037971497, "Final MAPE": 113829.8515625, "Final MAE": 0.08923690021038055, "Total Training Time": 6.344454288482666, "Average Time per Epoch": 6.1834516525268555, "_wandb": {"runtime": 6}}