{"epoch": 0, "_timestamp": 1703549233.604619, "loss": 0.005166349466890097, "root_mean_squared_error": 0.07855473458766937, "mean_absolute_percentage_error": 80096.0859375, "mean_absolute_error": 0.037326570600271225, "val_loss": 0.006355029530823231, "val_root_mean_squared_error": 0.0797184407711029, "val_mean_absolute_percentage_error": 80295.890625, "val_mean_absolute_error": 0.044180769473314285, "_runtime": 11.867290019989014, "_step": 1, "best_val_loss": 0.006355029530823231, "best_epoch": 0, "Final MSE": 0.01321958377957344, "Final RMSE": 0.11497645080089569, "Final MAPE": 195505.53125, "Final MAE": 0.060411129146814346, "Total Training Time": 4.547592878341675, "Average Time per Epoch": 4.393549203872681, "_wandb": {"runtime": 4}}