{"epoch": 53, "_timestamp": 1703763069.7466502, "loss": 0.02967567928135395, "root_mean_squared_error": 0.17226633429527283, "mean_absolute_percentage_error": 165943.46875, "mean_absolute_error": 0.10883884131908417, "val_loss": 0.020592017099261284, "val_root_mean_squared_error": 0.1434991955757141, "val_mean_absolute_percentage_error": 57791.3515625, "val_mean_absolute_error": 0.10502809286117554, "_runtime": 39.12172031402588, "_step": 54, "best_val_loss": 0.020009510219097137, "best_epoch": 43, "Final MSE": 0.021652458235621452, "Final RMSE": 0.14714772999286652, "Final MAPE": 344695.4375, "Final MAE": 0.1084873378276825, "Total Training Time": 37.832775592803955, "Average Time per Epoch": 0.696623925809507, "_wandb": {"runtime": 38}}