{"epoch": 0, "_timestamp": 1703761406.1577542, "loss": 0.010700130835175514, "root_mean_squared_error": 0.11818314343690872, "mean_absolute_percentage_error": 123321.96875, "mean_absolute_error": 0.07404475659132004, "val_loss": 0.015262331813573837, "val_root_mean_squared_error": 0.12354081124067307, "val_mean_absolute_percentage_error": 1046519.5625, "val_mean_absolute_error": 0.08583220839500427, "_runtime": 7.353095293045044, "_step": 1, "best_val_loss": 0.015262331813573837, "best_epoch": 0, "Final MSE": 0.03512321040034294, "Final RMSE": 0.18741187453269958, "Final MAPE": 289485.65625, "Final MAE": 0.14256511628627777, "Total Training Time": 6.118500232696533, "Average Time per Epoch": 5.966736555099487, "_wandb": {"runtime": 6}}