{"epoch": 0, "_timestamp": 1703656403.2752128, "loss": 0.011850572191178799, "root_mean_squared_error": 0.11076363176107407, "mean_absolute_percentage_error": 32772.7265625, "mean_absolute_error": 0.06758598238229752, "val_loss": 0.008005357347428799, "val_root_mean_squared_error": 0.08947265893220901, "val_mean_absolute_percentage_error": 68470.1328125, "val_mean_absolute_error": 0.06488338112831116, "_runtime": 4.5806498527526855, "_step": 1, "best_val_loss": 0.008005357347428799, "best_epoch": 0, "Final MSE": 0.01592079922556877, "Final RMSE": 0.12617765367031097, "Final MAPE": 131997.296875, "Final MAE": 0.07850407063961029, "Total Training Time": 2.679246187210083, "Average Time per Epoch": 2.53521466255188, "_wandb": {"runtime": 2}}