{"epoch": 0, "_timestamp": 1703714683.5449705, "loss": 0.052433550357818604, "root_mean_squared_error": 0.22638337314128876, "mean_absolute_percentage_error": 65958492.0, "mean_absolute_error": 0.16862745583057404, "val_loss": 0.07762659341096878, "val_root_mean_squared_error": 0.2786155045032501, "val_mean_absolute_percentage_error": 70000208.0, "val_mean_absolute_error": 0.1967659592628479, "_runtime": 75.02660346031189, "_step": 1, "best_val_loss": 0.07762659341096878, "best_epoch": 0, "Final MSE": 0.08254947513341904, "Final RMSE": 0.287314236164093, "Final MAPE": 96689320.0, "Final MAE": 0.20742063224315643, "Total Training Time": 47.46645164489746, "Average Time per Epoch": 45.29875469207764, "_wandb": {"runtime": 47}}