{"epoch": 28, "_timestamp": 1703762489.5829046, "loss": 0.02027534693479538, "root_mean_squared_error": 0.14239153265953064, "mean_absolute_percentage_error": 16388.865234375, "mean_absolute_error": 0.08175089210271835, "val_loss": 0.03033655695617199, "val_root_mean_squared_error": 0.17417393624782562, "val_mean_absolute_percentage_error": 109346.703125, "val_mean_absolute_error": 0.09298747032880783, "_runtime": 22.169857501983643, "_step": 29, "best_val_loss": 0.03031224012374878, "best_epoch": 18, "Final MSE": 0.03240019828081131, "Final RMSE": 0.18000055849552155, "Final MAPE": 220482.546875, "Final MAE": 0.0941472202539444, "Total Training Time": 20.885221004486084, "Average Time per Epoch": 0.7152793818506701, "_wandb": {"runtime": 21}}