{"epoch": 0, "_timestamp": 1703648926.4261045, "loss": 0.006446268875151873, "root_mean_squared_error": 0.09035182744264603, "mean_absolute_percentage_error": 45382.6484375, "mean_absolute_error": 0.05706299841403961, "val_loss": 0.019176198169589043, "val_root_mean_squared_error": 0.1384781450033188, "val_mean_absolute_percentage_error": 26616.087890625, "val_mean_absolute_error": 0.08536701649427414, "_runtime": 6.600234508514404, "_step": 1, "best_val_loss": 0.019176198169589043, "best_epoch": 0, "Final MSE": 0.02264566533267498, "Final RMSE": 0.15048477053642273, "Final MAPE": 293785.15625, "Final MAE": 0.1058710590004921, "Total Training Time": 4.860358715057373, "Average Time per Epoch": 4.658682346343994, "_wandb": {"runtime": 5}}