{"epoch": 0, "_timestamp": 1703537938.886663, "loss": 0.0078702662140131, "root_mean_squared_error": 0.09443464130163193, "mean_absolute_percentage_error": 40959.76953125, "mean_absolute_error": 0.0667838603258133, "val_loss": 0.01593872345983982, "val_root_mean_squared_error": 0.12624865770339966, "val_mean_absolute_percentage_error": 67562.90625, "val_mean_absolute_error": 0.08996590226888657, "_runtime": 27.402132034301758, "_step": 1, "best_val_loss": 0.01593872345983982, "best_epoch": 0, "Final MSE": 0.016578828915953636, "Final RMSE": 0.12875880300998688, "Final MAPE": 140685.21875, "Final MAE": 0.09182633459568024, "Total Training Time": 26.121967315673828, "Average Time per Epoch": 24.965556621551514, "_wandb": {"runtime": 26}}