{"epoch": 22, "_timestamp": 1703595272.123001, "loss": 0.0160210058093071, "root_mean_squared_error": 0.1265740692615509, "mean_absolute_percentage_error": 31079.01953125, "mean_absolute_error": 0.07967304438352585, "val_loss": 0.015849055722355843, "val_root_mean_squared_error": 0.12589305639266968, "val_mean_absolute_percentage_error": 104891.484375, "val_mean_absolute_error": 0.07696229964494705, "_runtime": 33.77689599990845, "_step": 23, "best_val_loss": 0.015779180452227592, "best_epoch": 12, "Final MSE": 0.03728833422064781, "Final RMSE": 0.19310186803340912, "Final MAPE": 212046.3125, "Final MAE": 0.14003032445907593, "Total Training Time": 17.853593826293945, "Average Time per Epoch": 0.7703669382178265, "_wandb": {"runtime": 18}}