{"epoch": 13, "_timestamp": 1703157036.4914525, "loss": 0.0058463928289711475, "root_mean_squared_error": 0.07646171003580093, "mean_absolute_percentage_error": 118110.4140625, "mean_absolute_error": 0.04328710213303566, "val_loss": 0.006011784076690674, "val_root_mean_squared_error": 0.07753569632768631, "val_mean_absolute_percentage_error": 423816.4375, "val_mean_absolute_error": 0.04942299798130989, "_runtime": 21.163880348205566, "_step": 14, "best_val_loss": 0.00556950643658638, "best_epoch": 3, "Final MSE": 0.02519671805202961, "Final RMSE": 0.1587347388267517, "Final MAPE": 184600.203125, "Final MAE": 0.10907483845949173, "Total Training Time": 18.79126763343811, "Average Time per Epoch": 1.3308042798723494, "_wandb": {"runtime": 19}}