{"epoch": 0, "_timestamp": 1703674120.379901, "loss": 0.008417962118983269, "root_mean_squared_error": 0.09341410547494888, "mean_absolute_percentage_error": 5308034.0, "mean_absolute_error": 0.05143019184470177, "val_loss": 0.009931872598826885, "val_root_mean_squared_error": 0.0996587797999382, "val_mean_absolute_percentage_error": 4241660.0, "val_mean_absolute_error": 0.054636187851428986, "_runtime": 7.416549921035767, "_step": 1, "best_val_loss": 0.009931872598826885, "best_epoch": 0, "Final MSE": 0.011948276311159134, "Final RMSE": 0.1093081682920456, "Final MAPE": 7507183.5, "Final MAE": 0.059697475284338, "Total Training Time": 6.170657634735107, "Average Time per Epoch": 6.012130260467529, "_wandb": {"runtime": 6}}