{"epoch": 46, "_timestamp": 1703338420.7717428, "loss": 0.007555263116955757, "root_mean_squared_error": 0.08692101389169693, "mean_absolute_percentage_error": 4870949.0, "mean_absolute_error": 0.048957355320453644, "val_loss": 0.010434114374220371, "val_root_mean_squared_error": 0.10214751213788986, "val_mean_absolute_percentage_error": 4710447.5, "val_mean_absolute_error": 0.05685143917798996, "_runtime": 110.16044783592224, "_step": 47, "best_val_loss": 0.010019763372838497, "best_epoch": 36, "Final MSE": 0.01564628630876541, "Final RMSE": 0.12508511543273926, "Final MAPE": 8140707.0, "Final MAE": 0.06814591586589813, "Total Training Time": 107.41015887260437, "Average Time per Epoch": 2.280598650587366, "_wandb": {"runtime": 108}}