{"epoch": 13, "_timestamp": 1703868203.1743464, "loss": 0.00599250290542841, "root_mean_squared_error": 0.07741125673055649, "mean_absolute_percentage_error": 16226.16796875, "mean_absolute_error": 0.052708789706230164, "val_loss": 0.023646680638194084, "val_root_mean_squared_error": 0.15377476811408997, "val_mean_absolute_percentage_error": 8962.41015625, "val_mean_absolute_error": 0.10730484127998352, "_runtime": 85.90694952011108, "_step": 14, "best_val_loss": 0.015151388011872768, "best_epoch": 3, "Final MSE": 0.0160206388682127, "Final RMSE": 0.12657266855239868, "Final MAPE": 137369.890625, "Final MAE": 0.08242957293987274, "Total Training Time": 83.53552961349487, "Average Time per Epoch": 5.941139663968768, "_wandb": {"runtime": 84}}