{"epoch": 29, "_timestamp": 1703470910.7385278, "loss": 0.007473783101886511, "root_mean_squared_error": 0.08645104616880417, "mean_absolute_percentage_error": 8069702.0, "mean_absolute_error": 0.04930252581834793, "val_loss": 0.012034613639116287, "val_root_mean_squared_error": 0.10970238596200943, "val_mean_absolute_percentage_error": 12025183.0, "val_mean_absolute_error": 0.06552038341760635, "_runtime": 102.284188747406, "_step": 30, "best_val_loss": 0.011831318028271198, "best_epoch": 19, "Final MSE": 0.016367843374609947, "Final RMSE": 0.12793686985969543, "Final MAPE": 20082714.0, "Final MAE": 0.07621219009160995, "Total Training Time": 99.90251874923706, "Average Time per Epoch": 3.3208252588907876, "_wandb": {"runtime": 100}}