{"epoch": 17, "_timestamp": 1703307712.6378708, "loss": 0.01589537039399147, "root_mean_squared_error": 0.1260768473148346, "mean_absolute_percentage_error": 17983.83203125, "mean_absolute_error": 0.08041650801897049, "val_loss": 0.01739579811692238, "val_root_mean_squared_error": 0.131893128156662, "val_mean_absolute_percentage_error": 84702.75, "val_mean_absolute_error": 0.10984393209218979, "_runtime": 72.12484383583069, "_step": 18, "best_val_loss": 0.014282778836786747, "best_epoch": 7, "Final MSE": 0.021035168319940567, "Final RMSE": 0.145035058259964, "Final MAPE": 133439.296875, "Final MAE": 0.11895783990621567, "Total Training Time": 69.75430154800415, "Average Time per Epoch": 3.859000709321764, "_wandb": {"runtime": 70}}