{"epoch": 24, "_timestamp": 1703773588.2995975, "loss": 0.019205449149012566, "root_mean_squared_error": 0.1385837197303772, "mean_absolute_percentage_error": 26966.83203125, "mean_absolute_error": 0.083271324634552, "val_loss": 0.026730678975582123, "val_root_mean_squared_error": 0.16349519789218903, "val_mean_absolute_percentage_error": 118447.1875, "val_mean_absolute_error": 0.1145644262433052, "_runtime": 299.67100048065186, "_step": 25, "best_val_loss": 0.025776468217372894, "best_epoch": 14, "Final MSE": 0.04053885117173195, "Final RMSE": 0.2013426274061203, "Final MAPE": 727697.375, "Final MAE": 0.138566255569458, "Total Training Time": 298.17598819732666, "Average Time per Epoch": 11.897184743881226, "_wandb": {"runtime": 298}}