{"epoch": 0, "_timestamp": 1703505796.6308792, "loss": 0.011847766116261482, "root_mean_squared_error": 0.1251761019229889, "mean_absolute_percentage_error": 67924.90625, "mean_absolute_error": 0.071364626288414, "val_loss": 0.03097737580537796, "val_root_mean_squared_error": 0.17600387334823608, "val_mean_absolute_percentage_error": 43338.0234375, "val_mean_absolute_error": 0.11737336218357086, "_runtime": 3.5897042751312256, "_step": 1, "best_val_loss": 0.03097737580537796, "best_epoch": 0, "Final MSE": 0.04278484359383583, "Final RMSE": 0.20684495568275452, "Final MAPE": 88069.34375, "Final MAE": 0.13580182194709778, "Total Training Time": 1.5738935470581055, "Average Time per Epoch": 1.472848892211914, "_wandb": {"runtime": 1}}