{"epoch": 0, "_timestamp": 1703674466.1383212, "loss": 0.008892812766134739, "root_mean_squared_error": 0.094622902572155, "mean_absolute_percentage_error": 7175604.0, "mean_absolute_error": 0.050217971205711365, "val_loss": 0.013011140748858452, "val_root_mean_squared_error": 0.11406638473272324, "val_mean_absolute_percentage_error": 6687018.0, "val_mean_absolute_error": 0.05863090232014656, "_runtime": 7.375891208648682, "_step": 1, "best_val_loss": 0.013011140748858452, "best_epoch": 0, "Final MSE": 0.013103603385388851, "Final RMSE": 0.11447097361087799, "Final MAPE": 13865710.0, "Final MAE": 0.05683927983045578, "Total Training Time": 6.1832966804504395, "Average Time per Epoch": 6.013805150985718, "_wandb": {"runtime": 6}}