{"epoch": 0, "_timestamp": 1703656566.3246267, "loss": 0.0089059853926301, "root_mean_squared_error": 0.09874449670314789, "mean_absolute_percentage_error": 23393.6875, "mean_absolute_error": 0.05840110033750534, "val_loss": 0.00703468918800354, "val_root_mean_squared_error": 0.08387305587530136, "val_mean_absolute_percentage_error": 10337.4482421875, "val_mean_absolute_error": 0.051090266555547714, "_runtime": 4.5518927574157715, "_step": 1, "best_val_loss": 0.00703468918800354, "best_epoch": 0, "Final MSE": 0.01565686985850334, "Final RMSE": 0.1251274198293686, "Final MAPE": 91949.6328125, "Final MAE": 0.08183237165212631, "Total Training Time": 2.6878559589385986, "Average Time per Epoch": 2.53680682182312, "_wandb": {"runtime": 2}}