{"epoch": 0, "_timestamp": 1703736756.364221, "loss": 0.008971557021141052, "root_mean_squared_error": 0.09640613198280334, "mean_absolute_percentage_error": 9384869.0, "mean_absolute_error": 0.055745579302310944, "val_loss": 0.01164191123098135, "val_root_mean_squared_error": 0.10789769142866135, "val_mean_absolute_percentage_error": 13551783.0, "val_mean_absolute_error": 0.06410754472017288, "_runtime": 6.1909120082855225, "_step": 1, "best_val_loss": 0.01164191123098135, "best_epoch": 0, "Final MSE": 0.01326497457921505, "Final RMSE": 0.11517366766929626, "Final MAPE": 14749846.0, "Final MAE": 0.06605752557516098, "Total Training Time": 4.968549966812134, "Average Time per Epoch": 4.762990951538086, "_wandb": {"runtime": 5}}