{"epoch": 0, "_timestamp": 1703592501.7625797, "loss": 0.005936779547482729, "root_mean_squared_error": 0.08964395523071289, "mean_absolute_percentage_error": 20000.607421875, "mean_absolute_error": 0.04991744086146355, "val_loss": 0.018801048398017883, "val_root_mean_squared_error": 0.1371169090270996, "val_mean_absolute_percentage_error": 166819.125, "val_mean_absolute_error": 0.11619781702756882, "_runtime": 7.605644702911377, "_step": 1, "best_val_loss": 0.018801048398017883, "best_epoch": 0, "Final MSE": 0.015256139449775219, "Final RMSE": 0.12351574748754501, "Final MAPE": 89042.28125, "Final MAE": 0.09970438480377197, "Total Training Time": 6.334856271743774, "Average Time per Epoch": 6.166855096817017, "_wandb": {"runtime": 6}}