{"epoch": 23, "_timestamp": 1703920028.7142336, "loss": 0.005087239667773247, "root_mean_squared_error": 0.07132488489151001, "mean_absolute_percentage_error": 6194.18896484375, "mean_absolute_error": 0.03291161730885506, "val_loss": 0.011421078816056252, "val_root_mean_squared_error": 0.10686944425106049, "val_mean_absolute_percentage_error": 47544.53125, "val_mean_absolute_error": 0.06117531284689903, "_runtime": 85.20382952690125, "_step": 24, "best_val_loss": 0.01023053377866745, "best_epoch": 13, "Final MSE": 0.013748250901699066, "Final RMSE": 0.11725293844938278, "Final MAPE": 123708.53125, "Final MAE": 0.06589676439762115, "Total Training Time": 83.8654854297638, "Average Time per Epoch": 3.4838186303774514, "_wandb": {"runtime": 84}}