{"epoch": 42, "_timestamp": 1703907316.0888703, "loss": 0.004866351373493671, "root_mean_squared_error": 0.06975924223661423, "mean_absolute_percentage_error": 9720.3984375, "mean_absolute_error": 0.04472314938902855, "val_loss": 0.011083798483014107, "val_root_mean_squared_error": 0.10527961701154709, "val_mean_absolute_percentage_error": 47250.07421875, "val_mean_absolute_error": 0.06482172757387161, "_runtime": 121.95931124687195, "_step": 43, "best_val_loss": 0.010659931227564812, "best_epoch": 32, "Final MSE": 0.008014751598238945, "Final RMSE": 0.08952514827251434, "Final MAPE": 71258.7109375, "Final MAE": 0.062408529222011566, "Total Training Time": 119.51408910751343, "Average Time per Epoch": 2.7727380408797155, "_wandb": {"runtime": 120}}