{"epoch": 38, "_timestamp": 1703667871.284209, "loss": 0.00826339703053236, "root_mean_squared_error": 0.09090323001146317, "mean_absolute_percentage_error": 5013775.0, "mean_absolute_error": 0.04955783858895302, "val_loss": 0.011500895023345947, "val_root_mean_squared_error": 0.10724222660064697, "val_mean_absolute_percentage_error": 3342324.5, "val_mean_absolute_error": 0.05627613887190819, "_runtime": 91.31660199165344, "_step": 39, "best_val_loss": 0.010219156742095947, "best_epoch": 28, "Final MSE": 0.009840547107160091, "Final RMSE": 0.09919953346252441, "Final MAPE": 5083829.0, "Final MAE": 0.051225315779447556, "Total Training Time": 88.70285224914551, "Average Time per Epoch": 2.2696338433485765, "_wandb": {"runtime": 89}}