{"epoch": 0, "_timestamp": 1703727965.7248952, "loss": 0.00804255809634924, "root_mean_squared_error": 0.09564729034900665, "mean_absolute_percentage_error": 8595972.0, "mean_absolute_error": 0.05412519350647926, "val_loss": 0.01688406616449356, "val_root_mean_squared_error": 0.12993870675563812, "val_mean_absolute_percentage_error": 9129460.0, "val_mean_absolute_error": 0.07359874248504639, "_runtime": 10.044512271881104, "_step": 1, "best_val_loss": 0.01688406616449356, "best_epoch": 0, "Final MSE": 0.01818961836397648, "Final RMSE": 0.13486889004707336, "Final MAPE": 15034263.0, "Final MAE": 0.06919360160827637, "Total Training Time": 4.5005645751953125, "Average Time per Epoch": 4.363986253738403, "_wandb": {"runtime": 4}}