{"epoch": 28, "_timestamp": 1703100641.900502, "loss": 0.012615888379514217, "root_mean_squared_error": 0.11232047528028488, "mean_absolute_percentage_error": 225479.34375, "mean_absolute_error": 0.08206038177013397, "val_loss": 0.01948806457221508, "val_root_mean_squared_error": 0.13959965109825134, "val_mean_absolute_percentage_error": 54564.99609375, "val_mean_absolute_error": 0.09616226702928543, "_runtime": 134.9142189025879, "_step": 29, "best_val_loss": 0.015654856339097023, "best_epoch": 18, "Final MSE": 0.024264972656965256, "Final RMSE": 0.15577217936515808, "Final MAPE": 444741.84375, "Final MAE": 0.08708467334508896, "Total Training Time": 132.26584696769714, "Average Time per Epoch": 4.548816500038936, "_wandb": {"runtime": 132}}