{"epoch": 18, "_timestamp": 1703443439.711579, "loss": 0.010159186087548733, "root_mean_squared_error": 0.1007927879691124, "mean_absolute_percentage_error": 9678559.0, "mean_absolute_error": 0.05965203791856766, "val_loss": 0.01813407801091671, "val_root_mean_squared_error": 0.13466283679008484, "val_mean_absolute_percentage_error": 16825272.0, "val_mean_absolute_error": 0.08238010108470917, "_runtime": 26.11449909210205, "_step": 19, "best_val_loss": 0.014525298960506916, "best_epoch": 8, "Final MSE": 0.017410799860954285, "Final RMSE": 0.1319499909877777, "Final MAPE": 19413308.0, "Final MAE": 0.08138683438301086, "Total Training Time": 23.911113262176514, "Average Time per Epoch": 1.2499733724092181, "_wandb": {"runtime": 24}}