{"epoch": 26, "_timestamp": 1703601185.6188536, "loss": 0.009726395830512047, "root_mean_squared_error": 0.09862249344587326, "mean_absolute_percentage_error": 19925.296875, "mean_absolute_error": 0.06419241428375244, "val_loss": 0.013574641197919846, "val_root_mean_squared_error": 0.11651026457548141, "val_mean_absolute_percentage_error": 80507.859375, "val_mean_absolute_error": 0.0723768100142479, "_runtime": 197.19689750671387, "_step": 27, "best_val_loss": 0.013529742136597633, "best_epoch": 16, "Final MSE": 0.03021448664367199, "Final RMSE": 0.17382314801216125, "Final MAPE": 102481.171875, "Final MAE": 0.12197211384773254, "Total Training Time": 192.46708488464355, "Average Time per Epoch": 7.110476432023225, "_wandb": {"runtime": 193}}