{"epoch": 24, "_timestamp": 1703116126.609588, "loss": 0.0054602897725999355, "root_mean_squared_error": 0.07389377057552338, "mean_absolute_percentage_error": 24289.294921875, "mean_absolute_error": 0.044365085661411285, "val_loss": 0.018825137987732887, "val_root_mean_squared_error": 0.13720473647117615, "val_mean_absolute_percentage_error": 63753.48046875, "val_mean_absolute_error": 0.08301448822021484, "_runtime": 295.64156794548035, "_step": 25, "best_val_loss": 0.013951907865703106, "best_epoch": 14, "Final MSE": 0.031002948060631752, "Final RMSE": 0.17607654631137848, "Final MAPE": 44491.02734375, "Final MAE": 0.08132614940404892, "Total Training Time": 293.20065236091614, "Average Time per Epoch": 11.699450225830079, "_wandb": {"runtime": 293}}