{"epoch": 17, "_timestamp": 1703174397.0020971, "loss": 0.005911329761147499, "root_mean_squared_error": 0.0768851712346077, "mean_absolute_percentage_error": 127517.0703125, "mean_absolute_error": 0.042942821979522705, "val_loss": 0.008169222623109818, "val_root_mean_squared_error": 0.09038375318050385, "val_mean_absolute_percentage_error": 37826.60546875, "val_mean_absolute_error": 0.06482357531785965, "_runtime": 60.76428508758545, "_step": 18, "best_val_loss": 0.006007068790495396, "best_epoch": 7, "Final MSE": 0.013832351192831993, "Final RMSE": 0.11761101335287094, "Final MAPE": 405945.8125, "Final MAE": 0.08569993078708649, "Total Training Time": 57.16468048095703, "Average Time per Epoch": 3.161401218838162, "_wandb": {"runtime": 57}}