{"epoch": 0, "_timestamp": 1703639655.5304976, "loss": 0.011935229413211346, "root_mean_squared_error": 0.11116204410791397, "mean_absolute_percentage_error": 26268.443359375, "mean_absolute_error": 0.06929988414049149, "val_loss": 0.007163073867559433, "val_root_mean_squared_error": 0.0846349447965622, "val_mean_absolute_percentage_error": 70203.4140625, "val_mean_absolute_error": 0.057539697736501694, "_runtime": 9.585956573486328, "_step": 1, "best_val_loss": 0.007163073867559433, "best_epoch": 0, "Final MSE": 0.015165562741458416, "Final RMSE": 0.12314853817224503, "Final MAPE": 136547.75, "Final MAE": 0.07421743124723434, "Total Training Time": 4.524255752563477, "Average Time per Epoch": 4.37756085395813, "_wandb": {"runtime": 4}}