{"epoch": 0, "_timestamp": 1703677591.3895757, "loss": 0.06767471134662628, "root_mean_squared_error": 0.2571007311344147, "mean_absolute_percentage_error": 84026848.0, "mean_absolute_error": 0.20580628514289856, "val_loss": 0.055411528795957565, "val_root_mean_squared_error": 0.23539653420448303, "val_mean_absolute_percentage_error": 93987528.0, "val_mean_absolute_error": 0.19526490569114685, "_runtime": 3.517110824584961, "_step": 1, "best_val_loss": 0.055411528795957565, "best_epoch": 0, "Final MSE": 0.05572634935379028, "Final RMSE": 0.23606429994106293, "Final MAPE": 102228680.0, "Final MAE": 0.19512499868869781, "Total Training Time": 1.5817346572875977, "Average Time per Epoch": 1.4693400859832764, "_wandb": {"runtime": 1}}