{"epoch": 15, "_timestamp": 1703131392.9676776, "loss": 0.009222794324159622, "root_mean_squared_error": 0.09603538364171982, "mean_absolute_percentage_error": 38485.83984375, "mean_absolute_error": 0.0573914498090744, "val_loss": 0.016444412991404533, "val_root_mean_squared_error": 0.12823577225208282, "val_mean_absolute_percentage_error": 448345.0, "val_mean_absolute_error": 0.06867755204439163, "_runtime": 117.79931950569153, "_step": 16, "best_val_loss": 0.014925218187272549, "best_epoch": 5, "Final MSE": 0.033986762166023254, "Final RMSE": 0.1843549907207489, "Final MAPE": 81516.7578125, "Final MAE": 0.12130334228277206, "Total Training Time": 115.37809491157532, "Average Time per Epoch": 7.182567730545998, "_wandb": {"runtime": 115}}