{"epoch": 27, "_timestamp": 1703454898.3512, "loss": 0.007660434581339359, "root_mean_squared_error": 0.08752390742301941, "mean_absolute_percentage_error": 8572772.0, "mean_absolute_error": 0.052062876522541046, "val_loss": 0.010367192327976227, "val_root_mean_squared_error": 0.10181941092014313, "val_mean_absolute_percentage_error": 12447411.0, "val_mean_absolute_error": 0.0634070560336113, "_runtime": 71.19854402542114, "_step": 28, "best_val_loss": 0.010038153268396854, "best_epoch": 17, "Final MSE": 0.010553773492574692, "Final RMSE": 0.10273156315088272, "Final MAPE": 25114404.0, "Final MAE": 0.07034984976053238, "Total Training Time": 68.68602919578552, "Average Time per Epoch": 2.4452194571495056, "_wandb": {"runtime": 69}}