{"epoch": 0, "_timestamp": 1703595943.6712756, "loss": 0.028455110266804695, "root_mean_squared_error": 0.16950014233589172, "mean_absolute_percentage_error": 120002.3984375, "mean_absolute_error": 0.12712980806827545, "val_loss": 0.03406994044780731, "val_root_mean_squared_error": 0.18458041548728943, "val_mean_absolute_percentage_error": 234191.234375, "val_mean_absolute_error": 0.1398514211177826, "_runtime": 3.6278326511383057, "_step": 1, "best_val_loss": 0.03406994044780731, "best_epoch": 0, "Final MSE": 0.030149566009640694, "Final RMSE": 0.1736363023519516, "Final MAPE": 477115.5625, "Final MAE": 0.12889698147773743, "Total Training Time": 1.6138513088226318, "Average Time per Epoch": 1.507852554321289, "_wandb": {"runtime": 1}}