{"epoch": 19, "_timestamp": 1703197054.2607775, "loss": 0.008120464161038399, "root_mean_squared_error": 0.09011361747980118, "mean_absolute_percentage_error": 26356.7265625, "mean_absolute_error": 0.05023454502224922, "val_loss": 0.009850261732935905, "val_root_mean_squared_error": 0.0992484912276268, "val_mean_absolute_percentage_error": 98188.5625, "val_mean_absolute_error": 0.06903699040412903, "_runtime": 18.185736417770386, "_step": 20, "best_val_loss": 0.009234277531504631, "best_epoch": 9, "Final MSE": 0.0237429141998291, "Final RMSE": 0.1540873646736145, "Final MAPE": 199653.71875, "Final MAE": 0.07847107201814651, "Total Training Time": 15.750803709030151, "Average Time per Epoch": 0.7809391498565674, "_wandb": {"runtime": 16}}