{"epoch": 0, "_timestamp": 1703621750.9395642, "loss": 0.023264054208993912, "root_mean_squared_error": 0.151295468211174, "mean_absolute_percentage_error": 50495.59765625, "mean_absolute_error": 0.10146699845790863, "val_loss": 0.00914280116558075, "val_root_mean_squared_error": 0.09561799466609955, "val_mean_absolute_percentage_error": 66.62066650390625, "val_mean_absolute_error": 0.050924625247716904, "_runtime": 34.94298219680786, "_step": 1, "best_val_loss": 0.00914280116558075, "best_epoch": 0, "Final MSE": 0.03703327104449272, "Final RMSE": 0.19244030117988586, "Final MAPE": 118877.8203125, "Final MAE": 0.11164059489965439, "Total Training Time": 33.47926616668701, "Average Time per Epoch": 31.970767974853516, "_wandb": {"runtime": 33}}