{"epoch": 12, "_timestamp": 1703559018.3050675, "loss": 0.006577444728463888, "root_mean_squared_error": 0.0811014473438263, "mean_absolute_percentage_error": 5601.66650390625, "mean_absolute_error": 0.045274898409843445, "val_loss": 0.011452251113951206, "val_root_mean_squared_error": 0.10701519250869751, "val_mean_absolute_percentage_error": 35988.609375, "val_mean_absolute_error": 0.06022016704082489, "_runtime": 14.450779438018799, "_step": 13, "best_val_loss": 0.01135936751961708, "best_epoch": 2, "Final MSE": 0.012709950096905231, "Final RMSE": 0.11273841559886932, "Final MAPE": 32063.9765625, "Final MAE": 0.07996468991041183, "Total Training Time": 12.13723874092102, "Average Time per Epoch": 0.9237865484677829, "_wandb": {"runtime": 12}}