{"epoch": 11, "_timestamp": 1703197372.768377, "loss": 0.012668490409851074, "root_mean_squared_error": 0.1125544011592865, "mean_absolute_percentage_error": 53545.7421875, "mean_absolute_error": 0.06617841124534607, "val_loss": 0.008436035364866257, "val_root_mean_squared_error": 0.09184788912534714, "val_mean_absolute_percentage_error": 92263.25, "val_mean_absolute_error": 0.061325691640377045, "_runtime": 11.901875972747803, "_step": 12, "best_val_loss": 0.008122718892991543, "best_epoch": 1, "Final MSE": 0.019044149667024612, "Final RMSE": 0.13800054788589478, "Final MAPE": 188847.921875, "Final MAE": 0.09854243695735931, "Total Training Time": 9.621039152145386, "Average Time per Epoch": 0.7918731967608134, "_wandb": {"runtime": 9}}