{"epoch": 43, "_timestamp": 1703912935.9185052, "loss": 0.008060013875365257, "root_mean_squared_error": 0.08977758139371872, "mean_absolute_percentage_error": 15246.5419921875, "mean_absolute_error": 0.05924303084611893, "val_loss": 0.011844000779092312, "val_root_mean_squared_error": 0.10883014649152756, "val_mean_absolute_percentage_error": 56570.67578125, "val_mean_absolute_error": 0.07396794110536575, "_runtime": 146.70333409309387, "_step": 44, "best_val_loss": 0.011607909575104713, "best_epoch": 33, "Final MSE": 0.02186017856001854, "Final RMSE": 0.1478518843650818, "Final MAPE": 149943.703125, "Final MAE": 0.0986812636256218, "Total Training Time": 144.42020750045776, "Average Time per Epoch": 3.275762579657815, "_wandb": {"runtime": 144}}