{"epoch": 0, "_timestamp": 1703625391.138432, "loss": 0.021479502320289612, "root_mean_squared_error": 0.15238559246063232, "mean_absolute_percentage_error": 57616.234375, "mean_absolute_error": 0.09524381160736084, "val_loss": 0.023765649646520615, "val_root_mean_squared_error": 0.15416111052036285, "val_mean_absolute_percentage_error": 98721.4296875, "val_mean_absolute_error": 0.10265374183654785, "_runtime": 43.35902404785156, "_step": 1, "best_val_loss": 0.023765649646520615, "best_epoch": 0, "Final MSE": 0.03641318902373314, "Final RMSE": 0.19082240760326385, "Final MAPE": 199888.359375, "Final MAE": 0.13447129726409912, "Total Training Time": 42.17977428436279, "Average Time per Epoch": 40.2708535194397, "_wandb": {"runtime": 42}}