{"epoch": 0, "_timestamp": 1703819879.2839925, "loss": 0.005222910083830357, "root_mean_squared_error": 0.08160320669412613, "mean_absolute_percentage_error": 88693.0078125, "mean_absolute_error": 0.0400305837392807, "val_loss": 0.00755544425919652, "val_root_mean_squared_error": 0.0869220569729805, "val_mean_absolute_percentage_error": 102478.40625, "val_mean_absolute_error": 0.06054180487990379, "_runtime": 4.337395429611206, "_step": 1, "best_val_loss": 0.00755544425919652, "best_epoch": 0, "Final MSE": 0.0173611082136631, "Final RMSE": 0.1317615509033203, "Final MAPE": 252430.734375, "Final MAE": 0.08825550973415375, "Total Training Time": 2.590587854385376, "Average Time per Epoch": 2.445312023162842, "_wandb": {"runtime": 2}}