{"epoch": 21, "_timestamp": 1705614970.0096202, "loss": 0.005874141119420528, "root_mean_squared_error": 0.0766429454088211, "mean_absolute_percentage_error": 120834.8671875, "mean_absolute_error": 0.043829385191202164, "val_loss": 0.0053624967113137245, "val_root_mean_squared_error": 0.07322906702756882, "val_mean_absolute_percentage_error": 22363.412109375, "val_mean_absolute_error": 0.045450374484062195, "_runtime": 19.357224225997925, "_step": 22, "best_val_loss": 0.0051022800616919994, "best_epoch": 11, "Final MSE": 0.009880500845611095, "Final RMSE": 0.09940070658922195, "Final MAPE": 434617.46875, "Final MAE": 0.06322821229696274, "Total Training Time": 17.187581777572632, "Average Time per Epoch": 0.7752115184610541, "_wandb": {"runtime": 17}}