{"epoch": 21, "_timestamp": 1703651039.1673508, "loss": 0.007498390041291714, "root_mean_squared_error": 0.08659324795007706, "mean_absolute_percentage_error": 1781.1484375, "mean_absolute_error": 0.04967532306909561, "val_loss": 0.0070597524754703045, "val_root_mean_squared_error": 0.08402233570814133, "val_mean_absolute_percentage_error": 12649.9267578125, "val_mean_absolute_error": 0.048592254519462585, "_runtime": 21.393192768096924, "_step": 22, "best_val_loss": 0.006655666045844555, "best_epoch": 11, "Final MSE": 0.014442835934460163, "Final RMSE": 0.12017834931612015, "Final MAPE": 117703.9140625, "Final MAE": 0.07536301761865616, "Total Training Time": 19.2923903465271, "Average Time per Epoch": 0.8704204667698253, "_wandb": {"runtime": 19}}