{"epoch": 0, "_timestamp": 1703764656.3912995, "loss": 0.010464712977409363, "root_mean_squared_error": 0.10609021782875061, "mean_absolute_percentage_error": 119466.8125, "mean_absolute_error": 0.05003642290830612, "val_loss": 0.007778480648994446, "val_root_mean_squared_error": 0.08819567412137985, "val_mean_absolute_percentage_error": 157477.765625, "val_mean_absolute_error": 0.0603950172662735, "_runtime": 2.62870454788208, "_step": 1, "best_val_loss": 0.007778480648994446, "best_epoch": 0, "Final MSE": 0.017144786193966866, "Final RMSE": 0.1309381127357483, "Final MAPE": 427999.4375, "Final MAE": 0.08272572606801987, "Total Training Time": 1.5599071979522705, "Average Time per Epoch": 1.4766831398010254, "_wandb": {"runtime": 1}}