{"epoch": 0, "_timestamp": 1703647758.4624386, "loss": 0.01192696113139391, "root_mean_squared_error": 0.11084543168544769, "mean_absolute_percentage_error": 35809.64453125, "mean_absolute_error": 0.06855838745832443, "val_loss": 0.008335381746292114, "val_root_mean_squared_error": 0.09129831194877625, "val_mean_absolute_percentage_error": 85253.484375, "val_mean_absolute_error": 0.06954285502433777, "_runtime": 6.416820526123047, "_step": 1, "best_val_loss": 0.008335381746292114, "best_epoch": 0, "Final MSE": 0.014914341270923615, "Final RMSE": 0.12212428450584412, "Final MAPE": 177507.84375, "Final MAE": 0.08072519302368164, "Total Training Time": 4.734982490539551, "Average Time per Epoch": 4.537978410720825, "_wandb": {"runtime": 4}}