{"epoch": 0, "_timestamp": 1703764986.226313, "loss": 0.014855203218758106, "root_mean_squared_error": 0.13172855973243713, "mean_absolute_percentage_error": 51033.3828125, "mean_absolute_error": 0.09424211829900742, "val_loss": 0.02387365885078907, "val_root_mean_squared_error": 0.15451103448867798, "val_mean_absolute_percentage_error": 102636.2578125, "val_mean_absolute_error": 0.12494093924760818, "_runtime": 2.669628143310547, "_step": 1, "best_val_loss": 0.02387365885078907, "best_epoch": 0, "Final MSE": 0.03538515791296959, "Final RMSE": 0.18810942769050598, "Final MAPE": 208978.859375, "Final MAE": 0.13821810483932495, "Total Training Time": 1.5368199348449707, "Average Time per Epoch": 1.4458041191101074, "_wandb": {"runtime": 1}}