{"epoch": 21, "_timestamp": 1703147953.4803903, "loss": 0.0053287073969841, "root_mean_squared_error": 0.07299799472093582, "mean_absolute_percentage_error": 61087.125, "mean_absolute_error": 0.03795632719993591, "val_loss": 0.008482329547405243, "val_root_mean_squared_error": 0.09209956228733063, "val_mean_absolute_percentage_error": 17313.93359375, "val_mean_absolute_error": 0.037154149264097214, "_runtime": 19.96107840538025, "_step": 22, "best_val_loss": 0.008124134503304958, "best_epoch": 11, "Final MSE": 0.013744502328336239, "Final RMSE": 0.11723694950342178, "Final MAPE": 110018.09375, "Final MAE": 0.051934849470853806, "Total Training Time": 17.765870332717896, "Average Time per Epoch": 0.8010463497855447, "_wandb": {"runtime": 18}}