{"epoch": 0, "_timestamp": 1703557348.8970747, "loss": 0.005511251278221607, "root_mean_squared_error": 0.08346237987279892, "mean_absolute_percentage_error": 39050.609375, "mean_absolute_error": 0.05062703788280487, "val_loss": 0.007867604494094849, "val_root_mean_squared_error": 0.08869951963424683, "val_mean_absolute_percentage_error": 94773.7109375, "val_mean_absolute_error": 0.058316923677921295, "_runtime": 6.5536417961120605, "_step": 1, "best_val_loss": 0.007867604494094849, "best_epoch": 0, "Final MSE": 0.009773079305887222, "Final RMSE": 0.09885888546705246, "Final MAPE": 213932.828125, "Final MAE": 0.061842966824769974, "Total Training Time": 4.881365060806274, "Average Time per Epoch": 4.670317888259888, "_wandb": {"runtime": 5}}