{"epoch": 0, "_timestamp": 1703657234.241206, "loss": 0.005773819051682949, "root_mean_squared_error": 0.07581391930580139, "mean_absolute_percentage_error": 41979.1484375, "mean_absolute_error": 0.0545235238969326, "val_loss": 0.007245494052767754, "val_root_mean_squared_error": 0.08512046933174133, "val_mean_absolute_percentage_error": 83273.4140625, "val_mean_absolute_error": 0.06379754096269608, "_runtime": 4.507760047912598, "_step": 1, "best_val_loss": 0.007245494052767754, "best_epoch": 0, "Final MSE": 0.005552084185183048, "Final RMSE": 0.0745123103260994, "Final MAPE": 140726.4375, "Final MAE": 0.05262092500925064, "Total Training Time": 2.7066619396209717, "Average Time per Epoch": 2.5546295642852783, "_wandb": {"runtime": 2}}