{"epoch": 0, "_timestamp": 1703764907.9281633, "loss": 0.015447653830051422, "root_mean_squared_error": 0.13510733842849731, "mean_absolute_percentage_error": 84097.8125, "mean_absolute_error": 0.08978460729122162, "val_loss": 0.028786493465304375, "val_root_mean_squared_error": 0.1696658581495285, "val_mean_absolute_percentage_error": 56858.19921875, "val_mean_absolute_error": 0.11329043656587601, "_runtime": 3.4188413619995117, "_step": 1, "best_val_loss": 0.028786493465304375, "best_epoch": 0, "Final MSE": 0.03789687529206276, "Final RMSE": 0.19467119872570038, "Final MAPE": 115233.9765625, "Final MAE": 0.13864903151988983, "Total Training Time": 1.5159175395965576, "Average Time per Epoch": 1.4284274578094482, "_wandb": {"runtime": 1}}