{"epoch": 39, "_timestamp": 1703708861.548762, "loss": 0.010369143448770046, "root_mean_squared_error": 0.10182899236679077, "mean_absolute_percentage_error": 10049846.0, "mean_absolute_error": 0.05811025947332382, "val_loss": 0.05213126912713051, "val_root_mean_squared_error": 0.22832272946834564, "val_mean_absolute_percentage_error": 78573240.0, "val_mean_absolute_error": 0.16403166949748993, "_runtime": 805.6839001178741, "_step": 40, "best_val_loss": 0.045573074370622635, "best_epoch": 29, "Final MSE": 0.05916844680905342, "Final RMSE": 0.24324564635753632, "Final MAPE": 78314112.0, "Final MAE": 0.16788887977600098, "Total Training Time": 803.2162034511566, "Average Time per Epoch": 20.05110059976578, "_wandb": {"runtime": 803}}