{"epoch": 0, "_timestamp": 1703804697.3247077, "loss": 0.01542755588889122, "root_mean_squared_error": 0.1275462806224823, "mean_absolute_percentage_error": 60478.94921875, "mean_absolute_error": 0.07479796558618546, "val_loss": 0.01726330816745758, "val_root_mean_squared_error": 0.13138991594314575, "val_mean_absolute_percentage_error": 61384.6796875, "val_mean_absolute_error": 0.08056936413049698, "_runtime": 12.30226182937622, "_step": 1, "best_val_loss": 0.01726330816745758, "best_epoch": 0, "Final MSE": 0.021283922716975212, "Final RMSE": 0.14589010179042816, "Final MAPE": 537796.4375, "Final MAE": 0.09353967010974884, "Total Training Time": 4.39418888092041, "Average Time per Epoch": 4.248310565948486, "_wandb": {"runtime": 4}}