{"epoch": 0, "_timestamp": 1703564733.7814295, "loss": 0.006453892681747675, "root_mean_squared_error": 0.08805891126394272, "mean_absolute_percentage_error": 57662.76953125, "mean_absolute_error": 0.05298367142677307, "val_loss": 0.008288801647722721, "val_root_mean_squared_error": 0.09104285389184952, "val_mean_absolute_percentage_error": 67992.71875, "val_mean_absolute_error": 0.0665278434753418, "_runtime": 4.613484621047974, "_step": 1, "best_val_loss": 0.008288801647722721, "best_epoch": 0, "Final MSE": 0.017466600984334946, "Final RMSE": 0.13216127455234528, "Final MAPE": 212130.09375, "Final MAE": 0.09768933802843094, "Total Training Time": 2.7522034645080566, "Average Time per Epoch": 2.6001899242401123, "_wandb": {"runtime": 3}}