{"epoch": 25, "_timestamp": 1703551839.9610856, "loss": 0.005101664923131466, "root_mean_squared_error": 0.07142593711614609, "mean_absolute_percentage_error": 12076.560546875, "mean_absolute_error": 0.04622076824307442, "val_loss": 0.01688430644571781, "val_root_mean_squared_error": 0.12993963062763214, "val_mean_absolute_percentage_error": 238596.421875, "val_mean_absolute_error": 0.10713411867618561, "_runtime": 66.89522647857666, "_step": 26, "best_val_loss": 0.014916311018168926, "best_epoch": 15, "Final MSE": 0.013906906358897686, "Final RMSE": 0.11792754381895065, "Final MAPE": 121100.59375, "Final MAE": 0.09907450526952744, "Total Training Time": 64.54706168174744, "Average Time per Epoch": 2.4735562801361084, "_wandb": {"runtime": 65}}