{"epoch": 49, "_timestamp": 1705604734.214855, "loss": 0.004627516493201256, "root_mean_squared_error": 0.0680258497595787, "mean_absolute_percentage_error": 7917.18896484375, "mean_absolute_error": 0.03142086789011955, "val_loss": 0.014183025807142258, "val_root_mean_squared_error": 0.11909250915050507, "val_mean_absolute_percentage_error": 83786.59375, "val_mean_absolute_error": 0.08010387420654297, "_runtime": 161.96598291397095, "_step": 50, "best_val_loss": 0.011430494487285614, "best_epoch": 39, "Final MSE": 0.0202267374843359, "Final RMSE": 0.14222073554992676, "Final MAPE": 263600.03125, "Final MAE": 0.08996490389108658, "Total Training Time": 159.5809326171875, "Average Time per Epoch": 3.186308641433716, "_wandb": {"runtime": 160}}