{"epoch": 15, "_timestamp": 1703801651.8048582, "loss": 0.009626459330320358, "root_mean_squared_error": 0.09811452031135559, "mean_absolute_percentage_error": 9013.4130859375, "mean_absolute_error": 0.05604848265647888, "val_loss": 0.016010712832212448, "val_root_mean_squared_error": 0.12653344869613647, "val_mean_absolute_percentage_error": 25137.5, "val_mean_absolute_error": 0.07469368726015091, "_runtime": 33.7453031539917, "_step": 16, "best_val_loss": 0.015550076961517334, "best_epoch": 5, "Final MSE": 0.02879592776298523, "Final RMSE": 0.16969363391399384, "Final MAPE": 123551.7578125, "Final MAE": 0.11498387157917023, "Total Training Time": 32.259451389312744, "Average Time per Epoch": 2.006914734840393, "_wandb": {"runtime": 32}}