{"epoch": 27, "_timestamp": 1703904478.9018009, "loss": 0.006467943545430899, "root_mean_squared_error": 0.08042352646589279, "mean_absolute_percentage_error": 20296.322265625, "mean_absolute_error": 0.052427150309085846, "val_loss": 0.011921858415007591, "val_root_mean_squared_error": 0.10918726027011871, "val_mean_absolute_percentage_error": 76672.734375, "val_mean_absolute_error": 0.07764576375484467, "_runtime": 87.3349997997284, "_step": 28, "best_val_loss": 0.010782350786030293, "best_epoch": 17, "Final MSE": 0.020439626649022102, "Final RMSE": 0.14296722412109375, "Final MAPE": 56723.3359375, "Final MAE": 0.10351241379976273, "Total Training Time": 84.87536811828613, "Average Time per Epoch": 3.0232997877257213, "_wandb": {"runtime": 85}}