{"epoch": 22, "_timestamp": 1705625426.0494936, "loss": 0.006499029695987701, "root_mean_squared_error": 0.0806165561079979, "mean_absolute_percentage_error": 5450.17333984375, "mean_absolute_error": 0.04531259462237358, "val_loss": 0.011976849287748337, "val_root_mean_squared_error": 0.10943879187107086, "val_mean_absolute_percentage_error": 40649.5546875, "val_mean_absolute_error": 0.05878719687461853, "_runtime": 52.08638858795166, "_step": 23, "best_val_loss": 0.01123661920428276, "best_epoch": 12, "Final MSE": 0.013825948350131512, "Final RMSE": 0.11758379638195038, "Final MAPE": 34929.2734375, "Final MAE": 0.07802587002515793, "Total Training Time": 49.516308307647705, "Average Time per Epoch": 2.144060653188954, "_wandb": {"runtime": 50}}