{"epoch": 0, "_timestamp": 1703596213.106997, "loss": 0.026596948504447937, "root_mean_squared_error": 0.16094933450222015, "mean_absolute_percentage_error": 121623.78125, "mean_absolute_error": 0.12392893433570862, "val_loss": 0.031163755804300308, "val_root_mean_squared_error": 0.1765325963497162, "val_mean_absolute_percentage_error": 245509.703125, "val_mean_absolute_error": 0.14795023202896118, "_runtime": 3.6037421226501465, "_step": 1, "best_val_loss": 0.031163755804300308, "best_epoch": 0, "Final MSE": 0.020628437399864197, "Final RMSE": 0.14362603425979614, "Final MAPE": 495921.15625, "Final MAE": 0.09608513861894608, "Total Training Time": 1.6277709007263184, "Average Time per Epoch": 1.5227181911468506, "_wandb": {"runtime": 1}}