{"epoch": 0, "_timestamp": 1703647508.505802, "loss": 0.007093485910445452, "root_mean_squared_error": 0.08785033226013184, "mean_absolute_percentage_error": 37197.85546875, "mean_absolute_error": 0.05899014323949814, "val_loss": 0.007434383500367403, "val_root_mean_squared_error": 0.08622287213802338, "val_mean_absolute_percentage_error": 102186.40625, "val_mean_absolute_error": 0.06108563393354416, "_runtime": 6.692238807678223, "_step": 1, "best_val_loss": 0.007434383500367403, "best_epoch": 0, "Final MSE": 0.011266060173511505, "Final RMSE": 0.10614170134067535, "Final MAPE": 76777.1875, "Final MAE": 0.07736662775278091, "Total Training Time": 4.9250547885894775, "Average Time per Epoch": 4.722007513046265, "_wandb": {"runtime": 5}}