{"epoch": 0, "_timestamp": 1703812252.79567, "loss": 0.005606558173894882, "root_mean_squared_error": 0.07830403000116348, "mean_absolute_percentage_error": 56313.7109375, "mean_absolute_error": 0.048938870429992676, "val_loss": 0.007979363203048706, "val_root_mean_squared_error": 0.08932728320360184, "val_mean_absolute_percentage_error": 42543.41796875, "val_mean_absolute_error": 0.052338194102048874, "_runtime": 6.273141145706177, "_step": 1, "best_val_loss": 0.007979363203048706, "best_epoch": 0, "Final MSE": 0.009735913947224617, "Final RMSE": 0.09867073595523834, "Final MAPE": 163514.578125, "Final MAE": 0.05798303708434105, "Total Training Time": 4.508255958557129, "Average Time per Epoch": 4.304492473602295, "_wandb": {"runtime": 4}}