{"epoch": 19, "_timestamp": 1703770744.5066624, "loss": 0.013092702254652977, "root_mean_squared_error": 0.11442334949970245, "mean_absolute_percentage_error": 10990.857421875, "mean_absolute_error": 0.06706302613019943, "val_loss": 0.010046311654150486, "val_root_mean_squared_error": 0.10023128986358643, "val_mean_absolute_percentage_error": 93860.5859375, "val_mean_absolute_error": 0.06895975023508072, "_runtime": 189.43604445457458, "_step": 20, "best_val_loss": 0.008716320618987083, "best_epoch": 9, "Final MSE": 0.021445738151669502, "Final RMSE": 0.14644363522529602, "Final MAPE": 76743.8515625, "Final MAE": 0.10108024626970291, "Total Training Time": 187.9670958518982, "Average Time per Epoch": 9.367540872097015, "_wandb": {"runtime": 188}}