{"epoch": 46, "_timestamp": 1703847860.084086, "loss": 0.008972922340035439, "root_mean_squared_error": 0.09472551196813583, "mean_absolute_percentage_error": 35061.8984375, "mean_absolute_error": 0.0623793862760067, "val_loss": 0.017523089423775673, "val_root_mean_squared_error": 0.1323748081922531, "val_mean_absolute_percentage_error": 49741.65234375, "val_mean_absolute_error": 0.08434490859508514, "_runtime": 108.41379594802856, "_step": 47, "best_val_loss": 0.015216903761029243, "best_epoch": 36, "Final MSE": 0.027661345899105072, "Final RMSE": 0.16631700098514557, "Final MAPE": 89338.3671875, "Final MAE": 0.11393705755472183, "Total Training Time": 106.82724738121033, "Average Time per Epoch": 2.2676104636902505, "_wandb": {"runtime": 107}}