{"epoch": 0, "_timestamp": 1703804307.8529453, "loss": 0.006960493978112936, "root_mean_squared_error": 0.09607291221618652, "mean_absolute_percentage_error": 174154.75, "mean_absolute_error": 0.05899890884757042, "val_loss": 0.011954198591411114, "val_root_mean_squared_error": 0.10933525860309601, "val_mean_absolute_percentage_error": 430115.375, "val_mean_absolute_error": 0.06250147521495819, "_runtime": 11.041288375854492, "_step": 1, "best_val_loss": 0.011954198591411114, "best_epoch": 0, "Final MSE": 0.02566467598080635, "Final RMSE": 0.16020198166370392, "Final MAPE": 526712.3125, "Final MAE": 0.1086447462439537, "Total Training Time": 4.45510196685791, "Average Time per Epoch": 4.306292772293091, "_wandb": {"runtime": 4}}