{"epoch": 20, "_timestamp": 1703702306.0423946, "loss": 0.009034933522343636, "root_mean_squared_error": 0.09505226463079453, "mean_absolute_percentage_error": 8526644.0, "mean_absolute_error": 0.056161731481552124, "val_loss": 0.03943561762571335, "val_root_mean_squared_error": 0.19858403503894806, "val_mean_absolute_percentage_error": 39904904.0, "val_mean_absolute_error": 0.12954849004745483, "_runtime": 395.8242857456207, "_step": 21, "best_val_loss": 0.036600831896066666, "best_epoch": 10, "Final MSE": 0.06312589347362518, "Final RMSE": 0.25124865770339966, "Final MAPE": 53221756.0, "Final MAE": 0.15760210156440735, "Total Training Time": 393.4027841091156, "Average Time per Epoch": 18.684045814332507, "_wandb": {"runtime": 393}}