{"epoch": 12, "_timestamp": 1703188614.4792156, "loss": 0.008768115192651749, "root_mean_squared_error": 0.09363821148872375, "mean_absolute_percentage_error": 15588.376953125, "mean_absolute_error": 0.05405989661812782, "val_loss": 0.011180270463228226, "val_root_mean_squared_error": 0.10573679953813553, "val_mean_absolute_percentage_error": 16255.9375, "val_mean_absolute_error": 0.06468280404806137, "_runtime": 36.38327360153198, "_step": 13, "best_val_loss": 0.00848753098398447, "best_epoch": 2, "Final MSE": 0.01507660560309887, "Final RMSE": 0.12278682738542557, "Final MAPE": 41052.2734375, "Final MAE": 0.08119236677885056, "Total Training Time": 33.682934522628784, "Average Time per Epoch": 2.5772956151228685, "_wandb": {"runtime": 34}}