{"epoch": 22, "_timestamp": 1703856985.6973765, "loss": 0.019824720919132233, "root_mean_squared_error": 0.14080028235912323, "mean_absolute_percentage_error": 15170.67578125, "mean_absolute_error": 0.09908360987901688, "val_loss": 0.023211346939206123, "val_root_mean_squared_error": 0.1523527055978775, "val_mean_absolute_percentage_error": 66293.015625, "val_mean_absolute_error": 0.09168429672718048, "_runtime": 122.28750252723694, "_step": 23, "best_val_loss": 0.022064579650759697, "best_epoch": 12, "Final MSE": 0.028462247923016548, "Final RMSE": 0.16870757937431335, "Final MAPE": 128007.875, "Final MAE": 0.11635047197341919, "Total Training Time": 119.93424963951111, "Average Time per Epoch": 5.198412573855856, "_wandb": {"runtime": 120}}