{"epoch": 0, "_timestamp": 1703592144.5274165, "loss": 0.008977201767265797, "root_mean_squared_error": 0.09958845376968384, "mean_absolute_percentage_error": 24984.40234375, "mean_absolute_error": 0.058076173067092896, "val_loss": 0.009412609040737152, "val_root_mean_squared_error": 0.09701859951019287, "val_mean_absolute_percentage_error": 44624.625, "val_mean_absolute_error": 0.06346605718135834, "_runtime": 7.456042528152466, "_step": 1, "best_val_loss": 0.009412609040737152, "best_epoch": 0, "Final MSE": 0.011774899438023567, "Final RMSE": 0.10851220786571503, "Final MAPE": 20207.453125, "Final MAE": 0.07926446199417114, "Total Training Time": 6.262659549713135, "Average Time per Epoch": 6.103659629821777, "_wandb": {"runtime": 6}}