{"epoch": 16, "_timestamp": 1703894084.7898118, "loss": 0.01599479652941227, "root_mean_squared_error": 0.12647053599357605, "mean_absolute_percentage_error": 1121.7906494140625, "mean_absolute_error": 0.08287697285413742, "val_loss": 0.021452216431498528, "val_root_mean_squared_error": 0.1464657485485077, "val_mean_absolute_percentage_error": 174693.375, "val_mean_absolute_error": 0.0910031870007515, "_runtime": 22.67455291748047, "_step": 17, "best_val_loss": 0.020291104912757874, "best_epoch": 6, "Final MSE": 0.025653578341007233, "Final RMSE": 0.16016735136508942, "Final MAPE": 308928.25, "Final MAE": 0.10802629590034485, "Total Training Time": 21.446609497070312, "Average Time per Epoch": 1.2531280517578125, "_wandb": {"runtime": 21}}