{"epoch": 23, "_timestamp": 1703643007.8961084, "loss": 0.008762669749557972, "root_mean_squared_error": 0.09360913187265396, "mean_absolute_percentage_error": 3737.794677734375, "mean_absolute_error": 0.06459867209196091, "val_loss": 0.014410099945962429, "val_root_mean_squared_error": 0.12004207819700241, "val_mean_absolute_percentage_error": 145208.609375, "val_mean_absolute_error": 0.0859072357416153, "_runtime": 59.32220244407654, "_step": 24, "best_val_loss": 0.014099104329943657, "best_epoch": 13, "Final MSE": 0.011388605460524559, "Final RMSE": 0.10671740770339966, "Final MAPE": 249779.015625, "Final MAE": 0.08292831480503082, "Total Training Time": 57.251277446746826, "Average Time per Epoch": 2.376260350147883, "_wandb": {"runtime": 57}}