{"epoch": 29, "_timestamp": 1703651523.5874243, "loss": 0.008364131674170494, "root_mean_squared_error": 0.0914556235074997, "mean_absolute_percentage_error": 19969.744140625, "mean_absolute_error": 0.06179307401180267, "val_loss": 0.010373234748840332, "val_root_mean_squared_error": 0.10184907913208008, "val_mean_absolute_percentage_error": 50458.85546875, "val_mean_absolute_error": 0.06715981662273407, "_runtime": 27.32982039451599, "_step": 30, "best_val_loss": 0.01022288016974926, "best_epoch": 19, "Final MSE": 0.021421948447823524, "Final RMSE": 0.14636239409446716, "Final MAPE": 293937.03125, "Final MAE": 0.11017893254756927, "Total Training Time": 25.215944051742554, "Average Time per Epoch": 0.8355974594751994, "_wandb": {"runtime": 25}}