{"epoch": 0, "_timestamp": 1703819255.2496605, "loss": 0.011778762564063072, "root_mean_squared_error": 0.11138839274644852, "mean_absolute_percentage_error": 13777.572265625, "mean_absolute_error": 0.06632601469755173, "val_loss": 0.012800063006579876, "val_root_mean_squared_error": 0.11313736438751221, "val_mean_absolute_percentage_error": 141333.3125, "val_mean_absolute_error": 0.08657870441675186, "_runtime": 4.389091491699219, "_step": 1, "best_val_loss": 0.012800063006579876, "best_epoch": 0, "Final MSE": 0.018361683934926987, "Final RMSE": 0.1355052888393402, "Final MAPE": 16676.998046875, "Final MAE": 0.09687216579914093, "Total Training Time": 2.581681251525879, "Average Time per Epoch": 2.4450523853302, "_wandb": {"runtime": 2}}