{"epoch": 33, "_timestamp": 1705578484.53179, "loss": 0.005959213711321354, "root_mean_squared_error": 0.07719594240188599, "mean_absolute_percentage_error": 50883.5234375, "mean_absolute_error": 0.04669767618179321, "val_loss": 0.007051712833344936, "val_root_mean_squared_error": 0.08397448062896729, "val_mean_absolute_percentage_error": 11294.63671875, "val_mean_absolute_error": 0.04934393987059593, "_runtime": 28.73712992668152, "_step": 34, "best_val_loss": 0.006873217411339283, "best_epoch": 23, "Final MSE": 0.017152996733784676, "Final RMSE": 0.13096944987773895, "Final MAPE": 140134.890625, "Final MAE": 0.08519215136766434, "Total Training Time": 26.51512622833252, "Average Time per Epoch": 0.7753983315299539, "_wandb": {"runtime": 26}}