{"batch/loss": 0.013785572722554207, "batch/mean_absolute_percentage_error": 53750.5625, "batch/mean_absolute_error": 0.08127350360155106, "batch/batch_step": 1122, "batch/learning_rate": 0.0010000000474974513, "_timestamp": 1700577949.51636, "_runtime": 441.0931861400604, "_step": 2440, "epoch/loss": 0.010224798694252968, "epoch/mean_absolute_percentage_error": 56722.0, "epoch/mean_absolute_error": 0.06853237748146057, "epoch/val_loss": 0.016611389815807343, "epoch/val_mean_absolute_percentage_error": 61965.9296875, "epoch/val_mean_absolute_error": 0.08981719613075256, "epoch/epoch": 40, "epoch/learning_rate": 0.0010000000474974513}