{"epoch": 0, "_timestamp": 1703536306.5865448, "loss": 0.004269440192729235, "root_mean_squared_error": 0.0835447832942009, "mean_absolute_percentage_error": 220998.796875, "mean_absolute_error": 0.04366332292556763, "val_loss": 0.007296997122466564, "val_root_mean_squared_error": 0.08542246371507645, "val_mean_absolute_percentage_error": 37.39962387084961, "val_mean_absolute_error": 0.04639758542180061, "_runtime": 17.187334775924683, "_step": 1, "best_val_loss": 0.007296997122466564, "best_epoch": 0, "Final MSE": 0.008701561018824577, "Final RMSE": 0.09328215569257736, "Final MAPE": 341638.65625, "Final MAE": 0.06219092383980751, "Total Training Time": 15.760893106460571, "Average Time per Epoch": 15.135293245315552, "_wandb": {"runtime": 16}}