{"epoch": 0, "_timestamp": 1703656760.1934845, "loss": 0.004160850774496794, "root_mean_squared_error": 0.07204597443342209, "mean_absolute_percentage_error": 14173.5703125, "mean_absolute_error": 0.03713644668459892, "val_loss": 0.005334554240107536, "val_root_mean_squared_error": 0.07303803414106369, "val_mean_absolute_percentage_error": 30203.69140625, "val_mean_absolute_error": 0.048888012766838074, "_runtime": 4.500060558319092, "_step": 1, "best_val_loss": 0.005334554240107536, "best_epoch": 0, "Final MSE": 0.01276442687958479, "Final RMSE": 0.11297976225614548, "Final MAPE": 32317.224609375, "Final MAE": 0.05780032277107239, "Total Training Time": 2.7291762828826904, "Average Time per Epoch": 2.579756259918213, "_wandb": {"runtime": 2}}