{"epoch": 17, "_timestamp": 1703812994.858746, "loss": 0.013681893236935139, "root_mean_squared_error": 0.11696962267160416, "mean_absolute_percentage_error": 30830.798828125, "mean_absolute_error": 0.06860233098268509, "val_loss": 0.018029650673270226, "val_root_mean_squared_error": 0.13427452743053436, "val_mean_absolute_percentage_error": 88560.3046875, "val_mean_absolute_error": 0.09490708261728287, "_runtime": 16.83796715736389, "_step": 18, "best_val_loss": 0.017324412241578102, "best_epoch": 7, "Final MSE": 0.0239481832832098, "Final RMSE": 0.1547520011663437, "Final MAPE": 771435.6875, "Final MAE": 0.11834250390529633, "Total Training Time": 15.41342806816101, "Average Time per Epoch": 0.849255747265286, "_wandb": {"runtime": 15}}