{"epoch": 0, "_timestamp": 1703761618.1267397, "loss": 0.005302962381392717, "root_mean_squared_error": 0.08711828291416168, "mean_absolute_percentage_error": 80210.0703125, "mean_absolute_error": 0.04166252538561821, "val_loss": 0.00641601299867034, "val_root_mean_squared_error": 0.08010002225637436, "val_mean_absolute_percentage_error": 100185.5859375, "val_mean_absolute_error": 0.04463035613298416, "_runtime": 7.477197647094727, "_step": 1, "best_val_loss": 0.00641601299867034, "best_epoch": 0, "Final MSE": 0.01334613561630249, "Final RMSE": 0.11552547663450241, "Final MAPE": 212244.984375, "Final MAE": 0.061232831329107285, "Total Training Time": 6.195868968963623, "Average Time per Epoch": 6.045950412750244, "_wandb": {"runtime": 6}}