{"epoch": 0, "_timestamp": 1703727980.0052109, "loss": 0.008124067448079586, "root_mean_squared_error": 0.09671229869127274, "mean_absolute_percentage_error": 9337499.0, "mean_absolute_error": 0.05507585033774376, "val_loss": 0.01623896136879921, "val_root_mean_squared_error": 0.127432182431221, "val_mean_absolute_percentage_error": 9642033.0, "val_mean_absolute_error": 0.07378828525543213, "_runtime": 10.171917915344238, "_step": 1, "best_val_loss": 0.01623896136879921, "best_epoch": 0, "Final MSE": 0.0169755257666111, "Final RMSE": 0.1302901655435562, "Final MAPE": 14081241.0, "Final MAE": 0.06659156084060669, "Total Training Time": 4.5215840339660645, "Average Time per Epoch": 4.372060537338257, "_wandb": {"runtime": 4}}