{"epoch": 30, "_timestamp": 1703553514.3263085, "loss": 0.007494728080928326, "root_mean_squared_error": 0.08657209575176239, "mean_absolute_percentage_error": 126285.2578125, "mean_absolute_error": 0.05862176790833473, "val_loss": 0.010367858223617077, "val_root_mean_squared_error": 0.10182268172502518, "val_mean_absolute_percentage_error": 48143.609375, "val_mean_absolute_error": 0.06854419410228729, "_runtime": 83.13945460319519, "_step": 31, "best_val_loss": 0.00914500281214714, "best_epoch": 20, "Final MSE": 0.02181583270430565, "Final RMSE": 0.14770184457302094, "Final MAPE": 334270.3125, "Final MAE": 0.08692310750484467, "Total Training Time": 81.13024878501892, "Average Time per Epoch": 2.6089698345430437, "_wandb": {"runtime": 81}}