{"epoch": 0, "_timestamp": 1703639518.9214597, "loss": 0.01818127930164337, "root_mean_squared_error": 0.13824504613876343, "mean_absolute_percentage_error": 30459.85546875, "mean_absolute_error": 0.09495189040899277, "val_loss": 0.024303987622261047, "val_root_mean_squared_error": 0.1558973640203476, "val_mean_absolute_percentage_error": 42858.09765625, "val_mean_absolute_error": 0.0984584391117096, "_runtime": 9.246370792388916, "_step": 1, "best_val_loss": 0.024303987622261047, "best_epoch": 0, "Final MSE": 0.02601260505616665, "Final RMSE": 0.16128423810005188, "Final MAPE": 123029.6875, "Final MAE": 0.107689768075943, "Total Training Time": 4.487983465194702, "Average Time per Epoch": 4.343930244445801, "_wandb": {"runtime": 4}}