{"epoch": 0, "_timestamp": 1702915864.5812871, "loss": 0.0062324246391654015, "root_mean_squared_error": 0.08416016399860382, "mean_absolute_percentage_error": 22385.11328125, "mean_absolute_error": 0.048610322177410126, "val_loss": 0.011478337459266186, "val_root_mean_squared_error": 0.10713700205087662, "val_mean_absolute_percentage_error": 13932.9375, "val_mean_absolute_error": 0.0625607818365097, "_runtime": 14.55887508392334, "_step": 1, "best_val_loss": 0.011478337459266186, "best_epoch": 0, "Final MSE": 0.01983213797211647, "Final RMSE": 0.14082662761211395, "Final MAPE": 44638.4765625, "Final MAE": 0.0924786850810051, "Total Training Time": 11.32141637802124, "Average Time per Epoch": 10.942084789276123, "_wandb": {"runtime": 12}}