{"epoch": 31, "_timestamp": 1703893837.843015, "loss": 0.005787774454802275, "root_mean_squared_error": 0.0760774239897728, "mean_absolute_percentage_error": 131548.9375, "mean_absolute_error": 0.04768247529864311, "val_loss": 0.010963696986436844, "val_root_mean_squared_error": 0.10470767319202423, "val_mean_absolute_percentage_error": 569094.0, "val_mean_absolute_error": 0.06093931570649147, "_runtime": 26.432792901992798, "_step": 32, "best_val_loss": 0.010883876122534275, "best_epoch": 21, "Final MSE": 0.02504155784845352, "Final RMSE": 0.158245250582695, "Final MAPE": 608889.5, "Final MAE": 0.10511559993028641, "Total Training Time": 24.258286476135254, "Average Time per Epoch": 0.752997063100338, "_wandb": {"runtime": 24}}