{"epoch": 21, "_timestamp": 1703094160.287691, "loss": 0.005552916321903467, "root_mean_squared_error": 0.07451789081096649, "mean_absolute_percentage_error": 174548.046875, "mean_absolute_error": 0.04472169280052185, "val_loss": 0.011520501226186752, "val_root_mean_squared_error": 0.10733360052108765, "val_mean_absolute_percentage_error": 295069.25, "val_mean_absolute_error": 0.06209307536482811, "_runtime": 64.06387209892273, "_step": 22, "best_val_loss": 0.010870699770748615, "best_epoch": 11, "Final MSE": 0.01498283538967371, "Final RMSE": 0.12240439653396606, "Final MAPE": 39911.0078125, "Final MAE": 0.06821759045124054, "Total Training Time": 57.452080488204956, "Average Time per Epoch": 2.6010028448971836, "_wandb": {"runtime": 62}}