{"epoch": 14, "_timestamp": 1703307777.36319, "loss": 0.015230884775519371, "root_mean_squared_error": 0.12341347336769104, "mean_absolute_percentage_error": 12755.05859375, "mean_absolute_error": 0.07853728532791138, "val_loss": 0.013910789974033833, "val_root_mean_squared_error": 0.11794400960206985, "val_mean_absolute_percentage_error": 50212.8515625, "val_mean_absolute_error": 0.08114444464445114, "_runtime": 61.270450830459595, "_step": 15, "best_val_loss": 0.013560706749558449, "best_epoch": 4, "Final MSE": 0.01893448457121849, "Final RMSE": 0.13760262727737427, "Final MAPE": 172225.546875, "Final MAE": 0.09880339354276657, "Total Training Time": 58.98598790168762, "Average Time per Epoch": 3.9130780855814615, "_wandb": {"runtime": 59}}