{"epoch": 12, "_timestamp": 1703197690.1772482, "loss": 0.02696436084806919, "root_mean_squared_error": 0.16420826315879822, "mean_absolute_percentage_error": 30342.837890625, "mean_absolute_error": 0.11689633876085281, "val_loss": 0.01130509190261364, "val_root_mean_squared_error": 0.10632539540529251, "val_mean_absolute_percentage_error": 124.71399688720703, "val_mean_absolute_error": 0.08237721771001816, "_runtime": 12.54142713546753, "_step": 13, "best_val_loss": 0.010351811535656452, "best_epoch": 2, "Final MSE": 0.03474535048007965, "Final RMSE": 0.18640106916427612, "Final MAPE": 204449.84375, "Final MAE": 0.11791862547397614, "Total Training Time": 10.36131477355957, "Average Time per Epoch": 0.7878704988039457, "_wandb": {"runtime": 10}}