{"epoch": 25, "_timestamp": 1705594846.5458765, "loss": 0.004829944111406803, "root_mean_squared_error": 0.06949780136346817, "mean_absolute_percentage_error": 53048.61328125, "mean_absolute_error": 0.03413957357406616, "val_loss": 0.005758101120591164, "val_root_mean_squared_error": 0.07588215172290802, "val_mean_absolute_percentage_error": 108362.4296875, "val_mean_absolute_error": 0.044977400451898575, "_runtime": 69.38633847236633, "_step": 26, "best_val_loss": 0.005443727597594261, "best_epoch": 15, "Final MSE": 0.013530775904655457, "Final RMSE": 0.116321861743927, "Final MAPE": 113623.4375, "Final MAE": 0.06345754861831665, "Total Training Time": 67.88767218589783, "Average Time per Epoch": 2.602645681454585, "_wandb": {"runtime": 68}}