{"epoch": 34, "_timestamp": 1705615211.204741, "loss": 0.0066588218323886395, "root_mean_squared_error": 0.08160160481929779, "mean_absolute_percentage_error": 17645.08203125, "mean_absolute_error": 0.053431376814842224, "val_loss": 0.011916509829461575, "val_root_mean_squared_error": 0.10916277021169662, "val_mean_absolute_percentage_error": 81439.5390625, "val_mean_absolute_error": 0.07350794225931168, "_runtime": 28.70357608795166, "_step": 35, "best_val_loss": 0.011319956742227077, "best_epoch": 24, "Final MSE": 0.020628800615668297, "Final RMSE": 0.14362730085849762, "Final MAPE": 103623.421875, "Final MAE": 0.10319986939430237, "Total Training Time": 26.525651693344116, "Average Time per Epoch": 0.753544671194894, "_wandb": {"runtime": 26}}