{"epoch": 0, "_timestamp": 1703741163.4966044, "loss": 0.008185431361198425, "root_mean_squared_error": 0.09314633905887604, "mean_absolute_percentage_error": 8279742.0, "mean_absolute_error": 0.05438440293073654, "val_loss": 0.010509822517633438, "val_root_mean_squared_error": 0.10251742601394653, "val_mean_absolute_percentage_error": 6956516.5, "val_mean_absolute_error": 0.05770516395568848, "_runtime": 3.793492555618286, "_step": 1, "best_val_loss": 0.010509822517633438, "best_epoch": 0, "Final MSE": 0.012875416316092014, "Final RMSE": 0.11346989125013351, "Final MAPE": 10437678.0, "Final MAE": 0.06258893758058548, "Total Training Time": 1.8627123832702637, "Average Time per Epoch": 1.7614386081695557, "_wandb": {"runtime": 2}}