{"epoch": 20, "_timestamp": 1703090227.1597047, "loss": 0.00453859381377697, "root_mean_squared_error": 0.06736908853054047, "mean_absolute_percentage_error": 10535.72265625, "mean_absolute_error": 0.038462650030851364, "val_loss": 0.012373341247439384, "val_root_mean_squared_error": 0.11123552173376083, "val_mean_absolute_percentage_error": 94376.1875, "val_mean_absolute_error": 0.06597455590963364, "_runtime": 55.94731569290161, "_step": 21, "best_val_loss": 0.01174842193722725, "best_epoch": 10, "Final MSE": 0.02458774298429489, "Final RMSE": 0.15680480003356934, "Final MAPE": 51740.9765625, "Final MAE": 0.0919230729341507, "Total Training Time": 53.25679612159729, "Average Time per Epoch": 2.526653357914516, "_wandb": {"runtime": 54}}