{"epoch": 13, "_timestamp": 1703559398.3074572, "loss": 0.011333966627717018, "root_mean_squared_error": 0.10646110028028488, "mean_absolute_percentage_error": 2697.960693359375, "mean_absolute_error": 0.061694078147411346, "val_loss": 0.007604229263961315, "val_root_mean_squared_error": 0.08720222860574722, "val_mean_absolute_percentage_error": 197648.609375, "val_mean_absolute_error": 0.05656788498163223, "_runtime": 15.289850234985352, "_step": 14, "best_val_loss": 0.006058713886886835, "best_epoch": 3, "Final MSE": 0.03439871594309807, "Final RMSE": 0.1854689121246338, "Final MAPE": 282582.84375, "Final MAE": 0.11766837537288666, "Total Training Time": 12.995730638504028, "Average Time per Epoch": 0.9191950389317104, "_wandb": {"runtime": 13}}