{"epoch": 35, "_timestamp": 1703439568.772178, "loss": 0.008142387494444847, "root_mean_squared_error": 0.09023518115282059, "mean_absolute_percentage_error": 7558207.0, "mean_absolute_error": 0.05228755623102188, "val_loss": 0.009654157795011997, "val_root_mean_squared_error": 0.09825557470321655, "val_mean_absolute_percentage_error": 11642692.0, "val_mean_absolute_error": 0.05780651047825813, "_runtime": 28.89403200149536, "_step": 36, "best_val_loss": 0.00838286429643631, "best_epoch": 25, "Final MSE": 0.012502290308475494, "Final RMSE": 0.11181364208459854, "Final MAPE": 17206216.0, "Final MAE": 0.06455469131469727, "Total Training Time": 26.624326944351196, "Average Time per Epoch": 0.7354599833488464, "_wandb": {"runtime": 27}}