{"epoch": 20, "_timestamp": 1703894511.956165, "loss": 0.0063076624646782875, "root_mean_squared_error": 0.0794207900762558, "mean_absolute_percentage_error": 12803.5546875, "mean_absolute_error": 0.04303332790732384, "val_loss": 0.011653874069452286, "val_root_mean_squared_error": 0.10795310884714127, "val_mean_absolute_percentage_error": 170914.984375, "val_mean_absolute_error": 0.07104020565748215, "_runtime": 28.524232149124146, "_step": 21, "best_val_loss": 0.009058522060513496, "best_epoch": 10, "Final MSE": 0.011586086824536324, "Final RMSE": 0.10763868689537048, "Final MAPE": 231954.71875, "Final MAE": 0.07795412093400955, "Total Training Time": 26.327273845672607, "Average Time per Epoch": 1.2445921443757557, "_wandb": {"runtime": 26}}