{"epoch": 0, "_timestamp": 1703652288.1520388, "loss": 0.012899369932711124, "root_mean_squared_error": 0.11616876721382141, "mean_absolute_percentage_error": 17319.916015625, "mean_absolute_error": 0.07014241069555283, "val_loss": 0.013855010271072388, "val_root_mean_squared_error": 0.11770730465650558, "val_mean_absolute_percentage_error": 38080.52734375, "val_mean_absolute_error": 0.07732706516981125, "_runtime": 3.8233249187469482, "_step": 1, "best_val_loss": 0.013855010271072388, "best_epoch": 0, "Final MSE": 0.018147427588701248, "Final RMSE": 0.13471238315105438, "Final MAPE": 102362.4375, "Final MAE": 0.09000272303819656, "Total Training Time": 1.8670470714569092, "Average Time per Epoch": 1.7580444812774658, "_wandb": {"runtime": 2}}