{"epoch": 28, "_timestamp": 1703891458.4389498, "loss": 0.007676141336560249, "root_mean_squared_error": 0.08761359006166458, "mean_absolute_percentage_error": 10788.701171875, "mean_absolute_error": 0.057448986917734146, "val_loss": 0.014159256592392921, "val_root_mean_squared_error": 0.11899267137050629, "val_mean_absolute_percentage_error": 35336.48046875, "val_mean_absolute_error": 0.07693219929933548, "_runtime": 24.721495866775513, "_step": 29, "best_val_loss": 0.012875604443252087, "best_epoch": 18, "Final MSE": 0.01235807966440916, "Final RMSE": 0.11116690188646317, "Final MAPE": 72945.3828125, "Final MAE": 0.07178793847560883, "Total Training Time": 22.0812771320343, "Average Time per Epoch": 0.7553566653152992, "_wandb": {"runtime": 22}}