{"epoch": 0, "_timestamp": 1703740853.5197535, "loss": 0.009508187882602215, "root_mean_squared_error": 0.10127611458301544, "mean_absolute_percentage_error": 9023297.0, "mean_absolute_error": 0.05805954709649086, "val_loss": 0.012154664844274521, "val_root_mean_squared_error": 0.11024819314479828, "val_mean_absolute_percentage_error": 6765929.5, "val_mean_absolute_error": 0.05741570144891739, "_runtime": 3.0349955558776855, "_step": 1, "best_val_loss": 0.012154664844274521, "best_epoch": 0, "Final MSE": 0.01581285521388054, "Final RMSE": 0.12574917078018188, "Final MAPE": 13995106.0, "Final MAE": 0.06719770282506943, "Total Training Time": 1.8885555267333984, "Average Time per Epoch": 1.7809467315673828, "_wandb": {"runtime": 2}}