{"epoch": 26, "_timestamp": 1703463295.4365807, "loss": 0.00800506491214037, "root_mean_squared_error": 0.08947102725505829, "mean_absolute_percentage_error": 8304743.0, "mean_absolute_error": 0.05223514884710312, "val_loss": 0.00945797748863697, "val_root_mean_squared_error": 0.09725213050842285, "val_mean_absolute_percentage_error": 17698248.0, "val_mean_absolute_error": 0.062046997249126434, "_runtime": 95.32930374145508, "_step": 27, "best_val_loss": 0.008888421580195427, "best_epoch": 16, "Final MSE": 0.008516927249729633, "Final RMSE": 0.09228719770908356, "Final MAPE": 26077976.0, "Final MAE": 0.06605172902345657, "Total Training Time": 92.98701453208923, "Average Time per Epoch": 3.433444544121071, "_wandb": {"runtime": 93}}