{"epoch": 0, "_timestamp": 1703592644.1338043, "loss": 0.008611819706857204, "root_mean_squared_error": 0.09856082499027252, "mean_absolute_percentage_error": 21057.9375, "mean_absolute_error": 0.06795817613601685, "val_loss": 0.01753717102110386, "val_root_mean_squared_error": 0.13242799043655396, "val_mean_absolute_percentage_error": 101367.4140625, "val_mean_absolute_error": 0.08498767018318176, "_runtime": 7.517207384109497, "_step": 1, "best_val_loss": 0.01753717102110386, "best_epoch": 0, "Final MSE": 0.016728252172470093, "Final RMSE": 0.12933774292469025, "Final MAPE": 129830.3046875, "Final MAE": 0.09960852563381195, "Total Training Time": 6.336788654327393, "Average Time per Epoch": 6.176762342453003, "_wandb": {"runtime": 6}}