{"epoch": 27, "_timestamp": 1703158492.6808279, "loss": 0.004373899195343256, "root_mean_squared_error": 0.0661354586482048, "mean_absolute_percentage_error": 2168486.25, "mean_absolute_error": 0.039983220398426056, "val_loss": 0.007303936406970024, "val_root_mean_squared_error": 0.08546306937932968, "val_mean_absolute_percentage_error": 20936.3984375, "val_mean_absolute_error": 0.05232644081115723, "_runtime": 62.454089879989624, "_step": 28, "best_val_loss": 0.007295920979231596, "best_epoch": 17, "Final MSE": 0.004242980852723122, "Final RMSE": 0.06513816863298416, "Final MAPE": 204686.734375, "Final MAE": 0.042215071618556976, "Total Training Time": 59.95220351219177, "Average Time per Epoch": 2.1336590392248973, "_wandb": {"runtime": 60}}