{"epoch": 30, "_timestamp": 1705588456.161387, "loss": 0.003909850027412176, "root_mean_squared_error": 0.06252879649400711, "mean_absolute_percentage_error": 15619.4736328125, "mean_absolute_error": 0.039649832993745804, "val_loss": 0.009324716404080391, "val_root_mean_squared_error": 0.09656456857919693, "val_mean_absolute_percentage_error": 64009.80078125, "val_mean_absolute_error": 0.06295069307088852, "_runtime": 79.04571986198425, "_step": 31, "best_val_loss": 0.009293531067669392, "best_epoch": 20, "Final MSE": 0.013476653024554253, "Final RMSE": 0.11608898639678955, "Final MAPE": 129040.6875, "Final MAE": 0.07762610912322998, "Total Training Time": 77.52454233169556, "Average Time per Epoch": 2.4943426809003277, "_wandb": {"runtime": 78}}