{"epoch": 70, "_timestamp": 1703845956.436345, "loss": 0.0038593069184571505, "root_mean_squared_error": 0.06212332099676132, "mean_absolute_percentage_error": 15468.6494140625, "mean_absolute_error": 0.03986447677016258, "val_loss": 0.009224019944667816, "val_root_mean_squared_error": 0.09604176133871078, "val_mean_absolute_percentage_error": 53896.82421875, "val_mean_absolute_error": 0.06305292248725891, "_runtime": 161.3058421611786, "_step": 71, "best_val_loss": 0.009042582474648952, "best_epoch": 60, "Final MSE": 0.012113169766962528, "Final RMSE": 0.11005984991788864, "Final MAPE": 113918.140625, "Final MAE": 0.07519885897636414, "Total Training Time": 158.66670560836792, "Average Time per Epoch": 2.231033939710805, "_wandb": {"runtime": 159}}