{"epoch": 0, "_timestamp": 1703820059.4579842, "loss": 0.005887612234801054, "root_mean_squared_error": 0.08085871487855911, "mean_absolute_percentage_error": 24418.04296875, "mean_absolute_error": 0.053405165672302246, "val_loss": 0.012039842084050179, "val_root_mean_squared_error": 0.10972621291875839, "val_mean_absolute_percentage_error": 130826.9921875, "val_mean_absolute_error": 0.07906073331832886, "_runtime": 4.536076307296753, "_step": 1, "best_val_loss": 0.012039842084050179, "best_epoch": 0, "Final MSE": 0.008658195845782757, "Final RMSE": 0.09304942935705185, "Final MAPE": 115276.7578125, "Final MAE": 0.06590746343135834, "Total Training Time": 2.6277105808258057, "Average Time per Epoch": 2.4748263359069824, "_wandb": {"runtime": 2}}