{"epoch": 22, "_timestamp": 1703444225.5377452, "loss": 0.00917727965861559, "root_mean_squared_error": 0.09579811990261078, "mean_absolute_percentage_error": 12150166.0, "mean_absolute_error": 0.05964229255914688, "val_loss": 0.013834583573043346, "val_root_mean_squared_error": 0.11762050539255142, "val_mean_absolute_percentage_error": 16092034.0, "val_mean_absolute_error": 0.0715942457318306, "_runtime": 31.320210218429565, "_step": 23, "best_val_loss": 0.011695059016346931, "best_epoch": 12, "Final MSE": 0.01275683380663395, "Final RMSE": 0.11294615268707275, "Final MAPE": 22849408.0, "Final MAE": 0.072506383061409, "Total Training Time": 28.945587158203125, "Average Time per Epoch": 1.251215882923292, "_wandb": {"runtime": 29}}