{"epoch": 0, "_timestamp": 1703819760.0547168, "loss": 0.012034507468342781, "root_mean_squared_error": 0.11541211605072021, "mean_absolute_percentage_error": 205426.84375, "mean_absolute_error": 0.0801338255405426, "val_loss": 0.015984971076250076, "val_root_mean_squared_error": 0.1264316886663437, "val_mean_absolute_percentage_error": 5949.6474609375, "val_mean_absolute_error": 0.08697820454835892, "_runtime": 3.7168567180633545, "_step": 1, "best_val_loss": 0.015984971076250076, "best_epoch": 0, "Final MSE": 0.022045621648430824, "Final RMSE": 0.1484776735305786, "Final MAPE": 164658.0, "Final MAE": 0.09972712397575378, "Total Training Time": 2.630385398864746, "Average Time per Epoch": 2.471752405166626, "_wandb": {"runtime": 2}}