{"epoch": 0, "_timestamp": 1703814927.9034202, "loss": 0.008130254223942757, "root_mean_squared_error": 0.09850709140300751, "mean_absolute_percentage_error": 33717.20703125, "mean_absolute_error": 0.06444325298070908, "val_loss": 0.01152452640235424, "val_root_mean_squared_error": 0.1073523461818695, "val_mean_absolute_percentage_error": 30306.81640625, "val_mean_absolute_error": 0.07271695882081985, "_runtime": 3.7054762840270996, "_step": 1, "best_val_loss": 0.01152452640235424, "best_epoch": 0, "Final MSE": 0.020419970154762268, "Final RMSE": 0.14289845526218414, "Final MAPE": 152355.015625, "Final MAE": 0.09927479177713394, "Total Training Time": 1.8409323692321777, "Average Time per Epoch": 1.7293281555175781, "_wandb": {"runtime": 2}}