{"epoch": 0, "_timestamp": 1703811877.5811777, "loss": 0.00519584259018302, "root_mean_squared_error": 0.0813063532114029, "mean_absolute_percentage_error": 108584.40625, "mean_absolute_error": 0.04193888604640961, "val_loss": 0.007925333455204964, "val_root_mean_squared_error": 0.08902434259653091, "val_mean_absolute_percentage_error": 122151.65625, "val_mean_absolute_error": 0.06291855126619339, "_runtime": 5.878958702087402, "_step": 1, "best_val_loss": 0.007925333455204964, "best_epoch": 0, "Final MSE": 0.01567683182656765, "Final RMSE": 0.12520715594291687, "Final MAPE": 295780.59375, "Final MAE": 0.08407571166753769, "Total Training Time": 4.68326997756958, "Average Time per Epoch": 4.481059312820435, "_wandb": {"runtime": 4}}