{"epoch": 36, "_timestamp": 1703644625.2643392, "loss": 0.007441102527081966, "root_mean_squared_error": 0.0862618237733841, "mean_absolute_percentage_error": 6332.3701171875, "mean_absolute_error": 0.04954653978347778, "val_loss": 0.007223763968795538, "val_root_mean_squared_error": 0.08499272912740707, "val_mean_absolute_percentage_error": 4362.677734375, "val_mean_absolute_error": 0.04763184115290642, "_runtime": 96.21132230758667, "_step": 37, "best_val_loss": 0.007165010552853346, "best_epoch": 26, "Final MSE": 0.01509204413741827, "Final RMSE": 0.12284968048334122, "Final MAPE": 161906.0625, "Final MAE": 0.07624629139900208, "Total Training Time": 94.16508913040161, "Average Time per Epoch": 2.5381248190596297, "_wandb": {"runtime": 94}}