{"epoch": 26, "_timestamp": 1703557719.2293239, "loss": 0.005330124404281378, "root_mean_squared_error": 0.07300770282745361, "mean_absolute_percentage_error": 160448.90625, "mean_absolute_error": 0.043691638857126236, "val_loss": 0.011903047561645508, "val_root_mean_squared_error": 0.10910108685493469, "val_mean_absolute_percentage_error": 481865.25, "val_mean_absolute_error": 0.07370533049106598, "_runtime": 26.659101963043213, "_step": 27, "best_val_loss": 0.010135985910892487, "best_epoch": 16, "Final MSE": 0.015525509603321552, "Final RMSE": 0.12460140138864517, "Final MAPE": 19785.41015625, "Final MAE": 0.08447802811861038, "Total Training Time": 24.42697787284851, "Average Time per Epoch": 0.8993437113585295, "_wandb": {"runtime": 24}}