{"epoch": 20, "_timestamp": 1703762884.273762, "loss": 0.024972623214125633, "root_mean_squared_error": 0.15802724659442902, "mean_absolute_percentage_error": 50113.42578125, "mean_absolute_error": 0.09506876021623611, "val_loss": 0.024423543363809586, "val_root_mean_squared_error": 0.15628035366535187, "val_mean_absolute_percentage_error": 61404.60546875, "val_mean_absolute_error": 0.105228491127491, "_runtime": 17.541563034057617, "_step": 21, "best_val_loss": 0.023764804005622864, "best_epoch": 10, "Final MSE": 0.04026171937584877, "Final RMSE": 0.20065322518348694, "Final MAPE": 746667.625, "Final MAE": 0.12631134688854218, "Total Training Time": 15.375510454177856, "Average Time per Epoch": 0.7253775256020683, "_wandb": {"runtime": 15}}