{"epoch": 0, "_timestamp": 1703639821.737663, "loss": 0.006336817052215338, "root_mean_squared_error": 0.08878874778747559, "mean_absolute_percentage_error": 48600.26171875, "mean_absolute_error": 0.0620545856654644, "val_loss": 0.005330654326826334, "val_root_mean_squared_error": 0.07301133126020432, "val_mean_absolute_percentage_error": 52366.265625, "val_mean_absolute_error": 0.054437097162008286, "_runtime": 9.824018001556396, "_step": 1, "best_val_loss": 0.005330654326826334, "best_epoch": 0, "Final MSE": 0.01813570410013199, "Final RMSE": 0.13466887176036835, "Final MAPE": 247425.1875, "Final MAE": 0.10611455887556076, "Total Training Time": 4.511768102645874, "Average Time per Epoch": 4.361721038818359, "_wandb": {"runtime": 4}}