{"epoch": 35, "_timestamp": 1703312633.3806927, "loss": 0.00823080912232399, "root_mean_squared_error": 0.09072380512952805, "mean_absolute_percentage_error": 27525.734375, "mean_absolute_error": 0.061379313468933105, "val_loss": 0.012619745917618275, "val_root_mean_squared_error": 0.1123376414179802, "val_mean_absolute_percentage_error": 29230.142578125, "val_mean_absolute_error": 0.08318807184696198, "_runtime": 126.84048366546631, "_step": 36, "best_val_loss": 0.011310779489576817, "best_epoch": 25, "Final MSE": 0.022684046998620033, "Final RMSE": 0.1506122350692749, "Final MAPE": 229276.921875, "Final MAE": 0.11629068851470947, "Total Training Time": 124.45956516265869, "Average Time per Epoch": 3.4488614334000482, "_wandb": {"runtime": 124}}