{"epoch": 23, "_timestamp": 1703294177.8384874, "loss": 0.006870264653116465, "root_mean_squared_error": 0.08288706094026566, "mean_absolute_percentage_error": 8667.9228515625, "mean_absolute_error": 0.05196002498269081, "val_loss": 0.018752725794911385, "val_root_mean_squared_error": 0.136940598487854, "val_mean_absolute_percentage_error": 38160.51171875, "val_mean_absolute_error": 0.08390358835458755, "_runtime": 58.2793333530426, "_step": 24, "best_val_loss": 0.01801191084086895, "best_epoch": 13, "Final MSE": 0.021364673972129822, "Final RMSE": 0.14616659283638, "Final MAPE": 281983.71875, "Final MAE": 0.10294743627309799, "Total Training Time": 55.84595036506653, "Average Time per Epoch": 2.3183285097281137, "_wandb": {"runtime": 56}}