{"epoch": 26, "_timestamp": 1703440943.5978608, "loss": 0.00889752246439457, "root_mean_squared_error": 0.0943266823887825, "mean_absolute_percentage_error": 9994665.0, "mean_absolute_error": 0.056998249143362045, "val_loss": 0.011623241938650608, "val_root_mean_squared_error": 0.10781113803386688, "val_mean_absolute_percentage_error": 19287830.0, "val_mean_absolute_error": 0.06800632178783417, "_runtime": 22.884886741638184, "_step": 27, "best_val_loss": 0.010916156694293022, "best_epoch": 16, "Final MSE": 0.01073596253991127, "Final RMSE": 0.10361448675394058, "Final MAPE": 19752194.0, "Final MAE": 0.06578439474105835, "Total Training Time": 20.681792974472046, "Average Time per Epoch": 0.7607359003137659, "_wandb": {"runtime": 21}}