{"epoch": 0, "_timestamp": 1703595908.2243154, "loss": 0.015068154782056808, "root_mean_squared_error": 0.1359093189239502, "mean_absolute_percentage_error": 51394.2734375, "mean_absolute_error": 0.08574683219194412, "val_loss": 0.01955868862569332, "val_root_mean_squared_error": 0.139852374792099, "val_mean_absolute_percentage_error": 215338.328125, "val_mean_absolute_error": 0.08712128549814224, "_runtime": 3.5476553440093994, "_step": 1, "best_val_loss": 0.01955868862569332, "best_epoch": 0, "Final MSE": 0.04083486646413803, "Final RMSE": 0.20207637548446655, "Final MAPE": 219392.953125, "Final MAE": 0.13580799102783203, "Total Training Time": 1.5835742950439453, "Average Time per Epoch": 1.478994369506836, "_wandb": {"runtime": 1}}