{"epoch": 11, "_timestamp": 1703758894.0377626, "loss": 0.023119380697607994, "root_mean_squared_error": 0.15205058455467224, "mean_absolute_percentage_error": 38637.7421875, "mean_absolute_error": 0.10509012639522552, "val_loss": 0.03022831305861473, "val_root_mean_squared_error": 0.17386291921138763, "val_mean_absolute_percentage_error": 194192.890625, "val_mean_absolute_error": 0.13255320489406586, "_runtime": 31.582205533981323, "_step": 12, "best_val_loss": 0.028598465025424957, "best_epoch": 1, "Final MSE": 0.033025112003088, "Final RMSE": 0.18172812461853027, "Final MAPE": 318340.34375, "Final MAE": 0.1235085129737854, "Total Training Time": 29.882502794265747, "Average Time per Epoch": 2.4782666166623435, "_wandb": {"runtime": 30}}