{"epoch": 0, "_timestamp": 1703764226.7931027, "loss": 0.014407713897526264, "root_mean_squared_error": 0.1331567019224167, "mean_absolute_percentage_error": 51958.21875, "mean_absolute_error": 0.09313009679317474, "val_loss": 0.019910788163542747, "val_root_mean_squared_error": 0.14110559225082397, "val_mean_absolute_percentage_error": 70646.75, "val_mean_absolute_error": 0.0964069664478302, "_runtime": 3.584155797958374, "_step": 1, "best_val_loss": 0.019910788163542747, "best_epoch": 0, "Final MSE": 0.037641920149326324, "Final RMSE": 0.1940152496099472, "Final MAPE": 143878.875, "Final MAE": 0.1289534568786621, "Total Training Time": 1.5357332229614258, "Average Time per Epoch": 1.4284303188323975, "_wandb": {"runtime": 1}}