{"epoch": 32, "_timestamp": 1703465687.2316968, "loss": 0.007975033484399319, "root_mean_squared_error": 0.08930304646492004, "mean_absolute_percentage_error": 7339823.0, "mean_absolute_error": 0.05172188952565193, "val_loss": 0.0107903853058815, "val_root_mean_squared_error": 0.10387677699327469, "val_mean_absolute_percentage_error": 20140834.0, "val_mean_absolute_error": 0.06918767839670181, "_runtime": 112.12488079071045, "_step": 33, "best_val_loss": 0.008509935811161995, "best_epoch": 22, "Final MSE": 0.016203852370381355, "Final RMSE": 0.12729434669017792, "Final MAPE": 32519614.0, "Final MAE": 0.08618883043527603, "Total Training Time": 109.76923298835754, "Average Time per Epoch": 3.3178550185579243, "_wandb": {"runtime": 110}}