{"epoch": 44, "_timestamp": 1703232705.0863826, "loss": 0.00968499667942524, "root_mean_squared_error": 0.09841237962245941, "mean_absolute_percentage_error": 38576.2421875, "mean_absolute_error": 0.07653457671403885, "val_loss": 0.027733685448765755, "val_root_mean_squared_error": 0.16653433442115784, "val_mean_absolute_percentage_error": 138481.203125, "val_mean_absolute_error": 0.12651078402996063, "_runtime": 199.55177068710327, "_step": 45, "best_val_loss": 0.02107265032827854, "best_epoch": 34, "Final MSE": 0.027163123711943626, "Final RMSE": 0.1648123860359192, "Final MAPE": 365257.9375, "Final MAE": 0.12240169942378998, "Total Training Time": 197.26174759864807, "Average Time per Epoch": 4.375483496983846, "_wandb": {"runtime": 197}}