{"epoch": 0, "_timestamp": 1703716710.5170765, "loss": 0.040230754762887955, "root_mean_squared_error": 0.21329912543296814, "mean_absolute_percentage_error": 50613092.0, "mean_absolute_error": 0.15095745027065277, "val_loss": 0.06695383787155151, "val_root_mean_squared_error": 0.2587544023990631, "val_mean_absolute_percentage_error": 56892316.0, "val_mean_absolute_error": 0.17740395665168762, "_runtime": 57.18342351913452, "_step": 1, "best_val_loss": 0.06695383787155151, "best_epoch": 0, "Final MSE": 0.07565586268901825, "Final RMSE": 0.2750560939311981, "Final MAPE": 97818264.0, "Final MAE": 0.20395596325397491, "Total Training Time": 55.867755651474, "Average Time per Epoch": 53.194716930389404, "_wandb": {"runtime": 56}}