{"epoch": 14, "_timestamp": 1703916593.893788, "loss": 0.0037262942641973495, "root_mean_squared_error": 0.061043381690979004, "mean_absolute_percentage_error": 11131.728515625, "mean_absolute_error": 0.033946406096220016, "val_loss": 0.013773877173662186, "val_root_mean_squared_error": 0.11736216396093369, "val_mean_absolute_percentage_error": 104310.59375, "val_mean_absolute_error": 0.07085293531417847, "_runtime": 61.718584060668945, "_step": 15, "best_val_loss": 0.01240365020930767, "best_epoch": 4, "Final MSE": 0.021333057433366776, "Final RMSE": 0.14605841040611267, "Final MAPE": 28140.849609375, "Final MAE": 0.08070790022611618, "Total Training Time": 59.40221357345581, "Average Time per Epoch": 3.93998343149821, "_wandb": {"runtime": 59}}