{"epoch": 49, "_timestamp": 1705637671.4999561, "loss": 0.007143943104892969, "root_mean_squared_error": 0.08452185243368149, "mean_absolute_percentage_error": 11865.4921875, "mean_absolute_error": 0.05460289120674133, "val_loss": 0.012891437858343124, "val_root_mean_squared_error": 0.11354047060012817, "val_mean_absolute_percentage_error": 20144.53515625, "val_mean_absolute_error": 0.07329749315977097, "_runtime": 166.17956614494324, "_step": 50, "best_val_loss": 0.01247002650052309, "best_epoch": 39, "Final MSE": 0.012793503701686859, "Final RMSE": 0.11310837417840958, "Final MAPE": 28559.23828125, "Final MAE": 0.0748027041554451, "Total Training Time": 163.7546820640564, "Average Time per Epoch": 3.269029178619385, "_wandb": {"runtime": 164}}