{"epoch": 21, "_timestamp": 1703304066.4788358, "loss": 0.012336038053035736, "root_mean_squared_error": 0.11106771975755692, "mean_absolute_percentage_error": 29200.62109375, "mean_absolute_error": 0.07222121953964233, "val_loss": 0.017430124804377556, "val_root_mean_squared_error": 0.13202320039272308, "val_mean_absolute_percentage_error": 50321.66796875, "val_mean_absolute_error": 0.09132109582424164, "_runtime": 76.40954184532166, "_step": 22, "best_val_loss": 0.014782410115003586, "best_epoch": 11, "Final MSE": 0.020242461934685707, "Final RMSE": 0.14227600395679474, "Final MAPE": 12419.697265625, "Final MAE": 0.10079960525035858, "Total Training Time": 73.98893404006958, "Average Time per Epoch": 3.3509961800141768, "_wandb": {"runtime": 74}}