{"epoch": 40, "_timestamp": 1703191347.4554422, "loss": 0.00883413851261139, "root_mean_squared_error": 0.09399009495973587, "mean_absolute_percentage_error": 2757.66015625, "mean_absolute_error": 0.06413774937391281, "val_loss": 0.01653585582971573, "val_root_mean_squared_error": 0.12859182059764862, "val_mean_absolute_percentage_error": 101190.53125, "val_mean_absolute_error": 0.0807199627161026, "_runtime": 108.63818311691284, "_step": 41, "best_val_loss": 0.015884118154644966, "best_epoch": 30, "Final MSE": 0.014306331984698772, "Final RMSE": 0.11960908025503159, "Final MAPE": 129807.4375, "Final MAE": 0.09017457067966461, "Total Training Time": 106.05272555351257, "Average Time per Epoch": 2.580799945970861, "_wandb": {"runtime": 106}}