{"epoch": 18, "_timestamp": 1703808016.5244083, "loss": 0.011257520876824856, "root_mean_squared_error": 0.10610146820545197, "mean_absolute_percentage_error": 9031.2373046875, "mean_absolute_error": 0.0626637414097786, "val_loss": 0.009640772826969624, "val_root_mean_squared_error": 0.09818743914365768, "val_mean_absolute_percentage_error": 216968.671875, "val_mean_absolute_error": 0.06537541002035141, "_runtime": 46.19667029380798, "_step": 19, "best_val_loss": 0.007931101135909557, "best_epoch": 8, "Final MSE": 0.039159659296274185, "Final RMSE": 0.19788800179958344, "Final MAPE": 384660.875, "Final MAE": 0.13066624104976654, "Total Training Time": 44.77972483634949, "Average Time per Epoch": 2.344814815019306, "_wandb": {"runtime": 45}}