{"epoch": 0, "_timestamp": 1703740702.038954, "loss": 0.00862153060734272, "root_mean_squared_error": 0.0939677357673645, "mean_absolute_percentage_error": 8857691.0, "mean_absolute_error": 0.05660375952720642, "val_loss": 0.00929761491715908, "val_root_mean_squared_error": 0.09642414003610611, "val_mean_absolute_percentage_error": 11560917.0, "val_mean_absolute_error": 0.061796002089977264, "_runtime": 3.8104000091552734, "_step": 1, "best_val_loss": 0.00929761491715908, "best_epoch": 0, "Final MSE": 0.013089259155094624, "Final RMSE": 0.11440829932689667, "Final MAPE": 18519270.0, "Final MAE": 0.07649785280227661, "Total Training Time": 1.8886997699737549, "Average Time per Epoch": 1.762514352798462, "_wandb": {"runtime": 2}}