{"epoch": 21, "_timestamp": 1705593412.1112177, "loss": 0.011510801501572132, "root_mean_squared_error": 0.1072884052991867, "mean_absolute_percentage_error": 1761.6370849609375, "mean_absolute_error": 0.06425751745700836, "val_loss": 0.007109421771019697, "val_root_mean_squared_error": 0.08431738615036011, "val_mean_absolute_percentage_error": 74843.765625, "val_mean_absolute_error": 0.05025477707386017, "_runtime": 66.02369570732117, "_step": 22, "best_val_loss": 0.006639040540903807, "best_epoch": 11, "Final MSE": 0.03740011155605316, "Final RMSE": 0.1933910846710205, "Final MAPE": 144972.515625, "Final MAE": 0.11473727971315384, "Total Training Time": 64.48524498939514, "Average Time per Epoch": 2.9180645617571743, "_wandb": {"runtime": 65}}