{"epoch": 21, "_timestamp": 1703307577.1129434, "loss": 0.0069008697755634785, "root_mean_squared_error": 0.08307147026062012, "mean_absolute_percentage_error": 11386.419921875, "mean_absolute_error": 0.05227580666542053, "val_loss": 0.01801067218184471, "val_root_mean_squared_error": 0.13420385122299194, "val_mean_absolute_percentage_error": 22233.33984375, "val_mean_absolute_error": 0.08035968244075775, "_runtime": 86.73633646965027, "_step": 22, "best_val_loss": 0.01563918963074684, "best_epoch": 11, "Final MSE": 0.02077574096620083, "Final RMSE": 0.1441379189491272, "Final MAPE": 281109.5, "Final MAE": 0.09926849603652954, "Total Training Time": 84.32742381095886, "Average Time per Epoch": 3.8192955905740913, "_wandb": {"runtime": 84}}