{"epoch": 0, "_timestamp": 1703657210.2459216, "loss": 0.005616598762571812, "root_mean_squared_error": 0.0748085081577301, "mean_absolute_percentage_error": 27045.603515625, "mean_absolute_error": 0.053774669766426086, "val_loss": 0.006814870052039623, "val_root_mean_squared_error": 0.0825522243976593, "val_mean_absolute_percentage_error": 104357.7421875, "val_mean_absolute_error": 0.05940932780504227, "_runtime": 4.601328611373901, "_step": 1, "best_val_loss": 0.006814870052039623, "best_epoch": 0, "Final MSE": 0.005527452565729618, "Final RMSE": 0.07434684038162231, "Final MAPE": 183233.65625, "Final MAE": 0.05366285890340805, "Total Training Time": 2.751434564590454, "Average Time per Epoch": 2.5993802547454834, "_wandb": {"runtime": 2}}