{"epoch": 26, "_timestamp": 1703891770.4768121, "loss": 0.0037639241199940443, "root_mean_squared_error": 0.061350829899311066, "mean_absolute_percentage_error": 9175.412109375, "mean_absolute_error": 0.03459545597434044, "val_loss": 0.010615812614560127, "val_root_mean_squared_error": 0.10303306579589844, "val_mean_absolute_percentage_error": 143402.21875, "val_mean_absolute_error": 0.06176961213350296, "_runtime": 22.06219720840454, "_step": 27, "best_val_loss": 0.010239958763122559, "best_epoch": 16, "Final MSE": 0.01845150999724865, "Final RMSE": 0.13583633303642273, "Final MAPE": 69253.703125, "Final MAE": 0.08070378005504608, "Total Training Time": 20.732625246047974, "Average Time per Epoch": 0.7627616458468967, "_wandb": {"runtime": 21}}