{"epoch": 18, "_timestamp": 1703298248.7027483, "loss": 0.01757366769015789, "root_mean_squared_error": 0.1325657069683075, "mean_absolute_percentage_error": 14614.1953125, "mean_absolute_error": 0.09207296371459961, "val_loss": 0.024220112711191177, "val_root_mean_squared_error": 0.15562812983989716, "val_mean_absolute_percentage_error": 36300.3984375, "val_mean_absolute_error": 0.10518403351306915, "_runtime": 53.57090139389038, "_step": 19, "best_val_loss": 0.024091951549053192, "best_epoch": 8, "Final MSE": 0.02622937224805355, "Final RMSE": 0.1619548499584198, "Final MAPE": 162680.203125, "Final MAE": 0.11215654760599136, "Total Training Time": 50.89786219596863, "Average Time per Epoch": 2.667218936117072, "_wandb": {"runtime": 51}}