{"epoch": 24, "_timestamp": 1705639287.2166438, "loss": 0.003656863234937191, "root_mean_squared_error": 0.06047200411558151, "mean_absolute_percentage_error": 232652.46875, "mean_absolute_error": 0.033666811883449554, "val_loss": 0.006990569643676281, "val_root_mean_squared_error": 0.08360962569713593, "val_mean_absolute_percentage_error": 29.945810317993164, "val_mean_absolute_error": 0.04252570495009422, "_runtime": 77.70074391365051, "_step": 25, "best_val_loss": 0.0063589513301849365, "best_epoch": 14, "Final MSE": 0.007630747277289629, "Final RMSE": 0.0873541459441185, "Final MAPE": 244495.484375, "Final MAE": 0.056069791316986084, "Total Training Time": 75.2914068698883, "Average Time per Epoch": 3.001541919708252, "_wandb": {"runtime": 75}}