{"epoch": 12, "_timestamp": 1703345758.9104104, "loss": 0.053376905620098114, "root_mean_squared_error": 0.23103439807891846, "mean_absolute_percentage_error": 67638072.0, "mean_absolute_error": 0.17234927415847778, "val_loss": 0.054696157574653625, "val_root_mean_squared_error": 0.23387207090854645, "val_mean_absolute_percentage_error": 75122568.0, "val_mean_absolute_error": 0.1763901561498642, "_runtime": 11.766659498214722, "_step": 13, "best_val_loss": 0.05469019338488579, "best_epoch": 2, "Final MSE": 0.06407645344734192, "Final RMSE": 0.25313329696655273, "Final MAPE": 83287832.0, "Final MAE": 0.18360461294651031, "Total Training Time": 9.62195897102356, "Average Time per Epoch": 0.7310992571023794, "_wandb": {"runtime": 9}}