{"epoch": 0, "_timestamp": 1703677963.1041658, "loss": 0.06812821328639984, "root_mean_squared_error": 0.26162633299827576, "mean_absolute_percentage_error": 88468304.0, "mean_absolute_error": 0.21064530313014984, "val_loss": 0.0668114572763443, "val_root_mean_squared_error": 0.25847914814949036, "val_mean_absolute_percentage_error": 94654216.0, "val_mean_absolute_error": 0.20760908722877502, "_runtime": 3.5317907333374023, "_step": 1, "best_val_loss": 0.0668114572763443, "best_epoch": 0, "Final MSE": 0.06918150186538696, "Final RMSE": 0.2630237638950348, "Final MAPE": 104429792.0, "Final MAE": 0.21016979217529297, "Total Training Time": 1.5468575954437256, "Average Time per Epoch": 1.4535462856292725, "_wandb": {"runtime": 1}}