{"epoch": 12, "_timestamp": 1703685129.8564637, "loss": 0.023057792335748672, "root_mean_squared_error": 0.1518479287624359, "mean_absolute_percentage_error": 28157342.0, "mean_absolute_error": 0.10009486973285675, "val_loss": 0.07485493272542953, "val_root_mean_squared_error": 0.27359628677368164, "val_mean_absolute_percentage_error": 117111536.0, "val_mean_absolute_error": 0.2075863480567932, "_runtime": 86.50016856193542, "_step": 13, "best_val_loss": 0.066022127866745, "best_epoch": 2, "Final MSE": 0.10453995317220688, "Final RMSE": 0.32332637906074524, "Final MAPE": 153141504.0, "Final MAE": 0.24571765959262848, "Total Training Time": 84.0816650390625, "Average Time per Epoch": 6.434198893033541, "_wandb": {"runtime": 84}}