{"epoch": 47, "_timestamp": 1703191235.3025103, "loss": 0.008540799841284752, "root_mean_squared_error": 0.09241645038127899, "mean_absolute_percentage_error": 7119.66552734375, "mean_absolute_error": 0.063295878469944, "val_loss": 0.016639746725559235, "val_root_mean_squared_error": 0.1289951354265213, "val_mean_absolute_percentage_error": 103700.28125, "val_mean_absolute_error": 0.08394040167331696, "_runtime": 115.49172735214233, "_step": 48, "best_val_loss": 0.015514873899519444, "best_epoch": 37, "Final MSE": 0.015062620863318443, "Final RMSE": 0.12272986769676208, "Final MAPE": 149737.546875, "Final MAE": 0.09457491338253021, "Total Training Time": 112.84935784339905, "Average Time per Epoch": 2.3463613589604697, "_wandb": {"runtime": 113}}