{"epoch": 21, "_timestamp": 1703471632.733927, "loss": 0.008561113849282265, "root_mean_squared_error": 0.09252628684043884, "mean_absolute_percentage_error": 8047428.5, "mean_absolute_error": 0.05286658927798271, "val_loss": 0.011318932287395, "val_root_mean_squared_error": 0.10639046877622604, "val_mean_absolute_percentage_error": 6970714.0, "val_mean_absolute_error": 0.06004874035716057, "_runtime": 75.25814700126648, "_step": 22, "best_val_loss": 0.010345433838665485, "best_epoch": 11, "Final MSE": 0.010798393748700619, "Final RMSE": 0.10391531884670258, "Final MAPE": 10818738.0, "Final MAE": 0.05758974328637123, "Total Training Time": 72.94208216667175, "Average Time per Epoch": 3.303771658377214, "_wandb": {"runtime": 73}}