{"epoch": 36, "_timestamp": 1703300971.197713, "loss": 0.01020884234458208, "root_mean_squared_error": 0.10103881359100342, "mean_absolute_percentage_error": 6623.24951171875, "mean_absolute_error": 0.05939260870218277, "val_loss": 0.006997365970164537, "val_root_mean_squared_error": 0.08365026116371155, "val_mean_absolute_percentage_error": 72.56869506835938, "val_mean_absolute_error": 0.05741506442427635, "_runtime": 100.86802792549133, "_step": 37, "best_val_loss": 0.005824068561196327, "best_epoch": 26, "Final MSE": 0.02963666059076786, "Final RMSE": 0.17215301096439362, "Final MAPE": 175713.890625, "Final MAE": 0.11439827084541321, "Total Training Time": 98.35564804077148, "Average Time per Epoch": 2.6511899200645654, "_wandb": {"runtime": 98}}