{"epoch": 16, "_timestamp": 1705617721.5550523, "loss": 0.0033228641841560602, "root_mean_squared_error": 0.05764428898692131, "mean_absolute_percentage_error": 9032.826171875, "mean_absolute_error": 0.02681739255785942, "val_loss": 0.004718346521258354, "val_root_mean_squared_error": 0.0686902180314064, "val_mean_absolute_percentage_error": 65460.51953125, "val_mean_absolute_error": 0.04151691868901253, "_runtime": 23.717523336410522, "_step": 17, "best_val_loss": 0.0038815599400550127, "best_epoch": 6, "Final MSE": 0.005519345868378878, "Final RMSE": 0.07429230213165283, "Final MAPE": 58289.1953125, "Final MAE": 0.049974240362644196, "Total Training Time": 21.474515438079834, "Average Time per Epoch": 1.253772581324858, "_wandb": {"runtime": 21}}