{"epoch": 14, "_timestamp": 1703444249.9776475, "loss": 0.00917185377329588, "root_mean_squared_error": 0.09576979279518127, "mean_absolute_percentage_error": 8407725.0, "mean_absolute_error": 0.054820138961076736, "val_loss": 0.014894228428602219, "val_root_mean_squared_error": 0.12204191088676453, "val_mean_absolute_percentage_error": 10571258.0, "val_mean_absolute_error": 0.0677267462015152, "_runtime": 21.423198461532593, "_step": 15, "best_val_loss": 0.014867645688354969, "best_epoch": 4, "Final MSE": 0.01142734382301569, "Final RMSE": 0.10689875483512878, "Final MAPE": 14828648.0, "Final MAE": 0.061049945652484894, "Total Training Time": 19.205781936645508, "Average Time per Epoch": 1.2702525456746419, "_wandb": {"runtime": 19}}