{"epoch": 14, "_timestamp": 1703179956.876008, "loss": 0.005559617653489113, "root_mean_squared_error": 0.07456284016370773, "mean_absolute_percentage_error": 30944.44921875, "mean_absolute_error": 0.04701221361756325, "val_loss": 0.010124810971319675, "val_root_mean_squared_error": 0.10062211751937866, "val_mean_absolute_percentage_error": 16457.73046875, "val_mean_absolute_error": 0.058934345841407776, "_runtime": 51.98242402076721, "_step": 15, "best_val_loss": 0.009314477443695068, "best_epoch": 4, "Final MSE": 0.012917198240756989, "Final RMSE": 0.11365385353565216, "Final MAPE": 199128.828125, "Final MAE": 0.06829635798931122, "Total Training Time": 49.639832973480225, "Average Time per Epoch": 3.2922555764516193, "_wandb": {"runtime": 50}}