{"epoch": 14, "_timestamp": 1703921108.8132005, "loss": 0.010745728388428688, "root_mean_squared_error": 0.10366160422563553, "mean_absolute_percentage_error": 9933.5712890625, "mean_absolute_error": 0.05926322564482689, "val_loss": 0.008226832374930382, "val_root_mean_squared_error": 0.0907018855214119, "val_mean_absolute_percentage_error": 72567.4609375, "val_mean_absolute_error": 0.05774523690342903, "_runtime": 60.128517389297485, "_step": 15, "best_val_loss": 0.007952581159770489, "best_epoch": 4, "Final MSE": 0.015191128477454185, "Final RMSE": 0.12325229495763779, "Final MAPE": 9429.771484375, "Final MAE": 0.07552385330200195, "Total Training Time": 58.72516441345215, "Average Time per Epoch": 3.8950699965159097, "_wandb": {"runtime": 59}}