{"epoch": 24, "_timestamp": 1703158374.970031, "loss": 0.003055846318602562, "root_mean_squared_error": 0.05527970939874649, "mean_absolute_percentage_error": 4318.91845703125, "mean_absolute_error": 0.0265588890761137, "val_loss": 0.005609494633972645, "val_root_mean_squared_error": 0.07489655911922455, "val_mean_absolute_percentage_error": 52985.953125, "val_mean_absolute_error": 0.04859595745801926, "_runtime": 56.17952609062195, "_step": 25, "best_val_loss": 0.0047477236948907375, "best_epoch": 14, "Final MSE": 0.007301293313503265, "Final RMSE": 0.08544760197401047, "Final MAPE": 74546.1484375, "Final MAE": 0.06263331323862076, "Total Training Time": 53.741461753845215, "Average Time per Epoch": 2.141474485397339, "_wandb": {"runtime": 54}}