{"epoch": 17, "_timestamp": 1703897913.4630618, "loss": 0.01102780643850565, "root_mean_squared_error": 0.10501336306333542, "mean_absolute_percentage_error": 8065.22900390625, "mean_absolute_error": 0.05990028753876686, "val_loss": 0.008926210924983025, "val_root_mean_squared_error": 0.09447862952947617, "val_mean_absolute_percentage_error": 99598.8359375, "val_mean_absolute_error": 0.06539590656757355, "_runtime": 25.146751880645752, "_step": 18, "best_val_loss": 0.007979408837854862, "best_epoch": 7, "Final MSE": 0.01701078750193119, "Final RMSE": 0.13042540848255157, "Final MAPE": 40088.3359375, "Final MAE": 0.0830061212182045, "Total Training Time": 22.85396909713745, "Average Time per Epoch": 1.2608410914738972, "_wandb": {"runtime": 23}}