{"epoch": 29, "_timestamp": 1703474243.5512023, "loss": 0.0058247847482562065, "root_mean_squared_error": 0.07632027566432953, "mean_absolute_percentage_error": 8253512.0, "mean_absolute_error": 0.044140879064798355, "val_loss": 0.0074340784922242165, "val_root_mean_squared_error": 0.08622109889984131, "val_mean_absolute_percentage_error": 17359088.0, "val_mean_absolute_error": 0.05605270713567734, "_runtime": 98.14703035354614, "_step": 30, "best_val_loss": 0.007088579703122377, "best_epoch": 19, "Final MSE": 0.009259515441954136, "Final RMSE": 0.09622637927532196, "Final MAPE": 17237116.0, "Final MAE": 0.06137094274163246, "Total Training Time": 95.69521427154541, "Average Time per Epoch": 3.1807925701141357, "_wandb": {"runtime": 96}}