{"epoch": 35, "_timestamp": 1703366145.6660962, "loss": 0.008404683321714401, "root_mean_squared_error": 0.09167706221342087, "mean_absolute_percentage_error": 9347663.0, "mean_absolute_error": 0.054707854986190796, "val_loss": 0.0458185039460659, "val_root_mean_squared_error": 0.21405257284641266, "val_mean_absolute_percentage_error": 45623088.0, "val_mean_absolute_error": 0.14615046977996826, "_runtime": 516.9484622478485, "_step": 36, "best_val_loss": 0.04154167324304581, "best_epoch": 25, "Final MSE": 0.047659143805503845, "Final RMSE": 0.21830974519252777, "Final MAPE": 45491504.0, "Final MAE": 0.13994267582893372, "Total Training Time": 514.5531542301178, "Average Time per Epoch": 14.269504461023542, "_wandb": {"runtime": 515}}