{"epoch": 23, "_timestamp": 1705619391.9757035, "loss": 0.005992623511701822, "root_mean_squared_error": 0.07741203904151917, "mean_absolute_percentage_error": 108548.7109375, "mean_absolute_error": 0.043839696794748306, "val_loss": 0.007324161008000374, "val_root_mean_squared_error": 0.08558131009340286, "val_mean_absolute_percentage_error": 33513.71484375, "val_mean_absolute_error": 0.06450292468070984, "_runtime": 32.28644347190857, "_step": 24, "best_val_loss": 0.005752097815275192, "best_epoch": 13, "Final MSE": 0.0123490821570158, "Final RMSE": 0.11112642288208008, "Final MAPE": 638290.5625, "Final MAE": 0.0846010074019432, "Total Training Time": 30.081410884857178, "Average Time per Epoch": 1.24641419450442, "_wandb": {"runtime": 30}}