{"epoch": 17, "_timestamp": 1703195504.0913014, "loss": 0.02171577699482441, "root_mean_squared_error": 0.14736270904541016, "mean_absolute_percentage_error": 33080.26953125, "mean_absolute_error": 0.08473283052444458, "val_loss": 0.02672710455954075, "val_root_mean_squared_error": 0.16348426043987274, "val_mean_absolute_percentage_error": 100641.8046875, "val_mean_absolute_error": 0.08092276006937027, "_runtime": 15.94774055480957, "_step": 18, "best_val_loss": 0.02644948847591877, "best_epoch": 7, "Final MSE": 0.028227051720023155, "Final RMSE": 0.16800908744335175, "Final MAPE": 206142.234375, "Final MAE": 0.08985906839370728, "Total Training Time": 13.792701482772827, "Average Time per Epoch": 0.7591929170820448, "_wandb": {"runtime": 14}}