{"epoch": 16, "_timestamp": 1703500634.482943, "loss": 0.004441201686859131, "root_mean_squared_error": 0.06664234399795532, "mean_absolute_percentage_error": 1330147.25, "mean_absolute_error": 0.03941052779555321, "val_loss": 0.007715646643191576, "val_root_mean_squared_error": 0.08783875405788422, "val_mean_absolute_percentage_error": 18325.177734375, "val_mean_absolute_error": 0.05901231989264488, "_runtime": 43.30613398551941, "_step": 17, "best_val_loss": 0.0074313245713710785, "best_epoch": 6, "Final MSE": 0.0048631709069013596, "Final RMSE": 0.06973643600940704, "Final MAPE": 308311.21875, "Final MAE": 0.05090583860874176, "Total Training Time": 41.34188222885132, "Average Time per Epoch": 2.4211415823768165, "_wandb": {"runtime": 41}}