{"epoch": 19, "_timestamp": 1705629358.5311913, "loss": 0.005566492676734924, "root_mean_squared_error": 0.0746089294552803, "mean_absolute_percentage_error": 9009.869140625, "mean_absolute_error": 0.03389428183436394, "val_loss": 0.009793232195079327, "val_root_mean_squared_error": 0.0989607572555542, "val_mean_absolute_percentage_error": 58790.0546875, "val_mean_absolute_error": 0.057237427681684494, "_runtime": 50.55873727798462, "_step": 20, "best_val_loss": 0.009542391635477543, "best_epoch": 9, "Final MSE": 0.011483274400234222, "Final RMSE": 0.1071600392460823, "Final MAPE": 155626.84375, "Final MAE": 0.06126169115304947, "Total Training Time": 48.137046813964844, "Average Time per Epoch": 2.3965915203094483, "_wandb": {"runtime": 48}}