{"epoch": 24, "_timestamp": 1703148002.8886847, "loss": 0.005298742093145847, "root_mean_squared_error": 0.07279245555400848, "mean_absolute_percentage_error": 62155.578125, "mean_absolute_error": 0.03690522536635399, "val_loss": 0.008395768702030182, "val_root_mean_squared_error": 0.09162842482328415, "val_mean_absolute_percentage_error": 10611.7021484375, "val_mean_absolute_error": 0.03754771500825882, "_runtime": 22.192880630493164, "_step": 25, "best_val_loss": 0.00819480698555708, "best_epoch": 14, "Final MSE": 0.014085226692259312, "Final RMSE": 0.11868119984865189, "Final MAPE": 110880.5, "Final MAE": 0.051871977746486664, "Total Training Time": 19.976070404052734, "Average Time per Epoch": 0.7935621643066406, "_wandb": {"runtime": 20}}