{"epoch": 16, "_timestamp": 1703199217.6817858, "loss": 0.01636158861219883, "root_mean_squared_error": 0.12791243195533752, "mean_absolute_percentage_error": 21676.720703125, "mean_absolute_error": 0.09108823537826538, "val_loss": 0.017464620992541313, "val_root_mean_squared_error": 0.13215377926826477, "val_mean_absolute_percentage_error": 109028.8203125, "val_mean_absolute_error": 0.0880773514509201, "_runtime": 100.03284287452698, "_step": 17, "best_val_loss": 0.016842961311340332, "best_epoch": 6, "Final MSE": 0.025972511619329453, "Final RMSE": 0.16115988790988922, "Final MAPE": 323422.1875, "Final MAE": 0.12858501076698303, "Total Training Time": 97.55282068252563, "Average Time per Epoch": 5.715930181391099, "_wandb": {"runtime": 98}}