{"epoch": 21, "_timestamp": 1703098049.2417357, "loss": 0.011923403479158878, "root_mean_squared_error": 0.1091943308711052, "mean_absolute_percentage_error": 70319.9609375, "mean_absolute_error": 0.0626860037446022, "val_loss": 0.030312247574329376, "val_root_mean_squared_error": 0.17410413920879364, "val_mean_absolute_percentage_error": 47179.7421875, "val_mean_absolute_error": 0.11731754243373871, "_runtime": 19.121965646743774, "_step": 22, "best_val_loss": 0.028944989666342735, "best_epoch": 11, "Final MSE": 0.04183405637741089, "Final RMSE": 0.20453375577926636, "Final MAPE": 92397.4609375, "Final MAE": 0.1349068433046341, "Total Training Time": 16.79853129386902, "Average Time per Epoch": 0.7574781396172263, "_wandb": {"runtime": 17}}