{"epoch": 53, "_timestamp": 1703332041.615484, "loss": 0.007182570174336433, "root_mean_squared_error": 0.08475004881620407, "mean_absolute_percentage_error": 5349592.5, "mean_absolute_error": 0.04605485126376152, "val_loss": 0.015644583851099014, "val_root_mean_squared_error": 0.12507830560207367, "val_mean_absolute_percentage_error": 2801095.0, "val_mean_absolute_error": 0.06545466184616089, "_runtime": 126.63768792152405, "_step": 54, "best_val_loss": 0.012211007997393608, "best_epoch": 43, "Final MSE": 0.014132638461887836, "Final RMSE": 0.11888077110052109, "Final MAPE": 5834725.0, "Final MAE": 0.06189386174082756, "Total Training Time": 124.07440209388733, "Average Time per Epoch": 2.2933957753358065, "_wandb": {"runtime": 124}}