{"epoch": 0, "_timestamp": 1703621598.8671362, "loss": 0.015263088047504425, "root_mean_squared_error": 0.12692518532276154, "mean_absolute_percentage_error": 51233.3046875, "mean_absolute_error": 0.08163973689079285, "val_loss": 0.008616640232503414, "val_root_mean_squared_error": 0.09282585978507996, "val_mean_absolute_percentage_error": 118481.8046875, "val_mean_absolute_error": 0.05963313207030296, "_runtime": 33.65178823471069, "_step": 1, "best_val_loss": 0.008616640232503414, "best_epoch": 0, "Final MSE": 0.020360147580504417, "Final RMSE": 0.14268898963928223, "Final MAPE": 233363.703125, "Final MAE": 0.07935947924852371, "Total Training Time": 32.275426626205444, "Average Time per Epoch": 30.84421682357788, "_wandb": {"runtime": 32}}