{"epoch": 19, "_timestamp": 1703177594.9557066, "loss": 0.010603205300867558, "root_mean_squared_error": 0.1029718667268753, "mean_absolute_percentage_error": 6524.2373046875, "mean_absolute_error": 0.05910630524158478, "val_loss": 0.010721651837229729, "val_root_mean_squared_error": 0.1035454124212265, "val_mean_absolute_percentage_error": 81137.3125, "val_mean_absolute_error": 0.07899521291255951, "_runtime": 71.05336856842041, "_step": 20, "best_val_loss": 0.008076201193034649, "best_epoch": 9, "Final MSE": 0.018481126055121422, "Final RMSE": 0.13594530522823334, "Final MAPE": 59765.2109375, "Final MAE": 0.0997127965092659, "Total Training Time": 68.6894896030426, "Average Time per Epoch": 3.420722544193268, "_wandb": {"runtime": 69}}