{"epoch": 0, "_timestamp": 1703728776.775654, "loss": 0.005966923665255308, "root_mean_squared_error": 0.07848604768514633, "mean_absolute_percentage_error": 8468890.0, "mean_absolute_error": 0.0451965369284153, "val_loss": 0.007134387269616127, "val_root_mean_squared_error": 0.08446530252695084, "val_mean_absolute_percentage_error": 9012308.0, "val_mean_absolute_error": 0.04811203107237816, "_runtime": 11.735131978988647, "_step": 1, "best_val_loss": 0.007134387269616127, "best_epoch": 0, "Final MSE": 0.0074363951571285725, "Final RMSE": 0.08623453229665756, "Final MAPE": 15287977.0, "Final MAE": 0.050618987530469894, "Total Training Time": 4.525543928146362, "Average Time per Epoch": 4.372101068496704, "_wandb": {"runtime": 4}}