{"epoch": 18, "_timestamp": 1703440106.7459674, "loss": 0.010473006404936314, "root_mean_squared_error": 0.10233771055936813, "mean_absolute_percentage_error": 11319066.0, "mean_absolute_error": 0.057775452733039856, "val_loss": 0.013277108781039715, "val_root_mean_squared_error": 0.11522633582353592, "val_mean_absolute_percentage_error": 12282952.0, "val_mean_absolute_error": 0.06482605636119843, "_runtime": 16.581724405288696, "_step": 19, "best_val_loss": 0.012394286692142487, "best_epoch": 8, "Final MSE": 0.0143392663449049, "Final RMSE": 0.11974667757749557, "Final MAPE": 22235102.0, "Final MAE": 0.07198097556829453, "Total Training Time": 14.403968811035156, "Average Time per Epoch": 0.7515770385139867, "_wandb": {"runtime": 14}}