{"epoch": 25, "_timestamp": 1703495974.4920115, "loss": 0.0035816142335534096, "root_mean_squared_error": 0.05984658747911453, "mean_absolute_percentage_error": 7427.50537109375, "mean_absolute_error": 0.027073970064520836, "val_loss": 0.0037219414953142405, "val_root_mean_squared_error": 0.06100771576166153, "val_mean_absolute_percentage_error": 50934.96484375, "val_mean_absolute_error": 0.034563664346933365, "_runtime": 63.6114604473114, "_step": 26, "best_val_loss": 0.0033647066447883844, "best_epoch": 15, "Final MSE": 0.004835980478674173, "Final RMSE": 0.06954121589660645, "Final MAPE": 51337.0, "Final MAE": 0.03939173370599747, "Total Training Time": 61.06339621543884, "Average Time per Epoch": 2.3413619169822106, "_wandb": {"runtime": 61}}