{"epoch": 17, "_timestamp": 1703637159.3014638, "loss": 0.00784345343708992, "root_mean_squared_error": 0.08856327086687088, "mean_absolute_percentage_error": 22840.345703125, "mean_absolute_error": 0.04917885735630989, "val_loss": 0.007107534911483526, "val_root_mean_squared_error": 0.08430619537830353, "val_mean_absolute_percentage_error": 69095.8359375, "val_mean_absolute_error": 0.05080343037843704, "_runtime": 37.95962595939636, "_step": 18, "best_val_loss": 0.00686983484774828, "best_epoch": 7, "Final MSE": 0.01227275375276804, "Final RMSE": 0.11078245937824249, "Final MAPE": 98582.53125, "Final MAE": 0.07153554260730743, "Total Training Time": 35.50737452507019, "Average Time per Epoch": 1.9630630281236436, "_wandb": {"runtime": 36}}