{"epoch": 24, "_timestamp": 1703562272.6860263, "loss": 0.004409617278724909, "root_mean_squared_error": 0.06640494614839554, "mean_absolute_percentage_error": 53797.58984375, "mean_absolute_error": 0.03488290682435036, "val_loss": 0.014073487371206284, "val_root_mean_squared_error": 0.11863172799348831, "val_mean_absolute_percentage_error": 11141.15625, "val_mean_absolute_error": 0.07092344760894775, "_runtime": 38.609928369522095, "_step": 25, "best_val_loss": 0.012869876809418201, "best_epoch": 14, "Final MSE": 0.016866741701960564, "Final RMSE": 0.12987202405929565, "Final MAPE": 38725.27734375, "Final MAE": 0.08475278317928314, "Total Training Time": 36.59579658508301, "Average Time per Epoch": 1.456471700668335, "_wandb": {"runtime": 36}}