{"epoch": 52, "_timestamp": 1703818484.5347772, "loss": 0.01836846023797989, "root_mean_squared_error": 0.1355302929878235, "mean_absolute_percentage_error": 166833.90625, "mean_absolute_error": 0.08370254188776016, "val_loss": 0.015031196177005768, "val_root_mean_squared_error": 0.12260177731513977, "val_mean_absolute_percentage_error": 26621.970703125, "val_mean_absolute_error": 0.08007936924695969, "_runtime": 75.79555010795593, "_step": 53, "best_val_loss": 0.014902843162417412, "best_epoch": 42, "Final MSE": 0.02081310749053955, "Final RMSE": 0.1442674845457077, "Final MAPE": 396666.84375, "Final MAE": 0.09235374629497528, "Total Training Time": 73.50366306304932, "Average Time per Epoch": 1.3835532485314135, "_wandb": {"runtime": 73}}