{"epoch": 41, "_timestamp": 1703598507.0902233, "loss": 0.01725432090461254, "root_mean_squared_error": 0.13135570287704468, "mean_absolute_percentage_error": 17317.9140625, "mean_absolute_error": 0.08465069532394409, "val_loss": 0.01534654013812542, "val_root_mean_squared_error": 0.12388115376234055, "val_mean_absolute_percentage_error": 62382.37109375, "val_mean_absolute_error": 0.08052980154752731, "_runtime": 311.51644229888916, "_step": 42, "best_val_loss": 0.014585642144083977, "best_epoch": 31, "Final MSE": 0.01916167140007019, "Final RMSE": 0.13842569291591644, "Final MAPE": 194599.96875, "Final MAE": 0.09320063143968582, "Total Training Time": 309.126327753067, "Average Time per Epoch": 7.347829852785383, "_wandb": {"runtime": 309}}