{"epoch": 0, "_timestamp": 1703764389.0518823, "loss": 0.006801914423704147, "root_mean_squared_error": 0.099489226937294, "mean_absolute_percentage_error": 33391.89453125, "mean_absolute_error": 0.05569608137011528, "val_loss": 0.01824924536049366, "val_root_mean_squared_error": 0.13508975505828857, "val_mean_absolute_percentage_error": 58061.63671875, "val_mean_absolute_error": 0.07923401147127151, "_runtime": 3.4540493488311768, "_step": 1, "best_val_loss": 0.01824924536049366, "best_epoch": 0, "Final MSE": 0.03267192840576172, "Final RMSE": 0.18075379729270935, "Final MAPE": 59363.78515625, "Final MAE": 0.09613677114248276, "Total Training Time": 1.5119271278381348, "Average Time per Epoch": 1.4290554523468018, "_wandb": {"runtime": 1}}