{"epoch": 23, "_timestamp": 1703902026.1327884, "loss": 0.019918683916330338, "root_mean_squared_error": 0.14113356173038483, "mean_absolute_percentage_error": 168149.03125, "mean_absolute_error": 0.08900557458400726, "val_loss": 0.021309969946742058, "val_root_mean_squared_error": 0.14597934484481812, "val_mean_absolute_percentage_error": 62027.2421875, "val_mean_absolute_error": 0.10568626970052719, "_runtime": 55.27979636192322, "_step": 24, "best_val_loss": 0.017348915338516235, "best_epoch": 13, "Final MSE": 0.024899974465370178, "Final RMSE": 0.15779726207256317, "Final MAPE": 738803.0, "Final MAE": 0.11506400257349014, "Total Training Time": 53.728002071380615, "Average Time per Epoch": 2.2300760050614676, "_wandb": {"runtime": 54}}