{"epoch": 21, "_timestamp": 1703212670.386974, "loss": 0.0051826732233166695, "root_mean_squared_error": 0.07199078798294067, "mean_absolute_percentage_error": 19189.77734375, "mean_absolute_error": 0.04876139760017395, "val_loss": 0.014996679499745369, "val_root_mean_squared_error": 0.12246093153953552, "val_mean_absolute_percentage_error": 99087.4140625, "val_mean_absolute_error": 0.0865844339132309, "_runtime": 400.22519612312317, "_step": 22, "best_val_loss": 0.013343263417482376, "best_epoch": 11, "Final MSE": 0.01569783315062523, "Final RMSE": 0.12529098987579346, "Final MAPE": 221462.84375, "Final MAE": 0.08672250807285309, "Total Training Time": 398.1225805282593, "Average Time per Epoch": 18.049215609377082, "_wandb": {"runtime": 398}}