{"epoch": 0, "_timestamp": 1703741509.150115, "loss": 0.008256552740931511, "root_mean_squared_error": 0.0955314114689827, "mean_absolute_percentage_error": 10648517.0, "mean_absolute_error": 0.05610426142811775, "val_loss": 0.014681111089885235, "val_root_mean_squared_error": 0.12116563320159912, "val_mean_absolute_percentage_error": 10649026.0, "val_mean_absolute_error": 0.07081445306539536, "_runtime": 3.223330020904541, "_step": 1, "best_val_loss": 0.014681111089885235, "best_epoch": 0, "Final MSE": 0.01583228074014187, "Final RMSE": 0.1258263885974884, "Final MAPE": 16581695.0, "Final MAE": 0.07388346642255783, "Total Training Time": 1.999739170074463, "Average Time per Epoch": 1.9040191173553467, "_wandb": {"runtime": 2}}