{"epoch": 13, "_timestamp": 1703676708.626164, "loss": 0.08169479668140411, "root_mean_squared_error": 0.28582313656806946, "mean_absolute_percentage_error": 98572944.0, "mean_absolute_error": 0.2353380024433136, "val_loss": 0.07234705984592438, "val_root_mean_squared_error": 0.2689741551876068, "val_mean_absolute_percentage_error": 104341224.0, "val_mean_absolute_error": 0.2214130312204361, "_runtime": 11.778635025024414, "_step": 14, "best_val_loss": 0.07214878499507904, "best_epoch": 3, "Final MSE": 0.07419314235448837, "Final RMSE": 0.2723841667175293, "Final MAPE": 116300408.0, "Final MAE": 0.22019891440868378, "Total Training Time": 10.55729365348816, "Average Time per Epoch": 0.7418184791292463, "_wandb": {"runtime": 10}}