{"epoch": 15, "_timestamp": 1703890583.688771, "loss": 0.00618497421965003, "root_mean_squared_error": 0.07864460349082947, "mean_absolute_percentage_error": 14577.0546875, "mean_absolute_error": 0.04336056858301163, "val_loss": 0.009971337392926216, "val_root_mean_squared_error": 0.09985658526420593, "val_mean_absolute_percentage_error": 153753.46875, "val_mean_absolute_error": 0.054744038730859756, "_runtime": 13.914891958236694, "_step": 16, "best_val_loss": 0.008410091511905193, "best_epoch": 5, "Final MSE": 0.008519220165908337, "Final RMSE": 0.09229962527751923, "Final MAPE": 170585.09375, "Final MAE": 0.05269458144903183, "Total Training Time": 12.663153171539307, "Average Time per Epoch": 0.7834715247154236, "_wandb": {"runtime": 12}}