{"epoch": 0, "_timestamp": 1703501470.1664968, "loss": 0.005525154527276754, "root_mean_squared_error": 0.08136342465877533, "mean_absolute_percentage_error": 152476.96875, "mean_absolute_error": 0.04691297560930252, "val_loss": 0.010404870845377445, "val_root_mean_squared_error": 0.1020042672753334, "val_mean_absolute_percentage_error": 337094.25, "val_mean_absolute_error": 0.057279229164123535, "_runtime": 7.377884864807129, "_step": 1, "best_val_loss": 0.010404870845377445, "best_epoch": 0, "Final MSE": 0.01438166480511427, "Final RMSE": 0.11992357671260834, "Final MAPE": 35006.14453125, "Final MAE": 0.06674295663833618, "Total Training Time": 6.169860363006592, "Average Time per Epoch": 6.016824245452881, "_wandb": {"runtime": 6}}