{"epoch": 0, "_timestamp": 1703745795.277293, "loss": 0.009040778502821922, "root_mean_squared_error": 0.09628033638000488, "mean_absolute_percentage_error": 11812337.0, "mean_absolute_error": 0.05898144096136093, "val_loss": 0.010818494483828545, "val_root_mean_squared_error": 0.10401199012994766, "val_mean_absolute_percentage_error": 12833403.0, "val_mean_absolute_error": 0.06444059312343597, "_runtime": 3.9077439308166504, "_step": 1, "best_val_loss": 0.010818494483828545, "best_epoch": 0, "Final MSE": 0.010077841579914093, "Final RMSE": 0.10038845241069794, "Final MAPE": 21370982.0, "Final MAE": 0.06648293137550354, "Total Training Time": 2.6523098945617676, "Average Time per Epoch": 2.500875949859619, "_wandb": {"runtime": 2}}