{"epoch": 31, "_timestamp": 1703559876.0871449, "loss": 0.0067754932679235935, "root_mean_squared_error": 0.08231338113546371, "mean_absolute_percentage_error": 29328.818359375, "mean_absolute_error": 0.04517007991671562, "val_loss": 0.012608780525624752, "val_root_mean_squared_error": 0.11228882521390915, "val_mean_absolute_percentage_error": 424588.1875, "val_mean_absolute_error": 0.06201576814055443, "_runtime": 30.81511878967285, "_step": 32, "best_val_loss": 0.012314087711274624, "best_epoch": 21, "Final MSE": 0.020024802535772324, "Final RMSE": 0.1415090262889862, "Final MAPE": 67706.890625, "Final MAE": 0.09122656285762787, "Total Training Time": 28.556430339813232, "Average Time per Epoch": 0.8876935392618179, "_wandb": {"runtime": 28}}