{"epoch": 32, "_timestamp": 1705615474.6293106, "loss": 0.00940930750221014, "root_mean_squared_error": 0.0970015823841095, "mean_absolute_percentage_error": 31801.478515625, "mean_absolute_error": 0.06455650180578232, "val_loss": 0.014140610583126545, "val_root_mean_squared_error": 0.11891429871320724, "val_mean_absolute_percentage_error": 44454.6953125, "val_mean_absolute_error": 0.07738420367240906, "_runtime": 27.22952365875244, "_step": 33, "best_val_loss": 0.013718945905566216, "best_epoch": 22, "Final MSE": 0.027035443112254143, "Final RMSE": 0.1644245833158493, "Final MAPE": 70228.734375, "Final MAE": 0.11401374638080597, "Total Training Time": 25.03402066230774, "Average Time per Epoch": 0.7541746731960413, "_wandb": {"runtime": 25}}