{"epoch": 32, "_timestamp": 1703469948.337011, "loss": 0.008096202276647091, "root_mean_squared_error": 0.0899788960814476, "mean_absolute_percentage_error": 8063855.5, "mean_absolute_error": 0.05317416042089462, "val_loss": 0.011543587781488895, "val_root_mean_squared_error": 0.10744109004735947, "val_mean_absolute_percentage_error": 10608473.0, "val_mean_absolute_error": 0.06088685989379883, "_runtime": 110.67525100708008, "_step": 33, "best_val_loss": 0.009706847369670868, "best_epoch": 22, "Final MSE": 0.008202876895666122, "Final RMSE": 0.09056973457336426, "Final MAPE": 16465704.0, "Final MAE": 0.053629640489816666, "Total Training Time": 108.23157858848572, "Average Time per Epoch": 3.2712139505328555, "_wandb": {"runtime": 108}}