{"epoch": 0, "_timestamp": 1703596093.4209106, "loss": 0.023126523941755295, "root_mean_squared_error": 0.15748409926891327, "mean_absolute_percentage_error": 58027.796875, "mean_absolute_error": 0.09768562763929367, "val_loss": 0.024380939081311226, "val_root_mean_squared_error": 0.15614396333694458, "val_mean_absolute_percentage_error": 113921.234375, "val_mean_absolute_error": 0.0979553684592247, "_runtime": 3.669597625732422, "_step": 1, "best_val_loss": 0.024380939081311226, "best_epoch": 0, "Final MSE": 0.03663990646600723, "Final RMSE": 0.19141554832458496, "Final MAPE": 232191.328125, "Final MAE": 0.123908132314682, "Total Training Time": 1.5934269428253174, "Average Time per Epoch": 1.4863789081573486, "_wandb": {"runtime": 1}}