{"epoch": 22, "_timestamp": 1703562062.3192136, "loss": 0.0041006384417414665, "root_mean_squared_error": 0.06403622776269913, "mean_absolute_percentage_error": 14946.044921875, "mean_absolute_error": 0.040711674839258194, "val_loss": 0.010627876035869122, "val_root_mean_squared_error": 0.10309159010648727, "val_mean_absolute_percentage_error": 64346.42578125, "val_mean_absolute_error": 0.0728754997253418, "_runtime": 53.595290660858154, "_step": 23, "best_val_loss": 0.009578133933246136, "best_epoch": 12, "Final MSE": 0.014910761266946793, "Final RMSE": 0.12210962921380997, "Final MAPE": 146818.96875, "Final MAE": 0.0938301533460617, "Total Training Time": 33.94035053253174, "Average Time per Epoch": 1.4678403294604758, "_wandb": {"runtime": 34}}