{"epoch": 0, "_timestamp": 1703819112.3743804, "loss": 0.011456926353275776, "root_mean_squared_error": 0.11111652106046677, "mean_absolute_percentage_error": 11637.0654296875, "mean_absolute_error": 0.06680788099765778, "val_loss": 0.013604517094790936, "val_root_mean_squared_error": 0.11663839966058731, "val_mean_absolute_percentage_error": 30843.2578125, "val_mean_absolute_error": 0.08472415059804916, "_runtime": 4.444887399673462, "_step": 1, "best_val_loss": 0.013604517094790936, "best_epoch": 0, "Final MSE": 0.01987157203257084, "Final RMSE": 0.14096656441688538, "Final MAPE": 59335.69921875, "Final MAE": 0.10536631941795349, "Total Training Time": 2.6123993396759033, "Average Time per Epoch": 2.461400270462036, "_wandb": {"runtime": 2}}