{"epoch": 0, "_timestamp": 1703804157.6609614, "loss": 0.004823707975447178, "root_mean_squared_error": 0.07945594936609268, "mean_absolute_percentage_error": 45584.50390625, "mean_absolute_error": 0.03936704620718956, "val_loss": 0.005503732245415449, "val_root_mean_squared_error": 0.07418714463710785, "val_mean_absolute_percentage_error": 61216.984375, "val_mean_absolute_error": 0.03770221024751663, "_runtime": 11.450541496276855, "_step": 1, "best_val_loss": 0.005503732245415449, "best_epoch": 0, "Final MSE": 0.01639174483716488, "Final RMSE": 0.12803025543689728, "Final MAPE": 71353.171875, "Final MAE": 0.06859140843153, "Total Training Time": 4.421070337295532, "Average Time per Epoch": 4.280085802078247, "_wandb": {"runtime": 4}}