{"epoch": 19, "_timestamp": 1703895077.8901217, "loss": 0.009761729277670383, "root_mean_squared_error": 0.09880146384239197, "mean_absolute_percentage_error": 4420.36083984375, "mean_absolute_error": 0.055162619799375534, "val_loss": 0.00979860220104456, "val_root_mean_squared_error": 0.0989878922700882, "val_mean_absolute_percentage_error": 24918.923828125, "val_mean_absolute_error": 0.055675238370895386, "_runtime": 27.45717477798462, "_step": 20, "best_val_loss": 0.00926995649933815, "best_epoch": 9, "Final MSE": 0.01715429499745369, "Final RMSE": 0.1309744119644165, "Final MAPE": 29306.677734375, "Final MAE": 0.08265724778175354, "Total Training Time": 25.246508359909058, "Average Time per Epoch": 1.2543771505355834, "_wandb": {"runtime": 25}}