{"epoch": 23, "_timestamp": 1703594655.550223, "loss": 0.012907123193144798, "root_mean_squared_error": 0.11360949277877808, "mean_absolute_percentage_error": 32871.61328125, "mean_absolute_error": 0.08453679084777832, "val_loss": 0.016723603010177612, "val_root_mean_squared_error": 0.12931975722312927, "val_mean_absolute_percentage_error": 113594.53125, "val_mean_absolute_error": 0.09097609668970108, "_runtime": 20.627142190933228, "_step": 24, "best_val_loss": 0.01618596725165844, "best_epoch": 13, "Final MSE": 0.020452378317713737, "Final RMSE": 0.14301182329654694, "Final MAPE": 231747.21875, "Final MAE": 0.09599632024765015, "Total Training Time": 18.535162210464478, "Average Time per Epoch": 0.766381174325943, "_wandb": {"runtime": 18}}