{"epoch": 20, "_timestamp": 1703561119.9908664, "loss": 0.007254155818372965, "root_mean_squared_error": 0.08517133444547653, "mean_absolute_percentage_error": 41419.4609375, "mean_absolute_error": 0.05469472333788872, "val_loss": 0.01046274695545435, "val_root_mean_squared_error": 0.10228756815195084, "val_mean_absolute_percentage_error": 5578.09912109375, "val_mean_absolute_error": 0.07107099890708923, "_runtime": 31.974079370498657, "_step": 21, "best_val_loss": 0.009528601542115211, "best_epoch": 10, "Final MSE": 0.01509546022862196, "Final RMSE": 0.12286358326673508, "Final MAPE": 100450.328125, "Final MAE": 0.08590542525053024, "Total Training Time": 29.758943557739258, "Average Time per Epoch": 1.4088530426933652, "_wandb": {"runtime": 30}}