{"epoch": 45, "_timestamp": 1703340134.8422256, "loss": 0.007103467360138893, "root_mean_squared_error": 0.08428207039833069, "mean_absolute_percentage_error": 5438124.0, "mean_absolute_error": 0.045768871903419495, "val_loss": 0.010459084995090961, "val_root_mean_squared_error": 0.10226966440677643, "val_mean_absolute_percentage_error": 6233485.5, "val_mean_absolute_error": 0.05663779750466347, "_runtime": 107.39810562133789, "_step": 46, "best_val_loss": 0.010014248080551624, "best_epoch": 35, "Final MSE": 0.010963100008666515, "Final RMSE": 0.10470481961965561, "Final MAPE": 8587289.0, "Final MAE": 0.056209105998277664, "Total Training Time": 104.79130601882935, "Average Time per Epoch": 2.273332740949548, "_wandb": {"runtime": 105}}