{"epoch": 0, "_timestamp": 1703560503.099304, "loss": 0.0066679902374744415, "root_mean_squared_error": 0.0923781469464302, "mean_absolute_percentage_error": 91735.5078125, "mean_absolute_error": 0.05046685412526131, "val_loss": 0.005007162224501371, "val_root_mean_squared_error": 0.0707613080739975, "val_mean_absolute_percentage_error": 387420.1875, "val_mean_absolute_error": 0.04246298596262932, "_runtime": 3.8671579360961914, "_step": 1, "best_val_loss": 0.005007162224501371, "best_epoch": 0, "Final MSE": 0.02198188565671444, "Final RMSE": 0.1482628881931305, "Final MAPE": 61340.5078125, "Final MAE": 0.09358227998018265, "Total Training Time": 1.9071276187896729, "Average Time per Epoch": 1.7986643314361572, "_wandb": {"runtime": 2}}