{"epoch": 16, "_timestamp": 1705638362.6325448, "loss": 0.00376517279073596, "root_mean_squared_error": 0.061361003667116165, "mean_absolute_percentage_error": 10539.375, "mean_absolute_error": 0.03427646681666374, "val_loss": 0.011703312397003174, "val_root_mean_squared_error": 0.10818184912204742, "val_mean_absolute_percentage_error": 165294.4375, "val_mean_absolute_error": 0.06562203913927078, "_runtime": 58.800372838974, "_step": 17, "best_val_loss": 0.010817966423928738, "best_epoch": 6, "Final MSE": 0.020399820059537888, "Final RMSE": 0.14282794296741486, "Final MAPE": 29820.48828125, "Final MAE": 0.08204976469278336, "Total Training Time": 56.35267615318298, "Average Time per Epoch": 3.2997381266425636, "_wandb": {"runtime": 56}}