{"epoch": 33, "_timestamp": 1703242146.6075509, "loss": 0.006782339420169592, "root_mean_squared_error": 0.08235496282577515, "mean_absolute_percentage_error": 27306.3828125, "mean_absolute_error": 0.058872394263744354, "val_loss": 0.015831785276532173, "val_root_mean_squared_error": 0.12582442164421082, "val_mean_absolute_percentage_error": 166297.09375, "val_mean_absolute_error": 0.0943596288561821, "_runtime": 259.4824938774109, "_step": 34, "best_val_loss": 0.015479711815714836, "best_epoch": 23, "Final MSE": 0.021495822817087173, "Final RMSE": 0.14661453664302826, "Final MAPE": 418722.03125, "Final MAE": 0.1228199154138565, "Total Training Time": 257.10995292663574, "Average Time per Epoch": 7.547199438599979, "_wandb": {"runtime": 257}}