{"epoch": 25, "_timestamp": 1705639722.6287603, "loss": 0.006438821088522673, "root_mean_squared_error": 0.08024226129055023, "mean_absolute_percentage_error": 19473.5703125, "mean_absolute_error": 0.052147842943668365, "val_loss": 0.012051107361912727, "val_root_mean_squared_error": 0.10977753251791, "val_mean_absolute_percentage_error": 69718.9765625, "val_mean_absolute_error": 0.07198987901210785, "_runtime": 79.65998244285583, "_step": 26, "best_val_loss": 0.011024649254977703, "best_epoch": 15, "Final MSE": 0.020512940362095833, "Final RMSE": 0.14322338998317719, "Final MAPE": 106796.1640625, "Final MAE": 0.09893232583999634, "Total Training Time": 77.34975576400757, "Average Time per Epoch": 2.964978025509761, "_wandb": {"runtime": 77}}