{"epoch": 28, "_timestamp": 1703302264.0244567, "loss": 0.004029639530926943, "root_mean_squared_error": 0.06347943842411041, "mean_absolute_percentage_error": 5589.16259765625, "mean_absolute_error": 0.03206196427345276, "val_loss": 0.006887625902891159, "val_root_mean_squared_error": 0.08299171924591064, "val_mean_absolute_percentage_error": 84687.5078125, "val_mean_absolute_error": 0.05704285576939583, "_runtime": 95.28598666191101, "_step": 29, "best_val_loss": 0.004905979614704847, "best_epoch": 18, "Final MSE": 0.01705079711973667, "Final RMSE": 0.13057869672775269, "Final MAPE": 273324.75, "Final MAE": 0.08590992540121078, "Total Training Time": 92.76269054412842, "Average Time per Epoch": 3.1895157222090096, "_wandb": {"runtime": 93}}