{"epoch": 23, "_timestamp": 1703810663.5067449, "loss": 0.00473472336307168, "root_mean_squared_error": 0.06880932301282883, "mean_absolute_percentage_error": 8931.943359375, "mean_absolute_error": 0.043791186064481735, "val_loss": 0.010996762663125992, "val_root_mean_squared_error": 0.10486544668674469, "val_mean_absolute_percentage_error": 46392.91796875, "val_mean_absolute_error": 0.06650594621896744, "_runtime": 58.44646191596985, "_step": 24, "best_val_loss": 0.010807002894580364, "best_epoch": 13, "Final MSE": 0.007952877320349216, "Final RMSE": 0.0891789048910141, "Final MAPE": 42850.6640625, "Final MAE": 0.06336909532546997, "Total Training Time": 56.055705547332764, "Average Time per Epoch": 2.3275474309921265, "_wandb": {"runtime": 56}}