{"epoch": 22, "_timestamp": 1703346058.4055865, "loss": 0.08016333729028702, "root_mean_squared_error": 0.28313127160072327, "mean_absolute_percentage_error": 94865600.0, "mean_absolute_error": 0.23352736234664917, "val_loss": 0.07953114062547684, "val_root_mean_squared_error": 0.28201261162757874, "val_mean_absolute_percentage_error": 111763720.0, "val_mean_absolute_error": 0.2388182282447815, "_runtime": 19.008342504501343, "_step": 23, "best_val_loss": 0.07900092005729675, "best_epoch": 12, "Final MSE": 0.08721092343330383, "Final RMSE": 0.2953149676322937, "Final MAPE": 120796696.0, "Final MAE": 0.24501779675483704, "Total Training Time": 16.64833402633667, "Average Time per Epoch": 0.7180713466976, "_wandb": {"runtime": 17}}