{"epoch": 26, "_timestamp": 1703470043.6389766, "loss": 0.007952705025672913, "root_mean_squared_error": 0.0891779437661171, "mean_absolute_percentage_error": 7669439.5, "mean_absolute_error": 0.05176486447453499, "val_loss": 0.011388413608074188, "val_root_mean_squared_error": 0.10671651363372803, "val_mean_absolute_percentage_error": 17551008.0, "val_mean_absolute_error": 0.06912598758935928, "_runtime": 91.94257760047913, "_step": 27, "best_val_loss": 0.010262127965688705, "best_epoch": 16, "Final MSE": 0.013122126460075378, "Final RMSE": 0.1145518496632576, "Final MAPE": 30979180.0, "Final MAE": 0.08146759122610092, "Total Training Time": 89.63596153259277, "Average Time per Epoch": 3.309701645815814, "_wandb": {"runtime": 90}}