{"epoch": 0, "_timestamp": 1703537522.3932195, "loss": 0.006682774983346462, "root_mean_squared_error": 0.08359138667583466, "mean_absolute_percentage_error": 2442298.25, "mean_absolute_error": 0.05623497813940048, "val_loss": 0.011766069568693638, "val_root_mean_squared_error": 0.10847151279449463, "val_mean_absolute_percentage_error": 45691.6015625, "val_mean_absolute_error": 0.08481240272521973, "_runtime": 25.545267581939697, "_step": 1, "best_val_loss": 0.011766069568693638, "best_epoch": 0, "Final MSE": 0.010744700208306313, "Final RMSE": 0.10365664213895798, "Final MAPE": 651948.125, "Final MAE": 0.09104092419147491, "Total Training Time": 24.260496139526367, "Average Time per Epoch": 23.18417239189148, "_wandb": {"runtime": 24}}