{"epoch": 28, "_timestamp": 1705599981.123269, "loss": 0.006116337142884731, "root_mean_squared_error": 0.07820701599121094, "mean_absolute_percentage_error": 6109.8095703125, "mean_absolute_error": 0.04439783841371536, "val_loss": 0.01188083365559578, "val_root_mean_squared_error": 0.10899923741817474, "val_mean_absolute_percentage_error": 41071.49609375, "val_mean_absolute_error": 0.06352365016937256, "_runtime": 90.82822513580322, "_step": 29, "best_val_loss": 0.011281474493443966, "best_epoch": 18, "Final MSE": 0.013988308608531952, "Final RMSE": 0.11827217787504196, "Final MAPE": 19626.83203125, "Final MAE": 0.08228138089179993, "Total Training Time": 89.40074443817139, "Average Time per Epoch": 3.074147602607464, "_wandb": {"runtime": 89}}