{"epoch": 50, "_timestamp": 1703360699.2580078, "loss": 0.008764880709350109, "root_mean_squared_error": 0.09362094104290009, "mean_absolute_percentage_error": 10430634.0, "mean_absolute_error": 0.056260768324136734, "val_loss": 0.021251533180475235, "val_root_mean_squared_error": 0.1457790583372116, "val_mean_absolute_percentage_error": 47465392.0, "val_mean_absolute_error": 0.11077111214399338, "_runtime": 801.8540236949921, "_step": 51, "best_val_loss": 0.017854731529951096, "best_epoch": 40, "Final MSE": 0.02051413431763649, "Final RMSE": 0.14322756230831146, "Final MAPE": 51529292.0, "Final MAE": 0.10869736224412918, "Total Training Time": 799.3369905948639, "Average Time per Epoch": 15.654324185614492, "_wandb": {"runtime": 800}}