{"epoch": 36, "_timestamp": 1703299641.138651, "loss": 0.008372180163860321, "root_mean_squared_error": 0.09149961918592453, "mean_absolute_percentage_error": 7364.564453125, "mean_absolute_error": 0.063198022544384, "val_loss": 0.013947240076959133, "val_root_mean_squared_error": 0.1180984303355217, "val_mean_absolute_percentage_error": 108386.4140625, "val_mean_absolute_error": 0.07892546057701111, "_runtime": 115.22946500778198, "_step": 37, "best_val_loss": 0.013313598930835724, "best_epoch": 26, "Final MSE": 0.011413820087909698, "Final RMSE": 0.10683548450469971, "Final MAPE": 205670.015625, "Final MAE": 0.08119853585958481, "Total Training Time": 111.61148738861084, "Average Time per Epoch": 3.009361640827076, "_wandb": {"runtime": 112}}