{"epoch": 0, "_timestamp": 1703505239.6584544, "loss": 0.006799743976444006, "root_mean_squared_error": 0.099807970225811, "mean_absolute_percentage_error": 32432.2578125, "mean_absolute_error": 0.05522657185792923, "val_loss": 0.018037358298897743, "val_root_mean_squared_error": 0.1343032568693161, "val_mean_absolute_percentage_error": 60148.8828125, "val_mean_absolute_error": 0.0789836049079895, "_runtime": 3.5184524059295654, "_step": 1, "best_val_loss": 0.018037358298897743, "best_epoch": 0, "Final MSE": 0.03251552954316139, "Final RMSE": 0.1803206354379654, "Final MAPE": 61626.640625, "Final MAE": 0.0968329980969429, "Total Training Time": 1.5327486991882324, "Average Time per Epoch": 1.4327068328857422, "_wandb": {"runtime": 1}}