{"epoch": 0, "_timestamp": 1703640010.1535432, "loss": 0.007553055416792631, "root_mean_squared_error": 0.08705540001392365, "mean_absolute_percentage_error": 22308.607421875, "mean_absolute_error": 0.051230404525995255, "val_loss": 0.008571766316890717, "val_root_mean_squared_error": 0.09258383512496948, "val_mean_absolute_percentage_error": 48102.67578125, "val_mean_absolute_error": 0.05750684067606926, "_runtime": 10.427924156188965, "_step": 1, "best_val_loss": 0.008571766316890717, "best_epoch": 0, "Final MSE": 0.008047587238252163, "Final RMSE": 0.0897083431482315, "Final MAPE": 128164.4453125, "Final MAE": 0.059124428778886795, "Total Training Time": 4.490424156188965, "Average Time per Epoch": 4.343371868133545, "_wandb": {"runtime": 4}}