{"epoch": 18, "_timestamp": 1705619355.0175822, "loss": 0.006131679285317659, "root_mean_squared_error": 0.07830504328012466, "mean_absolute_percentage_error": 126782.53125, "mean_absolute_error": 0.044879961758852005, "val_loss": 0.011644347570836544, "val_root_mean_squared_error": 0.10790897905826569, "val_mean_absolute_percentage_error": 78785.015625, "val_mean_absolute_error": 0.07770092040300369, "_runtime": 26.250232219696045, "_step": 19, "best_val_loss": 0.008367984555661678, "best_epoch": 8, "Final MSE": 0.014758450910449028, "Final RMSE": 0.12148436158895493, "Final MAPE": 462599.5625, "Final MAE": 0.08972315490245819, "Total Training Time": 23.99770426750183, "Average Time per Epoch": 1.2546499151932566, "_wandb": {"runtime": 24}}