{"epoch": 33, "_timestamp": 1703149126.6214335, "loss": 0.009258833713829517, "root_mean_squared_error": 0.09622283279895782, "mean_absolute_percentage_error": 27211.6328125, "mean_absolute_error": 0.06443553417921066, "val_loss": 0.014778351411223412, "val_root_mean_squared_error": 0.12156624346971512, "val_mean_absolute_percentage_error": 83622.484375, "val_mean_absolute_error": 0.0770416185259819, "_runtime": 29.1521954536438, "_step": 34, "best_val_loss": 0.014273963868618011, "best_epoch": 23, "Final MSE": 0.028452912345528603, "Final RMSE": 0.16867990791797638, "Final MAPE": 75094.6015625, "Final MAE": 0.11814425140619278, "Total Training Time": 26.606985807418823, "Average Time per Epoch": 0.7781079867306877, "_wandb": {"runtime": 26}}