{"epoch": 30, "_timestamp": 1703650805.4083514, "loss": 0.008378768339753151, "root_mean_squared_error": 0.09153561294078827, "mean_absolute_percentage_error": 10283.87890625, "mean_absolute_error": 0.06219087913632393, "val_loss": 0.010344231501221657, "val_root_mean_squared_error": 0.1017065942287445, "val_mean_absolute_percentage_error": 51070.69921875, "val_mean_absolute_error": 0.06677359342575073, "_runtime": 28.937822341918945, "_step": 31, "best_val_loss": 0.010226714424788952, "best_epoch": 20, "Final MSE": 0.02069823630154133, "Final RMSE": 0.1438688188791275, "Final MAPE": 280963.03125, "Final MAE": 0.10923875868320465, "Total Training Time": 26.883606672286987, "Average Time per Epoch": 0.8623782511680357, "_wandb": {"runtime": 27}}