{"epoch": 16, "_timestamp": 1703344277.9292996, "loss": 0.0677623525261879, "root_mean_squared_error": 0.260312020778656, "mean_absolute_percentage_error": 83455632.0, "mean_absolute_error": 0.20916394889354706, "val_loss": 0.05497598648071289, "val_root_mean_squared_error": 0.23446956276893616, "val_mean_absolute_percentage_error": 89522952.0, "val_mean_absolute_error": 0.19150519371032715, "_runtime": 14.545774698257446, "_step": 17, "best_val_loss": 0.05450070649385452, "best_epoch": 6, "Final MSE": 0.05506642535328865, "Final RMSE": 0.23466235399246216, "Final MAPE": 97658016.0, "Final MAE": 0.19100451469421387, "Total Training Time": 12.424399137496948, "Average Time per Epoch": 0.7237880370196175, "_wandb": {"runtime": 12}}