{"epoch": 32, "_timestamp": 1703220838.8738868, "loss": 0.005468922201544046, "root_mean_squared_error": 0.07395216077566147, "mean_absolute_percentage_error": 20312.974609375, "mean_absolute_error": 0.05358683317899704, "val_loss": 0.023675424978137016, "val_root_mean_squared_error": 0.15386821329593658, "val_mean_absolute_percentage_error": 208958.6875, "val_mean_absolute_error": 0.12477446347475052, "_runtime": 506.6155128479004, "_step": 33, "best_val_loss": 0.015086112543940544, "best_epoch": 22, "Final MSE": 0.026804447174072266, "Final RMSE": 0.16372063755989075, "Final MAPE": 419992.0625, "Final MAE": 0.1308465600013733, "Total Training Time": 504.1716659069061, "Average Time per Epoch": 15.250261696902188, "_wandb": {"runtime": 504}}