{"epoch": 25, "_timestamp": 1703095783.225368, "loss": 0.005697374232113361, "root_mean_squared_error": 0.07548095285892487, "mean_absolute_percentage_error": 24645.060546875, "mean_absolute_error": 0.04813271015882492, "val_loss": 0.008741656318306923, "val_root_mean_squared_error": 0.09349682182073593, "val_mean_absolute_percentage_error": 70846.40625, "val_mean_absolute_error": 0.05833112448453903, "_runtime": 69.91212391853333, "_step": 26, "best_val_loss": 0.008532191626727581, "best_epoch": 15, "Final MSE": 0.011704552918672562, "Final RMSE": 0.10818757861852646, "Final MAPE": 235621.875, "Final MAE": 0.06690642237663269, "Total Training Time": 67.24708032608032, "Average Time per Epoch": 2.5776602304898777, "_wandb": {"runtime": 68}}