{"epoch": 0, "_timestamp": 1703764233.8037302, "loss": 0.014386105351150036, "root_mean_squared_error": 0.13124823570251465, "mean_absolute_percentage_error": 35441.05859375, "mean_absolute_error": 0.0905073881149292, "val_loss": 0.01990959793329239, "val_root_mean_squared_error": 0.14110137522220612, "val_mean_absolute_percentage_error": 70874.4765625, "val_mean_absolute_error": 0.09655317664146423, "_runtime": 3.5856361389160156, "_step": 1, "best_val_loss": 0.01990959793329239, "best_epoch": 0, "Final MSE": 0.037601567804813385, "Final RMSE": 0.19391122460365295, "Final MAPE": 144409.96875, "Final MAE": 0.1290079802274704, "Total Training Time": 1.5854606628417969, "Average Time per Epoch": 1.4775304794311523, "_wandb": {"runtime": 1}}