{"epoch": 50, "_timestamp": 1703800411.298573, "loss": 0.003882356220856309, "root_mean_squared_error": 0.06230855733156204, "mean_absolute_percentage_error": 16265.49609375, "mean_absolute_error": 0.03928212448954582, "val_loss": 0.009540189988911152, "val_root_mean_squared_error": 0.09767389297485352, "val_mean_absolute_percentage_error": 49247.44921875, "val_mean_absolute_error": 0.06093945726752281, "_runtime": 95.45497107505798, "_step": 51, "best_val_loss": 0.008972774259746075, "best_epoch": 40, "Final MSE": 0.011447585187852383, "Final RMSE": 0.10699339210987091, "Final MAPE": 117281.5390625, "Final MAE": 0.06534721702337265, "Total Training Time": 93.87709069252014, "Average Time per Epoch": 1.8359336525786156, "_wandb": {"runtime": 94}}