{"epoch": 29, "_timestamp": 1705607869.3907015, "loss": 0.005135200917720795, "root_mean_squared_error": 0.07166031748056412, "mean_absolute_percentage_error": 24906.955078125, "mean_absolute_error": 0.0455251969397068, "val_loss": 0.008227088488638401, "val_root_mean_squared_error": 0.09070330113172531, "val_mean_absolute_percentage_error": 65371.16015625, "val_mean_absolute_error": 0.05349620804190636, "_runtime": 100.8938455581665, "_step": 30, "best_val_loss": 0.007723020855337381, "best_epoch": 19, "Final MSE": 0.010660186409950256, "Final RMSE": 0.10324817895889282, "Final MAPE": 190574.421875, "Final MAE": 0.06105438247323036, "Total Training Time": 98.58204674720764, "Average Time per Epoch": 3.277559185028076, "_wandb": {"runtime": 99}}