{"epoch": 13, "_timestamp": 1703157931.7129993, "loss": 0.004913215059787035, "root_mean_squared_error": 0.07009433209896088, "mean_absolute_percentage_error": 91893.53125, "mean_absolute_error": 0.03776521980762482, "val_loss": 0.008457215502858162, "val_root_mean_squared_error": 0.09196311980485916, "val_mean_absolute_percentage_error": 34482.0703125, "val_mean_absolute_error": 0.04944837465882301, "_runtime": 33.52147841453552, "_step": 14, "best_val_loss": 0.00786496140062809, "best_epoch": 3, "Final MSE": 0.013352577574551105, "Final RMSE": 0.1155533567070961, "Final MAPE": 93270.671875, "Final MAE": 0.06611274927854538, "Total Training Time": 31.392831087112427, "Average Time per Epoch": 2.2288139377321516, "_wandb": {"runtime": 31}}