{"epoch": 15, "_timestamp": 1703281345.7283502, "loss": 0.011369159445166588, "root_mean_squared_error": 0.10662625730037689, "mean_absolute_percentage_error": 17300.314453125, "mean_absolute_error": 0.06480640172958374, "val_loss": 0.015602515079081059, "val_root_mean_squared_error": 0.12491002678871155, "val_mean_absolute_percentage_error": 65494.9296875, "val_mean_absolute_error": 0.08528897166252136, "_runtime": 15.503997087478638, "_step": 16, "best_val_loss": 0.013784789480268955, "best_epoch": 5, "Final MSE": 0.021799519658088684, "Final RMSE": 0.14764660596847534, "Final MAPE": 160050.125, "Final MAE": 0.10234080255031586, "Total Training Time": 13.173898696899414, "Average Time per Epoch": 0.8155363202095032, "_wandb": {"runtime": 13}}