{"epoch": 26, "_timestamp": 1703177160.7761543, "loss": 0.010121563449501991, "root_mean_squared_error": 0.10060597956180573, "mean_absolute_percentage_error": 448277.21875, "mean_absolute_error": 0.06890920549631119, "val_loss": 0.01799166202545166, "val_root_mean_squared_error": 0.1341329962015152, "val_mean_absolute_percentage_error": 123082.9453125, "val_mean_absolute_error": 0.0846201479434967, "_runtime": 94.22019839286804, "_step": 27, "best_val_loss": 0.016429048031568527, "best_epoch": 16, "Final MSE": 0.014911679551005363, "Final RMSE": 0.12211339175701141, "Final MAPE": 90738.890625, "Final MAE": 0.09486857056617737, "Total Training Time": 91.95530843734741, "Average Time per Epoch": 3.3955294909300626, "_wandb": {"runtime": 92}}