{"epoch": 22, "_timestamp": 1703147470.624771, "loss": 0.004541815258562565, "root_mean_squared_error": 0.0673929899930954, "mean_absolute_percentage_error": 2804893.25, "mean_absolute_error": 0.04133285954594612, "val_loss": 0.008307091891765594, "val_root_mean_squared_error": 0.09114325046539307, "val_mean_absolute_percentage_error": 21501.248046875, "val_mean_absolute_error": 0.06496106833219528, "_runtime": 20.743755102157593, "_step": 23, "best_val_loss": 0.007587549276649952, "best_epoch": 12, "Final MSE": 0.005840172525495291, "Final RMSE": 0.07642102241516113, "Final MAPE": 356968.375, "Final MAE": 0.06298913061618805, "Total Training Time": 18.46441340446472, "Average Time per Epoch": 0.7966899664505668, "_wandb": {"runtime": 18}}