{"epoch": 22, "_timestamp": 1703815798.0594034, "loss": 0.021858785301446915, "root_mean_squared_error": 0.14784717559814453, "mean_absolute_percentage_error": 69446.5390625, "mean_absolute_error": 0.10211455821990967, "val_loss": 0.030688723549246788, "val_root_mean_squared_error": 0.17518197000026703, "val_mean_absolute_percentage_error": 143413.09375, "val_mean_absolute_error": 0.1303471326828003, "_runtime": 33.163246393203735, "_step": 23, "best_val_loss": 0.028274765238165855, "best_epoch": 12, "Final MSE": 0.032235074788331985, "Final RMSE": 0.17954128980636597, "Final MAPE": 199806.71875, "Final MAE": 0.12379208952188492, "Total Training Time": 30.85990071296692, "Average Time per Epoch": 1.3347634439883025, "_wandb": {"runtime": 31}}