{"epoch": 31, "_timestamp": 1703870499.71873, "loss": 0.011432437226176262, "root_mean_squared_error": 0.10692257434129715, "mean_absolute_percentage_error": 218858.703125, "mean_absolute_error": 0.05432917922735214, "val_loss": 0.008921398781239986, "val_root_mean_squared_error": 0.09445315599441528, "val_mean_absolute_percentage_error": 125.81157684326172, "val_mean_absolute_error": 0.0567130483686924, "_runtime": 169.43208408355713, "_step": 32, "best_val_loss": 0.008603359572589397, "best_epoch": 21, "Final MSE": 0.015049547888338566, "Final RMSE": 0.12267659604549408, "Final MAPE": 99214.4375, "Final MAE": 0.07593432813882828, "Total Training Time": 167.04935884475708, "Average Time per Epoch": 5.208831951022148, "_wandb": {"runtime": 167}}