{"epoch": 0, "_timestamp": 1703537713.2145824, "loss": 0.018426885828375816, "root_mean_squared_error": 0.13801376521587372, "mean_absolute_percentage_error": 24858.22265625, "mean_absolute_error": 0.10264293104410172, "val_loss": 0.030548229813575745, "val_root_mean_squared_error": 0.17478051781654358, "val_mean_absolute_percentage_error": 89886.65625, "val_mean_absolute_error": 0.13244134187698364, "_runtime": 26.867400407791138, "_step": 1, "best_val_loss": 0.030548229813575745, "best_epoch": 0, "Final MSE": 0.025672227144241333, "Final RMSE": 0.16022555530071259, "Final MAPE": 96859.5859375, "Final MAE": 0.12325478345155716, "Total Training Time": 25.5600905418396, "Average Time per Epoch": 24.454119205474854, "_wandb": {"runtime": 25}}