{"epoch": 0, "_timestamp": 1703505140.5172517, "loss": 0.00718766450881958, "root_mean_squared_error": 0.09588199108839035, "mean_absolute_percentage_error": 21440.306640625, "mean_absolute_error": 0.051689036190509796, "val_loss": 0.005294972099363804, "val_root_mean_squared_error": 0.07276654988527298, "val_mean_absolute_percentage_error": 89071.484375, "val_mean_absolute_error": 0.050484851002693176, "_runtime": 3.6213157176971436, "_step": 1, "best_val_loss": 0.005294972099363804, "best_epoch": 0, "Final MSE": 0.00674096867442131, "Final RMSE": 0.08210340142250061, "Final MAPE": 90732.2421875, "Final MAE": 0.050719261169433594, "Total Training Time": 1.5585999488830566, "Average Time per Epoch": 1.4576175212860107, "_wandb": {"runtime": 1}}