{"epoch": 0, "_timestamp": 1703820185.2316887, "loss": 0.0073675233870744705, "root_mean_squared_error": 0.09590166062116623, "mean_absolute_percentage_error": 83219.7421875, "mean_absolute_error": 0.06149880588054657, "val_loss": 0.02185693010687828, "val_root_mean_squared_error": 0.14784088730812073, "val_mean_absolute_percentage_error": 46203.73046875, "val_mean_absolute_error": 0.09079509973526001, "_runtime": 4.372571706771851, "_step": 1, "best_val_loss": 0.02185693010687828, "best_epoch": 0, "Final MSE": 0.02576230652630329, "Final RMSE": 0.16050641238689423, "Final MAPE": 34830.0, "Final MAE": 0.11319375783205032, "Total Training Time": 2.5584676265716553, "Average Time per Epoch": 2.4150819778442383, "_wandb": {"runtime": 2}}