{"epoch": 0, "_timestamp": 1703564677.1795764, "loss": 0.012599559500813484, "root_mean_squared_error": 0.11279261112213135, "mean_absolute_percentage_error": 9654.126953125, "mean_absolute_error": 0.066355399787426, "val_loss": 0.008330270648002625, "val_root_mean_squared_error": 0.091270312666893, "val_mean_absolute_percentage_error": 154407.21875, "val_mean_absolute_error": 0.05568791925907135, "_runtime": 4.629366397857666, "_step": 1, "best_val_loss": 0.008330270648002625, "best_epoch": 0, "Final MSE": 0.03849419951438904, "Final RMSE": 0.19619938731193542, "Final MAPE": 238017.109375, "Final MAE": 0.1270558089017868, "Total Training Time": 2.7302372455596924, "Average Time per Epoch": 2.5797786712646484, "_wandb": {"runtime": 2}}