{"epoch": 16, "_timestamp": 1703099985.827203, "loss": 0.01581346057355404, "root_mean_squared_error": 0.1257515847682953, "mean_absolute_percentage_error": 23109.388671875, "mean_absolute_error": 0.078047014772892, "val_loss": 0.016965845599770546, "val_root_mean_squared_error": 0.13025298714637756, "val_mean_absolute_percentage_error": 774611.625, "val_mean_absolute_error": 0.08849514275789261, "_runtime": 15.513915061950684, "_step": 17, "best_val_loss": 0.016849717125296593, "best_epoch": 6, "Final MSE": 0.041615989059209824, "Final RMSE": 0.20399996638298035, "Final MAPE": 131870.15625, "Final MAE": 0.14712177217006683, "Total Training Time": 13.239893674850464, "Average Time per Epoch": 0.7712701208451215, "_wandb": {"runtime": 13}}