{"epoch": 33, "_timestamp": 1703350333.7146027, "loss": 0.01184459775686264, "root_mean_squared_error": 0.10883288830518723, "mean_absolute_percentage_error": 14141545.0, "mean_absolute_error": 0.06761621683835983, "val_loss": 0.07008286565542221, "val_root_mean_squared_error": 0.26473167538642883, "val_mean_absolute_percentage_error": 30217796.0, "val_mean_absolute_error": 0.1584654003381729, "_runtime": 192.91247868537903, "_step": 34, "best_val_loss": 0.056984350085258484, "best_epoch": 23, "Final MSE": 0.065461665391922, "Final RMSE": 0.2558547854423523, "Final MAPE": 73574968.0, "Final MAE": 0.1688663214445114, "Total Training Time": 190.47328734397888, "Average Time per Epoch": 5.589959558318643, "_wandb": {"runtime": 191}}