{"epoch": 3, "_timestamp": 1702891533.5446393, "loss": 0.01296963170170784, "root_mean_squared_error": 0.11388429254293442, "mean_absolute_percentage_error": 101684.5703125, "mean_absolute_error": 0.07922022044658661, "val_loss": 0.013167728669941425, "val_root_mean_squared_error": 0.11475072056055069, "val_mean_absolute_percentage_error": 119832.0, "val_mean_absolute_error": 0.08173158764839172, "_runtime": 12.57729434967041, "_step": 3, "best_val_loss": 0.013167728669941425, "best_epoch": 3, "_wandb": {"runtime": 12}}