{"epoch": 23, "_timestamp": 1703857629.8102293, "loss": 0.01257315743714571, "root_mean_squared_error": 0.11213009059429169, "mean_absolute_percentage_error": 97164.875, "mean_absolute_error": 0.06216232851147652, "val_loss": 0.011186497285962105, "val_root_mean_squared_error": 0.10576623678207397, "val_mean_absolute_percentage_error": 42140.171875, "val_mean_absolute_error": 0.06655111908912659, "_runtime": 121.00276041030884, "_step": 24, "best_val_loss": 0.010217561386525631, "best_epoch": 13, "Final MSE": 0.025722268968820572, "Final RMSE": 0.16038163006305695, "Final MAPE": 135209.0625, "Final MAE": 0.10376838594675064, "Total Training Time": 119.5077817440033, "Average Time per Epoch": 4.964249491691589, "_wandb": {"runtime": 120}}