{"epoch": 0, "_timestamp": 1703746544.6635504, "loss": 0.007107635028660297, "root_mean_squared_error": 0.08598101139068604, "mean_absolute_percentage_error": 10019418.0, "mean_absolute_error": 0.05096175894141197, "val_loss": 0.008344441652297974, "val_root_mean_squared_error": 0.09134791791439056, "val_mean_absolute_percentage_error": 13336219.0, "val_mean_absolute_error": 0.05398225039243698, "_runtime": 4.690573453903198, "_step": 1, "best_val_loss": 0.008344441652297974, "best_epoch": 0, "Final MSE": 0.009069753810763359, "Final RMSE": 0.09523525834083557, "Final MAPE": 15537635.0, "Final MAE": 0.05879228562116623, "Total Training Time": 2.7857515811920166, "Average Time per Epoch": 2.6193201541900635, "_wandb": {"runtime": 3}}