{"epoch": 0, "_timestamp": 1703815457.8753648, "loss": 0.004532809369266033, "root_mean_squared_error": 0.07306136190891266, "mean_absolute_percentage_error": 33222.71484375, "mean_absolute_error": 0.04534601792693138, "val_loss": 0.00904800370335579, "val_root_mean_squared_error": 0.09512099623680115, "val_mean_absolute_percentage_error": 54455.6171875, "val_mean_absolute_error": 0.06189011037349701, "_runtime": 3.712073802947998, "_step": 1, "best_val_loss": 0.00904800370335579, "best_epoch": 0, "Final MSE": 0.011422418057918549, "Final RMSE": 0.1068757101893425, "Final MAPE": 165479.8125, "Final MAE": 0.0724150612950325, "Total Training Time": 1.8451228141784668, "Average Time per Epoch": 1.7502479553222656, "_wandb": {"runtime": 2}}