{"epoch": 27, "_timestamp": 1703852065.9776058, "loss": 0.005221130326390266, "root_mean_squared_error": 0.0722573921084404, "mean_absolute_percentage_error": 63126.8984375, "mean_absolute_error": 0.033949948847293854, "val_loss": 0.005885941442102194, "val_root_mean_squared_error": 0.07671988755464554, "val_mean_absolute_percentage_error": 91775.1953125, "val_mean_absolute_error": 0.045062750577926636, "_runtime": 67.76661586761475, "_step": 28, "best_val_loss": 0.005778644699603319, "best_epoch": 17, "Final MSE": 0.013761837966740131, "Final RMSE": 0.11731085926294327, "Final MAPE": 223166.5625, "Final MAE": 0.06519737094640732, "Total Training Time": 65.19601535797119, "Average Time per Epoch": 2.32128575018474, "_wandb": {"runtime": 65}}