{"epoch": 22, "_timestamp": 1703856446.316205, "loss": 0.018884483724832535, "root_mean_squared_error": 0.13742083311080933, "mean_absolute_percentage_error": 305436.65625, "mean_absolute_error": 0.098905049264431, "val_loss": 0.04196632653474808, "val_root_mean_squared_error": 0.20485684275627136, "val_mean_absolute_percentage_error": 98890.546875, "val_mean_absolute_error": 0.16084051132202148, "_runtime": 129.00142407417297, "_step": 23, "best_val_loss": 0.03559597581624985, "best_epoch": 12, "Final MSE": 0.03828005865216255, "Final RMSE": 0.19565290212631226, "Final MAPE": 288249.28125, "Final MAE": 0.13269932568073273, "Total Training Time": 126.62780380249023, "Average Time per Epoch": 5.489645076834637, "_wandb": {"runtime": 127}}