{"epoch": 17, "_timestamp": 1703283652.7742066, "loss": 0.009087071754038334, "root_mean_squared_error": 0.09532613307237625, "mean_absolute_percentage_error": 9761.7607421875, "mean_absolute_error": 0.06575637310743332, "val_loss": 0.01575239561498165, "val_root_mean_squared_error": 0.12550854682922363, "val_mean_absolute_percentage_error": 52478.21484375, "val_mean_absolute_error": 0.08030248433351517, "_runtime": 16.92004156112671, "_step": 18, "best_val_loss": 0.014569910243153572, "best_epoch": 7, "Final MSE": 0.0142135014757514, "Final RMSE": 0.11922039091587067, "Final MAPE": 64581.953125, "Final MAE": 0.08946765214204788, "Total Training Time": 14.681123733520508, "Average Time per Epoch": 0.8085610734091865, "_wandb": {"runtime": 15}}