{"epoch": 31, "_timestamp": 1703151801.6419685, "loss": 0.0045255860313773155, "root_mean_squared_error": 0.06727247685194016, "mean_absolute_percentage_error": 2592564.75, "mean_absolute_error": 0.041193339973688126, "val_loss": 0.007875115610659122, "val_root_mean_squared_error": 0.08874184638261795, "val_mean_absolute_percentage_error": 30367.513671875, "val_mean_absolute_error": 0.058706335723400116, "_runtime": 43.17003345489502, "_step": 32, "best_val_loss": 0.007337778341025114, "best_epoch": 21, "Final MSE": 0.005472454708069563, "Final RMSE": 0.07397603988647461, "Final MAPE": 407686.65625, "Final MAE": 0.054701920598745346, "Total Training Time": 40.980741024017334, "Average Time per Epoch": 1.2750844955444336, "_wandb": {"runtime": 41}}