{"epoch": 0, "_timestamp": 1702915993.745811, "loss": 0.0062794992700219154, "root_mean_squared_error": 0.08142637461423874, "mean_absolute_percentage_error": 134318.46875, "mean_absolute_error": 0.0494297631084919, "val_loss": 0.011310568079352379, "val_root_mean_squared_error": 0.10635115206241608, "val_mean_absolute_percentage_error": 84021.3359375, "val_mean_absolute_error": 0.060055922716856, "_runtime": 15.154300928115845, "_step": 1, "best_val_loss": 0.011310568079352379, "best_epoch": 0, "Final MSE": 0.00928111094981432, "Final RMSE": 0.09633852541446686, "Final MAPE": 112649.171875, "Final MAE": 0.05608602985739708, "Total Training Time": 11.914710760116577, "Average Time per Epoch": 11.513380765914917, "_wandb": {"runtime": 13}}