{"epoch": 44, "_timestamp": 1703335119.9034615, "loss": 0.006098607089370489, "root_mean_squared_error": 0.07809358090162277, "mean_absolute_percentage_error": 5781857.5, "mean_absolute_error": 0.04344302788376808, "val_loss": 0.007392270490527153, "val_root_mean_squared_error": 0.08597831428050995, "val_mean_absolute_percentage_error": 5132627.0, "val_mean_absolute_error": 0.05066139996051788, "_runtime": 105.17318940162659, "_step": 45, "best_val_loss": 0.006838962901383638, "best_epoch": 34, "Final MSE": 0.009523395448923111, "Final RMSE": 0.09758788347244263, "Final MAPE": 6581570.5, "Final MAE": 0.05487285181879997, "Total Training Time": 102.58635926246643, "Average Time per Epoch": 2.2748520374298096, "_wandb": {"runtime": 103}}