{"epoch": 28, "_timestamp": 1703812528.4909644, "loss": 0.01493728719651699, "root_mean_squared_error": 0.12221819162368774, "mean_absolute_percentage_error": 324406.09375, "mean_absolute_error": 0.07651201635599136, "val_loss": 0.009716032072901726, "val_root_mean_squared_error": 0.09856993705034256, "val_mean_absolute_percentage_error": 252481.125, "val_mean_absolute_error": 0.06346487998962402, "_runtime": 25.234028339385986, "_step": 29, "best_val_loss": 0.009066547267138958, "best_epoch": 18, "Final MSE": 0.022846350446343422, "Final RMSE": 0.15115009248256683, "Final MAPE": 57693.66796875, "Final MAE": 0.0977330207824707, "Total Training Time": 23.029312133789062, "Average Time per Epoch": 0.7896963481245369, "_wandb": {"runtime": 23}}