{"epoch": 28, "_timestamp": 1703343389.019414, "loss": 0.006235036533325911, "root_mean_squared_error": 0.07896224409341812, "mean_absolute_percentage_error": 6388438.5, "mean_absolute_error": 0.04380297288298607, "val_loss": 0.019129762426018715, "val_root_mean_squared_error": 0.13831038773059845, "val_mean_absolute_percentage_error": 12503732.0, "val_mean_absolute_error": 0.08031156659126282, "_runtime": 70.17783904075623, "_step": 29, "best_val_loss": 0.010666108690202236, "best_epoch": 18, "Final MSE": 0.015825092792510986, "Final RMSE": 0.1257978230714798, "Final MAPE": 13705887.0, "Final MAE": 0.07071087509393692, "Total Training Time": 67.55783700942993, "Average Time per Epoch": 2.32284767874356, "_wandb": {"runtime": 68}}