{"epoch": 29, "_timestamp": 1703558070.608646, "loss": 0.007956082001328468, "root_mean_squared_error": 0.08919687569141388, "mean_absolute_percentage_error": 128817.2734375, "mean_absolute_error": 0.06116958335042, "val_loss": 0.008916704915463924, "val_root_mean_squared_error": 0.09442830830812454, "val_mean_absolute_percentage_error": 29540.228515625, "val_mean_absolute_error": 0.06554204970598221, "_runtime": 29.00211191177368, "_step": 30, "best_val_loss": 0.008837311528623104, "best_epoch": 19, "Final MSE": 0.022868694737553596, "Final RMSE": 0.15122398734092712, "Final MAPE": 385149.9375, "Final MAE": 0.1031295657157898, "Total Training Time": 26.933027982711792, "Average Time per Epoch": 0.8928943634033203, "_wandb": {"runtime": 27}}