{"epoch": 42, "_timestamp": 1705576353.2823884, "loss": 0.007398549001663923, "root_mean_squared_error": 0.08601482212543488, "mean_absolute_percentage_error": 20481.81640625, "mean_absolute_error": 0.055863432586193085, "val_loss": 0.014349783770740032, "val_root_mean_squared_error": 0.11979058384895325, "val_mean_absolute_percentage_error": 12952.80859375, "val_mean_absolute_error": 0.07949557900428772, "_runtime": 35.61335754394531, "_step": 43, "best_val_loss": 0.013246743008494377, "best_epoch": 32, "Final MSE": 0.013105296529829502, "Final RMSE": 0.11447836458683014, "Final MAPE": 42595.1328125, "Final MAE": 0.07689405977725983, "Total Training Time": 33.33375120162964, "Average Time per Epoch": 0.7713716196459394, "_wandb": {"runtime": 33}}