{"epoch": 0, "_timestamp": 1703557117.322113, "loss": 0.006702614016830921, "root_mean_squared_error": 0.08683166652917862, "mean_absolute_percentage_error": 10569.52734375, "mean_absolute_error": 0.05014998838305473, "val_loss": 0.011251472868025303, "val_root_mean_squared_error": 0.10607296228408813, "val_mean_absolute_percentage_error": 53635.09765625, "val_mean_absolute_error": 0.06655458360910416, "_runtime": 6.57998514175415, "_step": 1, "best_val_loss": 0.011251472868025303, "best_epoch": 0, "Final MSE": 0.01319094654172659, "Final RMSE": 0.11485184729099274, "Final MAPE": 42535.3671875, "Final MAE": 0.08566079288721085, "Total Training Time": 4.808432579040527, "Average Time per Epoch": 4.60322904586792, "_wandb": {"runtime": 5}}