{"epoch": 43, "_timestamp": 1705636532.1734855, "loss": 0.004754635971039534, "root_mean_squared_error": 0.06895387172698975, "mean_absolute_percentage_error": 53467.4375, "mean_absolute_error": 0.035810042172670364, "val_loss": 0.00852328073233366, "val_root_mean_squared_error": 0.09232161939144135, "val_mean_absolute_percentage_error": 8233.033203125, "val_mean_absolute_error": 0.04095005616545677, "_runtime": 146.26919150352478, "_step": 44, "best_val_loss": 0.00804972555488348, "best_epoch": 33, "Final MSE": 0.013775402680039406, "Final RMSE": 0.1173686608672142, "Final MAPE": 105593.1640625, "Final MAE": 0.05540914461016655, "Total Training Time": 143.85669922828674, "Average Time per Epoch": 3.262742817401886, "_wandb": {"runtime": 144}}