{"epoch": 0, "_timestamp": 1703674109.1789014, "loss": 0.008446495048701763, "root_mean_squared_error": 0.09250267595052719, "mean_absolute_percentage_error": 5811869.5, "mean_absolute_error": 0.051244109869003296, "val_loss": 0.01305830292403698, "val_root_mean_squared_error": 0.11427292972803116, "val_mean_absolute_percentage_error": 5160468.0, "val_mean_absolute_error": 0.06367512792348862, "_runtime": 8.023355484008789, "_step": 1, "best_val_loss": 0.01305830292403698, "best_epoch": 0, "Final MSE": 0.010941972956061363, "Final RMSE": 0.10460388660430908, "Final MAPE": 7016235.0, "Final MAE": 0.05916322395205498, "Total Training Time": 6.1382081508636475, "Average Time per Epoch": 5.9819231033325195, "_wandb": {"runtime": 6}}