{"epoch": 26, "_timestamp": 1705645269.8600762, "loss": 0.005453107412904501, "root_mean_squared_error": 0.07384515553712845, "mean_absolute_percentage_error": 96318.96875, "mean_absolute_error": 0.040773406624794006, "val_loss": 0.005643634125590324, "val_root_mean_squared_error": 0.07512412220239639, "val_mean_absolute_percentage_error": 389977.4375, "val_mean_absolute_error": 0.04525080695748329, "_runtime": 87.65354418754578, "_step": 27, "best_val_loss": 0.005123903509229422, "best_epoch": 16, "Final MSE": 0.02693532407283783, "Final RMSE": 0.16411983966827393, "Final MAPE": 158962.703125, "Final MAE": 0.11067847162485123, "Total Training Time": 84.69700264930725, "Average Time per Epoch": 3.127069014090079, "_wandb": {"runtime": 85}}