{"epoch": 27, "_timestamp": 1703196392.1912408, "loss": 0.007590288296341896, "root_mean_squared_error": 0.08712226152420044, "mean_absolute_percentage_error": 29610.271484375, "mean_absolute_error": 0.05281306430697441, "val_loss": 0.035040099173784256, "val_root_mean_squared_error": 0.18719002604484558, "val_mean_absolute_percentage_error": 108342.8671875, "val_mean_absolute_error": 0.16033774614334106, "_runtime": 23.53744077682495, "_step": 28, "best_val_loss": 0.0332481749355793, "best_epoch": 17, "Final MSE": 0.026376208290457726, "Final RMSE": 0.1624075323343277, "Final MAPE": 221775.21875, "Final MAE": 0.08852946013212204, "Total Training Time": 21.31314516067505, "Average Time per Epoch": 0.7563259260995048, "_wandb": {"runtime": 21}}