{"epoch": 11, "_timestamp": 1703854610.086432, "loss": 0.025018960237503052, "root_mean_squared_error": 0.15817385911941528, "mean_absolute_percentage_error": 53366.59375, "mean_absolute_error": 0.09549455344676971, "val_loss": 0.024454765021800995, "val_root_mean_squared_error": 0.15638019144535065, "val_mean_absolute_percentage_error": 61744.89453125, "val_mean_absolute_error": 0.10559946298599243, "_runtime": 11.173963069915771, "_step": 12, "best_val_loss": 0.023705245926976204, "best_epoch": 1, "Final MSE": 0.04022681340575218, "Final RMSE": 0.20056621730327606, "Final MAPE": 750317.0, "Final MAE": 0.12666255235671997, "Total Training Time": 9.119492769241333, "Average Time per Epoch": 0.747572660446167, "_wandb": {"runtime": 9}}