{"epoch": 0, "_timestamp": 1703815669.2963362, "loss": 0.00644497899338603, "root_mean_squared_error": 0.09051549434661865, "mean_absolute_percentage_error": 21828.70703125, "mean_absolute_error": 0.058759044855833054, "val_loss": 0.011810003779828548, "val_root_mean_squared_error": 0.10867384076118469, "val_mean_absolute_percentage_error": 71532.6953125, "val_mean_absolute_error": 0.06910435110330582, "_runtime": 3.073538064956665, "_step": 1, "best_val_loss": 0.011810003779828548, "best_epoch": 0, "Final MSE": 0.020753145217895508, "Final RMSE": 0.14405952394008636, "Final MAPE": 88929.8671875, "Final MAE": 0.10234756022691727, "Total Training Time": 1.874342679977417, "Average Time per Epoch": 1.7736477851867676, "_wandb": {"runtime": 2}}