{"epoch": 0, "_timestamp": 1703648066.1300964, "loss": 0.01715478114783764, "root_mean_squared_error": 0.13169872760772705, "mean_absolute_percentage_error": 12598.2177734375, "mean_absolute_error": 0.08543170243501663, "val_loss": 0.014094006270170212, "val_root_mean_squared_error": 0.11871817708015442, "val_mean_absolute_percentage_error": 13681.5439453125, "val_mean_absolute_error": 0.08048772066831589, "_runtime": 6.351836442947388, "_step": 1, "best_val_loss": 0.014094006270170212, "best_epoch": 0, "Final MSE": 0.017387425526976585, "Final RMSE": 0.1318613886833191, "Final MAPE": 7428.263671875, "Final MAE": 0.09343969821929932, "Total Training Time": 4.554821968078613, "Average Time per Epoch": 4.364818811416626, "_wandb": {"runtime": 4}}