{"epoch": 50, "_timestamp": 1703850465.609218, "loss": 0.0049344683066010475, "root_mean_squared_error": 0.07024577260017395, "mean_absolute_percentage_error": 8499.845703125, "mean_absolute_error": 0.044792238622903824, "val_loss": 0.01137574203312397, "val_root_mean_squared_error": 0.10665712505578995, "val_mean_absolute_percentage_error": 141619.6875, "val_mean_absolute_error": 0.07675384730100632, "_runtime": 118.87701988220215, "_step": 51, "best_val_loss": 0.010671163909137249, "best_epoch": 40, "Final MSE": 0.009098679758608341, "Final RMSE": 0.09538699686527252, "Final MAPE": 83491.359375, "Final MAE": 0.07181237637996674, "Total Training Time": 116.27368330955505, "Average Time per Epoch": 2.275058204052495, "_wandb": {"runtime": 117}}