{"epoch": 0, "_timestamp": 1703640068.7853708, "loss": 0.016980363056063652, "root_mean_squared_error": 0.1302468627691269, "mean_absolute_percentage_error": 15707.40625, "mean_absolute_error": 0.08301910758018494, "val_loss": 0.01557941548526287, "val_root_mean_squared_error": 0.12481752783060074, "val_mean_absolute_percentage_error": 26441.537109375, "val_mean_absolute_error": 0.0926961600780487, "_runtime": 10.389995813369751, "_step": 1, "best_val_loss": 0.01557941548526287, "best_epoch": 0, "Final MSE": 0.019313260912895203, "Final RMSE": 0.13897216320037842, "Final MAPE": 55428.109375, "Final MAE": 0.10454180836677551, "Total Training Time": 4.537165403366089, "Average Time per Epoch": 4.390141010284424, "_wandb": {"runtime": 4}}