{"epoch": 16, "_timestamp": 1703344260.130838, "loss": 0.06774576753377914, "root_mean_squared_error": 0.26028022170066833, "mean_absolute_percentage_error": 84028896.0, "mean_absolute_error": 0.20945502817630768, "val_loss": 0.054849933832883835, "val_root_mean_squared_error": 0.23420055210590363, "val_mean_absolute_percentage_error": 87695368.0, "val_mean_absolute_error": 0.1900038719177246, "_runtime": 14.509413003921509, "_step": 17, "best_val_loss": 0.05446169152855873, "best_epoch": 6, "Final MSE": 0.05478668957948685, "Final RMSE": 0.23406559228897095, "Final MAPE": 95254416.0, "Final MAE": 0.1888546645641327, "Total Training Time": 12.396643877029419, "Average Time per Epoch": 0.7219856486600988, "_wandb": {"runtime": 12}}