{"epoch": 0, "_timestamp": 1703819702.0279567, "loss": 0.007170629687607288, "root_mean_squared_error": 0.09594700485467911, "mean_absolute_percentage_error": 190722.890625, "mean_absolute_error": 0.05938255414366722, "val_loss": 0.011606331914663315, "val_root_mean_squared_error": 0.10773269087076187, "val_mean_absolute_percentage_error": 667879.5, "val_mean_absolute_error": 0.06831151247024536, "_runtime": 4.721574783325195, "_step": 1, "best_val_loss": 0.011606331914663315, "best_epoch": 0, "Final MSE": 0.024776516482234, "Final RMSE": 0.15740558505058289, "Final MAPE": 581853.875, "Final MAE": 0.11054125428199768, "Total Training Time": 2.624671220779419, "Average Time per Epoch": 2.47748064994812, "_wandb": {"runtime": 2}}