{"epoch": 15, "_timestamp": 1703781096.4150712, "loss": 0.01933462731540203, "root_mean_squared_error": 0.1390490084886551, "mean_absolute_percentage_error": 336990.09375, "mean_absolute_error": 0.1008695662021637, "val_loss": 0.03552841395139694, "val_root_mean_squared_error": 0.18848982453346252, "val_mean_absolute_percentage_error": 85691.25, "val_mean_absolute_error": 0.1323692351579666, "_runtime": 278.8586173057556, "_step": 16, "best_val_loss": 0.033238913863897324, "best_epoch": 5, "Final MSE": 0.038571689277887344, "Final RMSE": 0.19639676809310913, "Final MAPE": 440199.15625, "Final MAE": 0.12955887615680695, "Total Training Time": 277.3748552799225, "Average Time per Epoch": 17.27344410121441, "_wandb": {"runtime": 277}}