{"epoch": 19, "_timestamp": 1703676105.6586819, "loss": 0.08974441885948181, "root_mean_squared_error": 0.299573689699173, "mean_absolute_percentage_error": 106192584.0, "mean_absolute_error": 0.24929876625537872, "val_loss": 0.08776383101940155, "val_root_mean_squared_error": 0.2962495982646942, "val_mean_absolute_percentage_error": 123572200.0, "val_mean_absolute_error": 0.2519266903400421, "_runtime": 15.764927864074707, "_step": 20, "best_val_loss": 0.08728434145450592, "best_epoch": 9, "Final MSE": 0.08546097576618195, "Final RMSE": 0.2923370599746704, "Final MAPE": 134377312.0, "Final MAE": 0.24699433147907257, "Total Training Time": 14.561630964279175, "Average Time per Epoch": 0.7226132988929749, "_wandb": {"runtime": 14}}