{"epoch": 0, "_timestamp": 1703648511.8362038, "loss": 0.004320404026657343, "root_mean_squared_error": 0.07239826768636703, "mean_absolute_percentage_error": 48955.26171875, "mean_absolute_error": 0.037844218313694, "val_loss": 0.0047121490351855755, "val_root_mean_squared_error": 0.06864509731531143, "val_mean_absolute_percentage_error": 55946.8671875, "val_mean_absolute_error": 0.04206967353820801, "_runtime": 6.678302764892578, "_step": 1, "best_val_loss": 0.0047121490351855755, "best_epoch": 0, "Final MSE": 0.01156548410654068, "Final RMSE": 0.10754293948411942, "Final MAPE": 222360.546875, "Final MAE": 0.06439539790153503, "Total Training Time": 4.867878675460815, "Average Time per Epoch": 4.664872646331787, "_wandb": {"runtime": 5}}