{"epoch": 22, "_timestamp": 1703112135.4140823, "loss": 0.010811747051775455, "root_mean_squared_error": 0.10397955030202866, "mean_absolute_percentage_error": 6918.4140625, "mean_absolute_error": 0.07169599831104279, "val_loss": 0.03392386808991432, "val_root_mean_squared_error": 0.18418432772159576, "val_mean_absolute_percentage_error": 19224.0625, "val_mean_absolute_error": 0.115773044526577, "_runtime": 270.0936243534088, "_step": 23, "best_val_loss": 0.026291418820619583, "best_epoch": 12, "Final MSE": 0.029440034180879593, "Final RMSE": 0.1715809851884842, "Final MAPE": 52237.33984375, "Final MAE": 0.11492140591144562, "Total Training Time": 267.9636788368225, "Average Time per Epoch": 11.619994744010594, "_wandb": {"runtime": 268}}