{"epoch": 15, "_timestamp": 1703097586.4558575, "loss": 0.007210991811007261, "root_mean_squared_error": 0.0849175974726677, "mean_absolute_percentage_error": 13380.466796875, "mean_absolute_error": 0.04376029968261719, "val_loss": 0.004892834462225437, "val_root_mean_squared_error": 0.06994879245758057, "val_mean_absolute_percentage_error": 80083.0078125, "val_mean_absolute_error": 0.04656171426177025, "_runtime": 15.3621826171875, "_step": 16, "best_val_loss": 0.004399327095597982, "best_epoch": 5, "Final MSE": 0.006364169530570507, "Final RMSE": 0.07977575063705444, "Final MAPE": 81209.765625, "Final MAE": 0.04682890698313713, "Total Training Time": 12.936832189559937, "Average Time per Epoch": 0.8003633469343185, "_wandb": {"runtime": 13}}