{"epoch": 1, "_timestamp": 1702912265.4911628, "loss": 0.011403982527554035, "root_mean_squared_error": 0.10678943246603012, "mean_absolute_percentage_error": 9249.2490234375, "mean_absolute_error": 0.0635717362165451, "val_loss": 0.008553020656108856, "val_root_mean_squared_error": 0.0924825444817543, "val_mean_absolute_percentage_error": 11156.16015625, "val_mean_absolute_error": 0.06646368652582169, "_runtime": 21.066006660461426, "_step": 2, "best_val_loss": 0.008553020656108856, "best_epoch": 1, "Final MSE": 0.01184920221567154, "Final RMSE": 0.10885404050350189, "Final MAPE": 30434.919921875, "Final MAE": 0.07742210477590561, "Total Training Time": 18.347336769104004, "Average Time per Epoch": 8.985154271125793, "_wandb": {"runtime": 19}}