{"epoch": 11, "_timestamp": 1703777031.5871925, "loss": 0.024130815640091896, "root_mean_squared_error": 0.15534096956253052, "mean_absolute_percentage_error": 30135.3046875, "mean_absolute_error": 0.10809849947690964, "val_loss": 0.03129960969090462, "val_root_mean_squared_error": 0.1769169569015503, "val_mean_absolute_percentage_error": 131857.84375, "val_mean_absolute_error": 0.130435049533844, "_runtime": 195.6556215286255, "_step": 12, "best_val_loss": 0.030943287536501884, "best_epoch": 1, "Final MSE": 0.03873009979724884, "Final RMSE": 0.1967996507883072, "Final MAPE": 333864.9375, "Final MAE": 0.13489650189876556, "Total Training Time": 193.20121216773987, "Average Time per Epoch": 16.02463887135188, "_wandb": {"runtime": 193}}