{"epoch": 66, "_timestamp": 1703799722.3202956, "loss": 0.010089531540870667, "root_mean_squared_error": 0.1004466637969017, "mean_absolute_percentage_error": 188086.890625, "mean_absolute_error": 0.053095679730176926, "val_loss": 0.008113772608339787, "val_root_mean_squared_error": 0.09007648378610611, "val_mean_absolute_percentage_error": 101.84893035888672, "val_mean_absolute_error": 0.04980223625898361, "_runtime": 124.88019967079163, "_step": 67, "best_val_loss": 0.00797107070684433, "best_epoch": 56, "Final MSE": 0.014366148971021175, "Final RMSE": 0.11985886842012405, "Final MAPE": 79084.734375, "Final MAE": 0.07021046429872513, "Total Training Time": 122.03305268287659, "Average Time per Epoch": 1.8177249787458734, "_wandb": {"runtime": 122}}