{"epoch": 14, "_timestamp": 1703503404.0393295, "loss": 0.010464363731443882, "root_mean_squared_error": 0.10229549556970596, "mean_absolute_percentage_error": 79400.8515625, "mean_absolute_error": 0.046773526817560196, "val_loss": 0.007378074806183577, "val_root_mean_squared_error": 0.08589570224285126, "val_mean_absolute_percentage_error": 136701.328125, "val_mean_absolute_error": 0.05376162379980087, "_runtime": 27.416401624679565, "_step": 15, "best_val_loss": 0.007318540941923857, "best_epoch": 4, "Final MSE": 0.01689477078616619, "Final RMSE": 0.12997989356517792, "Final MAPE": 372179.15625, "Final MAE": 0.07508164644241333, "Total Training Time": 11.52534556388855, "Average Time per Epoch": 0.7603663921356201, "_wandb": {"runtime": 11}}