{"epoch": 0, "_timestamp": 1703728154.050156, "loss": 0.007905449718236923, "root_mean_squared_error": 0.08902870118618011, "mean_absolute_percentage_error": 9573670.0, "mean_absolute_error": 0.052566975355148315, "val_loss": 0.0108037693426013, "val_root_mean_squared_error": 0.1039411798119545, "val_mean_absolute_percentage_error": 8736437.0, "val_mean_absolute_error": 0.06101052835583687, "_runtime": 10.429149150848389, "_step": 1, "best_val_loss": 0.0108037693426013, "best_epoch": 0, "Final MSE": 0.012837456539273262, "Final RMSE": 0.11330249905586243, "Final MAPE": 14269644.0, "Final MAE": 0.06718660891056061, "Total Training Time": 4.518769264221191, "Average Time per Epoch": 4.379086256027222, "_wandb": {"runtime": 4}}