{"epoch": 0, "_timestamp": 1703557247.8708045, "loss": 0.0055312504991889, "root_mean_squared_error": 0.08045092970132828, "mean_absolute_percentage_error": 25222.6484375, "mean_absolute_error": 0.05357040837407112, "val_loss": 0.011628993786871433, "val_root_mean_squared_error": 0.10783781111240387, "val_mean_absolute_percentage_error": 140812.90625, "val_mean_absolute_error": 0.07615812867879868, "_runtime": 6.4167256355285645, "_step": 1, "best_val_loss": 0.011628993786871433, "best_epoch": 0, "Final MSE": 0.008506426587700844, "Final RMSE": 0.09223029017448425, "Final MAPE": 115935.453125, "Final MAE": 0.06895370036363602, "Total Training Time": 4.700570821762085, "Average Time per Epoch": 4.500532865524292, "_wandb": {"runtime": 4}}