{"epoch": 12, "_timestamp": 1703559380.3372352, "loss": 0.005169718526303768, "root_mean_squared_error": 0.07190075516700745, "mean_absolute_percentage_error": 164959.59375, "mean_absolute_error": 0.0425613634288311, "val_loss": 0.0101913558319211, "val_root_mean_squared_error": 0.10095224529504776, "val_mean_absolute_percentage_error": 424121.65625, "val_mean_absolute_error": 0.06476353108882904, "_runtime": 14.53467321395874, "_step": 13, "best_val_loss": 0.009668088518083096, "best_epoch": 2, "Final MSE": 0.014058060012757778, "Final RMSE": 0.11856669187545776, "Final MAPE": 26139.068359375, "Final MAE": 0.0745309591293335, "Total Training Time": 12.133041381835938, "Average Time per Epoch": 0.9236941520984356, "_wandb": {"runtime": 12}}