{"epoch": 36, "_timestamp": 1703743658.349883, "loss": 0.008866078220307827, "root_mean_squared_error": 0.09415985643863678, "mean_absolute_percentage_error": 9150807.0, "mean_absolute_error": 0.055536165833473206, "val_loss": 0.010427189990878105, "val_root_mean_squared_error": 0.10211361199617386, "val_mean_absolute_percentage_error": 14764277.0, "val_mean_absolute_error": 0.06152242049574852, "_runtime": 54.51717019081116, "_step": 37, "best_val_loss": 0.009415839798748493, "best_epoch": 26, "Final MSE": 0.011978923343122005, "Final RMSE": 0.10944826900959015, "Final MAPE": 22717814.0, "Final MAE": 0.07042619585990906, "Total Training Time": 53.15066695213318, "Average Time per Epoch": 1.4308894260509595, "_wandb": {"runtime": 53}}