{"epoch": 0, "_timestamp": 1703811155.988392, "loss": 0.015867948532104492, "root_mean_squared_error": 0.12834535539150238, "mean_absolute_percentage_error": 267201.78125, "mean_absolute_error": 0.07983291149139404, "val_loss": 0.009137297980487347, "val_root_mean_squared_error": 0.09558921307325363, "val_mean_absolute_percentage_error": 339360.5625, "val_mean_absolute_error": 0.060142092406749725, "_runtime": 5.6613311767578125, "_step": 1, "best_val_loss": 0.009137297980487347, "best_epoch": 0, "Final MSE": 0.021449420601129532, "Final RMSE": 0.14645621180534363, "Final MAPE": 68229.4921875, "Final MAE": 0.09395062923431396, "Total Training Time": 4.512305736541748, "Average Time per Epoch": 4.30786657333374, "_wandb": {"runtime": 4}}