{"epoch": 27, "_timestamp": 1703543836.9223506, "loss": 0.0036915233358740807, "root_mean_squared_error": 0.06075790897011757, "mean_absolute_percentage_error": 237000.5625, "mean_absolute_error": 0.0338781401515007, "val_loss": 0.006537053734064102, "val_root_mean_squared_error": 0.08085204660892487, "val_mean_absolute_percentage_error": 33.585662841796875, "val_mean_absolute_error": 0.042573731392621994, "_runtime": 57.96782565116882, "_step": 28, "best_val_loss": 0.006223471835255623, "best_epoch": 17, "Final MSE": 0.007870708592236042, "Final RMSE": 0.0887170135974884, "Final MAPE": 283165.59375, "Final MAE": 0.059458713978528976, "Total Training Time": 55.57272553443909, "Average Time per Epoch": 1.9776389939444405, "_wandb": {"runtime": 56}}