{"epoch": 30, "_timestamp": 1703440509.2955565, "loss": 0.0070693534798920155, "root_mean_squared_error": 0.08407944440841675, "mean_absolute_percentage_error": 7754772.0, "mean_absolute_error": 0.04993034899234772, "val_loss": 0.01023311447352171, "val_root_mean_squared_error": 0.10115885734558105, "val_mean_absolute_percentage_error": 8407403.0, "val_mean_absolute_error": 0.06122463569045067, "_runtime": 25.460464477539062, "_step": 31, "best_val_loss": 0.00962795503437519, "best_epoch": 20, "Final MSE": 0.010559894144535065, "Final RMSE": 0.10276134312152863, "Final MAPE": 13201084.0, "Final MAE": 0.06111365556716919, "Total Training Time": 23.303828239440918, "Average Time per Epoch": 0.7472387283079086, "_wandb": {"runtime": 23}}