{"epoch": 0, "_timestamp": 1703793005.7247064, "loss": 0.019015124067664146, "root_mean_squared_error": 0.1442205011844635, "mean_absolute_percentage_error": 41400.44140625, "mean_absolute_error": 0.10907754302024841, "val_loss": 0.039129726588726044, "val_root_mean_squared_error": 0.19781234860420227, "val_mean_absolute_percentage_error": 57811.94921875, "val_mean_absolute_error": 0.1209583654999733, "_runtime": 68.7936863899231, "_step": 1, "best_val_loss": 0.039129726588726044, "best_epoch": 0, "Final MSE": 0.08179295063018799, "Final RMSE": 0.28599467873573303, "Final MAPE": 130828.953125, "Final MAE": 0.21570329368114471, "Total Training Time": 67.59669089317322, "Average Time per Epoch": 64.39506244659424, "_wandb": {"runtime": 67}}