{"epoch": 37, "_timestamp": 1705616296.7995074, "loss": 0.0051385341212153435, "root_mean_squared_error": 0.07168357074260712, "mean_absolute_percentage_error": 10016.7294921875, "mean_absolute_error": 0.04670164734125137, "val_loss": 0.011138247326016426, "val_root_mean_squared_error": 0.10553789883852005, "val_mean_absolute_percentage_error": 59348.08984375, "val_mean_absolute_error": 0.06266089528799057, "_runtime": 30.841622352600098, "_step": 38, "best_val_loss": 0.010552369058132172, "best_epoch": 27, "Final MSE": 0.007991688326001167, "Final RMSE": 0.08939624577760696, "Final MAPE": 46650.1953125, "Final MAE": 0.059252168983221054, "Total Training Time": 28.56179451942444, "Average Time per Epoch": 0.7474979664150038, "_wandb": {"runtime": 28}}