{"epoch": 25, "_timestamp": 1703523942.393632, "loss": 0.004520767834037542, "root_mean_squared_error": 0.06723665446043015, "mean_absolute_percentage_error": 9751.8310546875, "mean_absolute_error": 0.034590743482112885, "val_loss": 0.006457401439547539, "val_root_mean_squared_error": 0.08035796135663986, "val_mean_absolute_percentage_error": 73119.75, "val_mean_absolute_error": 0.058711595833301544, "_runtime": 277.4950180053711, "_step": 26, "best_val_loss": 0.004286759067326784, "best_epoch": 15, "Final MSE": 0.006621079053729773, "Final RMSE": 0.08137001097202301, "Final MAPE": 69595.9375, "Final MAE": 0.05265665799379349, "Total Training Time": 274.99635338783264, "Average Time per Epoch": 10.551767569321852, "_wandb": {"runtime": 275}}