{"epoch": 31, "_timestamp": 1703341552.8875666, "loss": 0.008392466232180595, "root_mean_squared_error": 0.09161040186882019, "mean_absolute_percentage_error": 6935870.5, "mean_absolute_error": 0.05226521193981171, "val_loss": 0.01145748607814312, "val_root_mean_squared_error": 0.10703964531421661, "val_mean_absolute_percentage_error": 6403290.0, "val_mean_absolute_error": 0.06015473231673241, "_runtime": 76.42803263664246, "_step": 32, "best_val_loss": 0.010805846191942692, "best_epoch": 21, "Final MSE": 0.011289045214653015, "Final RMSE": 0.10624992102384567, "Final MAPE": 11120272.0, "Final MAE": 0.060609474778175354, "Total Training Time": 74.02880549430847, "Average Time per Epoch": 2.3072692826390266, "_wandb": {"runtime": 74}}