{"epoch": 22, "_timestamp": 1705629599.5853076, "loss": 0.010407487861812115, "root_mean_squared_error": 0.10201709717512131, "mean_absolute_percentage_error": 445794.78125, "mean_absolute_error": 0.06908201426267624, "val_loss": 0.01527057308703661, "val_root_mean_squared_error": 0.1235741600394249, "val_mean_absolute_percentage_error": 141200.734375, "val_mean_absolute_error": 0.08672785013914108, "_runtime": 57.69304370880127, "_step": 23, "best_val_loss": 0.015008226968348026, "best_epoch": 12, "Final MSE": 0.012521208263933659, "Final RMSE": 0.11189820617437363, "Final MAPE": 40587.04296875, "Final MAE": 0.08647056668996811, "Total Training Time": 55.143566608428955, "Average Time per Epoch": 2.388525444528331, "_wandb": {"runtime": 55}}