{"epoch": 23, "_timestamp": 1703809116.4205313, "loss": 0.004911438096314669, "root_mean_squared_error": 0.07008165121078491, "mean_absolute_percentage_error": 8617.90625, "mean_absolute_error": 0.045083723962306976, "val_loss": 0.01161704771220684, "val_root_mean_squared_error": 0.10778240859508514, "val_mean_absolute_percentage_error": 100172.984375, "val_mean_absolute_error": 0.06655988097190857, "_runtime": 59.13598132133484, "_step": 24, "best_val_loss": 0.011033161543309689, "best_epoch": 13, "Final MSE": 0.007895425893366337, "Final RMSE": 0.08885621279478073, "Final MAPE": 64299.57421875, "Final MAE": 0.06037980690598488, "Total Training Time": 57.63957238197327, "Average Time per Epoch": 2.392701973517736, "_wandb": {"runtime": 58}}