{"epoch": 23, "_timestamp": 1703897579.842238, "loss": 0.0061043486930429935, "root_mean_squared_error": 0.0781303346157074, "mean_absolute_percentage_error": 7165.49267578125, "mean_absolute_error": 0.03658099099993706, "val_loss": 0.011226384900510311, "val_root_mean_squared_error": 0.10595463961362839, "val_mean_absolute_percentage_error": 38836.99609375, "val_mean_absolute_error": 0.06231395900249481, "_runtime": 34.73674702644348, "_step": 24, "best_val_loss": 0.01008792407810688, "best_epoch": 13, "Final MSE": 0.013146004639565945, "Final RMSE": 0.11465603113174438, "Final MAPE": 169078.03125, "Final MAE": 0.07064070552587509, "Total Training Time": 32.47497248649597, "Average Time per Epoch": 1.34716201821963, "_wandb": {"runtime": 32}}