{"epoch": 0, "_timestamp": 1703652173.2060144, "loss": 0.008363413624465466, "root_mean_squared_error": 0.09405539184808731, "mean_absolute_percentage_error": 31915.052734375, "mean_absolute_error": 0.06567418575286865, "val_loss": 0.013457763008773327, "val_root_mean_squared_error": 0.11600759625434875, "val_mean_absolute_percentage_error": 106541.4375, "val_mean_absolute_error": 0.08283711224794388, "_runtime": 3.8133432865142822, "_step": 1, "best_val_loss": 0.013457763008773327, "best_epoch": 0, "Final MSE": 0.01140368077903986, "Final RMSE": 0.1067880168557167, "Final MAPE": 168509.546875, "Final MAE": 0.0803985744714737, "Total Training Time": 1.8952689170837402, "Average Time per Epoch": 1.7855582237243652, "_wandb": {"runtime": 2}}