{"epoch": 0, "_timestamp": 1703595428.6321998, "loss": 0.024870503693819046, "root_mean_squared_error": 0.16070441901683807, "mean_absolute_percentage_error": 62362.296875, "mean_absolute_error": 0.11193008720874786, "val_loss": 0.030500635504722595, "val_root_mean_squared_error": 0.17464429140090942, "val_mean_absolute_percentage_error": 119506.515625, "val_mean_absolute_error": 0.11259523779153824, "_runtime": 3.640699863433838, "_step": 1, "best_val_loss": 0.030500635504722595, "best_epoch": 0, "Final MSE": 0.03281668573617935, "Final RMSE": 0.1811537742614746, "Final MAPE": 243092.296875, "Final MAE": 0.12514762580394745, "Total Training Time": 1.6153664588928223, "Average Time per Epoch": 1.511465072631836, "_wandb": {"runtime": 1}}