{"epoch": 45, "_timestamp": 1703153794.461796, "loss": 0.004014099482446909, "root_mean_squared_error": 0.0633569210767746, "mean_absolute_percentage_error": 13289.18359375, "mean_absolute_error": 0.041003137826919556, "val_loss": 0.009820898063480854, "val_root_mean_squared_error": 0.09910044074058533, "val_mean_absolute_percentage_error": 58894.41796875, "val_mean_absolute_error": 0.0647040382027626, "_runtime": 60.18961811065674, "_step": 46, "best_val_loss": 0.009306109510362148, "best_epoch": 35, "Final MSE": 0.012735742144286633, "Final RMSE": 0.11285274475812912, "Final MAPE": 133644.21875, "Final MAE": 0.07686719298362732, "Total Training Time": 57.9202401638031, "Average Time per Epoch": 1.254707326059756, "_wandb": {"runtime": 58}}