{"epoch": 39, "_timestamp": 1703508381.4385, "loss": 0.0039082905277609825, "root_mean_squared_error": 0.06251632422208786, "mean_absolute_percentage_error": 243619.734375, "mean_absolute_error": 0.03607591986656189, "val_loss": 0.006943771615624428, "val_root_mean_squared_error": 0.08332929760217667, "val_mean_absolute_percentage_error": 38.67115020751953, "val_mean_absolute_error": 0.04523306339979172, "_runtime": 271.15260791778564, "_step": 40, "best_val_loss": 0.006760722026228905, "best_epoch": 29, "Final MSE": 0.008313605561852455, "Final RMSE": 0.09117897599935532, "Final MAPE": 280547.6875, "Final MAE": 0.05845058336853981, "Total Training Time": 268.71228528022766, "Average Time per Epoch": 6.705668324232102, "_wandb": {"runtime": 269}}