{"epoch": 17, "_timestamp": 1703401402.9587886, "loss": 0.017750995233654976, "root_mean_squared_error": 0.13323286175727844, "mean_absolute_percentage_error": 26991618.0, "mean_absolute_error": 0.09347109496593475, "val_loss": 0.09840144217014313, "val_root_mean_squared_error": 0.31369003653526306, "val_mean_absolute_percentage_error": 157813216.0, "val_mean_absolute_error": 0.2738804221153259, "_runtime": 383.9016125202179, "_step": 18, "best_val_loss": 0.040039874613285065, "best_epoch": 7, "Final MSE": 0.10046745836734772, "Final RMSE": 0.3169660270214081, "Final MAPE": 159151136.0, "Final MAE": 0.26574328541755676, "Total Training Time": 381.69389486312866, "Average Time per Epoch": 21.13786937130822, "_wandb": {"runtime": 382}}