{"epoch": 14, "_timestamp": 1703156055.3852227, "loss": 0.011992753483355045, "root_mean_squared_error": 0.10951142758131027, "mean_absolute_percentage_error": 4082.330078125, "mean_absolute_error": 0.06592120230197906, "val_loss": 0.011299206875264645, "val_root_mean_squared_error": 0.10629772394895554, "val_mean_absolute_percentage_error": 218135.640625, "val_mean_absolute_error": 0.07145506888628006, "_runtime": 22.18251657485962, "_step": 15, "best_val_loss": 0.008053954690694809, "best_epoch": 4, "Final MSE": 0.041353970766067505, "Final RMSE": 0.2033567577600479, "Final MAPE": 262394.78125, "Final MAE": 0.13132122159004211, "Total Training Time": 19.823557138442993, "Average Time per Epoch": 1.311169401804606, "_wandb": {"runtime": 20}}