{"epoch": 12, "_timestamp": 1703600182.5093286, "loss": 0.021882493048906326, "root_mean_squared_error": 0.14792732894420624, "mean_absolute_percentage_error": 29313.525390625, "mean_absolute_error": 0.09426982700824738, "val_loss": 0.0259102713316679, "val_root_mean_squared_error": 0.1609666794538498, "val_mean_absolute_percentage_error": 118349.2109375, "val_mean_absolute_error": 0.11840210109949112, "_runtime": 107.45476961135864, "_step": 13, "best_val_loss": 0.02362821437418461, "best_epoch": 2, "Final MSE": 0.037035927176475525, "Final RMSE": 0.19244720041751862, "Final MAPE": 276947.25, "Final MAE": 0.1412116438150406, "Total Training Time": 105.50067949295044, "Average Time per Epoch": 8.076936355003944, "_wandb": {"runtime": 105}}