{"epoch": 0, "_timestamp": 1703677995.910637, "loss": 0.05990233272314072, "root_mean_squared_error": 0.2403700202703476, "mean_absolute_percentage_error": 76925864.0, "mean_absolute_error": 0.18594278395175934, "val_loss": 0.05194510519504547, "val_root_mean_squared_error": 0.2279146909713745, "val_mean_absolute_percentage_error": 81152344.0, "val_mean_absolute_error": 0.17551860213279724, "_runtime": 2.6297929286956787, "_step": 1, "best_val_loss": 0.05194510519504547, "best_epoch": 0, "Final MSE": 0.04241152107715607, "Final RMSE": 0.2059405893087387, "Final MAPE": 88143520.0, "Final MAE": 0.1601874977350235, "Total Training Time": 1.5781874656677246, "Average Time per Epoch": 1.469184160232544, "_wandb": {"runtime": 1}}