{"epoch": 0, "_timestamp": 1703815086.478321, "loss": 0.010895954445004463, "root_mean_squared_error": 0.10596046596765518, "mean_absolute_percentage_error": 169046.46875, "mean_absolute_error": 0.05346853658556938, "val_loss": 0.008294027298688889, "val_root_mean_squared_error": 0.09107155352830887, "val_mean_absolute_percentage_error": 114.03324890136719, "val_mean_absolute_error": 0.05129155144095421, "_runtime": 3.784687042236328, "_step": 1, "best_val_loss": 0.008294027298688889, "best_epoch": 0, "Final MSE": 0.013637722469866276, "Final RMSE": 0.11678066104650497, "Final MAPE": 69134.4609375, "Final MAE": 0.0689043253660202, "Total Training Time": 1.8363347053527832, "Average Time per Epoch": 1.7237308025360107, "_wandb": {"runtime": 2}}