{"epoch": 42, "_timestamp": 1703283003.4653573, "loss": 0.0044766576029360294, "root_mean_squared_error": 0.06690783053636551, "mean_absolute_percentage_error": 18262.798828125, "mean_absolute_error": 0.04674530401825905, "val_loss": 0.006145918741822243, "val_root_mean_squared_error": 0.07839591056108475, "val_mean_absolute_percentage_error": 98530.90625, "val_mean_absolute_error": 0.05564253032207489, "_runtime": 35.760942220687866, "_step": 43, "best_val_loss": 0.00584067078307271, "best_epoch": 32, "Final MSE": 0.011489699594676495, "Final RMSE": 0.10719001293182373, "Final MAPE": 181833.4375, "Final MAE": 0.0783824473619461, "Total Training Time": 33.58774924278259, "Average Time per Epoch": 0.7774225944696471, "_wandb": {"runtime": 33}}