{"epoch": 75, "_timestamp": 1703188241.6992164, "loss": 0.008292761631309986, "root_mean_squared_error": 0.09106460213661194, "mean_absolute_percentage_error": 12186.888671875, "mean_absolute_error": 0.053123850375413895, "val_loss": 0.012001522816717625, "val_root_mean_squared_error": 0.10955145955085754, "val_mean_absolute_percentage_error": 93764.3203125, "val_mean_absolute_error": 0.07348938286304474, "_runtime": 181.22387528419495, "_step": 76, "best_val_loss": 0.011338225565850735, "best_epoch": 65, "Final MSE": 0.02223432995378971, "Final RMSE": 0.149111807346344, "Final MAPE": 124140.765625, "Final MAE": 0.0967407301068306, "Total Training Time": 178.58334732055664, "Average Time per Epoch": 2.346171752402657, "_wandb": {"runtime": 179}}