{"epoch": 0, "_timestamp": 1703595541.2643626, "loss": 0.02684543840587139, "root_mean_squared_error": 0.16677126288414001, "mean_absolute_percentage_error": 51920.1171875, "mean_absolute_error": 0.116333968937397, "val_loss": 0.012285989709198475, "val_root_mean_squared_error": 0.11084217578172684, "val_mean_absolute_percentage_error": 135.54110717773438, "val_mean_absolute_error": 0.08958107978105545, "_runtime": 3.6176416873931885, "_step": 1, "best_val_loss": 0.012285989709198475, "best_epoch": 0, "Final MSE": 0.03463393449783325, "Final RMSE": 0.18610194325447083, "Final MAPE": 216544.625, "Final MAE": 0.12306931614875793, "Total Training Time": 1.6356415748596191, "Average Time per Epoch": 1.530087947845459, "_wandb": {"runtime": 1}}