{"epoch": 25, "_timestamp": 1703743094.695893, "loss": 0.00939878262579441, "root_mean_squared_error": 0.0969473198056221, "mean_absolute_percentage_error": 9835657.0, "mean_absolute_error": 0.057924944907426834, "val_loss": 0.017177648842334747, "val_root_mean_squared_error": 0.1310635358095169, "val_mean_absolute_percentage_error": 21916398.0, "val_mean_absolute_error": 0.08396105468273163, "_runtime": 40.07528805732727, "_step": 26, "best_val_loss": 0.015671750530600548, "best_epoch": 15, "Final MSE": 0.020060323178768158, "Final RMSE": 0.14163446426391602, "Final MAPE": 25385440.0, "Final MAE": 0.08696766942739487, "Total Training Time": 37.85266327857971, "Average Time per Epoch": 1.4477220315199633, "_wandb": {"runtime": 38}}