{"epoch": 0, "_timestamp": 1703592292.2083356, "loss": 0.003802224760875106, "root_mean_squared_error": 0.07224670052528381, "mean_absolute_percentage_error": 19948.830078125, "mean_absolute_error": 0.04203096032142639, "val_loss": 0.015758022665977478, "val_root_mean_squared_error": 0.12553095817565918, "val_mean_absolute_percentage_error": 22622.302734375, "val_mean_absolute_error": 0.10067109763622284, "_runtime": 7.5196356773376465, "_step": 1, "best_val_loss": 0.015758022665977478, "best_epoch": 0, "Final MSE": 0.01659197360277176, "Final RMSE": 0.1288098394870758, "Final MAPE": 73573.0625, "Final MAE": 0.07284042984247208, "Total Training Time": 6.338169097900391, "Average Time per Epoch": 6.180126428604126, "_wandb": {"runtime": 6}}