{"epoch": 25, "_timestamp": 1703263207.5216737, "loss": 0.007229792885482311, "root_mean_squared_error": 0.08502818644046783, "mean_absolute_percentage_error": 16469.03125, "mean_absolute_error": 0.058253154158592224, "val_loss": 0.019367866218090057, "val_root_mean_squared_error": 0.13916848599910736, "val_mean_absolute_percentage_error": 226995.4375, "val_mean_absolute_error": 0.09029943495988846, "_runtime": 320.51126170158386, "_step": 26, "best_val_loss": 0.016143282875418663, "best_epoch": 15, "Final MSE": 0.04335416108369827, "Final RMSE": 0.2082166224718094, "Final MAPE": 243494.296875, "Final MAE": 0.14736628532409668, "Total Training Time": 318.0053713321686, "Average Time per Epoch": 12.201475776158846, "_wandb": {"runtime": 318}}