{"epoch": 10, "_timestamp": 1703758965.8561866, "loss": 0.01550600677728653, "root_mean_squared_error": 0.1245231181383133, "mean_absolute_percentage_error": 341256.03125, "mean_absolute_error": 0.07745485752820969, "val_loss": 0.01005685143172741, "val_root_mean_squared_error": 0.10028385370969772, "val_mean_absolute_percentage_error": 339232.59375, "val_mean_absolute_error": 0.059743497520685196, "_runtime": 30.363940715789795, "_step": 11, "best_val_loss": 0.009318416006863117, "best_epoch": 0, "Final MSE": 0.022847162559628487, "Final RMSE": 0.15115277469158173, "Final MAPE": 65254.8203125, "Final MAE": 0.09059666842222214, "Total Training Time": 27.71958637237549, "Average Time per Epoch": 2.5034046173095703, "_wandb": {"runtime": 28}}