{"epoch": 70, "_timestamp": 1703336571.75535, "loss": 0.0072984853759408, "root_mean_squared_error": 0.08543117344379425, "mean_absolute_percentage_error": 4860472.5, "mean_absolute_error": 0.046101734042167664, "val_loss": 0.009959939867258072, "val_root_mean_squared_error": 0.0997994989156723, "val_mean_absolute_percentage_error": 5148759.5, "val_mean_absolute_error": 0.054188914597034454, "_runtime": 162.12050700187683, "_step": 71, "best_val_loss": 0.009469776414334774, "best_epoch": 60, "Final MSE": 0.008393027819693089, "Final RMSE": 0.09161347150802612, "Final MAPE": 7111656.0, "Final MAE": 0.04819941148161888, "Total Training Time": 159.4911379814148, "Average Time per Epoch": 2.2427602821672465, "_wandb": {"runtime": 160}}