{"epoch": 11, "_timestamp": 1703727169.2454174, "loss": 0.006111825350672007, "root_mean_squared_error": 0.07817816734313965, "mean_absolute_percentage_error": 6560765.5, "mean_absolute_error": 0.045120351016521454, "val_loss": 0.009589113295078278, "val_root_mean_squared_error": 0.09792401641607285, "val_mean_absolute_percentage_error": 9693516.0, "val_mean_absolute_error": 0.05874025076627731, "_runtime": 27.348604440689087, "_step": 12, "best_val_loss": 0.009381232783198357, "best_epoch": 1, "Final MSE": 0.009732397273182869, "Final RMSE": 0.0986529141664505, "Final MAPE": 13130282.0, "Final MAE": 0.05882864072918892, "Total Training Time": 24.957151651382446, "Average Time per Epoch": 2.0662496089935303, "_wandb": {"runtime": 25}}