{"epoch": 30, "_timestamp": 1703675324.1488504, "loss": 0.06888030469417572, "root_mean_squared_error": 0.26245057582855225, "mean_absolute_percentage_error": 91033632.0, "mean_absolute_error": 0.21295751631259918, "val_loss": 0.07351948320865631, "val_root_mean_squared_error": 0.2711447477340698, "val_mean_absolute_percentage_error": 94162008.0, "val_mean_absolute_error": 0.21615369617938995, "_runtime": 24.89871644973755, "_step": 31, "best_val_loss": 0.07350612431764603, "best_epoch": 20, "Final MSE": 0.07443185150623322, "Final RMSE": 0.2728220224380493, "Final MAPE": 103890488.0, "Final MAE": 0.21044319868087769, "Total Training Time": 22.78495454788208, "Average Time per Epoch": 0.7294547327103154, "_wandb": {"runtime": 23}}