{"epoch": 11, "_timestamp": 1705579039.2083771, "loss": 0.01535560842603445, "root_mean_squared_error": 0.12391775101423264, "mean_absolute_percentage_error": 15555.84765625, "mean_absolute_error": 0.07737269997596741, "val_loss": 0.009815311059355736, "val_root_mean_squared_error": 0.09907225519418716, "val_mean_absolute_percentage_error": 78905.1875, "val_mean_absolute_error": 0.061967287212610245, "_runtime": 18.310590028762817, "_step": 12, "best_val_loss": 0.00876864604651928, "best_epoch": 1, "Final MSE": 0.015779636800289154, "Final RMSE": 0.12561702728271484, "Final MAPE": 90125.46875, "Final MAE": 0.07700089365243912, "Total Training Time": 15.968133687973022, "Average Time per Epoch": 1.317978024482727, "_wandb": {"runtime": 16}}