{"epoch": 58, "_timestamp": 1703293211.7574162, "loss": 0.006605873815715313, "root_mean_squared_error": 0.08127652853727341, "mean_absolute_percentage_error": 8164.02880859375, "mean_absolute_error": 0.055551815778017044, "val_loss": 0.009580310434103012, "val_root_mean_squared_error": 0.09787905961275101, "val_mean_absolute_percentage_error": 48893.84765625, "val_mean_absolute_error": 0.07155174016952515, "_runtime": 127.23980021476746, "_step": 59, "best_val_loss": 0.008940991945564747, "best_epoch": 48, "Final MSE": 0.014604134485125542, "Final RMSE": 0.12084756791591644, "Final MAPE": 121020.640625, "Final MAE": 0.08775466680526733, "Total Training Time": 124.63568162918091, "Average Time per Epoch": 2.1080883801993675, "_wandb": {"runtime": 125}}