{"epoch": 26, "_timestamp": 1703917842.3274686, "loss": 0.010305050760507584, "root_mean_squared_error": 0.10151379555463791, "mean_absolute_percentage_error": 176923.21875, "mean_absolute_error": 0.0523015521466732, "val_loss": 0.008276049979031086, "val_root_mean_squared_error": 0.09097279608249664, "val_mean_absolute_percentage_error": 101.49977111816406, "val_mean_absolute_error": 0.0491349920630455, "_runtime": 96.69840669631958, "_step": 27, "best_val_loss": 0.008224956691265106, "best_epoch": 16, "Final MSE": 0.014385055750608444, "Final RMSE": 0.1199377179145813, "Final MAPE": 44351.65234375, "Final MAE": 0.07018449157476425, "Total Training Time": 95.27629470825195, "Average Time per Epoch": 3.5169224385862, "_wandb": {"runtime": 95}}