{"epoch": 33, "_timestamp": 1703173806.5032346, "loss": 0.0034525734372437, "root_mean_squared_error": 0.05875860154628754, "mean_absolute_percentage_error": 12727.6708984375, "mean_absolute_error": 0.032499540597200394, "val_loss": 0.01300463080406189, "val_root_mean_squared_error": 0.11403784900903702, "val_mean_absolute_percentage_error": 41298.2734375, "val_mean_absolute_error": 0.06549753993749619, "_runtime": 116.99024963378906, "_step": 34, "best_val_loss": 0.011615379713475704, "best_epoch": 23, "Final MSE": 0.0218038372695446, "Final RMSE": 0.1476612240076065, "Final MAPE": 27880.318359375, "Final MAE": 0.07798147201538086, "Total Training Time": 115.55999970436096, "Average Time per Epoch": 3.390262575710521, "_wandb": {"runtime": 116}}