{"epoch": 14, "_timestamp": 1703616942.2857203, "loss": 0.005094700492918491, "root_mean_squared_error": 0.07137717306613922, "mean_absolute_percentage_error": 14201.1416015625, "mean_absolute_error": 0.03801094368100166, "val_loss": 0.006067429203540087, "val_root_mean_squared_error": 0.0778937041759491, "val_mean_absolute_percentage_error": 60615.625, "val_mean_absolute_error": 0.048045095056295395, "_runtime": 338.075558423996, "_step": 15, "best_val_loss": 0.005654826760292053, "best_epoch": 4, "Final MSE": 0.02100345306098461, "Final RMSE": 0.14492568373680115, "Final MAPE": 315277.4375, "Final MAE": 0.09600941836833954, "Total Training Time": 335.4944279193878, "Average Time per Epoch": 22.283313687642416, "_wandb": {"runtime": 336}}