{"epoch": 21, "_timestamp": 1705620921.9078157, "loss": 0.010862014256417751, "root_mean_squared_error": 0.10422098636627197, "mean_absolute_percentage_error": 5198.2255859375, "mean_absolute_error": 0.059735655784606934, "val_loss": 0.008197752758860588, "val_root_mean_squared_error": 0.09054144471883774, "val_mean_absolute_percentage_error": 66408.3046875, "val_mean_absolute_error": 0.06227773055434227, "_runtime": 29.911268711090088, "_step": 22, "best_val_loss": 0.007781618274748325, "best_epoch": 11, "Final MSE": 0.015559683553874493, "Final RMSE": 0.12473846226930618, "Final MAPE": 28103.962890625, "Final MAE": 0.08284110575914383, "Total Training Time": 27.61807870864868, "Average Time per Epoch": 1.247712406245145, "_wandb": {"runtime": 28}}