{"epoch": 0, "_timestamp": 1702916423.0498111, "loss": 0.012081781402230263, "root_mean_squared_error": 0.11684550344944, "mean_absolute_percentage_error": 92731.7265625, "mean_absolute_error": 0.08340730518102646, "val_loss": 0.018626343458890915, "val_root_mean_squared_error": 0.13647836446762085, "val_mean_absolute_percentage_error": 104550.1015625, "val_mean_absolute_error": 0.09751854091882706, "_runtime": 14.271209239959717, "_step": 1, "best_val_loss": 0.018626343458890915, "best_epoch": 0, "Final MSE": 0.024824639782309532, "Final RMSE": 0.1575583666563034, "Final MAPE": 54464.4921875, "Final MAE": 0.10889542102813721, "Total Training Time": 11.088085651397705, "Average Time per Epoch": 10.713770389556885, "_wandb": {"runtime": 12}}