{"epoch": 24, "_timestamp": 1703770313.5795238, "loss": 0.012549356557428837, "root_mean_squared_error": 0.11202391237020493, "mean_absolute_percentage_error": 12469.8271484375, "mean_absolute_error": 0.06005129963159561, "val_loss": 0.030802709981799126, "val_root_mean_squared_error": 0.17550700902938843, "val_mean_absolute_percentage_error": 14282.591796875, "val_mean_absolute_error": 0.08109210431575775, "_runtime": 214.99668383598328, "_step": 25, "best_val_loss": 0.02716456912457943, "best_epoch": 14, "Final MSE": 0.041030485183000565, "Final RMSE": 0.20255982875823975, "Final MAPE": 58395.00390625, "Final MAE": 0.12810766696929932, "Total Training Time": 213.1041533946991, "Average Time per Epoch": 8.50262809753418, "_wandb": {"runtime": 213}}