{"epoch": 15, "_timestamp": 1705576089.685856, "loss": 0.005533847492188215, "root_mean_squared_error": 0.07438983768224716, "mean_absolute_percentage_error": 77201.421875, "mean_absolute_error": 0.03868889808654785, "val_loss": 0.008635400794446468, "val_root_mean_squared_error": 0.09292685985565186, "val_mean_absolute_percentage_error": 5914.5302734375, "val_mean_absolute_error": 0.03861863538622856, "_runtime": 14.96470308303833, "_step": 16, "best_val_loss": 0.008282266557216644, "best_epoch": 5, "Final MSE": 0.013993903994560242, "Final RMSE": 0.1182958334684372, "Final MAPE": 53301.63671875, "Final MAE": 0.054017193615436554, "Total Training Time": 12.772377729415894, "Average Time per Epoch": 0.7905065417289734, "_wandb": {"runtime": 13}}