{"epoch": 17, "_timestamp": 1703176282.9539022, "loss": 0.0039485180750489235, "root_mean_squared_error": 0.06283723562955856, "mean_absolute_percentage_error": 51947.8984375, "mean_absolute_error": 0.031445033848285675, "val_loss": 0.009247925132513046, "val_root_mean_squared_error": 0.09616613388061523, "val_mean_absolute_percentage_error": 87604.796875, "val_mean_absolute_error": 0.04972359538078308, "_runtime": 60.55696630477905, "_step": 18, "best_val_loss": 0.00866029690951109, "best_epoch": 7, "Final MSE": 0.012902074493467808, "Final RMSE": 0.11358729749917984, "Final MAPE": 62331.4296875, "Final MAE": 0.061184320598840714, "Total Training Time": 58.2587890625, "Average Time per Epoch": 3.2222520775265164, "_wandb": {"runtime": 58}}