{"epoch": 37, "_timestamp": 1702890259.6395636, "loss": 0.0060883779078722, "root_mean_squared_error": 0.07802806049585342, "mean_absolute_percentage_error": 3440.984130859375, "mean_absolute_error": 0.05746873468160629, "val_loss": 0.006847216747701168, "val_root_mean_squared_error": 0.0827479138970375, "val_mean_absolute_percentage_error": 31474.25390625, "val_mean_absolute_error": 0.060970500111579895, "_runtime": 85.68663358688354, "_step": 38, "best_val_loss": 0.005985089112073183, "best_epoch": 27, "Final MSE": 0.008764166384935379, "Final RMSE": 0.09361712634563446, "Final MAPE": 20.894594192504883, "Final MAE": 0.06715871393680573, "Total Training Time": 83.77927470207214, "Average Time per Epoch": 2.1977657581630505, "_wandb": {"runtime": 84}}