{"epoch": 0, "_timestamp": 1703811817.5239992, "loss": 0.015487302094697952, "root_mean_squared_error": 0.1234377920627594, "mean_absolute_percentage_error": 23221.642578125, "mean_absolute_error": 0.08144829422235489, "val_loss": 0.020466111600399017, "val_root_mean_squared_error": 0.14305981993675232, "val_mean_absolute_percentage_error": 124685.1953125, "val_mean_absolute_error": 0.09537230432033539, "_runtime": 5.857554197311401, "_step": 1, "best_val_loss": 0.020466111600399017, "best_epoch": 0, "Final MSE": 0.02438693679869175, "Final RMSE": 0.15616317093372345, "Final MAPE": 315468.0, "Final MAE": 0.10849689692258835, "Total Training Time": 4.626327753067017, "Average Time per Epoch": 4.435042381286621, "_wandb": {"runtime": 4}}