{"epoch": 0, "_timestamp": 1703787704.7772155, "loss": 0.02893810160458088, "root_mean_squared_error": 0.17131930589675903, "mean_absolute_percentage_error": 204460.984375, "mean_absolute_error": 0.10517263412475586, "val_loss": 0.01948317140340805, "val_root_mean_squared_error": 0.13958212733268738, "val_mean_absolute_percentage_error": 26597.708984375, "val_mean_absolute_error": 0.07975881546735764, "_runtime": 39.16973257064819, "_step": 1, "best_val_loss": 0.01948317140340805, "best_epoch": 0, "Final MSE": 0.022163815796375275, "Final RMSE": 0.1488751620054245, "Final MAPE": 157653.953125, "Final MAE": 0.0855213850736618, "Total Training Time": 38.05391836166382, "Average Time per Epoch": 36.30732202529907, "_wandb": {"runtime": 38}}