{"epoch": 15, "_timestamp": 1703243025.2594206, "loss": 0.0056602186523377895, "root_mean_squared_error": 0.07523442804813385, "mean_absolute_percentage_error": 32275.990234375, "mean_absolute_error": 0.05212301388382912, "val_loss": 0.02275768481194973, "val_root_mean_squared_error": 0.15085650980472565, "val_mean_absolute_percentage_error": 78225.78125, "val_mean_absolute_error": 0.11759482324123383, "_runtime": 100.20310163497925, "_step": 16, "best_val_loss": 0.012956672348082066, "best_epoch": 5, "Final MSE": 0.018411917611956596, "Final RMSE": 0.13569052517414093, "Final MAPE": 174413.0, "Final MAE": 0.09391804784536362, "Total Training Time": 97.78342485427856, "Average Time per Epoch": 6.0864355862140656, "_wandb": {"runtime": 98}}