{"epoch": 0, "_timestamp": 1703550070.830831, "loss": 0.006417270749807358, "root_mean_squared_error": 0.08943641930818558, "mean_absolute_percentage_error": 30370.142578125, "mean_absolute_error": 0.05736002326011658, "val_loss": 0.011845082975924015, "val_root_mean_squared_error": 0.1088351160287857, "val_mean_absolute_percentage_error": 46885.375, "val_mean_absolute_error": 0.07065808027982712, "_runtime": 13.38923716545105, "_step": 1, "best_val_loss": 0.011845082975924015, "best_epoch": 0, "Final MSE": 0.019996000453829765, "Final RMSE": 0.14140722155570984, "Final MAPE": 40204.4140625, "Final MAE": 0.0957283228635788, "Total Training Time": 4.5810956954956055, "Average Time per Epoch": 4.425055980682373, "_wandb": {"runtime": 4}}