{"epoch": 15, "_timestamp": 1703857074.2454436, "loss": 0.019228583201766014, "root_mean_squared_error": 0.13866716623306274, "mean_absolute_percentage_error": 13506.3583984375, "mean_absolute_error": 0.09693046659231186, "val_loss": 0.02217414602637291, "val_root_mean_squared_error": 0.14890985190868378, "val_mean_absolute_percentage_error": 61229.52734375, "val_mean_absolute_error": 0.0793527215719223, "_runtime": 84.79273462295532, "_step": 16, "best_val_loss": 0.021673476323485374, "best_epoch": 5, "Final MSE": 0.027305999770760536, "Final RMSE": 0.16524526476860046, "Final MAPE": 94415.4140625, "Final MAE": 0.10650075972080231, "Total Training Time": 83.30137610435486, "Average Time per Epoch": 5.183463737368584, "_wandb": {"runtime": 83}}