{"epoch": 33, "_timestamp": 1703155828.165806, "loss": 0.005181503482162952, "root_mean_squared_error": 0.07198265939950943, "mean_absolute_percentage_error": 7728.9423828125, "mean_absolute_error": 0.047083206474781036, "val_loss": 0.010526576079428196, "val_root_mean_squared_error": 0.10259910672903061, "val_mean_absolute_percentage_error": 59524.82421875, "val_mean_absolute_error": 0.06417129933834076, "_runtime": 46.797001123428345, "_step": 34, "best_val_loss": 0.010425861924886703, "best_epoch": 23, "Final MSE": 0.007722532842308283, "Final RMSE": 0.08787794411182404, "Final MAPE": 72930.0, "Final MAE": 0.06125416234135628, "Total Training Time": 43.81475019454956, "Average Time per Epoch": 1.283139565411736, "_wandb": {"runtime": 44}}