{"epoch": 25, "_timestamp": 1705613454.9966574, "loss": 0.0076248422265052795, "root_mean_squared_error": 0.08732034265995026, "mean_absolute_percentage_error": 154385.171875, "mean_absolute_error": 0.05976078659296036, "val_loss": 0.008876826614141464, "val_root_mean_squared_error": 0.09421691298484802, "val_mean_absolute_percentage_error": 37764.37109375, "val_mean_absolute_error": 0.063633494079113, "_runtime": 21.959002256393433, "_step": 26, "best_val_loss": 0.008760050870478153, "best_epoch": 15, "Final MSE": 0.022494910284876823, "Final RMSE": 0.14998303353786469, "Final MAPE": 391549.03125, "Final MAE": 0.10043006390333176, "Total Training Time": 19.785036325454712, "Average Time per Epoch": 0.7555942168602576, "_wandb": {"runtime": 20}}