{"epoch": 19, "_timestamp": 1703302561.0902817, "loss": 0.006002914160490036, "root_mean_squared_error": 0.07747847586870193, "mean_absolute_percentage_error": 22521.630859375, "mean_absolute_error": 0.05374898388981819, "val_loss": 0.0065986900590360165, "val_root_mean_squared_error": 0.08123232424259186, "val_mean_absolute_percentage_error": 83074.765625, "val_mean_absolute_error": 0.06179019436240196, "_runtime": 64.16777968406677, "_step": 20, "best_val_loss": 0.0056439731270074844, "best_epoch": 9, "Final MSE": 0.021417737007141113, "Final RMSE": 0.1463479995727539, "Final MAPE": 240428.4375, "Final MAE": 0.11838088184595108, "Total Training Time": 61.60063147544861, "Average Time per Epoch": 3.067988669872284, "_wandb": {"runtime": 62}}