{"epoch": 28, "_timestamp": 1703176218.6844733, "loss": 0.003598460927605629, "root_mean_squared_error": 0.05998717248439789, "mean_absolute_percentage_error": 48054.734375, "mean_absolute_error": 0.030381113290786743, "val_loss": 0.008747968822717667, "val_root_mean_squared_error": 0.0935305804014206, "val_mean_absolute_percentage_error": 105526.3359375, "val_mean_absolute_error": 0.05108664557337761, "_runtime": 93.21518421173096, "_step": 29, "best_val_loss": 0.008381511084735394, "best_epoch": 18, "Final MSE": 0.012381607666611671, "Final RMSE": 0.1112726703286171, "Final MAPE": 72730.7734375, "Final MAE": 0.06719061732292175, "Total Training Time": 90.84611511230469, "Average Time per Epoch": 3.1231759252219367, "_wandb": {"runtime": 91}}