{"epoch": 33, "_timestamp": 1703816970.7539258, "loss": 0.006766123231500387, "root_mean_squared_error": 0.08225645124912262, "mean_absolute_percentage_error": 19038.77734375, "mean_absolute_error": 0.05428248643875122, "val_loss": 0.01219668984413147, "val_root_mean_squared_error": 0.11043862253427505, "val_mean_absolute_percentage_error": 86557.4140625, "val_mean_absolute_error": 0.07580526918172836, "_runtime": 48.9764358997345, "_step": 34, "best_val_loss": 0.011434637941420078, "best_epoch": 23, "Final MSE": 0.020641112700104713, "Final RMSE": 0.14367015659809113, "Final MAPE": 68139.8046875, "Final MAE": 0.10261548310518265, "Total Training Time": 46.96500492095947, "Average Time per Epoch": 1.3757046390982235, "_wandb": {"runtime": 47}}