{"epoch": 30, "_timestamp": 1705615629.6255257, "loss": 0.006846690084785223, "root_mean_squared_error": 0.08274472504854202, "mean_absolute_percentage_error": 45571.96875, "mean_absolute_error": 0.05327136069536209, "val_loss": 0.009369087405502796, "val_root_mean_squared_error": 0.09679404646158218, "val_mean_absolute_percentage_error": 23104.8046875, "val_mean_absolute_error": 0.06883145868778229, "_runtime": 29.647459745407104, "_step": 31, "best_val_loss": 0.009056017734110355, "best_epoch": 20, "Final MSE": 0.015220550820231438, "Final RMSE": 0.12337159365415573, "Final MAPE": 94876.453125, "Final MAE": 0.08608313649892807, "Total Training Time": 23.170972108840942, "Average Time per Epoch": 0.7428582714449975, "_wandb": {"runtime": 23}}