{"epoch": 37, "_timestamp": 1703699932.597999, "loss": 0.008676114492118359, "root_mean_squared_error": 0.09314566105604172, "mean_absolute_percentage_error": 5787759.0, "mean_absolute_error": 0.051988385617733, "val_loss": 0.019670041278004646, "val_root_mean_squared_error": 0.14024992287158966, "val_mean_absolute_percentage_error": 26675426.0, "val_mean_absolute_error": 0.08738013356924057, "_runtime": 733.2530610561371, "_step": 38, "best_val_loss": 0.01813134178519249, "best_epoch": 27, "Final MSE": 0.02120700478553772, "Final RMSE": 0.1456262469291687, "Final MAPE": 30783758.0, "Final MAE": 0.089091457426548, "Total Training Time": 731.1082353591919, "Average Time per Epoch": 19.210170513705204, "_wandb": {"runtime": 731}}