{"epoch": 0, "_timestamp": 1703673806.7495477, "loss": 0.008200178854167461, "root_mean_squared_error": 0.09200062602758408, "mean_absolute_percentage_error": 5498754.5, "mean_absolute_error": 0.050876956433057785, "val_loss": 0.011855815537273884, "val_root_mean_squared_error": 0.10888441652059555, "val_mean_absolute_percentage_error": 5294151.0, "val_mean_absolute_error": 0.06041843816637993, "_runtime": 7.34567666053772, "_step": 1, "best_val_loss": 0.011855815537273884, "best_epoch": 0, "Final MSE": 0.010759527795016766, "Final RMSE": 0.10372814536094666, "Final MAPE": 7644637.0, "Final MAE": 0.05875452980399132, "Total Training Time": 6.145635366439819, "Average Time per Epoch": 5.990056991577148, "_wandb": {"runtime": 6}}