{"epoch": 0, "_timestamp": 1703792397.6440938, "loss": 0.010367197915911674, "root_mean_squared_error": 0.10717557370662689, "mean_absolute_percentage_error": 68022.2265625, "mean_absolute_error": 0.07678647339344025, "val_loss": 0.014097008854150772, "val_root_mean_squared_error": 0.118730828166008, "val_mean_absolute_percentage_error": 126965.390625, "val_mean_absolute_error": 0.0865931510925293, "_runtime": 65.36882281303406, "_step": 1, "best_val_loss": 0.014097008854150772, "best_epoch": 0, "Final MSE": 0.018857194110751152, "Final RMSE": 0.13732150197029114, "Final MAPE": 327843.125, "Final MAE": 0.10461784899234772, "Total Training Time": 63.86525368690491, "Average Time per Epoch": 60.87537121772766, "_wandb": {"runtime": 64}}