{"epoch": 28, "_timestamp": 1703446220.511708, "loss": 0.007060552015900612, "root_mean_squared_error": 0.08402708917856216, "mean_absolute_percentage_error": 7353821.0, "mean_absolute_error": 0.049685038626194, "val_loss": 0.01181485503911972, "val_root_mean_squared_error": 0.10869616270065308, "val_mean_absolute_percentage_error": 7947740.5, "val_mean_absolute_error": 0.06554505974054337, "_runtime": 37.95768404006958, "_step": 29, "best_val_loss": 0.010352928191423416, "best_epoch": 18, "Final MSE": 0.013766796328127384, "Final RMSE": 0.11733198910951614, "Final MAPE": 12862039.0, "Final MAE": 0.07121719419956207, "Total Training Time": 35.717052936553955, "Average Time per Epoch": 1.2256561558822106, "_wandb": {"runtime": 36}}