{"epoch": 12, "_timestamp": 1703670302.085106, "loss": 0.00784054584801197, "root_mean_squared_error": 0.08854685723781586, "mean_absolute_percentage_error": 5103522.5, "mean_absolute_error": 0.0488087423145771, "val_loss": 0.011436717584729195, "val_root_mean_squared_error": 0.10694258660078049, "val_mean_absolute_percentage_error": 4698285.0, "val_mean_absolute_error": 0.05618928372859955, "_runtime": 35.06696581840515, "_step": 13, "best_val_loss": 0.009790968149900436, "best_epoch": 2, "Final MSE": 0.009790705516934395, "Final RMSE": 0.09894799441099167, "Final MAPE": 6489472.5, "Final MAE": 0.0519326850771904, "Total Training Time": 33.35548496246338, "Average Time per Epoch": 2.553147077560425, "_wandb": {"runtime": 34}}