{"epoch": 30, "_timestamp": 1703499561.349645, "loss": 0.00699978694319725, "root_mean_squared_error": 0.08366473019123077, "mean_absolute_percentage_error": 17500.146484375, "mean_absolute_error": 0.05516330152750015, "val_loss": 0.015164362266659737, "val_root_mean_squared_error": 0.12314366549253464, "val_mean_absolute_percentage_error": 44613.25, "val_mean_absolute_error": 0.08443599939346313, "_runtime": 73.30951595306396, "_step": 31, "best_val_loss": 0.01442484650760889, "best_epoch": 20, "Final MSE": 0.02443975768983364, "Final RMSE": 0.15633220970630646, "Final MAPE": 113005.625, "Final MAE": 0.11296325922012329, "Total Training Time": 71.28783941268921, "Average Time per Epoch": 2.2933171795260523, "_wandb": {"runtime": 71}}