{"epoch": 14, "_timestamp": 1703156532.703939, "loss": 0.005737339612096548, "root_mean_squared_error": 0.07574522495269775, "mean_absolute_percentage_error": 25986.185546875, "mean_absolute_error": 0.048516761511564255, "val_loss": 0.008662954904139042, "val_root_mean_squared_error": 0.09307499974966049, "val_mean_absolute_percentage_error": 106175.640625, "val_mean_absolute_error": 0.06032061204314232, "_runtime": 22.221797943115234, "_step": 15, "best_val_loss": 0.008262558840215206, "best_epoch": 4, "Final MSE": 0.011061658151447773, "Final RMSE": 0.10517441481351852, "Final MAPE": 219066.78125, "Final MAE": 0.06595142930746078, "Total Training Time": 19.94060230255127, "Average Time per Epoch": 1.3188403924306233, "_wandb": {"runtime": 20}}