{"epoch": 0, "_timestamp": 1703811919.3297908, "loss": 0.015472309663891792, "root_mean_squared_error": 0.12409178912639618, "mean_absolute_percentage_error": 55730.2890625, "mean_absolute_error": 0.07466604560613632, "val_loss": 0.017354924231767654, "val_root_mean_squared_error": 0.1317380964756012, "val_mean_absolute_percentage_error": 47395.578125, "val_mean_absolute_error": 0.08676943928003311, "_runtime": 5.79327392578125, "_step": 1, "best_val_loss": 0.017354924231767654, "best_epoch": 0, "Final MSE": 0.0225184578448534, "Final RMSE": 0.15006151795387268, "Final MAPE": 500947.875, "Final MAE": 0.10269270092248917, "Total Training Time": 4.6351988315582275, "Average Time per Epoch": 4.438813209533691, "_wandb": {"runtime": 4}}