{"epoch": 0, "_timestamp": 1703656387.2039928, "loss": 0.011874770745635033, "root_mean_squared_error": 0.10974681377410889, "mean_absolute_percentage_error": 22802.57421875, "mean_absolute_error": 0.06816648691892624, "val_loss": 0.008013858459889889, "val_root_mean_squared_error": 0.0895201563835144, "val_mean_absolute_percentage_error": 70424.859375, "val_mean_absolute_error": 0.0655229240655899, "_runtime": 4.556106805801392, "_step": 1, "best_val_loss": 0.008013858459889889, "best_epoch": 0, "Final MSE": 0.015405964106321335, "Final RMSE": 0.12412076443433762, "Final MAPE": 145203.59375, "Final MAE": 0.076662078499794, "Total Training Time": 2.706423282623291, "Average Time per Epoch": 2.5604159832000732, "_wandb": {"runtime": 2}}