{"epoch": 18, "_timestamp": 1703177520.2999406, "loss": 0.010637741535902023, "root_mean_squared_error": 0.10313943028450012, "mean_absolute_percentage_error": 7937.361328125, "mean_absolute_error": 0.05913890525698662, "val_loss": 0.018942544236779213, "val_root_mean_squared_error": 0.13763192296028137, "val_mean_absolute_percentage_error": 68770.4140625, "val_mean_absolute_error": 0.0890454649925232, "_runtime": 67.71549248695374, "_step": 19, "best_val_loss": 0.009265500120818615, "best_epoch": 8, "Final MSE": 0.024067528545856476, "Final RMSE": 0.15513712167739868, "Final MAPE": 42738.15234375, "Final MAE": 0.10053219646215439, "Total Training Time": 65.36408638954163, "Average Time per Epoch": 3.426141663601524, "_wandb": {"runtime": 65}}