{"epoch": 0, "_timestamp": 1703737156.6919777, "loss": 0.008455133996903896, "root_mean_squared_error": 0.09753275662660599, "mean_absolute_percentage_error": 8450576.0, "mean_absolute_error": 0.054928045719861984, "val_loss": 0.016861723735928535, "val_root_mean_squared_error": 0.12985269725322723, "val_mean_absolute_percentage_error": 10977041.0, "val_mean_absolute_error": 0.07271763682365417, "_runtime": 6.664905786514282, "_step": 1, "best_val_loss": 0.016861723735928535, "best_epoch": 0, "Final MSE": 0.020326625555753708, "Final RMSE": 0.14257147908210754, "Final MAPE": 19327140.0, "Final MAE": 0.08587231487035751, "Total Training Time": 5.037853956222534, "Average Time per Epoch": 4.820188999176025, "_wandb": {"runtime": 5}}