{"epoch": 0, "_timestamp": 1703819381.7522168, "loss": 0.008347621187567711, "root_mean_squared_error": 0.09970221668481827, "mean_absolute_percentage_error": 41709.265625, "mean_absolute_error": 0.06581541895866394, "val_loss": 0.01389878150075674, "val_root_mean_squared_error": 0.11789309233427048, "val_mean_absolute_percentage_error": 45855.30078125, "val_mean_absolute_error": 0.08378887921571732, "_runtime": 4.357112884521484, "_step": 1, "best_val_loss": 0.01389878150075674, "best_epoch": 0, "Final MSE": 0.0235297791659832, "Final RMSE": 0.1533941924571991, "Final MAPE": 200605.296875, "Final MAE": 0.11026798188686371, "Total Training Time": 2.590630054473877, "Average Time per Epoch": 2.447079658508301, "_wandb": {"runtime": 2}}