{"epoch": 22, "_timestamp": 1703650940.551481, "loss": 0.008550426922738552, "root_mean_squared_error": 0.0924685150384903, "mean_absolute_percentage_error": 34691.0546875, "mean_absolute_error": 0.05382036790251732, "val_loss": 0.007105486933141947, "val_root_mean_squared_error": 0.08429405093193054, "val_mean_absolute_percentage_error": 35090.74609375, "val_mean_absolute_error": 0.05694207921624184, "_runtime": 22.066049098968506, "_step": 23, "best_val_loss": 0.006630002986639738, "best_epoch": 12, "Final MSE": 0.014707724563777447, "Final RMSE": 0.1212754100561142, "Final MAPE": 147768.625, "Final MAE": 0.0884183794260025, "Total Training Time": 19.823707818984985, "Average Time per Epoch": 0.855839376864226, "_wandb": {"runtime": 20}}