{"epoch": 16, "_timestamp": 1705576809.597792, "loss": 0.0037697746884077787, "root_mean_squared_error": 0.06139849126338959, "mean_absolute_percentage_error": 251218.4375, "mean_absolute_error": 0.034094829112291336, "val_loss": 0.007106136064976454, "val_root_mean_squared_error": 0.08429790288209915, "val_mean_absolute_percentage_error": 31.330249786376953, "val_mean_absolute_error": 0.04424123093485832, "_runtime": 15.748957872390747, "_step": 17, "best_val_loss": 0.006338063161820173, "best_epoch": 6, "Final MSE": 0.0080088060349226, "Final RMSE": 0.08949193358421326, "Final MAPE": 219537.015625, "Final MAE": 0.05675617977976799, "Total Training Time": 13.520455837249756, "Average Time per Epoch": 0.78768991021549, "_wandb": {"runtime": 13}}