{"epoch": 18, "_timestamp": 1705586062.3441963, "loss": 0.005565428175032139, "root_mean_squared_error": 0.07460179924964905, "mean_absolute_percentage_error": 13232.794921875, "mean_absolute_error": 0.0480722077190876, "val_loss": 0.017109187319874763, "val_root_mean_squared_error": 0.13080209493637085, "val_mean_absolute_percentage_error": 60507.73046875, "val_mean_absolute_error": 0.09170112013816833, "_runtime": 51.84462642669678, "_step": 19, "best_val_loss": 0.01590276136994362, "best_epoch": 8, "Final MSE": 0.021255938336253166, "Final RMSE": 0.14579416811466217, "Final MAPE": 51007.09765625, "Final MAE": 0.10751602798700333, "Total Training Time": 49.43385624885559, "Average Time per Epoch": 2.591454367888601, "_wandb": {"runtime": 50}}