{"epoch": 0, "_timestamp": 1703536544.750974, "loss": 0.011367550119757652, "root_mean_squared_error": 0.1114003136754036, "mean_absolute_percentage_error": 23356.755859375, "mean_absolute_error": 0.05362676456570625, "val_loss": 0.012569848448038101, "val_root_mean_squared_error": 0.11211533844470978, "val_mean_absolute_percentage_error": 64186.60546875, "val_mean_absolute_error": 0.0638992190361023, "_runtime": 19.959938049316406, "_step": 1, "best_val_loss": 0.012569848448038101, "best_epoch": 0, "Final MSE": 0.01364710833877325, "Final RMSE": 0.11682084202766418, "Final MAPE": 145953.28125, "Final MAE": 0.06698939204216003, "Total Training Time": 18.60782241821289, "Average Time per Epoch": 17.83744215965271, "_wandb": {"runtime": 18}}