{"epoch": 0, "_timestamp": 1703811807.64373, "loss": 0.009934994392096996, "root_mean_squared_error": 0.10172855854034424, "mean_absolute_percentage_error": 420666.59375, "mean_absolute_error": 0.07064604759216309, "val_loss": 0.015838878229260445, "val_root_mean_squared_error": 0.12585259974002838, "val_mean_absolute_percentage_error": 133831.375, "val_mean_absolute_error": 0.08333542943000793, "_runtime": 6.391201972961426, "_step": 1, "best_val_loss": 0.015838878229260445, "best_epoch": 0, "Final MSE": 0.013436761684715748, "Final RMSE": 0.11591704934835434, "Final MAPE": 140453.484375, "Final MAE": 0.08780995011329651, "Total Training Time": 4.645167589187622, "Average Time per Epoch": 4.45058798789978, "_wandb": {"runtime": 4}}