{"epoch": 0, "_timestamp": 1703649009.0903294, "loss": 0.004338225815445185, "root_mean_squared_error": 0.07219258695840836, "mean_absolute_percentage_error": 45056.4375, "mean_absolute_error": 0.050350528210401535, "val_loss": 0.007663185242563486, "val_root_mean_squared_error": 0.08753962069749832, "val_mean_absolute_percentage_error": 78565.2578125, "val_mean_absolute_error": 0.06624933332204819, "_runtime": 6.567646503448486, "_step": 1, "best_val_loss": 0.007663185242563486, "best_epoch": 0, "Final MSE": 0.01173225324600935, "Final RMSE": 0.10831552743911743, "Final MAPE": 209341.75, "Final MAE": 0.08171670883893967, "Total Training Time": 4.810762166976929, "Average Time per Epoch": 4.6107587814331055, "_wandb": {"runtime": 5}}