{"epoch": 28, "_timestamp": 1705575464.9622653, "loss": 0.003271957626566291, "root_mean_squared_error": 0.05720102787017822, "mean_absolute_percentage_error": 5411.232421875, "mean_absolute_error": 0.026272444054484367, "val_loss": 0.004181592725217342, "val_root_mean_squared_error": 0.06466523557901382, "val_mean_absolute_percentage_error": 61877.71875, "val_mean_absolute_error": 0.03917853161692619, "_runtime": 24.031076192855835, "_step": 29, "best_val_loss": 0.0037879084702581167, "best_epoch": 18, "Final MSE": 0.004803615156561136, "Final RMSE": 0.06930811703205109, "Final MAPE": 62502.0703125, "Final MAE": 0.0464659221470356, "Total Training Time": 21.840392112731934, "Average Time per Epoch": 0.7481672763824463, "_wandb": {"runtime": 22}}