{"epoch": 29, "_timestamp": 1703362566.1225893, "loss": 0.012919099070131779, "root_mean_squared_error": 0.11366221308708191, "mean_absolute_percentage_error": 11902214.0, "mean_absolute_error": 0.06828882545232773, "val_loss": 0.029154375195503235, "val_root_mean_squared_error": 0.17074652016162872, "val_mean_absolute_percentage_error": 37036780.0, "val_mean_absolute_error": 0.10806502401828766, "_runtime": 455.0414843559265, "_step": 30, "best_val_loss": 0.027836782857775688, "best_epoch": 19, "Final MSE": 0.03814391419291496, "Final RMSE": 0.19530467689037323, "Final MAPE": 54354456.0, "Final MAE": 0.12302142381668091, "Total Training Time": 452.64756059646606, "Average Time per Epoch": 15.058156061172486, "_wandb": {"runtime": 453}}