{"epoch": 0, "_timestamp": 1703535495.536303, "loss": 0.025469399988651276, "root_mean_squared_error": 0.16540244221687317, "mean_absolute_percentage_error": 40082.94140625, "mean_absolute_error": 0.11105145514011383, "val_loss": 0.02698267437517643, "val_root_mean_squared_error": 0.1642640382051468, "val_mean_absolute_percentage_error": 138932.375, "val_mean_absolute_error": 0.13727423548698425, "_runtime": 19.60962414741516, "_step": 1, "best_val_loss": 0.02698267437517643, "best_epoch": 0, "Final MSE": 0.06115356832742691, "Final RMSE": 0.24729247391223907, "Final MAPE": 353200.78125, "Final MAE": 0.21437551081180573, "Total Training Time": 18.113837718963623, "Average Time per Epoch": 17.378095149993896, "_wandb": {"runtime": 18}}