{"epoch": 26, "_timestamp": 1703654511.806068, "loss": 0.015136437490582466, "root_mean_squared_error": 0.12303023040294647, "mean_absolute_percentage_error": 6260.1123046875, "mean_absolute_error": 0.07901434600353241, "val_loss": 0.013753126375377178, "val_root_mean_squared_error": 0.1172737255692482, "val_mean_absolute_percentage_error": 38408.89453125, "val_mean_absolute_error": 0.08240408450365067, "_runtime": 42.07817101478577, "_step": 27, "best_val_loss": 0.01299284677952528, "best_epoch": 16, "Final MSE": 0.020080314949154854, "Final RMSE": 0.14170502126216888, "Final MAPE": 103631.2734375, "Final MAE": 0.10411466658115387, "Total Training Time": 39.717686891555786, "Average Time per Epoch": 1.4639559321933322, "_wandb": {"runtime": 40}}