{"epoch": 0, "_timestamp": 1703741110.4528224, "loss": 0.009007347747683525, "root_mean_squared_error": 0.09661484509706497, "mean_absolute_percentage_error": 8309347.5, "mean_absolute_error": 0.05716567859053612, "val_loss": 0.010241140611469746, "val_root_mean_squared_error": 0.10119852423667908, "val_mean_absolute_percentage_error": 9356756.0, "val_mean_absolute_error": 0.0599268414080143, "_runtime": 3.821350336074829, "_step": 1, "best_val_loss": 0.010241140611469746, "best_epoch": 0, "Final MSE": 0.009261414408683777, "Final RMSE": 0.09623624384403229, "Final MAPE": 15982114.0, "Final MAE": 0.06064142659306526, "Total Training Time": 1.8731331825256348, "Average Time per Epoch": 1.7567024230957031, "_wandb": {"runtime": 2}}