{"epoch": 26, "_timestamp": 1705622199.4198244, "loss": 0.005095824599266052, "root_mean_squared_error": 0.07138504832983017, "mean_absolute_percentage_error": 62475.01953125, "mean_absolute_error": 0.034411296248435974, "val_loss": 0.006025355309247971, "val_root_mean_squared_error": 0.0776231586933136, "val_mean_absolute_percentage_error": 102290.4140625, "val_mean_absolute_error": 0.04425763338804245, "_runtime": 36.570881366729736, "_step": 27, "best_val_loss": 0.006013667676597834, "best_epoch": 16, "Final MSE": 0.012599362060427666, "Final RMSE": 0.11224687844514847, "Final MAPE": 206370.0, "Final MAE": 0.06179400533437729, "Total Training Time": 34.08168697357178, "Average Time per Epoch": 1.2557144518251773, "_wandb": {"runtime": 34}}