{"epoch": 39, "_timestamp": 1703306779.4261813, "loss": 0.005405091680586338, "root_mean_squared_error": 0.07351932674646378, "mean_absolute_percentage_error": 12212.18359375, "mean_absolute_error": 0.046049583703279495, "val_loss": 0.006727063097059727, "val_root_mean_squared_error": 0.08201867341995239, "val_mean_absolute_percentage_error": 118240.3671875, "val_mean_absolute_error": 0.05529715120792389, "_runtime": 135.2967493534088, "_step": 40, "best_val_loss": 0.006664379965513945, "best_epoch": 29, "Final MSE": 0.01043851487338543, "Final RMSE": 0.10216905176639557, "Final MAPE": 97603.8125, "Final MAE": 0.0681665688753128, "Total Training Time": 132.97034549713135, "Average Time per Epoch": 3.3167085349559784, "_wandb": {"runtime": 133}}