{"epoch": 0, "_timestamp": 1703596029.826847, "loss": 0.009107041172683239, "root_mean_squared_error": 0.10299715399742126, "mean_absolute_percentage_error": 49520.59765625, "mean_absolute_error": 0.050810571759939194, "val_loss": 0.00685353297740221, "val_root_mean_squared_error": 0.08278607577085495, "val_mean_absolute_percentage_error": 94990.21875, "val_mean_absolute_error": 0.053419094532728195, "_runtime": 3.5483431816101074, "_step": 1, "best_val_loss": 0.00685353297740221, "best_epoch": 0, "Final MSE": 0.015154125168919563, "Final RMSE": 0.123102106153965, "Final MAPE": 386809.96875, "Final MAE": 0.07666479796171188, "Total Training Time": 1.5957896709442139, "Average Time per Epoch": 1.4931418895721436, "_wandb": {"runtime": 1}}