{"epoch": 15, "_timestamp": 1703531371.5473988, "loss": 0.00464788218960166, "root_mean_squared_error": 0.06817537546157837, "mean_absolute_percentage_error": 47136.26953125, "mean_absolute_error": 0.03623173013329506, "val_loss": 0.012701278552412987, "val_root_mean_squared_error": 0.1126999482512474, "val_mean_absolute_percentage_error": 72065.265625, "val_mean_absolute_error": 0.052004169672727585, "_runtime": 195.79106283187866, "_step": 16, "best_val_loss": 0.011150865815579891, "best_epoch": 5, "Final MSE": 0.021632185205817223, "Final RMSE": 0.14707884192466736, "Final MAPE": 60016.02734375, "Final MAE": 0.06704672425985336, "Total Training Time": 193.19280123710632, "Average Time per Epoch": 12.03007760643959, "_wandb": {"runtime": 193}}