{"epoch": 21, "_timestamp": 1703148720.1038632, "loss": 0.0060906424187123775, "root_mean_squared_error": 0.07804256677627563, "mean_absolute_percentage_error": 116370.4140625, "mean_absolute_error": 0.044708337634801865, "val_loss": 0.00650694640353322, "val_root_mean_squared_error": 0.08066564798355103, "val_mean_absolute_percentage_error": 27785.283203125, "val_mean_absolute_error": 0.05464498698711395, "_runtime": 20.094038248062134, "_step": 22, "best_val_loss": 0.0056918589398264885, "best_epoch": 11, "Final MSE": 0.010336458683013916, "Final RMSE": 0.10166837275028229, "Final MAPE": 446906.0, "Final MAE": 0.06985730677843094, "Total Training Time": 17.75049138069153, "Average Time per Epoch": 0.8008635802702471, "_wandb": {"runtime": 18}}