{"epoch": 0, "_timestamp": 1703557158.008444, "loss": 0.008531512692570686, "root_mean_squared_error": 0.0951472669839859, "mean_absolute_percentage_error": 16652.162109375, "mean_absolute_error": 0.06311877071857452, "val_loss": 0.01367783173918724, "val_root_mean_squared_error": 0.11695226281881332, "val_mean_absolute_percentage_error": 30067.509765625, "val_mean_absolute_error": 0.08418284356594086, "_runtime": 6.480487108230591, "_step": 1, "best_val_loss": 0.01367783173918724, "best_epoch": 0, "Final MSE": 0.012344740331172943, "Final RMSE": 0.11110688745975494, "Final MAPE": 80070.828125, "Final MAE": 0.07975592464208603, "Total Training Time": 4.824727535247803, "Average Time per Epoch": 4.619672775268555, "_wandb": {"runtime": 5}}