{"epoch": 21, "_timestamp": 1703095968.1830297, "loss": 0.005873892921954393, "root_mean_squared_error": 0.07664132863283157, "mean_absolute_percentage_error": 35010.765625, "mean_absolute_error": 0.048971761018037796, "val_loss": 0.009183752350509167, "val_root_mean_squared_error": 0.09583189338445663, "val_mean_absolute_percentage_error": 69996.859375, "val_mean_absolute_error": 0.06024305149912834, "_runtime": 58.899733543395996, "_step": 22, "best_val_loss": 0.008376974612474442, "best_epoch": 11, "Final MSE": 0.012226964347064495, "Final RMSE": 0.1105756014585495, "Final MAPE": 198422.90625, "Final MAE": 0.06952588260173798, "Total Training Time": 56.25008153915405, "Average Time per Epoch": 2.5471845756877554, "_wandb": {"runtime": 56}}