{"epoch": 0, "_timestamp": 1703596058.039535, "loss": 0.00910965260118246, "root_mean_squared_error": 0.09911329299211502, "mean_absolute_percentage_error": 65829.0, "mean_absolute_error": 0.04902418702840805, "val_loss": 0.006677844561636448, "val_root_mean_squared_error": 0.0817180797457695, "val_mean_absolute_percentage_error": 87630.8515625, "val_mean_absolute_error": 0.048855435103178024, "_runtime": 3.619580030441284, "_step": 1, "best_val_loss": 0.006677844561636448, "best_epoch": 0, "Final MSE": 0.014921481721103191, "Final RMSE": 0.12215349823236465, "Final MAPE": 357018.0, "Final MAE": 0.06870562583208084, "Total Training Time": 1.620284080505371, "Average Time per Epoch": 1.513275146484375, "_wandb": {"runtime": 1}}