{"epoch": 10, "_timestamp": 1703745358.9079216, "loss": 0.009268702939152718, "root_mean_squared_error": 0.09627410024404526, "mean_absolute_percentage_error": 11107444.0, "mean_absolute_error": 0.05523208901286125, "val_loss": 0.01864764280617237, "val_root_mean_squared_error": 0.13655637204647064, "val_mean_absolute_percentage_error": 17920476.0, "val_mean_absolute_error": 0.07896731793880463, "_runtime": 18.79696559906006, "_step": 11, "best_val_loss": 0.015699712559580803, "best_epoch": 0, "Final MSE": 0.017763860523700714, "Final RMSE": 0.13328112661838531, "Final MAPE": 24020190.0, "Final MAE": 0.0803203284740448, "Total Training Time": 16.774492025375366, "Average Time per Epoch": 1.5104901573874734, "_wandb": {"runtime": 17}}