{"epoch": 17, "_timestamp": 1703098849.5369303, "loss": 0.004263003822416067, "root_mean_squared_error": 0.06529167294502258, "mean_absolute_percentage_error": 223952.28125, "mean_absolute_error": 0.03808031976222992, "val_loss": 0.007814035750925541, "val_root_mean_squared_error": 0.08839702606201172, "val_mean_absolute_percentage_error": 35.28363800048828, "val_mean_absolute_error": 0.04773221164941788, "_runtime": 16.121958255767822, "_step": 18, "best_val_loss": 0.007037046831101179, "best_epoch": 7, "Final MSE": 0.008539327420294285, "Final RMSE": 0.09240847826004028, "Final MAPE": 309455.375, "Final MAE": 0.058351509273052216, "Total Training Time": 13.913640260696411, "Average Time per Epoch": 0.7655545473098755, "_wandb": {"runtime": 14}}