{"epoch": 11, "_timestamp": 1703344320.4973824, "loss": 0.0677286759018898, "root_mean_squared_error": 0.2602473199367523, "mean_absolute_percentage_error": 83380456.0, "mean_absolute_error": 0.2090488225221634, "val_loss": 0.05499191954731941, "val_root_mean_squared_error": 0.23450355231761932, "val_mean_absolute_percentage_error": 90340576.0, "val_mean_absolute_error": 0.19213959574699402, "_runtime": 11.249927520751953, "_step": 12, "best_val_loss": 0.05453512817621231, "best_epoch": 1, "Final MSE": 0.05525072664022446, "Final RMSE": 0.23505473136901855, "Final MAPE": 98917208.0, "Final MAE": 0.1921265721321106, "Total Training Time": 9.091795444488525, "Average Time per Epoch": 0.747612992922465, "_wandb": {"runtime": 9}}