{"epoch": 15, "_timestamp": 1703103793.691103, "loss": 0.005643799435347319, "root_mean_squared_error": 0.07512522488832474, "mean_absolute_percentage_error": 13824.759765625, "mean_absolute_error": 0.04128843918442726, "val_loss": 0.012413903139531612, "val_root_mean_squared_error": 0.11141769587993622, "val_mean_absolute_percentage_error": 139124.828125, "val_mean_absolute_error": 0.0986202284693718, "_runtime": 172.87968587875366, "_step": 16, "best_val_loss": 0.004486518446356058, "best_epoch": 5, "Final MSE": 0.013228715397417545, "Final RMSE": 0.1150161549448967, "Final MAPE": 152610.375, "Final MAE": 0.09729724377393723, "Total Training Time": 170.4489848613739, "Average Time per Epoch": 10.613130420446396, "_wandb": {"runtime": 171}}