{"epoch": 0, "_timestamp": 1703761264.791691, "loss": 0.005434556398540735, "root_mean_squared_error": 0.08106498420238495, "mean_absolute_percentage_error": 54962.1640625, "mean_absolute_error": 0.04057342931628227, "val_loss": 0.0066265505738556385, "val_root_mean_squared_error": 0.08140362799167633, "val_mean_absolute_percentage_error": 63458.8984375, "val_mean_absolute_error": 0.03643814101815224, "_runtime": 7.3177101612091064, "_step": 1, "best_val_loss": 0.0066265505738556385, "best_epoch": 0, "Final MSE": 0.01898040622472763, "Final RMSE": 0.1377694010734558, "Final MAPE": 53495.70703125, "Final MAE": 0.06241239234805107, "Total Training Time": 6.119408845901489, "Average Time per Epoch": 5.946508884429932, "_wandb": {"runtime": 6}}