{"epoch": 0, "_timestamp": 1703715477.7213469, "loss": 0.056527767330408096, "root_mean_squared_error": 0.24743986129760742, "mean_absolute_percentage_error": 76436664.0, "mean_absolute_error": 0.1857832819223404, "val_loss": 0.07803181558847427, "val_root_mean_squared_error": 0.27934175729751587, "val_mean_absolute_percentage_error": 100133224.0, "val_mean_absolute_error": 0.20532411336898804, "_runtime": 53.093310832977295, "_step": 1, "best_val_loss": 0.07803181558847427, "best_epoch": 0, "Final MSE": 0.07879140228033066, "Final RMSE": 0.2806980609893799, "Final MAPE": 75262528.0, "Final MAE": 0.18351434171199799, "Total Training Time": 51.82382869720459, "Average Time per Epoch": 49.349658727645874, "_wandb": {"runtime": 52}}