{"epoch": 74, "_timestamp": 1703723369.0946786, "loss": 0.0074006798677146435, "root_mean_squared_error": 0.08602720499038696, "mean_absolute_percentage_error": 9316072.0, "mean_absolute_error": 0.050076860934495926, "val_loss": 0.012517268769443035, "val_root_mean_squared_error": 0.1118806004524231, "val_mean_absolute_percentage_error": 10812244.0, "val_mean_absolute_error": 0.06736096739768982, "_runtime": 142.77201175689697, "_step": 75, "best_val_loss": 0.010948150418698788, "best_epoch": 64, "Final MSE": 0.008653010241687298, "Final RMSE": 0.09302155673503876, "Final MAPE": 17378148.0, "Final MAE": 0.06100485846400261, "Total Training Time": 140.3994963169098, "Average Time per Epoch": 1.868247791926066, "_wandb": {"runtime": 140}}