{"epoch": 24, "_timestamp": 1703094269.1011937, "loss": 0.0054089780896902084, "root_mean_squared_error": 0.07354575395584106, "mean_absolute_percentage_error": 172527.296875, "mean_absolute_error": 0.04425312578678131, "val_loss": 0.010334710590541363, "val_root_mean_squared_error": 0.10165978223085403, "val_mean_absolute_percentage_error": 398440.875, "val_mean_absolute_error": 0.058971207588911057, "_runtime": 66.24016976356506, "_step": 25, "best_val_loss": 0.01023877039551735, "best_epoch": 14, "Final MSE": 0.01464113313704729, "Final RMSE": 0.12100055068731308, "Final MAPE": 49837.40625, "Final MAE": 0.06966810673475266, "Total Training Time": 63.62677264213562, "Average Time per Epoch": 2.536369733810425, "_wandb": {"runtime": 64}}