{"epoch": 31, "_timestamp": 1703296196.3200765, "loss": 0.008971848525106907, "root_mean_squared_error": 0.09471984207630157, "mean_absolute_percentage_error": 4407.82861328125, "mean_absolute_error": 0.05721529945731163, "val_loss": 0.011722548864781857, "val_root_mean_squared_error": 0.10827071964740753, "val_mean_absolute_percentage_error": 25449.947265625, "val_mean_absolute_error": 0.07356623560190201, "_runtime": 83.71869134902954, "_step": 32, "best_val_loss": 0.01118658296763897, "best_epoch": 21, "Final MSE": 0.015427861362695694, "Final RMSE": 0.12420894205570221, "Final MAPE": 79625.5078125, "Final MAE": 0.08059223741292953, "Total Training Time": 81.25794172286987, "Average Time per Epoch": 2.532048910856247, "_wandb": {"runtime": 81}}