{"epoch": 0, "_timestamp": 1703746567.1961465, "loss": 0.008611248806118965, "root_mean_squared_error": 0.09348346292972565, "mean_absolute_percentage_error": 9399822.0, "mean_absolute_error": 0.05564778670668602, "val_loss": 0.01057443581521511, "val_root_mean_squared_error": 0.10283207893371582, "val_mean_absolute_percentage_error": 9650521.0, "val_mean_absolute_error": 0.058255068957805634, "_runtime": 3.82800555229187, "_step": 1, "best_val_loss": 0.01057443581521511, "best_epoch": 0, "Final MSE": 0.01033297460526228, "Final RMSE": 0.10165123641490936, "Final MAPE": 18171682.0, "Final MAE": 0.0629657655954361, "Total Training Time": 2.756096601486206, "Average Time per Epoch": 2.6127054691314697, "_wandb": {"runtime": 2}}