{"epoch": 40, "_timestamp": 1703817587.0188854, "loss": 0.011453692801296711, "root_mean_squared_error": 0.10702192783355713, "mean_absolute_percentage_error": 199560.59375, "mean_absolute_error": 0.07575547695159912, "val_loss": 0.016544176265597343, "val_root_mean_squared_error": 0.12862417101860046, "val_mean_absolute_percentage_error": 26598.064453125, "val_mean_absolute_error": 0.08877771347761154, "_runtime": 59.55113434791565, "_step": 41, "best_val_loss": 0.015074916183948517, "best_epoch": 30, "Final MSE": 0.02224530279636383, "Final RMSE": 0.1491485983133316, "Final MAPE": 188646.703125, "Final MAE": 0.10263075679540634, "Total Training Time": 58.13697171211243, "Average Time per Epoch": 1.4129048789419778, "_wandb": {"runtime": 58}}