{"epoch": 19, "_timestamp": 1703098105.9948728, "loss": 0.008246402256190777, "root_mean_squared_error": 0.09080973267555237, "mean_absolute_percentage_error": 91716.734375, "mean_absolute_error": 0.05188891291618347, "val_loss": 0.011372347362339497, "val_root_mean_squared_error": 0.10664121061563492, "val_mean_absolute_percentage_error": 32688.599609375, "val_mean_absolute_error": 0.053593169897794724, "_runtime": 17.6437668800354, "_step": 20, "best_val_loss": 0.011322877369821072, "best_epoch": 9, "Final MSE": 0.01899220049381256, "Final RMSE": 0.13781219720840454, "Final MAPE": 193505.78125, "Final MAE": 0.06963250041007996, "Total Training Time": 15.484666109085083, "Average Time per Epoch": 0.7675639033317566, "_wandb": {"runtime": 15}}