{"epoch": 0, "_timestamp": 1703811630.2667158, "loss": 0.006625859532505274, "root_mean_squared_error": 0.08473216742277145, "mean_absolute_percentage_error": 27479.21484375, "mean_absolute_error": 0.03990680351853371, "val_loss": 0.00980451237410307, "val_root_mean_squared_error": 0.09901773929595947, "val_mean_absolute_percentage_error": 57528.4921875, "val_mean_absolute_error": 0.05558142438530922, "_runtime": 6.0620057582855225, "_step": 1, "best_val_loss": 0.00980451237410307, "best_epoch": 0, "Final MSE": 0.011393541470170021, "Final RMSE": 0.10674053430557251, "Final MAPE": 149292.640625, "Final MAE": 0.06193070858716965, "Total Training Time": 4.412458896636963, "Average Time per Epoch": 4.226751327514648, "_wandb": {"runtime": 4}}