{"epoch": 0, "_timestamp": 1703595915.2431371, "loss": 0.015081370249390602, "root_mean_squared_error": 0.1350051313638687, "mean_absolute_percentage_error": 52292.81640625, "mean_absolute_error": 0.08592530339956284, "val_loss": 0.020580759271979332, "val_root_mean_squared_error": 0.14345994591712952, "val_mean_absolute_percentage_error": 202664.921875, "val_mean_absolute_error": 0.09205324947834015, "_runtime": 3.572413206100464, "_step": 1, "best_val_loss": 0.020580759271979332, "best_epoch": 0, "Final MSE": 0.042887814342975616, "Final RMSE": 0.2070937603712082, "Final MAPE": 206478.671875, "Final MAE": 0.13652712106704712, "Total Training Time": 1.6052544116973877, "Average Time per Epoch": 1.503230094909668, "_wandb": {"runtime": 1}}