{"epoch": 28, "_timestamp": 1705616627.0962396, "loss": 0.0070603713393211365, "root_mean_squared_error": 0.08402601629495621, "mean_absolute_percentage_error": 27470.931640625, "mean_absolute_error": 0.04703700914978981, "val_loss": 0.013145782984793186, "val_root_mean_squared_error": 0.11465506255626678, "val_mean_absolute_percentage_error": 518593.625, "val_mean_absolute_error": 0.06634242087602615, "_runtime": 24.451477527618408, "_step": 29, "best_val_loss": 0.013004000298678875, "best_epoch": 18, "Final MSE": 0.022994890809059143, "Final RMSE": 0.15164066851139069, "Final MAPE": 13965.3310546875, "Final MAE": 0.09820979833602905, "Total Training Time": 22.205981731414795, "Average Time per Epoch": 0.7608378508995319, "_wandb": {"runtime": 22}}