{"epoch": 0, "_timestamp": 1703595901.3678408, "loss": 0.015079021453857422, "root_mean_squared_error": 0.13523872196674347, "mean_absolute_percentage_error": 52435.17578125, "mean_absolute_error": 0.08589374274015427, "val_loss": 0.0206050593405962, "val_root_mean_squared_error": 0.14354459941387177, "val_mean_absolute_percentage_error": 202383.578125, "val_mean_absolute_error": 0.09216645359992981, "_runtime": 3.703697681427002, "_step": 1, "best_val_loss": 0.0206050593405962, "best_epoch": 0, "Final MSE": 0.042935870587825775, "Final RMSE": 0.2072097212076187, "Final MAPE": 206183.890625, "Final MAE": 0.13657714426517487, "Total Training Time": 1.6183056831359863, "Average Time per Epoch": 1.5133066177368164, "_wandb": {"runtime": 1}}