{"epoch": 21, "_timestamp": 1703739795.5427988, "loss": 0.006420707330107689, "root_mean_squared_error": 0.08012931793928146, "mean_absolute_percentage_error": 7959745.0, "mean_absolute_error": 0.04763321205973625, "val_loss": 0.006900363601744175, "val_root_mean_squared_error": 0.08306843042373657, "val_mean_absolute_percentage_error": 11362372.0, "val_mean_absolute_error": 0.05302437022328377, "_runtime": 20.569761753082275, "_step": 22, "best_val_loss": 0.00643783388659358, "best_epoch": 11, "Final MSE": 0.00792289525270462, "Final RMSE": 0.08901064842939377, "Final MAPE": 13261788.0, "Final MAE": 0.05559655278921127, "Total Training Time": 19.32483434677124, "Average Time per Epoch": 0.8711235089735552, "_wandb": {"runtime": 19}}