{"epoch": 11, "_timestamp": 1703772160.926949, "loss": 0.011418844573199749, "root_mean_squared_error": 0.106858991086483, "mean_absolute_percentage_error": 205716.4375, "mean_absolute_error": 0.053959645330905914, "val_loss": 0.00882957223802805, "val_root_mean_squared_error": 0.0939658060669899, "val_mean_absolute_percentage_error": 118.1993637084961, "val_mean_absolute_error": 0.05435420945286751, "_runtime": 134.5721390247345, "_step": 12, "best_val_loss": 0.008582077920436859, "best_epoch": 1, "Final MSE": 0.014797312207520008, "Final RMSE": 0.12164420634508133, "Final MAPE": 88924.8671875, "Final MAE": 0.07235586643218994, "Total Training Time": 132.1324279308319, "Average Time per Epoch": 10.959812879562378, "_wandb": {"runtime": 132}}