{"epoch": 0, "_timestamp": 1703596043.998328, "loss": 0.009100712835788727, "root_mean_squared_error": 0.09904838353395462, "mean_absolute_percentage_error": 65426.640625, "mean_absolute_error": 0.048637714236974716, "val_loss": 0.006756209302693605, "val_root_mean_squared_error": 0.08219615370035172, "val_mean_absolute_percentage_error": 92434.078125, "val_mean_absolute_error": 0.05160573124885559, "_runtime": 3.6459648609161377, "_step": 1, "best_val_loss": 0.006756209302693605, "best_epoch": 0, "Final MSE": 0.01503727212548256, "Final RMSE": 0.12262652814388275, "Final MAPE": 376577.46875, "Final MAE": 0.07374617457389832, "Total Training Time": 1.6090235710144043, "Average Time per Epoch": 1.5037596225738525, "_wandb": {"runtime": 1}}