{"epoch": 27, "_timestamp": 1703594306.420494, "loss": 0.025945402681827545, "root_mean_squared_error": 0.16107575595378876, "mean_absolute_percentage_error": 32204.830078125, "mean_absolute_error": 0.10145063698291779, "val_loss": 0.020939039066433907, "val_root_mean_squared_error": 0.14470325410366058, "val_mean_absolute_percentage_error": 118513.6640625, "val_mean_absolute_error": 0.1180802583694458, "_runtime": 23.228711128234863, "_step": 28, "best_val_loss": 0.01841544546186924, "best_epoch": 17, "Final MSE": 0.024288861081004143, "Final RMSE": 0.15584884583950043, "Final MAPE": 241424.09375, "Final MAE": 0.13368093967437744, "Total Training Time": 21.080722093582153, "Average Time per Epoch": 0.747739485331944, "_wandb": {"runtime": 21}}