{"epoch": 0, "_timestamp": 1703741056.349245, "loss": 0.009387392550706863, "root_mean_squared_error": 0.09783431142568588, "mean_absolute_percentage_error": 8392037.0, "mean_absolute_error": 0.05447608605027199, "val_loss": 0.0152526730671525, "val_root_mean_squared_error": 0.12350171059370041, "val_mean_absolute_percentage_error": 7156498.0, "val_mean_absolute_error": 0.06337443739175797, "_runtime": 3.7007710933685303, "_step": 1, "best_val_loss": 0.0152526730671525, "best_epoch": 0, "Final MSE": 0.011301928199827671, "Final RMSE": 0.10631052404642105, "Final MAPE": 11044258.0, "Final MAE": 0.0540536567568779, "Total Training Time": 1.877333402633667, "Average Time per Epoch": 1.780017375946045, "_wandb": {"runtime": 2}}