{"epoch": 18, "_timestamp": 1703161342.6388946, "loss": 0.004042054992169142, "root_mean_squared_error": 0.06357716023921967, "mean_absolute_percentage_error": 11896.7109375, "mean_absolute_error": 0.04018465802073479, "val_loss": 0.010184957645833492, "val_root_mean_squared_error": 0.10092055052518845, "val_mean_absolute_percentage_error": 44514.46875, "val_mean_absolute_error": 0.06419836729764938, "_runtime": 46.659035444259644, "_step": 19, "best_val_loss": 0.008956213481724262, "best_epoch": 8, "Final MSE": 0.011306595988571644, "Final RMSE": 0.10633248090744019, "Final MAPE": 107405.328125, "Final MAE": 0.06497184932231903, "Total Training Time": 44.155651807785034, "Average Time per Epoch": 2.313357717112491, "_wandb": {"runtime": 44}}