{"epoch": 0, "_timestamp": 1703640541.4078035, "loss": 0.006374901160597801, "root_mean_squared_error": 0.08342638611793518, "mean_absolute_percentage_error": 28221.03515625, "mean_absolute_error": 0.061169374734163284, "val_loss": 0.007737381383776665, "val_root_mean_squared_error": 0.08796238899230957, "val_mean_absolute_percentage_error": 110150.6484375, "val_mean_absolute_error": 0.06417310982942581, "_runtime": 11.336772441864014, "_step": 1, "best_val_loss": 0.007737381383776665, "best_epoch": 0, "Final MSE": 0.010434282943606377, "Final RMSE": 0.10214833915233612, "Final MAPE": 137816.125, "Final MAE": 0.07424549013376236, "Total Training Time": 4.54448390007019, "Average Time per Epoch": 4.395437479019165, "_wandb": {"runtime": 4}}