{"epoch": 16, "_timestamp": 1705579436.8436985, "loss": 0.004801997449249029, "root_mean_squared_error": 0.0692964494228363, "mean_absolute_percentage_error": 2127344.75, "mean_absolute_error": 0.04224532097578049, "val_loss": 0.008167434483766556, "val_root_mean_squared_error": 0.09037385880947113, "val_mean_absolute_percentage_error": 20945.419921875, "val_mean_absolute_error": 0.054593320935964584, "_runtime": 24.342689514160156, "_step": 17, "best_val_loss": 0.007706319913268089, "best_epoch": 6, "Final MSE": 0.0040065208449959755, "Final RMSE": 0.0632970854640007, "Final MAPE": 214913.75, "Final MAE": 0.03729274868965149, "Total Training Time": 22.111025094985962, "Average Time per Epoch": 1.2912266254425049, "_wandb": {"runtime": 22}}