{"epoch": 23, "_timestamp": 1703545419.4414837, "loss": 0.006027593277394772, "root_mean_squared_error": 0.07763757556676865, "mean_absolute_percentage_error": 31705.396484375, "mean_absolute_error": 0.04713829979300499, "val_loss": 0.006944289896637201, "val_root_mean_squared_error": 0.08333240449428558, "val_mean_absolute_percentage_error": 25880.439453125, "val_mean_absolute_error": 0.0487847737967968, "_runtime": 50.69468569755554, "_step": 24, "best_val_loss": 0.006654181983321905, "best_epoch": 13, "Final MSE": 0.01666623167693615, "Final RMSE": 0.12909775972366333, "Final MAPE": 90373.046875, "Final MAE": 0.0841720774769783, "Total Training Time": 48.168564319610596, "Average Time per Epoch": 1.9990676442782085, "_wandb": {"runtime": 48}}