{"epoch": 0, "_timestamp": 1703746790.1297696, "loss": 0.008649038150906563, "root_mean_squared_error": 0.0966757982969284, "mean_absolute_percentage_error": 10722589.0, "mean_absolute_error": 0.05663974583148956, "val_loss": 0.01273808628320694, "val_root_mean_squared_error": 0.11286313086748123, "val_mean_absolute_percentage_error": 11630903.0, "val_mean_absolute_error": 0.06316766887903214, "_runtime": 4.672856569290161, "_step": 1, "best_val_loss": 0.01273808628320694, "best_epoch": 0, "Final MSE": 0.01580015942454338, "Final RMSE": 0.12569868564605713, "Final MAPE": 19103044.0, "Final MAE": 0.07303734123706818, "Total Training Time": 2.7555620670318604, "Average Time per Epoch": 2.588045835494995, "_wandb": {"runtime": 3}}