{"epoch": 18, "_timestamp": 1702907129.6204915, "loss": 0.005399787332862616, "root_mean_squared_error": 0.07348324358463287, "mean_absolute_percentage_error": 28389.546875, "mean_absolute_error": 0.04066118970513344, "val_loss": 0.011384133249521255, "val_root_mean_squared_error": 0.10669645667076111, "val_mean_absolute_percentage_error": 7963.77978515625, "val_mean_absolute_error": 0.05783180892467499, "_runtime": 134.85595154762268, "_step": 19, "best_val_loss": 0.011190393008291721, "best_epoch": 8, "Final MSE": 0.019396832212805748, "Final RMSE": 0.1392725110054016, "Final MAPE": 25953.078125, "Final MAE": 0.08447754383087158, "Total Training Time": 132.23797583580017, "Average Time per Epoch": 6.939103377492804, "_wandb": {"runtime": 132}}