{"epoch": 0, "_timestamp": 1703501683.6152546, "loss": 0.005577541887760162, "root_mean_squared_error": 0.08948349952697754, "mean_absolute_percentage_error": 21227.689453125, "mean_absolute_error": 0.054838769137859344, "val_loss": 0.017933527007699013, "val_root_mean_squared_error": 0.13391612470149994, "val_mean_absolute_percentage_error": 51978.6796875, "val_mean_absolute_error": 0.08079066872596741, "_runtime": 7.352175712585449, "_step": 1, "best_val_loss": 0.017933527007699013, "best_epoch": 0, "Final MSE": 0.025381142273545265, "Final RMSE": 0.1593146026134491, "Final MAPE": 75209.484375, "Final MAE": 0.09997458010911942, "Total Training Time": 6.212130784988403, "Average Time per Epoch": 6.055104732513428, "_wandb": {"runtime": 6}}