{"epoch": 19, "_timestamp": 1703346238.6834123, "loss": 0.08045203983783722, "root_mean_squared_error": 0.28364062309265137, "mean_absolute_percentage_error": 96577920.0, "mean_absolute_error": 0.23513297736644745, "val_loss": 0.07520943135023117, "val_root_mean_squared_error": 0.2742433547973633, "val_mean_absolute_percentage_error": 110820784.0, "val_mean_absolute_error": 0.23354217410087585, "_runtime": 16.83846426010132, "_step": 20, "best_val_loss": 0.07461341470479965, "best_epoch": 9, "Final MSE": 0.07941584289073944, "Final RMSE": 0.28180816769599915, "Final MAPE": 126193616.0, "Final MAE": 0.23729056119918823, "Total Training Time": 14.607760906219482, "Average Time per Epoch": 0.7239835143089295, "_wandb": {"runtime": 14}}