{"epoch": 0, "_timestamp": 1703793562.6339588, "loss": 0.01105540432035923, "root_mean_squared_error": 0.11914835125207901, "mean_absolute_percentage_error": 43933.89453125, "mean_absolute_error": 0.08174139261245728, "val_loss": 0.026135845109820366, "val_root_mean_squared_error": 0.16166584193706512, "val_mean_absolute_percentage_error": 100280.953125, "val_mean_absolute_error": 0.12443976104259491, "_runtime": 103.24238085746765, "_step": 1, "best_val_loss": 0.026135845109820366, "best_epoch": 0, "Final MSE": 0.0351032055914402, "Final RMSE": 0.18735849857330322, "Final MAPE": 262937.90625, "Final MAE": 0.14143909513950348, "Total Training Time": 72.00979995727539, "Average Time per Epoch": 68.66903162002563, "_wandb": {"runtime": 72}}