{"epoch": 0, "_timestamp": 1703591937.0452409, "loss": 0.013499398715794086, "root_mean_squared_error": 0.12456124275922775, "mean_absolute_percentage_error": 22391.849609375, "mean_absolute_error": 0.07373496890068054, "val_loss": 0.010837721638381481, "val_root_mean_squared_error": 0.10410437732934952, "val_mean_absolute_percentage_error": 117.43294525146484, "val_mean_absolute_error": 0.0773424282670021, "_runtime": 7.562788963317871, "_step": 1, "best_val_loss": 0.010837721638381481, "best_epoch": 0, "Final MSE": 0.0330638512969017, "Final RMSE": 0.18183468282222748, "Final MAPE": 154321.90625, "Final MAE": 0.12963807582855225, "Total Training Time": 6.323197841644287, "Average Time per Epoch": 6.161180257797241, "_wandb": {"runtime": 6}}