{"epoch": 25, "_timestamp": 1702649360.6683543, "loss": 0.008435276336967945, "root_mean_squared_error": 0.09184376150369644, "mean_absolute_percentage_error": 23248.86328125, "mean_absolute_error": 0.05334126204252243, "val_loss": 0.008221050724387169, "val_root_mean_squared_error": 0.09067001193761826, "val_mean_absolute_percentage_error": 25126174.0, "val_mean_absolute_error": 0.06080157309770584, "_runtime": 176.78820037841797, "_step": 26, "best_val_loss": 0.007404875010251999, "best_epoch": 15, "Final MSE": 0.013914691284298897, "Final RMSE": 0.11796054989099503, "Final MAPE": 68983.7421875, "Final MAE": 0.06623514741659164, "Total Training Time": 174.46890950202942, "Average Time per Epoch": 6.692152004975539, "_wandb": {"runtime": 174}}