{"epoch": 14, "_timestamp": 1703375523.6228647, "loss": 0.01474920567125082, "root_mean_squared_error": 0.12144631147384644, "mean_absolute_percentage_error": 16138372.0, "mean_absolute_error": 0.07466273009777069, "val_loss": 0.07466412335634232, "val_root_mean_squared_error": 0.2732473611831665, "val_mean_absolute_percentage_error": 38679344.0, "val_mean_absolute_error": 0.16461095213890076, "_runtime": 218.08903670310974, "_step": 15, "best_val_loss": 0.07128465920686722, "best_epoch": 4, "Final MSE": 0.02144129015505314, "Final RMSE": 0.1464284509420395, "Final MAPE": 30096486.0, "Final MAE": 0.08948364108800888, "Total Training Time": 215.473295211792, "Average Time per Epoch": 14.309169642130534, "_wandb": {"runtime": 216}}