{"epoch": 10, "_timestamp": 1705627379.3234186, "loss": 0.0038145133294165134, "root_mean_squared_error": 0.06176174804568291, "mean_absolute_percentage_error": 255685.171875, "mean_absolute_error": 0.03441305086016655, "val_loss": 0.006766096223145723, "val_root_mean_squared_error": 0.08225628733634949, "val_mean_absolute_percentage_error": 30.756057739257812, "val_mean_absolute_error": 0.042483992874622345, "_runtime": 30.005433559417725, "_step": 11, "best_val_loss": 0.0063993302173912525, "best_epoch": 0, "Final MSE": 0.007422644644975662, "Final RMSE": 0.08615477383136749, "Final MAPE": 215873.109375, "Final MAE": 0.053858622908592224, "Total Training Time": 27.407976388931274, "Average Time per Epoch": 2.4741028655659068, "_wandb": {"runtime": 28}}