{"epoch": 0, "_timestamp": 1703565464.7993994, "loss": 0.005581773817539215, "root_mean_squared_error": 0.07690238952636719, "mean_absolute_percentage_error": 24524.265625, "mean_absolute_error": 0.05011811852455139, "val_loss": 0.011953134089708328, "val_root_mean_squared_error": 0.10933038592338562, "val_mean_absolute_percentage_error": 54287.75, "val_mean_absolute_error": 0.06701170653104782, "_runtime": 4.518059492111206, "_step": 1, "best_val_loss": 0.011953134089708328, "best_epoch": 0, "Final MSE": 0.00864317361265421, "Final RMSE": 0.09296867251396179, "Final MAPE": 94986.4140625, "Final MAE": 0.06057017669081688, "Total Training Time": 2.7622509002685547, "Average Time per Epoch": 2.611093759536743, "_wandb": {"runtime": 2}}