{"epoch": 1, "_timestamp": 1702912713.5394268, "loss": 0.0061255330219864845, "root_mean_squared_error": 0.07826578617095947, "mean_absolute_percentage_error": 5673.6748046875, "mean_absolute_error": 0.04988520219922066, "val_loss": 0.007377617061138153, "val_root_mean_squared_error": 0.08589305728673935, "val_mean_absolute_percentage_error": 976.760986328125, "val_mean_absolute_error": 0.04817400872707367, "_runtime": 22.85561180114746, "_step": 2, "best_val_loss": 0.007377617061138153, "best_epoch": 1, "Final MSE": 0.012872416526079178, "Final RMSE": 0.11345667392015457, "Final MAPE": 22006.763671875, "Final MAE": 0.060539811849594116, "Total Training Time": 20.24908423423767, "Average Time per Epoch": 9.933541417121887, "_wandb": {"runtime": 20}}