{"epoch": 10, "_timestamp": 1703855586.433795, "loss": 0.030947301536798477, "root_mean_squared_error": 0.17591851949691772, "mean_absolute_percentage_error": 21265.35546875, "mean_absolute_error": 0.12438981235027313, "val_loss": 0.011029897257685661, "val_root_mean_squared_error": 0.10502330958843231, "val_mean_absolute_percentage_error": 176962.8125, "val_mean_absolute_error": 0.0796511247754097, "_runtime": 9.727459907531738, "_step": 11, "best_val_loss": 0.00981017854064703, "best_epoch": 0, "Final MSE": 0.04015800356864929, "Final RMSE": 0.20039460062980652, "Final MAPE": 241161.484375, "Final MAE": 0.12677045166492462, "Total Training Time": 8.458250284194946, "Average Time per Epoch": 0.758583437312733, "_wandb": {"runtime": 8}}