{"epoch": 33, "_timestamp": 1703309980.1890345, "loss": 0.002809380879625678, "root_mean_squared_error": 0.053003594279289246, "mean_absolute_percentage_error": 1029.9190673828125, "mean_absolute_error": 0.031761135905981064, "val_loss": 0.01359722763299942, "val_root_mean_squared_error": 0.11660715192556381, "val_mean_absolute_percentage_error": 41198.75390625, "val_mean_absolute_error": 0.09449829906225204, "_runtime": 134.20340251922607, "_step": 34, "best_val_loss": 0.008010362274944782, "best_epoch": 23, "Final MSE": 0.015667131170630455, "Final RMSE": 0.12516841292381287, "Final MAPE": 34425.6875, "Final MAE": 0.07009122520685196, "Total Training Time": 131.9136941432953, "Average Time per Epoch": 3.8706086242900177, "_wandb": {"runtime": 132}}