{"epoch": 0, "_timestamp": 1703625250.0046008, "loss": 0.007155376952141523, "root_mean_squared_error": 0.09196683019399643, "mean_absolute_percentage_error": 61279.30078125, "mean_absolute_error": 0.050880610942840576, "val_loss": 0.006680731195956469, "val_root_mean_squared_error": 0.08173573762178421, "val_mean_absolute_percentage_error": 70043.140625, "val_mean_absolute_error": 0.044678956270217896, "_runtime": 43.71149277687073, "_step": 1, "best_val_loss": 0.006680731195956469, "best_epoch": 0, "Final MSE": 0.01505812257528305, "Final RMSE": 0.12271153926849365, "Final MAPE": 339092.75, "Final MAE": 0.06840115785598755, "Total Training Time": 42.46165680885315, "Average Time per Epoch": 40.47080850601196, "_wandb": {"runtime": 42}}