{"epoch": 0, "_timestamp": 1703677625.5292368, "loss": 0.06955272704362869, "root_mean_squared_error": 0.25813090801239014, "mean_absolute_percentage_error": 83785568.0, "mean_absolute_error": 0.19136038422584534, "val_loss": 0.06094854325056076, "val_root_mean_squared_error": 0.2468775361776352, "val_mean_absolute_percentage_error": 105599616.0, "val_mean_absolute_error": 0.19874878227710724, "_runtime": 3.483085870742798, "_step": 1, "best_val_loss": 0.06094854325056076, "best_epoch": 0, "Final MSE": 0.04983948916196823, "Final RMSE": 0.22324760258197784, "Final MAPE": 115790304.0, "Final MAE": 0.184061199426651, "Total Training Time": 1.557213306427002, "Average Time per Epoch": 1.4624357223510742, "_wandb": {"runtime": 1}}