{"epoch": 21, "_timestamp": 1703745178.528991, "loss": 0.008439527824521065, "root_mean_squared_error": 0.09186690300703049, "mean_absolute_percentage_error": 8843241.0, "mean_absolute_error": 0.052676912397146225, "val_loss": 0.014403946697711945, "val_root_mean_squared_error": 0.1200164407491684, "val_mean_absolute_percentage_error": 9313022.0, "val_mean_absolute_error": 0.06373690068721771, "_runtime": 34.67218899726868, "_step": 22, "best_val_loss": 0.014196772128343582, "best_epoch": 11, "Final MSE": 0.014812083914875984, "Final RMSE": 0.12170490622520447, "Final MAPE": 13754364.0, "Final MAE": 0.06848412752151489, "Total Training Time": 32.29860329627991, "Average Time per Epoch": 1.4594606702977961, "_wandb": {"runtime": 32}}