{"epoch": 41, "_timestamp": 1703147410.6086423, "loss": 0.004427257925271988, "root_mean_squared_error": 0.06653764098882675, "mean_absolute_percentage_error": 2765307.75, "mean_absolute_error": 0.040873777121305466, "val_loss": 0.007825255393981934, "val_root_mean_squared_error": 0.08846047520637512, "val_mean_absolute_percentage_error": 26919.669921875, "val_mean_absolute_error": 0.05986742675304413, "_runtime": 35.16028928756714, "_step": 42, "best_val_loss": 0.007476124446839094, "best_epoch": 31, "Final MSE": 0.004951642360538244, "Final RMSE": 0.07036790996789932, "Final MAPE": 217419.734375, "Final MAE": 0.0506238117814064, "Total Training Time": 32.81414532661438, "Average Time per Epoch": 0.7774625448953538, "_wandb": {"runtime": 33}}