{"epoch": 24, "_timestamp": 1703291381.6624463, "loss": 0.012641243636608124, "root_mean_squared_error": 0.1124332845211029, "mean_absolute_percentage_error": 25886.138671875, "mean_absolute_error": 0.07346245646476746, "val_loss": 0.014841384254395962, "val_root_mean_squared_error": 0.1218252182006836, "val_mean_absolute_percentage_error": 21661.857421875, "val_mean_absolute_error": 0.07413443922996521, "_runtime": 57.08110427856445, "_step": 25, "best_val_loss": 0.014388324692845345, "best_epoch": 14, "Final MSE": 0.01818922907114029, "Final RMSE": 0.13486744463443756, "Final MAPE": 90076.640625, "Final MAE": 0.08776196837425232, "Total Training Time": 54.49589776992798, "Average Time per Epoch": 2.171742467880249, "_wandb": {"runtime": 55}}