{"loss": "<keras.src.losses.MeanSquaredError object at 0x000002044DE94750>", "_timestamp": 1700573377.141576, "_runtime": 756.5627341270447, "_step": 0, "_wandb": {"runtime": 56}}