{"epoch": 32, "_timestamp": 1702907360.7215497, "loss": 0.005647557321935892, "root_mean_squared_error": 0.07515022903680801, "mean_absolute_percentage_error": 38146.85546875, "mean_absolute_error": 0.047301165759563446, "val_loss": 0.007479471620172262, "val_root_mean_squared_error": 0.08648394048213959, "val_mean_absolute_percentage_error": 61441.0625, "val_mean_absolute_error": 0.05819397047162056, "_runtime": 227.64484977722168, "_step": 33, "best_val_loss": 0.007296099793165922, "best_epoch": 22, "Final MSE": 0.008709532208740711, "Final RMSE": 0.09332487732172012, "Final MAPE": 20058.236328125, "Final MAE": 0.06298040598630905, "Total Training Time": 224.84957766532898, "Average Time per Epoch": 6.8011386538996845, "_wandb": {"runtime": 225}}