{"epoch": 12, "_timestamp": 1703149708.5318542, "loss": 0.010367173701524734, "root_mean_squared_error": 0.10181932151317596, "mean_absolute_percentage_error": 10754.7578125, "mean_absolute_error": 0.05834591016173363, "val_loss": 0.008866525255143642, "val_root_mean_squared_error": 0.0941622257232666, "val_mean_absolute_percentage_error": 80699.0625, "val_mean_absolute_error": 0.06698203831911087, "_runtime": 13.114731073379517, "_step": 13, "best_val_loss": 0.008312922902405262, "best_epoch": 2, "Final MSE": 0.016229787841439247, "Final RMSE": 0.12739618122577667, "Final MAPE": 32096.65234375, "Final MAE": 0.08239879459142685, "Total Training Time": 10.912532329559326, "Average Time per Epoch": 0.8301163636721097, "_wandb": {"runtime": 11}}