{"epoch": 19, "_timestamp": 1705597555.2078073, "loss": 0.004470477811992168, "root_mean_squared_error": 0.06686162948608398, "mean_absolute_percentage_error": 1810343.625, "mean_absolute_error": 0.040046680718660355, "val_loss": 0.008170660585165024, "val_root_mean_squared_error": 0.09039170295000076, "val_mean_absolute_percentage_error": 24088.40234375, "val_mean_absolute_error": 0.06333845108747482, "_runtime": 77.65019130706787, "_step": 20, "best_val_loss": 0.007829437963664532, "best_epoch": 9, "Final MSE": 0.005867564119398594, "Final RMSE": 0.07660003006458282, "Final MAPE": 349717.5625, "Final MAE": 0.058747660368680954, "Total Training Time": 75.4087917804718, "Average Time per Epoch": 3.754972779750824, "_wandb": {"runtime": 75}}