{"epoch": 21, "_timestamp": 1703894305.526201, "loss": 0.009628782980144024, "root_mean_squared_error": 0.0981263592839241, "mean_absolute_percentage_error": 131176.375, "mean_absolute_error": 0.05391645058989525, "val_loss": 0.009497161954641342, "val_root_mean_squared_error": 0.09745338559150696, "val_mean_absolute_percentage_error": 25988.353515625, "val_mean_absolute_error": 0.05391554534435272, "_runtime": 29.96232509613037, "_step": 22, "best_val_loss": 0.009251413866877556, "best_epoch": 11, "Final MSE": 0.019721293821930885, "Final RMSE": 0.14043252170085907, "Final MAPE": 77283.3515625, "Final MAE": 0.08530895411968231, "Total Training Time": 27.776880502700806, "Average Time per Epoch": 1.2560628760944714, "_wandb": {"runtime": 28}}