{"epoch": 17, "_timestamp": 1703809286.4936755, "loss": 0.007244453765451908, "root_mean_squared_error": 0.08511435985565186, "mean_absolute_percentage_error": 104649.78125, "mean_absolute_error": 0.05428633466362953, "val_loss": 0.023742543533444405, "val_root_mean_squared_error": 0.1540861576795578, "val_mean_absolute_percentage_error": 25545.7578125, "val_mean_absolute_error": 0.0933019146323204, "_runtime": 45.259331464767456, "_step": 18, "best_val_loss": 0.0212247334420681, "best_epoch": 7, "Final MSE": 0.027181362733244896, "Final RMSE": 0.16486771404743195, "Final MAPE": 13253.791015625, "Final MAE": 0.11489229649305344, "Total Training Time": 43.94425439834595, "Average Time per Epoch": 2.42774490515391, "_wandb": {"runtime": 44}}