{"epoch": 0, "_timestamp": 1703549201.849026, "loss": 0.0051020411774516106, "root_mean_squared_error": 0.0780986025929451, "mean_absolute_percentage_error": 74840.5, "mean_absolute_error": 0.037403084337711334, "val_loss": 0.006438443437218666, "val_root_mean_squared_error": 0.0802399143576622, "val_mean_absolute_percentage_error": 93839.2890625, "val_mean_absolute_error": 0.04669211432337761, "_runtime": 11.769425868988037, "_step": 1, "best_val_loss": 0.006438443437218666, "best_epoch": 0, "Final MSE": 0.013726149685680866, "Final RMSE": 0.11715865135192871, "Final MAPE": 229930.21875, "Final MAE": 0.06406529992818832, "Total Training Time": 4.565658330917358, "Average Time per Epoch": 4.410536766052246, "_wandb": {"runtime": 4}}