{"epoch": 0, "_timestamp": 1703639952.755824, "loss": 0.008591012097895145, "root_mean_squared_error": 0.09723953157663345, "mean_absolute_percentage_error": 19518.125, "mean_absolute_error": 0.05689075216650963, "val_loss": 0.00713329017162323, "val_root_mean_squared_error": 0.08445880562067032, "val_mean_absolute_percentage_error": 22200.58984375, "val_mean_absolute_error": 0.05086517333984375, "_runtime": 10.135313987731934, "_step": 1, "best_val_loss": 0.00713329017162323, "best_epoch": 0, "Final MSE": 0.015451707877218723, "Final RMSE": 0.12430489808320999, "Final MAPE": 126890.9453125, "Final MAE": 0.0810401663184166, "Total Training Time": 4.5057055950164795, "Average Time per Epoch": 4.356700897216797, "_wandb": {"runtime": 4}}