{"epoch": 29, "_timestamp": 1705617609.3423765, "loss": 0.004549545701593161, "root_mean_squared_error": 0.06745032221078873, "mean_absolute_percentage_error": 94056.0625, "mean_absolute_error": 0.03707673400640488, "val_loss": 0.007897261530160904, "val_root_mean_squared_error": 0.08886653929948807, "val_mean_absolute_percentage_error": 41163.68359375, "val_mean_absolute_error": 0.04955422878265381, "_runtime": 38.99992752075195, "_step": 30, "best_val_loss": 0.007661235053092241, "best_epoch": 19, "Final MSE": 0.012947287410497665, "Final RMSE": 0.11378614604473114, "Final MAPE": 75262.015625, "Final MAE": 0.07229770720005035, "Total Training Time": 36.677802085876465, "Average Time per Epoch": 1.2167443831761677, "_wandb": {"runtime": 37}}