{"epoch": 11, "_timestamp": 1703182470.9190936, "loss": 0.01409014780074358, "root_mean_squared_error": 0.11870192736387253, "mean_absolute_percentage_error": 22400.26953125, "mean_absolute_error": 0.07914552092552185, "val_loss": 0.01603197120130062, "val_root_mean_squared_error": 0.1266174167394638, "val_mean_absolute_percentage_error": 122841.4453125, "val_mean_absolute_error": 0.07279419153928757, "_runtime": 34.382264614105225, "_step": 12, "best_val_loss": 0.01595790684223175, "best_epoch": 1, "Final MSE": 0.01932329684495926, "Final RMSE": 0.1390082687139511, "Final MAPE": 101890.5625, "Final MAE": 0.08634860813617706, "Total Training Time": 31.76574444770813, "Average Time per Epoch": 2.632311443487803, "_wandb": {"runtime": 32}}