{"epoch": 0, "_timestamp": 1703647701.650604, "loss": 0.009471728466451168, "root_mean_squared_error": 0.09990077465772629, "mean_absolute_percentage_error": 57224.3359375, "mean_absolute_error": 0.06032305955886841, "val_loss": 0.00759503897279501, "val_root_mean_squared_error": 0.08714952319860458, "val_mean_absolute_percentage_error": 71556.453125, "val_mean_absolute_error": 0.06463529169559479, "_runtime": 6.349576950073242, "_step": 1, "best_val_loss": 0.00759503897279501, "best_epoch": 0, "Final MSE": 0.01444253046065569, "Final RMSE": 0.12017708271741867, "Final MAPE": 170174.1875, "Final MAE": 0.09152134507894516, "Total Training Time": 4.572288274765015, "Average Time per Epoch": 4.382264614105225, "_wandb": {"runtime": 4}}