{"epoch": 0, "_timestamp": 1703729066.3488073, "loss": 0.006277457345277071, "root_mean_squared_error": 0.07969551533460617, "mean_absolute_percentage_error": 7766502.5, "mean_absolute_error": 0.04656028375029564, "val_loss": 0.006929283495992422, "val_root_mean_squared_error": 0.08324231952428818, "val_mean_absolute_percentage_error": 10723866.0, "val_mean_absolute_error": 0.051883358508348465, "_runtime": 12.161571264266968, "_step": 1, "best_val_loss": 0.006929283495992422, "best_epoch": 0, "Final MSE": 0.0060796430334448814, "Final RMSE": 0.07797206938266754, "Final MAPE": 11305767.0, "Final MAE": 0.047677308320999146, "Total Training Time": 4.537041902542114, "Average Time per Epoch": 4.390561580657959, "_wandb": {"runtime": 4}}