{"epoch": 0, "_timestamp": 1703640128.5843387, "loss": 0.0032280900049954653, "root_mean_squared_error": 0.06954807788133621, "mean_absolute_percentage_error": 7294.58447265625, "mean_absolute_error": 0.041086021810770035, "val_loss": 0.01085811760276556, "val_root_mean_squared_error": 0.10420229285955429, "val_mean_absolute_percentage_error": 41166.1953125, "val_mean_absolute_error": 0.08102332055568695, "_runtime": 10.863900661468506, "_step": 1, "best_val_loss": 0.01085811760276556, "best_epoch": 0, "Final MSE": 0.0127373356372118, "Final RMSE": 0.112859807908535, "Final MAPE": 3376.3134765625, "Final MAE": 0.06659166514873505, "Total Training Time": 4.5132880210876465, "Average Time per Epoch": 4.363281726837158, "_wandb": {"runtime": 4}}