{"epoch": 15, "_timestamp": 1703859924.3566213, "loss": 0.017646154388785362, "root_mean_squared_error": 0.13283883035182953, "mean_absolute_percentage_error": 25233.669921875, "mean_absolute_error": 0.07998929917812347, "val_loss": 0.025285981595516205, "val_root_mean_squared_error": 0.15901567041873932, "val_mean_absolute_percentage_error": 72365.2421875, "val_mean_absolute_error": 0.09950178861618042, "_runtime": 148.63157725334167, "_step": 16, "best_val_loss": 0.024865947663784027, "best_epoch": 5, "Final MSE": 0.039325982332229614, "Final RMSE": 0.1983077973127365, "Final MAPE": 522739.46875, "Final MAE": 0.1189417913556099, "Total Training Time": 147.11915135383606, "Average Time per Epoch": 9.160515233874321, "_wandb": {"runtime": 147}}