{"epoch": 0, "_timestamp": 1703786050.393319, "loss": 0.02410236932337284, "root_mean_squared_error": 0.1606931984424591, "mean_absolute_percentage_error": 109332.015625, "mean_absolute_error": 0.09430177509784698, "val_loss": 0.024313436821103096, "val_root_mean_squared_error": 0.1559276580810547, "val_mean_absolute_percentage_error": 57040.12890625, "val_mean_absolute_error": 0.10396675020456314, "_runtime": 28.52997899055481, "_step": 1, "best_val_loss": 0.024313436821103096, "best_epoch": 0, "Final MSE": 0.038749419152736664, "Final RMSE": 0.19684872031211853, "Final MAPE": 559651.8125, "Final MAE": 0.12668153643608093, "Total Training Time": 26.949824571609497, "Average Time per Epoch": 25.751131057739258, "_wandb": {"runtime": 27}}