{"epoch": 0, "_timestamp": 1703812172.4991496, "loss": 0.008133660070598125, "root_mean_squared_error": 0.09620973467826843, "mean_absolute_percentage_error": 45593.6171875, "mean_absolute_error": 0.054515037685632706, "val_loss": 0.013312645256519318, "val_root_mean_squared_error": 0.1153804361820221, "val_mean_absolute_percentage_error": 475030.75, "val_mean_absolute_error": 0.06414739042520523, "_runtime": 5.788482666015625, "_step": 1, "best_val_loss": 0.013312645256519318, "best_epoch": 0, "Final MSE": 0.018278872594237328, "Final RMSE": 0.1351993829011917, "Final MAPE": 62633.69921875, "Final MAE": 0.08828306943178177, "Total Training Time": 4.527158737182617, "Average Time per Epoch": 4.326300621032715, "_wandb": {"runtime": 4}}