{"epoch": 28, "_timestamp": 1703814250.5572693, "loss": 0.005820100195705891, "root_mean_squared_error": 0.0762895792722702, "mean_absolute_percentage_error": 19106.42578125, "mean_absolute_error": 0.04150339961051941, "val_loss": 0.00942350272089243, "val_root_mean_squared_error": 0.0970747247338295, "val_mean_absolute_percentage_error": 159579.140625, "val_mean_absolute_error": 0.05518596991896629, "_runtime": 41.563220262527466, "_step": 29, "best_val_loss": 0.008526087738573551, "best_epoch": 18, "Final MSE": 0.007498317398130894, "Final RMSE": 0.08659282326698303, "Final MAPE": 159096.96875, "Final MAE": 0.05207103490829468, "Total Training Time": 24.18662667274475, "Average Time per Epoch": 0.8285160557977085, "_wandb": {"runtime": 24}}