{"epoch": 24, "_timestamp": 1703923795.5391312, "loss": 0.005380139220505953, "root_mean_squared_error": 0.07334943115711212, "mean_absolute_percentage_error": 28164.150390625, "mean_absolute_error": 0.04593292996287346, "val_loss": 0.00806801114231348, "val_root_mean_squared_error": 0.08982210606336594, "val_mean_absolute_percentage_error": 66595.7734375, "val_mean_absolute_error": 0.05763724818825722, "_runtime": 99.34366416931152, "_step": 25, "best_val_loss": 0.007986281998455524, "best_epoch": 14, "Final MSE": 0.009954342618584633, "Final RMSE": 0.09977145493030548, "Final MAPE": 256392.25, "Final MAE": 0.06327982991933823, "Total Training Time": 98.00959610939026, "Average Time per Epoch": 3.9085668563842773, "_wandb": {"runtime": 98}}