{"epoch": 0, "_timestamp": 1703560968.8907013, "loss": 0.00901710893958807, "root_mean_squared_error": 0.10544823855161667, "mean_absolute_percentage_error": 37974.4765625, "mean_absolute_error": 0.06961143016815186, "val_loss": 0.0151173435151577, "val_root_mean_squared_error": 0.12295261025428772, "val_mean_absolute_percentage_error": 53733.4296875, "val_mean_absolute_error": 0.08061236143112183, "_runtime": 3.1670804023742676, "_step": 1, "best_val_loss": 0.0151173435151577, "best_epoch": 0, "Final MSE": 0.027790861204266548, "Final RMSE": 0.1667059063911438, "Final MAPE": 69763.5703125, "Final MAE": 0.11528605222702026, "Total Training Time": 1.9431281089782715, "Average Time per Epoch": 1.8310933113098145, "_wandb": {"runtime": 2}}