{"epoch": 29, "_timestamp": 1703283609.0538714, "loss": 0.008811120875179768, "root_mean_squared_error": 0.09386757016181946, "mean_absolute_percentage_error": 21256.873046875, "mean_absolute_error": 0.06477724760770798, "val_loss": 0.01455265749245882, "val_root_mean_squared_error": 0.12063439935445786, "val_mean_absolute_percentage_error": 116337.84375, "val_mean_absolute_error": 0.08125018328428268, "_runtime": 26.06299638748169, "_step": 30, "best_val_loss": 0.01385723426938057, "best_epoch": 19, "Final MSE": 0.012254673056304455, "Final RMSE": 0.110700823366642, "Final MAPE": 232036.609375, "Final MAE": 0.08497069031000137, "Total Training Time": 23.875027418136597, "Average Time per Epoch": 0.7909670035044353, "_wandb": {"runtime": 24}}