{"epoch": 0, "_timestamp": 1703556683.8159523, "loss": 0.00426672026515007, "root_mean_squared_error": 0.06868458539247513, "mean_absolute_percentage_error": 68447.09375, "mean_absolute_error": 0.03600502386689186, "val_loss": 0.008245198987424374, "val_root_mean_squared_error": 0.09080307930707932, "val_mean_absolute_percentage_error": 86667.6171875, "val_mean_absolute_error": 0.05087820813059807, "_runtime": 6.360967397689819, "_step": 1, "best_val_loss": 0.008245198987424374, "best_epoch": 0, "Final MSE": 0.012616186402738094, "Final RMSE": 0.11232180148363113, "Final MAPE": 40413.53125, "Final MAE": 0.06515272706747055, "Total Training Time": 4.592669725418091, "Average Time per Epoch": 4.3966615200042725, "_wandb": {"runtime": 4}}