{"epoch": 81, "_timestamp": 1703552045.782176, "loss": 0.006082913372665644, "root_mean_squared_error": 0.07799303531646729, "mean_absolute_percentage_error": 29010.177734375, "mean_absolute_error": 0.04294611141085625, "val_loss": 0.01193262729793787, "val_root_mean_squared_error": 0.10923656821250916, "val_mean_absolute_percentage_error": 511385.1875, "val_mean_absolute_error": 0.06894822418689728, "_runtime": 202.1670799255371, "_step": 82, "best_val_loss": 0.011859921738505363, "best_epoch": 71, "Final MSE": 0.020716270431876183, "Final RMSE": 0.14393147826194763, "Final MAPE": 56846.07421875, "Final MAE": 0.08995208144187927, "Total Training Time": 199.76638197898865, "Average Time per Epoch": 2.432179224200365, "_wandb": {"runtime": 200}}