{"epoch": 24, "_timestamp": 1703439729.2512772, "loss": 0.008203711360692978, "root_mean_squared_error": 0.09057433903217316, "mean_absolute_percentage_error": 8076779.0, "mean_absolute_error": 0.05534513294696808, "val_loss": 0.01011438574641943, "val_root_mean_squared_error": 0.10057030618190765, "val_mean_absolute_percentage_error": 11618135.0, "val_mean_absolute_error": 0.0636637732386589, "_runtime": 21.175928115844727, "_step": 25, "best_val_loss": 0.009375859051942825, "best_epoch": 14, "Final MSE": 0.01265985332429409, "Final RMSE": 0.11251601576805115, "Final MAPE": 17585422.0, "Final MAE": 0.07492021471261978, "Total Training Time": 18.98489785194397, "Average Time per Epoch": 0.7539642143249512, "_wandb": {"runtime": 19}}