{"epoch": 24, "_timestamp": 1703854269.8399951, "loss": 0.018346598371863365, "root_mean_squared_error": 0.13544961810112, "mean_absolute_percentage_error": 16105.87890625, "mean_absolute_error": 0.08156802505254745, "val_loss": 0.036177679896354675, "val_root_mean_squared_error": 0.19020430743694305, "val_mean_absolute_percentage_error": 51192.40625, "val_mean_absolute_error": 0.10001781582832336, "_runtime": 20.207508087158203, "_step": 25, "best_val_loss": 0.03518211096525192, "best_epoch": 14, "Final MSE": 0.060272540897130966, "Final RMSE": 0.24550467729568481, "Final MAPE": 104189.578125, "Final MAE": 0.15923349559307098, "Total Training Time": 18.053978443145752, "Average Time per Epoch": 0.7161845493316651, "_wandb": {"runtime": 18}}