{"epoch": 0, "_timestamp": 1703761824.926881, "loss": 0.008892284706234932, "root_mean_squared_error": 0.0969243198633194, "mean_absolute_percentage_error": 11885.728515625, "mean_absolute_error": 0.06365522742271423, "val_loss": 0.01547088660299778, "val_root_mean_squared_error": 0.12438201904296875, "val_mean_absolute_percentage_error": 41775.09375, "val_mean_absolute_error": 0.08646054565906525, "_runtime": 7.374197959899902, "_step": 1, "best_val_loss": 0.01547088660299778, "best_epoch": 0, "Final MSE": 0.012902757152915001, "Final RMSE": 0.113590307533741, "Final MAPE": 57622.2578125, "Final MAE": 0.07772475481033325, "Total Training Time": 6.1618828773498535, "Average Time per Epoch": 6.006791591644287, "_wandb": {"runtime": 6}}