{"epoch": 12, "_timestamp": 1703204683.4805665, "loss": 0.011933154426515102, "root_mean_squared_error": 0.10923898220062256, "mean_absolute_percentage_error": 12067.7734375, "mean_absolute_error": 0.07386082410812378, "val_loss": 0.027328528463840485, "val_root_mean_squared_error": 0.16531342267990112, "val_mean_absolute_percentage_error": 84801.4921875, "val_mean_absolute_error": 0.10415977239608765, "_runtime": 139.85159945487976, "_step": 13, "best_val_loss": 0.024081159383058548, "best_epoch": 2, "Final MSE": 0.03580811619758606, "Final RMSE": 0.1892303228378296, "Final MAPE": 153510.65625, "Final MAE": 0.13619829714298248, "Total Training Time": 137.78244853019714, "Average Time per Epoch": 10.550288347097544, "_wandb": {"runtime": 138}}