{"epoch": 21, "_timestamp": 1702649513.8876133, "loss": 0.008513585664331913, "root_mean_squared_error": 0.09226909279823303, "mean_absolute_percentage_error": 16381.599609375, "mean_absolute_error": 0.05346560850739479, "val_loss": 0.009336164221167564, "val_root_mean_squared_error": 0.09662383049726486, "val_mean_absolute_percentage_error": 31659340.0, "val_mean_absolute_error": 0.06986743211746216, "_runtime": 149.49154424667358, "_step": 22, "best_val_loss": 0.008424915373325348, "best_epoch": 11, "Final MSE": 0.013674040324985981, "Final RMSE": 0.11693605035543442, "Final MAPE": 79034.046875, "Final MAE": 0.06892405450344086, "Total Training Time": 147.15371108055115, "Average Time per Epoch": 6.667377883737737, "_wandb": {"runtime": 147}}