{"epoch": 0, "_timestamp": 1703656525.7996736, "loss": 0.006675986107438803, "root_mean_squared_error": 0.08764414489269257, "mean_absolute_percentage_error": 27797.482421875, "mean_absolute_error": 0.05973546579480171, "val_loss": 0.009499446488916874, "val_root_mean_squared_error": 0.09746510535478592, "val_mean_absolute_percentage_error": 44891.55078125, "val_mean_absolute_error": 0.06395506113767624, "_runtime": 5.866413593292236, "_step": 1, "best_val_loss": 0.009499446488916874, "best_epoch": 0, "Final MSE": 0.01558839250355959, "Final RMSE": 0.12485348433256149, "Final MAPE": 135537.5625, "Final MAE": 0.08117050677537918, "Total Training Time": 2.684102773666382, "Average Time per Epoch": 2.536062240600586, "_wandb": {"runtime": 2}}