{"epoch": 0, "_timestamp": 1703715364.2012951, "loss": 0.0573185496032238, "root_mean_squared_error": 0.2395469695329666, "mean_absolute_percentage_error": 69583352.0, "mean_absolute_error": 0.17865979671478271, "val_loss": 0.06117885559797287, "val_root_mean_squared_error": 0.24734359979629517, "val_mean_absolute_percentage_error": 24981720.0, "val_mean_absolute_error": 0.14734084904193878, "_runtime": 52.04823017120361, "_step": 1, "best_val_loss": 0.06117885559797287, "best_epoch": 0, "Final MSE": 0.0801837295293808, "Final RMSE": 0.28316730260849, "Final MAPE": 27965614.0, "Final MAE": 0.1575341373682022, "Total Training Time": 50.951728105545044, "Average Time per Epoch": 48.518511056900024, "_wandb": {"runtime": 51}}