{"epoch": 21, "_timestamp": 1705602398.260187, "loss": 0.006612192839384079, "root_mean_squared_error": 0.08131539076566696, "mean_absolute_percentage_error": 12824.2255859375, "mean_absolute_error": 0.05245208367705345, "val_loss": 0.011426086537539959, "val_root_mean_squared_error": 0.10689287632703781, "val_mean_absolute_percentage_error": 47613.96875, "val_mean_absolute_error": 0.07347417622804642, "_runtime": 76.03552293777466, "_step": 22, "best_val_loss": 0.011269339360296726, "best_epoch": 11, "Final MSE": 0.020464200526475906, "Final RMSE": 0.14305314421653748, "Final MAPE": 52146.1171875, "Final MAE": 0.10147055983543396, "Total Training Time": 73.69072270393372, "Average Time per Epoch": 3.3376041650772095, "_wandb": {"runtime": 74}}