{"epoch": 0, "_timestamp": 1703741143.9356523, "loss": 0.00825359858572483, "root_mean_squared_error": 0.09150830656290054, "mean_absolute_percentage_error": 9136516.0, "mean_absolute_error": 0.05466035008430481, "val_loss": 0.010157205164432526, "val_root_mean_squared_error": 0.10078296065330505, "val_mean_absolute_percentage_error": 8899687.0, "val_mean_absolute_error": 0.05720111355185509, "_runtime": 3.1047961711883545, "_step": 1, "best_val_loss": 0.010157205164432526, "best_epoch": 0, "Final MSE": 0.01218265201896429, "Final RMSE": 0.1103750541806221, "Final MAPE": 12330370.0, "Final MAE": 0.06237521767616272, "Total Training Time": 1.9178168773651123, "Average Time per Epoch": 1.8063774108886719, "_wandb": {"runtime": 2}}