{"epoch": 13, "_timestamp": 1703646387.184536, "loss": 0.005795779172331095, "root_mean_squared_error": 0.07613001763820648, "mean_absolute_percentage_error": 10470.6162109375, "mean_absolute_error": 0.04265672713518143, "val_loss": 0.007409411016851664, "val_root_mean_squared_error": 0.08607793599367142, "val_mean_absolute_percentage_error": 22543.982421875, "val_mean_absolute_error": 0.04556576535105705, "_runtime": 40.197519063949585, "_step": 14, "best_val_loss": 0.006755361333489418, "best_epoch": 3, "Final MSE": 0.006712861824780703, "Final RMSE": 0.08193205296993256, "Final MAPE": 20291.783203125, "Final MAE": 0.05138210579752922, "Total Training Time": 37.77790379524231, "Average Time per Epoch": 2.6827674763543263, "_wandb": {"runtime": 38}}