{"epoch": 19, "_timestamp": 1705617895.6726122, "loss": 0.004756614565849304, "root_mean_squared_error": 0.06896821409463882, "mean_absolute_percentage_error": 1869911.5, "mean_absolute_error": 0.041872791945934296, "val_loss": 0.007792747113853693, "val_root_mean_squared_error": 0.08827653527259827, "val_mean_absolute_percentage_error": 23804.216796875, "val_mean_absolute_error": 0.05515684187412262, "_runtime": 27.0593101978302, "_step": 20, "best_val_loss": 0.007751557510346174, "best_epoch": 9, "Final MSE": 0.004960418213158846, "Final RMSE": 0.07043023407459259, "Final MAPE": 370271.25, "Final MAE": 0.05150309205055237, "Total Training Time": 24.815054416656494, "Average Time per Epoch": 1.2328069925308227, "_wandb": {"runtime": 25}}