{"epoch": 22, "_timestamp": 1703907385.68935, "loss": 0.0051027159206569195, "root_mean_squared_error": 0.07143329828977585, "mean_absolute_percentage_error": 9768.7470703125, "mean_absolute_error": 0.04603467509150505, "val_loss": 0.01059435959905386, "val_root_mean_squared_error": 0.10292890667915344, "val_mean_absolute_percentage_error": 42674.8515625, "val_mean_absolute_error": 0.06125561520457268, "_runtime": 66.52122378349304, "_step": 23, "best_val_loss": 0.010467072017490864, "best_epoch": 12, "Final MSE": 0.00788294617086649, "Final RMSE": 0.08878595381975174, "Final MAPE": 76931.46875, "Final MAE": 0.0590677484869957, "Total Training Time": 64.84581685066223, "Average Time per Epoch": 2.807604945224264, "_wandb": {"runtime": 65}}