{"epoch": 0, "_timestamp": 1703657298.5799572, "loss": 0.004888454452157021, "root_mean_squared_error": 0.07289491593837738, "mean_absolute_percentage_error": 27766.21484375, "mean_absolute_error": 0.047966793179512024, "val_loss": 0.0067232646979391575, "val_root_mean_squared_error": 0.08199551701545715, "val_mean_absolute_percentage_error": 76867.9921875, "val_mean_absolute_error": 0.05410877242684364, "_runtime": 4.554704189300537, "_step": 1, "best_val_loss": 0.0067232646979391575, "best_epoch": 0, "Final MSE": 0.00831732340157032, "Final RMSE": 0.0911993607878685, "Final MAPE": 98146.5, "Final MAE": 0.06006360799074173, "Total Training Time": 2.7284607887268066, "Average Time per Epoch": 2.5754480361938477, "_wandb": {"runtime": 2}}