{"epoch": 0, "_timestamp": 1703652513.6580894, "loss": 0.006876996252685785, "root_mean_squared_error": 0.08348360657691956, "mean_absolute_percentage_error": 15076.72265625, "mean_absolute_error": 0.05251036211848259, "val_loss": 0.018589327111840248, "val_root_mean_squared_error": 0.13634268939495087, "val_mean_absolute_percentage_error": 77310.203125, "val_mean_absolute_error": 0.08388198912143707, "_runtime": 4.001078367233276, "_step": 1, "best_val_loss": 0.018589327111840248, "best_epoch": 0, "Final MSE": 0.019991585984826088, "Final RMSE": 0.1413916051387787, "Final MAPE": 340123.4375, "Final MAE": 0.10115136951208115, "Total Training Time": 1.8908653259277344, "Average Time per Epoch": 1.7818362712860107, "_wandb": {"runtime": 2}}