{"epoch": 15, "_timestamp": 1703445261.519504, "loss": 0.009154454804956913, "root_mean_squared_error": 0.0956789180636406, "mean_absolute_percentage_error": 8158268.5, "mean_absolute_error": 0.05717017874121666, "val_loss": 0.014361430890858173, "val_root_mean_squared_error": 0.11983918398618698, "val_mean_absolute_percentage_error": 10561755.0, "val_mean_absolute_error": 0.0688805803656578, "_runtime": 22.527361154556274, "_step": 16, "best_val_loss": 0.012003984302282333, "best_epoch": 5, "Final MSE": 0.010858787223696709, "Final RMSE": 0.10420550405979156, "Final MAPE": 20273948.0, "Final MAE": 0.06351998448371887, "Total Training Time": 20.290043354034424, "Average Time per Epoch": 1.2585645020008087, "_wandb": {"runtime": 20}}