{"epoch": 14, "_timestamp": 1703562458.511549, "loss": 0.006048306357115507, "root_mean_squared_error": 0.07777085900306702, "mean_absolute_percentage_error": 127015.4140625, "mean_absolute_error": 0.04404109716415405, "val_loss": 0.005827498622238636, "val_root_mean_squared_error": 0.07633805274963379, "val_mean_absolute_percentage_error": 25166.8046875, "val_mean_absolute_error": 0.04875662177801132, "_runtime": 24.941538095474243, "_step": 15, "best_val_loss": 0.00532551808282733, "best_epoch": 4, "Final MSE": 0.011031920090317726, "Final RMSE": 0.10503295063972473, "Final MAPE": 420470.3125, "Final MAE": 0.07309091091156006, "Total Training Time": 22.535581827163696, "Average Time per Epoch": 1.4910302639007569, "_wandb": {"runtime": 23}}