{"epoch": 22, "_timestamp": 1705624952.6800451, "loss": 0.004315658938139677, "root_mean_squared_error": 0.0656936764717102, "mean_absolute_percentage_error": 49194.37109375, "mean_absolute_error": 0.03434203192591667, "val_loss": 0.013216814957559109, "val_root_mean_squared_error": 0.11496441066265106, "val_mean_absolute_percentage_error": 3717.068603515625, "val_mean_absolute_error": 0.06913524121046066, "_runtime": 51.629897117614746, "_step": 23, "best_val_loss": 0.01238778606057167, "best_epoch": 12, "Final MSE": 0.015948444604873657, "Final RMSE": 0.12628714740276337, "Final MAPE": 19302.064453125, "Final MAE": 0.08296195417642593, "Total Training Time": 49.06373977661133, "Average Time per Epoch": 2.1247470586196235, "_wandb": {"runtime": 49}}