{"epoch": 24, "_timestamp": 1703561471.9795249, "loss": 0.003780137514695525, "root_mean_squared_error": 0.06148282438516617, "mean_absolute_percentage_error": 12221.6533203125, "mean_absolute_error": 0.03463059663772583, "val_loss": 0.012370987795293331, "val_root_mean_squared_error": 0.1112249419093132, "val_mean_absolute_percentage_error": 107963.9609375, "val_mean_absolute_error": 0.06620199233293533, "_runtime": 38.09966778755188, "_step": 25, "best_val_loss": 0.01085427775979042, "best_epoch": 14, "Final MSE": 0.02079690806567669, "Final RMSE": 0.14421133697032928, "Final MAPE": 108836.8515625, "Final MAE": 0.081107497215271, "Total Training Time": 35.76227927207947, "Average Time per Epoch": 1.4229828453063964, "_wandb": {"runtime": 36}}