{"epoch": 0, "_timestamp": 1703596128.669856, "loss": 0.016857843846082687, "root_mean_squared_error": 0.14503389596939087, "mean_absolute_percentage_error": 45961.66015625, "mean_absolute_error": 0.08855709433555603, "val_loss": 0.03199031203985214, "val_root_mean_squared_error": 0.17885833978652954, "val_mean_absolute_percentage_error": 97950.1953125, "val_mean_absolute_error": 0.10481244325637817, "_runtime": 3.739535093307495, "_step": 1, "best_val_loss": 0.03199031203985214, "best_epoch": 0, "Final MSE": 0.05113159492611885, "Final RMSE": 0.22612296044826508, "Final MAPE": 199583.6875, "Final MAE": 0.15507958829402924, "Total Training Time": 1.5913810729980469, "Average Time per Epoch": 1.4853322505950928, "_wandb": {"runtime": 1}}