{"epoch": 19, "_timestamp": 1703918019.1090868, "loss": 0.006606143433600664, "root_mean_squared_error": 0.08127818256616592, "mean_absolute_percentage_error": 16688.6484375, "mean_absolute_error": 0.052268240600824356, "val_loss": 0.011977591551840305, "val_root_mean_squared_error": 0.10944218188524246, "val_mean_absolute_percentage_error": 77043.2578125, "val_mean_absolute_error": 0.06800702959299088, "_runtime": 73.45094680786133, "_step": 20, "best_val_loss": 0.011848025023937225, "best_epoch": 9, "Final MSE": 0.020666578784585, "Final RMSE": 0.14375875890254974, "Final MAPE": 68003.4609375, "Final MAE": 0.10051444172859192, "Total Training Time": 71.15804553031921, "Average Time per Epoch": 3.543118977546692, "_wandb": {"runtime": 71}}