{"epoch": 0, "_timestamp": 1703677639.6121068, "loss": 0.06962066888809204, "root_mean_squared_error": 0.25834816694259644, "mean_absolute_percentage_error": 85190976.0, "mean_absolute_error": 0.19264177978038788, "val_loss": 0.05935909226536751, "val_root_mean_squared_error": 0.24363720417022705, "val_mean_absolute_percentage_error": 91474160.0, "val_mean_absolute_error": 0.18603888154029846, "_runtime": 3.5533506870269775, "_step": 1, "best_val_loss": 0.05935909226536751, "best_epoch": 0, "Final MSE": 0.046490881592035294, "Final RMSE": 0.21561744809150696, "Final MAPE": 100362392.0, "Final MAE": 0.16829782724380493, "Total Training Time": 1.5328397750854492, "Average Time per Epoch": 1.416292428970337, "_wandb": {"runtime": 1}}