{"epoch": 59, "_timestamp": 1703852206.316436, "loss": 0.0044319164007902145, "root_mean_squared_error": 0.0665726363658905, "mean_absolute_percentage_error": 56393.6171875, "mean_absolute_error": 0.03213951364159584, "val_loss": 0.005737402942031622, "val_root_mean_squared_error": 0.07574564963579178, "val_mean_absolute_percentage_error": 81876.5, "val_mean_absolute_error": 0.040789417922496796, "_runtime": 137.7635371685028, "_step": 60, "best_val_loss": 0.00553062604740262, "best_epoch": 49, "Final MSE": 0.01550995372235775, "Final RMSE": 0.12453896552324295, "Final MAPE": 221811.15625, "Final MAE": 0.06332167237997055, "Total Training Time": 135.1363558769226, "Average Time per Epoch": 2.2486018260320026, "_wandb": {"runtime": 135}}