{"epoch": 43, "_timestamp": 1703475439.6281402, "loss": 0.00666186586022377, "root_mean_squared_error": 0.08162025362253189, "mean_absolute_percentage_error": 8188727.0, "mean_absolute_error": 0.04814558103680611, "val_loss": 0.01140046026557684, "val_root_mean_squared_error": 0.10677293688058853, "val_mean_absolute_percentage_error": 8552587.0, "val_mean_absolute_error": 0.061471011489629745, "_runtime": 142.79251623153687, "_step": 44, "best_val_loss": 0.010417016223073006, "best_epoch": 33, "Final MSE": 0.009983700700104237, "Final RMSE": 0.09991846978664398, "Final MAPE": 11768209.0, "Final MAE": 0.05675048753619194, "Total Training Time": 140.33482718467712, "Average Time per Epoch": 3.182585743340579, "_wandb": {"runtime": 140}}