{"epoch": 32, "_timestamp": 1703295061.8728094, "loss": 0.005221790634095669, "root_mean_squared_error": 0.07226195931434631, "mean_absolute_percentage_error": 17259.7265625, "mean_absolute_error": 0.049792807549238205, "val_loss": 0.00882101058959961, "val_root_mean_squared_error": 0.09392023831605911, "val_mean_absolute_percentage_error": 25252.947265625, "val_mean_absolute_error": 0.061696577817201614, "_runtime": 95.26718831062317, "_step": 33, "best_val_loss": 0.00783700030297041, "best_epoch": 22, "Final MSE": 0.010304566472768784, "Final RMSE": 0.1015114113688469, "Final MAPE": 170547.28125, "Final MAE": 0.07328139245510101, "Total Training Time": 92.22772598266602, "Average Time per Epoch": 2.7870838569872305, "_wandb": {"runtime": 92}}