{"epoch": 0, "_timestamp": 1703677760.883792, "loss": 0.06897905468940735, "root_mean_squared_error": 0.26447588205337524, "mean_absolute_percentage_error": 79599760.0, "mean_absolute_error": 0.20363083481788635, "val_loss": 0.07523205876350403, "val_root_mean_squared_error": 0.27428463101387024, "val_mean_absolute_percentage_error": 85332704.0, "val_mean_absolute_error": 0.21124474704265594, "_runtime": 3.5533339977264404, "_step": 1, "best_val_loss": 0.07523205876350403, "best_epoch": 0, "Final MSE": 0.0768011212348938, "Final RMSE": 0.27713021636009216, "Final MAPE": 91478904.0, "Final MAE": 0.20925961434841156, "Total Training Time": 1.5561962127685547, "Average Time per Epoch": 1.478053092956543, "_wandb": {"runtime": 1}}