{"epoch": 32, "_timestamp": 1703641900.3285284, "loss": 0.016983838751912117, "root_mean_squared_error": 0.13032205402851105, "mean_absolute_percentage_error": 16326.236328125, "mean_absolute_error": 0.09091737121343613, "val_loss": 0.02515111118555069, "val_root_mean_squared_error": 0.15859101712703705, "val_mean_absolute_percentage_error": 68455.4375, "val_mean_absolute_error": 0.11075878143310547, "_runtime": 77.41194534301758, "_step": 33, "best_val_loss": 0.024698607623577118, "best_epoch": 22, "Final MSE": 0.028748543933033943, "Final RMSE": 0.1695539504289627, "Final MAPE": 159187.90625, "Final MAE": 0.12212485820055008, "Total Training Time": 75.00007700920105, "Average Time per Epoch": 2.2656345945416074, "_wandb": {"runtime": 75}}