{"epoch": 17, "_timestamp": 1703891644.3428283, "loss": 0.004104542080312967, "root_mean_squared_error": 0.06406670063734055, "mean_absolute_percentage_error": 15299.3515625, "mean_absolute_error": 0.04111548140645027, "val_loss": 0.009661881253123283, "val_root_mean_squared_error": 0.09829486906528473, "val_mean_absolute_percentage_error": 60749.90625, "val_mean_absolute_error": 0.06291867047548294, "_runtime": 16.37491536140442, "_step": 18, "best_val_loss": 0.008988901041448116, "best_epoch": 7, "Final MSE": 0.01160511001944542, "Final RMSE": 0.10772701352834702, "Final MAPE": 157338.921875, "Final MAE": 0.07195154577493668, "Total Training Time": 14.176177978515625, "Average Time per Epoch": 0.7801904280980428, "_wandb": {"runtime": 14}}