{"epoch": 0, "_timestamp": 1703741089.991261, "loss": 0.008342405781149864, "root_mean_squared_error": 0.09406133741140366, "mean_absolute_percentage_error": 8838090.0, "mean_absolute_error": 0.055365730077028275, "val_loss": 0.00960876140743494, "val_root_mean_squared_error": 0.09802428632974625, "val_mean_absolute_percentage_error": 10270087.0, "val_mean_absolute_error": 0.05655793473124504, "_runtime": 3.709861993789673, "_step": 1, "best_val_loss": 0.00960876140743494, "best_epoch": 0, "Final MSE": 0.011286066845059395, "Final RMSE": 0.10623589903116226, "Final MAPE": 14740806.0, "Final MAE": 0.06302455812692642, "Total Training Time": 1.8824822902679443, "Average Time per Epoch": 1.772519588470459, "_wandb": {"runtime": 2}}