{"epoch": 33, "_timestamp": 1702888913.4421513, "loss": 0.005902804434299469, "root_mean_squared_error": 0.0768297091126442, "mean_absolute_percentage_error": 7245.68212890625, "mean_absolute_error": 0.056271497160196304, "val_loss": 0.0075327446684241295, "val_root_mean_squared_error": 0.08679138869047165, "val_mean_absolute_percentage_error": 25587.7109375, "val_mean_absolute_error": 0.06380301713943481, "_runtime": 231.04136538505554, "_step": 34, "best_val_loss": 0.006553933024406433, "best_epoch": 23, "Final MSE": 0.009260743856430054, "Final RMSE": 0.09623275697231293, "Final MAPE": 19.618804931640625, "Final MAE": 0.06964968144893646, "Total Training Time": 228.73644495010376, "Average Time per Epoch": 6.7143219639273255, "_wandb": {"runtime": 229}}