{"epoch": 38, "_timestamp": 1703095203.8484032, "loss": 0.010866052471101284, "root_mean_squared_error": 0.10424035787582397, "mean_absolute_percentage_error": 6089.32275390625, "mean_absolute_error": 0.058941688388586044, "val_loss": 0.006426455918699503, "val_root_mean_squared_error": 0.08016517758369446, "val_mean_absolute_percentage_error": 47247.39453125, "val_mean_absolute_error": 0.0387960746884346, "_runtime": 98.21297812461853, "_step": 39, "best_val_loss": 0.006134227383881807, "best_epoch": 28, "Final MSE": 0.035526905208826065, "Final RMSE": 0.18848581612110138, "Final MAPE": 64804.703125, "Final MAE": 0.10507077723741531, "Total Training Time": 93.90582036972046, "Average Time per Epoch": 2.4023229525639462, "_wandb": {"runtime": 94}}