{"epoch": 22, "_timestamp": 1705579960.7528195, "loss": 0.004354690667241812, "root_mean_squared_error": 0.06599008291959763, "mean_absolute_percentage_error": 62592.5703125, "mean_absolute_error": 0.03527389094233513, "val_loss": 0.01301826722919941, "val_root_mean_squared_error": 0.11409762501716614, "val_mean_absolute_percentage_error": 11275.0322265625, "val_mean_absolute_error": 0.06981723755598068, "_runtime": 32.01627159118652, "_step": 23, "best_val_loss": 0.012945316731929779, "best_epoch": 12, "Final MSE": 0.018551936373114586, "Final RMSE": 0.1362054944038391, "Final MAPE": 20319.48828125, "Final MAE": 0.09185565263032913, "Total Training Time": 29.705260515213013, "Average Time per Epoch": 1.2841640866321067, "_wandb": {"runtime": 30}}