{"epoch": 20, "_timestamp": 1703196621.9891665, "loss": 0.010747457854449749, "root_mean_squared_error": 0.10366995632648468, "mean_absolute_percentage_error": 34697.46484375, "mean_absolute_error": 0.05511926859617233, "val_loss": 0.009468091651797295, "val_root_mean_squared_error": 0.09730412065982819, "val_mean_absolute_percentage_error": 117216.0859375, "val_mean_absolute_error": 0.06252120435237885, "_runtime": 27.548253536224365, "_step": 21, "best_val_loss": 0.00887309666723013, "best_epoch": 10, "Final MSE": 0.014440730214118958, "Final RMSE": 0.12016957253217697, "Final MAPE": 237526.96875, "Final MAE": 0.09013707935810089, "Total Training Time": 17.258951663970947, "Average Time per Epoch": 0.8151880105336508, "_wandb": {"runtime": 17}}