{"epoch": 33, "_timestamp": 1703314289.7175448, "loss": 0.008162137120962143, "root_mean_squared_error": 0.09034454822540283, "mean_absolute_percentage_error": 15024.8056640625, "mean_absolute_error": 0.06213176250457764, "val_loss": 0.015552976168692112, "val_root_mean_squared_error": 0.12471157312393188, "val_mean_absolute_percentage_error": 170286.734375, "val_mean_absolute_error": 0.08998165279626846, "_runtime": 126.55634570121765, "_step": 34, "best_val_loss": 0.01400845218449831, "best_epoch": 23, "Final MSE": 0.013800173066556454, "Final RMSE": 0.11747413873672485, "Final MAPE": 196510.265625, "Final MAE": 0.09126274287700653, "Total Training Time": 124.18100595474243, "Average Time per Epoch": 3.6433188564637127, "_wandb": {"runtime": 124}}