{"epoch": 27, "_timestamp": 1703651162.9908054, "loss": 0.004400497768074274, "root_mean_squared_error": 0.0663362443447113, "mean_absolute_percentage_error": 12520.16015625, "mean_absolute_error": 0.033338721841573715, "val_loss": 0.009527917951345444, "val_root_mean_squared_error": 0.09761105477809906, "val_mean_absolute_percentage_error": 181255.8125, "val_mean_absolute_error": 0.07569438964128494, "_runtime": 26.222898483276367, "_step": 28, "best_val_loss": 0.008107329718768597, "best_epoch": 17, "Final MSE": 0.009842590428888798, "Final RMSE": 0.09920983016490936, "Final MAPE": 134219.703125, "Final MAE": 0.07400288432836533, "Total Training Time": 23.980326890945435, "Average Time per Epoch": 0.8512639147894723, "_wandb": {"runtime": 24}}