{"epoch": 33, "_timestamp": 1703298668.614623, "loss": 0.003580966731533408, "root_mean_squared_error": 0.059841178357601166, "mean_absolute_percentage_error": 16312.9208984375, "mean_absolute_error": 0.03288255259394646, "val_loss": 0.00479013891890645, "val_root_mean_squared_error": 0.06921082735061646, "val_mean_absolute_percentage_error": 37584.796875, "val_mean_absolute_error": 0.04131791368126869, "_runtime": 91.8043110370636, "_step": 34, "best_val_loss": 0.004559780936688185, "best_epoch": 23, "Final MSE": 0.01231729332357645, "Final RMSE": 0.11098330467939377, "Final MAPE": 74965.5625, "Final MAE": 0.061447929590940475, "Total Training Time": 89.31811690330505, "Average Time per Epoch": 2.6197356266133927, "_wandb": {"runtime": 89}}