{"epoch": 14, "_timestamp": 1703136924.2321095, "loss": 0.007614239118993282, "root_mean_squared_error": 0.08725960552692413, "mean_absolute_percentage_error": 51616.30859375, "mean_absolute_error": 0.05621976777911186, "val_loss": 0.010127110406756401, "val_root_mean_squared_error": 0.10063354671001434, "val_mean_absolute_percentage_error": 95791.4921875, "val_mean_absolute_error": 0.057668182998895645, "_runtime": 218.12812542915344, "_step": 15, "best_val_loss": 0.009215756319463253, "best_epoch": 4, "Final MSE": 0.03586507588624954, "Final RMSE": 0.18938076496124268, "Final MAPE": 193592.4375, "Final MAE": 0.12468641251325607, "Total Training Time": 215.63488745689392, "Average Time per Epoch": 14.319896348317464, "_wandb": {"runtime": 216}}