{"epoch": 21, "_timestamp": 1705623668.9956996, "loss": 0.003093190724030137, "root_mean_squared_error": 0.055616460740566254, "mean_absolute_percentage_error": 5889.59375, "mean_absolute_error": 0.026924673467874527, "val_loss": 0.004871319513767958, "val_root_mean_squared_error": 0.06979484111070633, "val_mean_absolute_percentage_error": 32747.291015625, "val_mean_absolute_error": 0.038557976484298706, "_runtime": 48.86941075325012, "_step": 22, "best_val_loss": 0.0038675027899444103, "best_epoch": 11, "Final MSE": 0.004538639914244413, "Final RMSE": 0.06736943125724792, "Final MAPE": 13682.728515625, "Final MAE": 0.041980378329753876, "Total Training Time": 46.32607340812683, "Average Time per Epoch": 2.0968480001796377, "_wandb": {"runtime": 46}}