{"epoch": 0, "_timestamp": 1703560262.887596, "loss": 0.005242740269750357, "root_mean_squared_error": 0.0781470313668251, "mean_absolute_percentage_error": 90926.7890625, "mean_absolute_error": 0.04320056736469269, "val_loss": 0.008260009810328484, "val_root_mean_squared_error": 0.09088459610939026, "val_mean_absolute_percentage_error": 49560.15625, "val_mean_absolute_error": 0.05336741730570793, "_runtime": 3.7516608238220215, "_step": 1, "best_val_loss": 0.008260009810328484, "best_epoch": 0, "Final MSE": 0.012890469282865524, "Final RMSE": 0.11353620141744614, "Final MAPE": 68345.6640625, "Final MAE": 0.07346142083406448, "Total Training Time": 1.8996107578277588, "Average Time per Epoch": 1.7885644435882568, "_wandb": {"runtime": 2}}