{"epoch": 43, "_timestamp": 1703590885.9085882, "loss": 0.008297992870211601, "root_mean_squared_error": 0.09109331667423248, "mean_absolute_percentage_error": 7843.70263671875, "mean_absolute_error": 0.06255850195884705, "val_loss": 0.01663031242787838, "val_root_mean_squared_error": 0.1289585679769516, "val_mean_absolute_percentage_error": 82762.984375, "val_mean_absolute_error": 0.08465959131717682, "_runtime": 106.47514319419861, "_step": 44, "best_val_loss": 0.01568782702088356, "best_epoch": 33, "Final MSE": 0.015241709537804127, "Final RMSE": 0.12345732003450394, "Final MAPE": 124338.6640625, "Final MAE": 0.09286381304264069, "Total Training Time": 104.4756486415863, "Average Time per Epoch": 2.3693330721421675, "_wandb": {"runtime": 105}}