{"epoch": 40, "_timestamp": 1703687982.427345, "loss": 0.009423182345926762, "root_mean_squared_error": 0.09707307815551758, "mean_absolute_percentage_error": 7050314.0, "mean_absolute_error": 0.055310145020484924, "val_loss": 0.03908267989754677, "val_root_mean_squared_error": 0.19769339263439178, "val_mean_absolute_percentage_error": 55556840.0, "val_mean_absolute_error": 0.13307318091392517, "_runtime": 448.0055010318756, "_step": 41, "best_val_loss": 0.030812062323093414, "best_epoch": 30, "Final MSE": 0.06844411790370941, "Final RMSE": 0.2616182565689087, "Final MAPE": 65520564.0, "Final MAE": 0.15524640679359436, "Total Training Time": 445.618590593338, "Average Time per Epoch": 10.851272460890979, "_wandb": {"runtime": 446}}