{"epoch": 0, "_timestamp": 1703819961.334626, "loss": 0.011214150115847588, "root_mean_squared_error": 0.11414085328578949, "mean_absolute_percentage_error": 15641.7255859375, "mean_absolute_error": 0.06753399968147278, "val_loss": 0.015407194383442402, "val_root_mean_squared_error": 0.12412571907043457, "val_mean_absolute_percentage_error": 25306.615234375, "val_mean_absolute_error": 0.08158906549215317, "_runtime": 4.384816884994507, "_step": 1, "best_val_loss": 0.015407194383442402, "best_epoch": 0, "Final MSE": 0.025459036231040955, "Final RMSE": 0.15955887734889984, "Final MAPE": 118385.890625, "Final MAE": 0.112753726541996, "Total Training Time": 2.59553861618042, "Average Time per Epoch": 2.452791690826416, "_wandb": {"runtime": 2}}