{"epoch": 0, "_timestamp": 1703621172.6319773, "loss": 0.022967122495174408, "root_mean_squared_error": 0.15534207224845886, "mean_absolute_percentage_error": 49149.7109375, "mean_absolute_error": 0.10585248470306396, "val_loss": 0.03276202455163002, "val_root_mean_squared_error": 0.18100282549858093, "val_mean_absolute_percentage_error": 70873.4375, "val_mean_absolute_error": 0.10455289483070374, "_runtime": 32.00311827659607, "_step": 1, "best_val_loss": 0.03276202455163002, "best_epoch": 0, "Final MSE": 0.035925403237342834, "Final RMSE": 0.18953998386859894, "Final MAPE": 209873.0625, "Final MAE": 0.11507661640644073, "Total Training Time": 30.47018527984619, "Average Time per Epoch": 29.11879539489746, "_wandb": {"runtime": 30}}