{"epoch": 0, "_timestamp": 1703564659.9594533, "loss": 0.005421001929789782, "root_mean_squared_error": 0.080191969871521, "mean_absolute_percentage_error": 155658.734375, "mean_absolute_error": 0.046928487718105316, "val_loss": 0.010083627887070179, "val_root_mean_squared_error": 0.10041727125644684, "val_mean_absolute_percentage_error": 308778.125, "val_mean_absolute_error": 0.05600399896502495, "_runtime": 4.5273613929748535, "_step": 1, "best_val_loss": 0.010083627887070179, "best_epoch": 0, "Final MSE": 0.013760002329945564, "Final RMSE": 0.1173030361533165, "Final MAPE": 33189.140625, "Final MAE": 0.06604832410812378, "Total Training Time": 2.733386754989624, "Average Time per Epoch": 2.5813450813293457, "_wandb": {"runtime": 2}}