{"epoch": 12, "_timestamp": 1703817017.2966208, "loss": 0.01349206455051899, "root_mean_squared_error": 0.11615534871816635, "mean_absolute_percentage_error": 77068.0, "mean_absolute_error": 0.06623277813196182, "val_loss": 0.022431524470448494, "val_root_mean_squared_error": 0.1497715711593628, "val_mean_absolute_percentage_error": 92544.53125, "val_mean_absolute_error": 0.11266647279262543, "_runtime": 20.196286916732788, "_step": 13, "best_val_loss": 0.015901049599051476, "best_epoch": 2, "Final MSE": 0.029917089268565178, "Final RMSE": 0.17296557128429413, "Final MAPE": 794564.875, "Final MAE": 0.13358262181282043, "Total Training Time": 18.70738387107849, "Average Time per Epoch": 1.4280261993408203, "_wandb": {"runtime": 19}}