{"epoch": 11, "_timestamp": 1703563913.5126083, "loss": 0.003987597767263651, "root_mean_squared_error": 0.06314742565155029, "mean_absolute_percentage_error": 46363.546875, "mean_absolute_error": 0.031686678528785706, "val_loss": 0.008443184196949005, "val_root_mean_squared_error": 0.09188680350780487, "val_mean_absolute_percentage_error": 87902.3203125, "val_mean_absolute_error": 0.05145559832453728, "_runtime": 21.060898303985596, "_step": 12, "best_val_loss": 0.008345525711774826, "best_epoch": 1, "Final MSE": 0.01288207620382309, "Final RMSE": 0.1134992316365242, "Final MAPE": 60205.1640625, "Final MAE": 0.06705298274755478, "Total Training Time": 18.769740104675293, "Average Time per Epoch": 1.5501440564791362, "_wandb": {"runtime": 19}}