{"epoch": 36, "_timestamp": 1703225210.8011756, "loss": 0.004466714337468147, "root_mean_squared_error": 0.0668334811925888, "mean_absolute_percentage_error": 10337.2265625, "mean_absolute_error": 0.041256383061409, "val_loss": 0.007737938780337572, "val_root_mean_squared_error": 0.08796555548906326, "val_mean_absolute_percentage_error": 71034.8359375, "val_mean_absolute_error": 0.059450022876262665, "_runtime": 299.81275963783264, "_step": 37, "best_val_loss": 0.007146283518522978, "best_epoch": 26, "Final MSE": 0.020448945462703705, "Final RMSE": 0.1429998129606247, "Final MAPE": 314271.25, "Final MAE": 0.0936545580625534, "Total Training Time": 297.46229672431946, "Average Time per Epoch": 8.02466021357356, "_wandb": {"runtime": 298}}