{"epoch": 17, "_timestamp": 1705575589.4519947, "loss": 0.004532882943749428, "root_mean_squared_error": 0.06732668727636337, "mean_absolute_percentage_error": 2354807.0, "mean_absolute_error": 0.04071011766791344, "val_loss": 0.008477900177240372, "val_root_mean_squared_error": 0.09207551181316376, "val_mean_absolute_percentage_error": 5387.298828125, "val_mean_absolute_error": 0.05324651673436165, "_runtime": 16.6245596408844, "_step": 18, "best_val_loss": 0.007593956775963306, "best_epoch": 7, "Final MSE": 0.004700405523180962, "Final RMSE": 0.06855950504541397, "Final MAPE": 93777.7890625, "Final MAE": 0.04096691682934761, "Total Training Time": 14.33844518661499, "Average Time per Epoch": 0.7894971238242255, "_wandb": {"runtime": 14}}