{"epoch": 17, "_timestamp": 1703504650.3174765, "loss": 0.012432374060153961, "root_mean_squared_error": 0.11150051653385162, "mean_absolute_percentage_error": 16725.796875, "mean_absolute_error": 0.06959813088178635, "val_loss": 0.01906193606555462, "val_root_mean_squared_error": 0.13806496560573578, "val_mean_absolute_percentage_error": 55483.87109375, "val_mean_absolute_error": 0.07282404601573944, "_runtime": 30.015586614608765, "_step": 18, "best_val_loss": 0.01860528253018856, "best_epoch": 7, "Final MSE": 0.02652769722044468, "Final RMSE": 0.1628732681274414, "Final MAPE": 113050.578125, "Final MAE": 0.11444173008203506, "Total Training Time": 13.602484464645386, "Average Time per Epoch": 0.7484645711051093, "_wandb": {"runtime": 13}}