{"epoch": 0, "_timestamp": 1703804729.467813, "loss": 0.015466004610061646, "root_mean_squared_error": 0.1273672729730606, "mean_absolute_percentage_error": 64856.28515625, "mean_absolute_error": 0.07459786534309387, "val_loss": 0.01759403571486473, "val_root_mean_squared_error": 0.13264250755310059, "val_mean_absolute_percentage_error": 52774.5703125, "val_mean_absolute_error": 0.08105701208114624, "_runtime": 11.92809009552002, "_step": 1, "best_val_loss": 0.01759403571486473, "best_epoch": 0, "Final MSE": 0.022393453866243362, "Final RMSE": 0.1496444195508957, "Final MAPE": 512048.21875, "Final MAE": 0.094147689640522, "Total Training Time": 4.4239020347595215, "Average Time per Epoch": 4.269163608551025, "_wandb": {"runtime": 4}}