{"epoch": 0, "_timestamp": 1703648623.4875293, "loss": 0.009208685718476772, "root_mean_squared_error": 0.10439535230398178, "mean_absolute_percentage_error": 19012.95703125, "mean_absolute_error": 0.06256134063005447, "val_loss": 0.013466065749526024, "val_root_mean_squared_error": 0.11604338139295578, "val_mean_absolute_percentage_error": 62326.8515625, "val_mean_absolute_error": 0.07101965695619583, "_runtime": 6.598518371582031, "_step": 1, "best_val_loss": 0.013466065749526024, "best_epoch": 0, "Final MSE": 0.02410294860601425, "Final RMSE": 0.15525124967098236, "Final MAPE": 44057.12109375, "Final MAE": 0.10644041746854782, "Total Training Time": 4.828123092651367, "Average Time per Epoch": 4.627734422683716, "_wandb": {"runtime": 5}}