{"epoch": 26, "_timestamp": 1703638167.8005056, "loss": 0.017004380002617836, "root_mean_squared_error": 0.13040083646774292, "mean_absolute_percentage_error": 20705.30859375, "mean_absolute_error": 0.09048309922218323, "val_loss": 0.023791715502738953, "val_root_mean_squared_error": 0.15424562990665436, "val_mean_absolute_percentage_error": 41724.265625, "val_mean_absolute_error": 0.10358437895774841, "_runtime": 52.88470959663391, "_step": 27, "best_val_loss": 0.02375977858901024, "best_epoch": 16, "Final MSE": 0.026505321264266968, "Final RMSE": 0.16280454397201538, "Final MAPE": 157972.21875, "Final MAE": 0.11112064868211746, "Total Training Time": 50.36272311210632, "Average Time per Epoch": 1.8586635059780545, "_wandb": {"runtime": 50}}