{"epoch": 31, "_timestamp": 1703247392.8799772, "loss": 0.01131361909210682, "root_mean_squared_error": 0.10636549443006516, "mean_absolute_percentage_error": 33101.859375, "mean_absolute_error": 0.07754616439342499, "val_loss": 0.03500315546989441, "val_root_mean_squared_error": 0.18709130585193634, "val_mean_absolute_percentage_error": 45730.4765625, "val_mean_absolute_error": 0.1310572624206543, "_runtime": 231.95420622825623, "_step": 32, "best_val_loss": 0.025491317734122276, "best_epoch": 21, "Final MSE": 0.06095337122678757, "Final RMSE": 0.24688737094402313, "Final MAPE": 256135.34375, "Final MAE": 0.1902177780866623, "Total Training Time": 229.42899417877197, "Average Time per Epoch": 7.154208697378635, "_wandb": {"runtime": 230}}