{"epoch": 0, "_timestamp": 1703673902.2078435, "loss": 0.008472228422760963, "root_mean_squared_error": 0.09819609671831131, "mean_absolute_percentage_error": 7821996.0, "mean_absolute_error": 0.05476905032992363, "val_loss": 0.013485495932400227, "val_root_mean_squared_error": 0.11612706631422043, "val_mean_absolute_percentage_error": 7408703.0, "val_mean_absolute_error": 0.06419582664966583, "_runtime": 7.3395445346832275, "_step": 1, "best_val_loss": 0.013485495932400227, "best_epoch": 0, "Final MSE": 0.012438415549695492, "Final RMSE": 0.11152764409780502, "Final MAPE": 10232725.0, "Final MAE": 0.06121496856212616, "Total Training Time": 6.124574661254883, "Average Time per Epoch": 5.978493690490723, "_wandb": {"runtime": 6}}