{"epoch": 26, "_timestamp": 1703915889.6672063, "loss": 0.007540237158536911, "root_mean_squared_error": 0.08683454245328903, "mean_absolute_percentage_error": 13807.7294921875, "mean_absolute_error": 0.057140104472637177, "val_loss": 0.013553359545767307, "val_root_mean_squared_error": 0.11641889810562134, "val_mean_absolute_percentage_error": 21626.43359375, "val_mean_absolute_error": 0.08108597248792648, "_runtime": 106.3694543838501, "_step": 27, "best_val_loss": 0.013424492441117764, "best_epoch": 16, "Final MSE": 0.013086770661175251, "Final RMSE": 0.11439742147922516, "Final MAPE": 60883.50390625, "Final MAE": 0.08201999217271805, "Total Training Time": 104.9229028224945, "Average Time per Epoch": 3.875050633041947, "_wandb": {"runtime": 105}}