{"epoch": 0, "_timestamp": 1703819390.0170138, "loss": 0.008386409841477871, "root_mean_squared_error": 0.10117172449827194, "mean_absolute_percentage_error": 32351.9375, "mean_absolute_error": 0.06597582995891571, "val_loss": 0.013488328084349632, "val_root_mean_squared_error": 0.11613926291465759, "val_mean_absolute_percentage_error": 55577.84375, "val_mean_absolute_error": 0.08795027434825897, "_runtime": 4.421186685562134, "_step": 1, "best_val_loss": 0.013488328084349632, "best_epoch": 0, "Final MSE": 0.021426284685730934, "Final RMSE": 0.14637720584869385, "Final MAPE": 212464.25, "Final MAE": 0.11025571078062057, "Total Training Time": 2.5716304779052734, "Average Time per Epoch": 2.441523551940918, "_wandb": {"runtime": 2}}