{"epoch": 16, "_timestamp": 1703676952.7514093, "loss": 0.07192593812942505, "root_mean_squared_error": 0.2681902050971985, "mean_absolute_percentage_error": 90231488.0, "mean_absolute_error": 0.21656763553619385, "val_loss": 0.08293817937374115, "val_root_mean_squared_error": 0.28798991441726685, "val_mean_absolute_percentage_error": 98131672.0, "val_mean_absolute_error": 0.2274622917175293, "_runtime": 13.896334409713745, "_step": 17, "best_val_loss": 0.08289609849452972, "best_epoch": 6, "Final MSE": 0.07629362493753433, "Final RMSE": 0.27621302008628845, "Final MAPE": 106589712.0, "Final MAE": 0.21740423142910004, "Total Training Time": 12.720052719116211, "Average Time per Epoch": 0.7399657473844641, "_wandb": {"runtime": 12}}