{"epoch": 24, "_timestamp": 1703098425.0115452, "loss": 0.020292015746235847, "root_mean_squared_error": 0.1424500048160553, "mean_absolute_percentage_error": 25075.533203125, "mean_absolute_error": 0.10842853039503098, "val_loss": 0.03173314034938812, "val_root_mean_squared_error": 0.17813798785209656, "val_mean_absolute_percentage_error": 90922.8984375, "val_mean_absolute_error": 0.14045454561710358, "_runtime": 21.326141119003296, "_step": 25, "best_val_loss": 0.03169512376189232, "best_epoch": 14, "Final MSE": 0.02792322263121605, "Final RMSE": 0.16710242629051208, "Final MAPE": 185712.9375, "Final MAE": 0.1352234035730362, "Total Training Time": 19.155401468276978, "Average Time per Epoch": 0.7607027912139892, "_wandb": {"runtime": 19}}