{"epoch": 16, "_timestamp": 1703331810.6008525, "loss": 0.009500639513134956, "root_mean_squared_error": 0.097471222281456, "mean_absolute_percentage_error": 9224667.0, "mean_absolute_error": 0.05784730240702629, "val_loss": 0.012661248445510864, "val_root_mean_squared_error": 0.11252221465110779, "val_mean_absolute_percentage_error": 9852947.0, "val_mean_absolute_error": 0.06593192368745804, "_runtime": 43.635443449020386, "_step": 17, "best_val_loss": 0.012013713829219341, "best_epoch": 6, "Final MSE": 0.012015671469271183, "Final RMSE": 0.10961601883172989, "Final MAPE": 14142441.0, "Final MAE": 0.06604477763175964, "Total Training Time": 41.06049704551697, "Average Time per Epoch": 2.40478216900545, "_wandb": {"runtime": 41}}