{"epoch": 28, "_timestamp": 1705607545.3373842, "loss": 0.005215936340391636, "root_mean_squared_error": 0.07222144305706024, "mean_absolute_percentage_error": 29227.75, "mean_absolute_error": 0.04568854346871376, "val_loss": 0.007882440462708473, "val_root_mean_squared_error": 0.08878310769796371, "val_mean_absolute_percentage_error": 136001.515625, "val_mean_absolute_error": 0.05451948568224907, "_runtime": 96.88810920715332, "_step": 29, "best_val_loss": 0.007834786549210548, "best_epoch": 18, "Final MSE": 0.010809031315147877, "Final RMSE": 0.10396648943424225, "Final MAPE": 176791.78125, "Final MAE": 0.06435209512710571, "Total Training Time": 94.56268692016602, "Average Time per Epoch": 3.2521088863241263, "_wandb": {"runtime": 95}}